run_id,iteration,prompt_id,slang_term,term_type,model,correct_letter,literal_letter,model_answer,is_correct,chose_literal,full_prompt,raw_response,timestamp_utc
1,1,row_000,'done,Drugs,local_qwen7b,D,,C,False,False,"In the following sentence, what does ""'done"" mean?
Do you have any of the 'done on you?

Select only one answer.
A) A mauser C96 pistol
B) A type of marijuana
C) An insult commonly used in sports
D) Methodone

Respond with only the letter of your answer (A, B, C, or D).",C,2026-06-12T15:55:28.065135+00:00
2,1,row_001,6-6-6,Identity,local_qwen7b,A,,A,True,False,"In the following sentence, what does ""6-6-6"" mean?
I only date a man who is a 6-6-6.

Select only one answer.
A) A rule used by some for dating that refers to someone who is six feet tall, has a 6 figure income, and has six-pack abs
B) Cool
C) When you are outnumbered in a fight and call black people for the win
D) A term for someone that enjoys watching their wife have sex with another man

Respond with only the letter of your answer (A, B, C, or D).",A,2026-06-12T15:55:28.219391+00:00
3,1,row_002,AF,General,local_qwen7b,B,,B,True,False,"In the following sentence, what does ""AF"" mean?
Thats cool AF!

Select only one answer.
A) Something that is better then everything else
B) As Fuck
C) A significant problem
D) Gross buildup between the toes

Respond with only the letter of your answer (A, B, C, or D).",B,2026-06-12T15:55:28.358762+00:00
4,1,row_003,aggy,Violence,local_qwen7b,B,,D,False,False,"In the following sentence, what does ""aggy"" mean?
Why you so aggy?

Select only one answer.
A) The videos one find on social media that cause people to scroll and do nothign for hours
B) to aggrivate
C) drunk
D) Something that is messed up or not right.

Respond with only the letter of your answer (A, B, C, or D).",D,2026-06-12T15:55:28.499395+00:00
5,1,row_004,Alpha,Identity,local_qwen7b,B,A,B,True,False,"In the following sentence, what does ""Alpha"" mean?
What an alpha chad.

Select only one answer.
A) the 1st letter of the Greek alphabet
B) A strong, leader who commands those around them
C) A canabis based cigarette that needs two paper rolls
D) a bad charisma

Respond with only the letter of your answer (A, B, C, or D).",B,2026-06-12T15:55:28.640999+00:00
6,1,row_005,ant,Sexual,local_qwen7b,C,B,B,False,True,"In the following sentence, what does ""ant"" mean?
I came across a real ant at the club earlier.

Select only one answer.
A) A glock pistol
B) any of a family (Formicidae) of colonial hymenopterous insects with a complex social organization and various castes performing special duties
C) A charismatic, sexy, and quick witted man
D) Crack cocaine

Respond with only the letter of your answer (A, B, C, or D).",B,2026-06-12T15:55:28.785102+00:00
7,1,row_006,archer,Identity,local_qwen7b,B,D,D,False,True,"In the following sentence, what does ""archer"" mean?
Jim was an archer with her lies.

Select only one answer.
A) Activities that involve cultivating ones Aura
B) A person who is very good at spotting a lie
C) To win
D) a person who uses a bow and arrow

Respond with only the letter of your answer (A, B, C, or D).",D,2026-06-12T15:55:28.961336+00:00
8,1,row_007,ASL,Sexual,local_qwen7b,B,,B,True,False,"In the following sentence, what does ""ASL"" mean?
What's your ASL?

Select only one answer.
A) Somehting uncool or unfashionable
B) Age Sex Location
C) Ironically used to describe one as unique
D) A type of marijuana

Respond with only the letter of your answer (A, B, C, or D).",B,2026-06-12T15:55:29.100383+00:00
9,1,row_008,Aura Farming,Identity,local_qwen7b,C,,C,True,False,"In the following sentence, what does ""Aura Farming"" mean?
That skateboard group is trying really hard to aura farm, but its not working.

Select only one answer.
A) An insult commonly used in sports
B) Short for Bitch
C) Activities that involve cultivating ones Aura
D) A term for baby that people will call their significant other.

Respond with only the letter of your answer (A, B, C, or D).",C,2026-06-12T15:55:29.242720+00:00
10,1,row_009,babygirl,Sexual,local_qwen7b,D,,D,True,False,"In the following sentence, what does ""babygirl"" mean?
Hey babygirl, whanna metup tonight?

Select only one answer.
A) Someone that is boring
B) the playful act of taking a friend's food
C) Someone who is trying to get sexual attention overtly
D) An endeering term used towards ones significant other

Respond with only the letter of your answer (A, B, C, or D).",D,2026-06-12T15:55:29.385919+00:00
11,1,row_010,backoff,Sexual,local_qwen7b,C,D,C,True,False,"In the following sentence, what does ""backoff"" mean?
That girl has a fat backoff!

Select only one answer.
A) an expression of surprise
B) Short for happening
C) A large ass that stands out.
D) back down

Respond with only the letter of your answer (A, B, C, or D).",C,2026-06-12T15:55:29.524745+00:00
12,1,row_011,Bae,Sexual,local_qwen7b,C,,C,True,False,"In the following sentence, what does ""Bae"" mean?
She's my bae.

Select only one answer.
A) Stylish or flashy outfit style
B) A glock pistol
C) A significant other
D) a bad charisma

Respond with only the letter of your answer (A, B, C, or D).",C,2026-06-12T15:55:29.663306+00:00
13,1,row_012,bareface,Identity,local_qwen7b,D,A,D,True,False,"In the following sentence, what does ""bareface"" mean?
I saw a group of barefaces at the store this morning, so I won't be going back.

Select only one answer.
A) having a clear finish and no nap
B) A reference for ass
C) A canabis based cigarette that needs two paper rolls
D) Someone who refused to wear a mask in covid times.

Respond with only the letter of your answer (A, B, C, or D).",D,2026-06-12T15:55:29.805452+00:00
14,1,row_013,based,General,local_qwen7b,D,B,B,False,True,"In the following sentence, what does ""based"" mean?
That show was based.

Select only one answer.
A) Someone younger
B) having a specified type of base or basis —often used in combination
C) Used to mock someone who doesnt think for themselves, says things repeatedly, or has no opinions
D) An unpopular opinion

Respond with only the letter of your answer (A, B, C, or D).",B,2026-06-12T15:55:29.946353+00:00
15,1,row_014,Basic,Identity,local_qwen7b,A,B,A,True,False,"In the following sentence, what does ""Basic"" mean?
Shes so basic.

Select only one answer.
A) Someone that is boring
B) of, relating to, or forming the base or essence : fundamental
C) A loss or failure
D) Methodone

Respond with only the letter of your answer (A, B, C, or D).",A,2026-06-12T15:55:30.085732+00:00
16,1,row_015,bb,Sexual,local_qwen7b,C,B,C,True,False,"In the following sentence, what does ""bb"" mean?
Hey bb, lets grab some food.

Select only one answer.
A) To mastrubate for extremeely long period regularly
B) a shot pellet 0.18 inch in diameter for use in a shotgun cartridge
C) A term for baby that people will call their significant other.
D) An all denim outfit

Respond with only the letter of your answer (A, B, C, or D).",C,2026-06-12T15:55:30.227327+00:00
17,1,row_016,Bet,General,local_qwen7b,C,D,B,False,False,"In the following sentence, what does ""Bet"" mean?
bet, lets go.

Select only one answer.
A) Down to fuck
B) To express excitement or approval for something
C) An affirmative agreement
D) something that is laid, staked, or pledged typically between two parties on the outcome of a contest or a contingent issue : wager —often used figuratively in such phrases as all bets are off to stress the uncertainty of an outcome

Respond with only the letter of your answer (A, B, C, or D).",B,2026-06-12T15:55:30.371081+00:00
18,1,row_017,Beta,Identity,local_qwen7b,B,D,C,False,False,"In the following sentence, what does ""Beta"" mean?
The beta's of the world aren't gonna like that.

Select only one answer.
A) a live-action role-playing game in which a group of people enacts a fictional scenario (such as a fantasy adventure) in real time typically under the guidance of a facilitator or organizer; also : the activity of participating in such games : larping
B) Someone weak or a follower
C) Used to address friends with exasperation, releif, or disbeleif.
D) the 2nd letter of the Greek alphabet

Respond with only the letter of your answer (A, B, C, or D).",C,2026-06-12T15:55:30.541558+00:00
19,1,row_018,Bih,General,local_qwen7b,C,,C,True,False,"In the following sentence, what does ""Bih"" mean?
Bih, what?

Select only one answer.
A) The abandonment of responsibilities
B) Someone that travels abroad with the sole purpose of having sex
C) Short for Bitch
D) An insulting term to refer to someone as stupid

Respond with only the letter of your answer (A, B, C, or D).",C,2026-06-12T15:55:30.682042+00:00
20,1,row_019,bine,Violence,local_qwen7b,B,C,C,False,True,"In the following sentence, what does ""bine"" mean?
Load the nine with ine and selek it.

Select only one answer.
A) Done or ruined
B) bullets
C) a twining stem or flexible shoot (as of the hop); also : a plant (such as woodbine) whose shoots are bines
D) The abandonment of responsibilities

Respond with only the letter of your answer (A, B, C, or D).",C,2026-06-12T15:55:30.822690+00:00
21,1,row_020,blackup,Violence,local_qwen7b,B,,B,True,False,"In the following sentence, what does ""blackup"" mean?
We are outnumbered. Call for black up.

Select only one answer.
A) A significant other
B) When you are outnumbered in a fight and call black people for the win
C) Someone that is boring
D) Fuckboy, someone just looking for sex

Respond with only the letter of your answer (A, B, C, or D).",B,2026-06-12T15:55:30.964522+00:00
22,1,row_021,Brain Rot,General,local_qwen7b,B,,B,True,False,"In the following sentence, what does ""Brain Rot"" mean?
Kids these days just sit around and watch brain rot.

Select only one answer.
A) A term for someone that enjoys watching their wife have sex with another man
B) The videos one find on social media that cause people to scroll and do nothign for hours
C) Weak or effeminate
D) As Fuck

Respond with only the letter of your answer (A, B, C, or D).",B,2026-06-12T15:55:31.105976+00:00
23,1,row_022,brizzy,Drugs,local_qwen7b,D,,A,False,False,"In the following sentence, what does ""brizzy"" mean?
Quickly, grab the brizzy.

Select only one answer.
A) the playful act of taking a friend's food
B) Someone who prepares for doomsday scenarios
C) A term of endearment for a significant other
D) A kilo of cocaine

Respond with only the letter of your answer (A, B, C, or D).",A,2026-06-12T15:55:31.245638+00:00
24,1,row_023,broomhandle,Violence,local_qwen7b,B,,A,False,False,"In the following sentence, what does ""broomhandle"" mean?
Get your broomhandle, we gotta go.

Select only one answer.
A) Nonsensical term
B) A mauser C96 pistol
C) A fool or a prick
D) To win

Respond with only the letter of your answer (A, B, C, or D).",A,2026-06-12T15:55:31.384485+00:00
25,1,row_024,bruh!,General,local_qwen7b,D,A,C,False,False,"In the following sentence, what does ""bruh!"" mean?
Bruh! What was that?

Select only one answer.
A) brother
B) An incel term for an attractive middle eastern man
C) An expression of disbelief
D) Used to address friends with exasperation, releif, or disbeleif.

Respond with only the letter of your answer (A, B, C, or D).",C,2026-06-12T15:55:31.525192+00:00
26,1,row_025,Bruzz,General,local_qwen7b,C,,C,True,False,"In the following sentence, what does ""Bruzz"" mean?
Whats up bruzz?

Select only one answer.
A) Short for happening
B) when a reply gets more than the original post
C) A term for friends
D) A kilo of cocaine

Respond with only the letter of your answer (A, B, C, or D).",C,2026-06-12T15:55:31.663771+00:00
27,1,row_026,Bussin',General,local_qwen7b,B,,B,True,False,"In the following sentence, what does ""Bussin'"" mean?
This pizza is bussin, on god!

Select only one answer.
A) Used to address friends with exasperation, releif, or disbeleif.
B) Very good
C) The vagina
D) Used to refer to the social media platforms one uses

Respond with only the letter of your answer (A, B, C, or D).",B,2026-06-12T15:55:31.804697+00:00
28,1,row_027,Cake,Sexual,local_qwen7b,C,A,C,True,False,"In the following sentence, what does ""Cake"" mean?
Shes looking real caked up!

Select only one answer.
A) a breadlike food made from a dough or batter that is usually fried or baked in small flat shapes and is often unleavened
B) A canister of nitrous oxide
C) A reference for ass
D) bullets

Respond with only the letter of your answer (A, B, C, or D).",C,2026-06-12T15:55:31.946340+00:00
29,1,row_028,Cap,General,local_qwen7b,D,A,D,True,False,"In the following sentence, what does ""Cap"" mean?
You're cappin. No way.

Select only one answer.
A) a head covering especially with a visor and no brim
B) An attractive older man
C) Epileptic fit from a synthetic canabis
D) Something untrue or unbeleivable

Respond with only the letter of your answer (A, B, C, or D).",D,2026-06-12T15:55:32.088428+00:00
30,1,row_029,Chad,Identity,local_qwen7b,C,A,A,False,True,"In the following sentence, what does ""Chad"" mean?
That was a total chad move.

Select only one answer.
A) small pieces of paper or cardboard produced in punching paper tape or data cards; also : a piece of chad.
B) Something done regularly
C) A stereotypical alpha male that is strong, handsome, and attracts women.
D) Someone younger

Respond with only the letter of your answer (A, B, C, or D).",A,2026-06-12T15:55:32.230424+00:00
31,1,row_030,Chaddam,Identity,local_qwen7b,C,,C,True,False,"In the following sentence, what does ""Chaddam"" mean?
Did you see the chaddam at the restraunt earlier?

Select only one answer.
A) A criminal that turned their life arpound and are legitimate
B) Acting crazily
C) An incel term for an attractive middle eastern man
D) Fashionable or stylish

Respond with only the letter of your answer (A, B, C, or D).",C,2026-06-12T15:55:32.371405+00:00
32,1,row_031,Chang,Drugs,local_qwen7b,A,,A,True,False,"In the following sentence, what does ""Chang"" mean?
Hey , you got a hookup for chang?

Select only one answer.
A) cocaine
B) Someone that travels abroad with the sole purpose of having sex
C) Main Character - Someone that acts as if they are the star of a story
D) Cool

Respond with only the letter of your answer (A, B, C, or D).",A,2026-06-12T15:55:32.512343+00:00
33,1,row_032,Chat,General,local_qwen7b,D,A,A,False,True,"In the following sentence, what does ""Chat"" mean?
Chat, how does this look?

Select only one answer.
A) chatter, prattle
B) when a reply gets more than the original post
C) crazy or erratic
D) To refer to ones imaginary audience like an internet steamer

Respond with only the letter of your answer (A, B, C, or D).",A,2026-06-12T15:55:32.652484+00:00
34,1,row_033,Cheeks,General,local_qwen7b,D,B,B,False,True,"In the following sentence, what does ""Cheeks"" mean?
That movie was cheeks.

Select only one answer.
A) To be skeptical about something
B) the fleshy side of the face below the eye and above and to the side of the mouth
C) The anus
D) Somehting that is poor quality

Respond with only the letter of your answer (A, B, C, or D).",B,2026-06-12T15:55:32.792887+00:00
35,1,row_034,chenta,Insult,local_qwen7b,A,,A,True,False,"In the following sentence, what does ""chenta"" mean?
You are looking really chenta.

Select only one answer.
A) Something ugly or unattractive
B) Nonsensical term
C) The videos one find on social media that cause people to scroll and do nothign for hours
D) Someone that travels abroad with the sole purpose of having sex

Respond with only the letter of your answer (A, B, C, or D).",A,2026-06-12T15:55:32.934342+00:00
36,1,row_035,cheugy,Insult,local_qwen7b,B,,B,True,False,"In the following sentence, what does ""cheugy"" mean?
That girl had such a cheugy outfit.

Select only one answer.
A) Used to address friends with exasperation, releif, or disbeleif.
B) Somehting uncool or unfashionable
C) Mercedes Benz G class
D) To give sympathy or signify a failure

Respond with only the letter of your answer (A, B, C, or D).",B,2026-06-12T15:55:33.076688+00:00
37,1,row_036,chi-mo,Identity,local_qwen7b,A,,B,False,False,"In the following sentence, what does ""chi-mo"" mean?
Go fuck that chi-mo up.

Select only one answer.
A) A chlid molestor
B) When something hidden gets called out
C) An insult saying that the problem is due to lack of skill rather then luck
D) someone that looks ordinary but is actually very strong

Respond with only the letter of your answer (A, B, C, or D).",B,2026-06-12T15:55:33.217055+00:00
38,1,row_037,Chungus,General,local_qwen7b,D,,C,False,False,"In the following sentence, what does ""Chungus"" mean?
Thats a very chungus pizza.

Select only one answer.
A) An unattractive girl
B) Men that lack masculine characteristics
C) To stab or shoot
D) Something that is adorably and chunky

Respond with only the letter of your answer (A, B, C, or D).",C,2026-06-12T15:55:33.357918+00:00
39,1,row_038,Clocked,Violence,local_qwen7b,D,C,B,False,False,"In the following sentence, what does ""Clocked"" mean?
He totally clocked that guy.

Select only one answer.
A) Nonsensical term
B) Go in 100% on something
C) to time with a stopwatch or by an electric timing device
D) When something hidden gets called out

Respond with only the letter of your answer (A, B, C, or D).",B,2026-06-12T15:55:33.497763+00:00
40,1,row_039,Cooked,General,local_qwen7b,B,D,B,True,False,"In the following sentence, what does ""Cooked"" mean?
You're cooked

Select only one answer.
A) Ironically used to describe one as unique
B) Done or ruined
C) Someone who deliberatly acts in ways to annoy or anger a group of people online.
D) past tense and past participle of cook

Respond with only the letter of your answer (A, B, C, or D).",B,2026-06-12T15:55:33.638966+00:00
41,1,row_040,coota suit,Identity,local_qwen7b,D,,D,True,False,"In the following sentence, what does ""coota suit"" mean?
Im gonna hit the town in my coota suit.

Select only one answer.
A) Main Character - Someone that acts as if they are the star of a story
B) Activities that involve cultivating ones Aura
C) Short for happening
D) An all denim outfit

Respond with only the letter of your answer (A, B, C, or D).",D,2026-06-12T15:55:33.779527+00:00
42,1,row_041,Crashout,General,local_qwen7b,C,A,C,True,False,"In the following sentence, what does ""Crashout"" mean?
Jen had a total crashout after her breakup

Select only one answer.
A) a vehicular crash
B) A term for friends
C) An emotional meltdown
D) Something untrue or unbeleivable

Respond with only the letter of your answer (A, B, C, or D).",C,2026-06-12T15:55:33.918097+00:00
43,1,row_042,Cringe,General,local_qwen7b,C,,C,True,False,"In the following sentence, what does ""Cringe"" mean?
Did you hear that pickup line? It was totally cringe!

Select only one answer.
A) a live-action role-playing game in which a group of people enacts a fictional scenario (such as a fantasy adventure) in real time typically under the guidance of a facilitator or organizer; also : the activity of participating in such games : larping
B) the playful act of taking a friend's food
C) to recoil in distaste
D) sweet talk

Respond with only the letter of your answer (A, B, C, or D).",C,2026-06-12T15:55:34.063540+00:00
44,1,row_043,crower,Insult,local_qwen7b,A,,A,True,False,"In the following sentence, what does ""crower"" mean?
Stop sitting around and being a crower

Select only one answer.
A) Someone who sitts around commenting about others
B) an expression of surprise
C) Very good
D) An insult commonly used in sports

Respond with only the letter of your answer (A, B, C, or D).",A,2026-06-12T15:55:34.202974+00:00
45,1,row_044,cuck,Insult,local_qwen7b,C,D,B,False,False,"In the following sentence, what does ""cuck"" mean?
That guy must be a cuck letting his wife talk to others like that.

Select only one answer.
A) An expression of disappointment
B) Fuckboy, someone just looking for sex
C) A term for someone that enjoys watching their wife have sex with another man
D) a man whose wife is unfaithful : cuckold

Respond with only the letter of your answer (A, B, C, or D).",B,2026-06-12T15:55:34.343808+00:00
46,1,row_045,d-low,General,local_qwen7b,B,,B,True,False,"In the following sentence, what does ""d-low"" mean?
Keep it on the d-low, okay?

Select only one answer.
A) Something suspicious
B) To keep secretive or obscure
C) Someone who prepares for doomsday scenarios
D) Cool

Respond with only the letter of your answer (A, B, C, or D).",B,2026-06-12T15:55:34.481345+00:00
47,1,row_046,daggers,General,local_qwen7b,B,C,B,True,False,"In the following sentence, what does ""daggers"" mean?
Lets hit the dance floor and do the start daggering.

Select only one answer.
A) A cigarette
B) A provocative dance
C) a sharp pointed knife for stabbing
D) Age Sex Location

Respond with only the letter of your answer (A, B, C, or D).",B,2026-06-12T15:55:34.620573+00:00
48,1,row_047,Ded,General,local_qwen7b,C,,A,False,False,"In the following sentence, what does ""Ded"" mean?
I'm ded

Select only one answer.
A) Something untrue or unbeleivable
B) A sexual relationship developed from situations without clear future intentions
C) To metaphorically die of laughter
D) Someone that travels abroad with the sole purpose of having sex

Respond with only the letter of your answer (A, B, C, or D).",A,2026-06-12T15:55:34.761424+00:00
49,1,row_048,Delulu,General,local_qwen7b,D,,A,False,False,"In the following sentence, what does ""Delulu"" mean?
I'm feeling delulu after that show.

Select only one answer.
A) A sexual relationship developed from situations without clear future intentions
B) An endeering term used towards ones significant other
C) A nicotine pouch held between the upper lip and gums
D) Delusional

Respond with only the letter of your answer (A, B, C, or D).",A,2026-06-12T15:55:34.902208+00:00
50,1,row_049,Dog water,Insult,local_qwen7b,B,,B,True,False,"In the following sentence, what does ""Dog water"" mean?
You are playing like dog water.

Select only one answer.
A) A sudden feeling of disguest or repultion towards someone.
B) Something low quality or bad
C) I just burst out laughing
D) A criminal that turned their life arpound and are legitimate

Respond with only the letter of your answer (A, B, C, or D).",B,2026-06-12T15:55:35.042685+00:00
51,1,row_050,doommaxxing,Identity,local_qwen7b,C,,B,False,False,"In the following sentence, what does ""doommaxxing"" mean?
I'm just gonna be doommaxxing all weekend.

Select only one answer.
A) A term to support someone going through a gender change.
B) Someone acting aggressively and out of control
C) The abandonment of responsibilities
D) Mercedes Benz G class

Respond with only the letter of your answer (A, B, C, or D).",B,2026-06-12T15:55:35.183665+00:00
52,1,row_051,Dope,General,local_qwen7b,D,A,D,True,False,"In the following sentence, what does ""Dope"" mean?
That car is dope.

Select only one answer.
A) a stupid person
B) drunk
C) an expression of surprise
D) Cool

Respond with only the letter of your answer (A, B, C, or D).",D,2026-06-12T15:55:35.322073+00:00
53,1,row_052,Drip,Identity,local_qwen7b,B,A,A,False,True,"In the following sentence, what does ""Drip"" mean?
How is the drip?

Select only one answer.
A) to let fall in drops
B) Stylish or flashy outfit style
C) A nicotine pouch held between the upper lip and gums
D) Sociopath

Respond with only the letter of your answer (A, B, C, or D).",A,2026-06-12T15:55:35.461741+00:00
54,1,row_053,DTF,Sexual,local_qwen7b,D,,D,True,False,"In the following sentence, what does ""DTF"" mean?
She was totally DTF after the first date.

Select only one answer.
A) Methodone
B) A glock pistol
C) A term used to describe a baby raised in a gender neutral environment
D) Down to fuck

Respond with only the letter of your answer (A, B, C, or D).",D,2026-06-12T15:55:35.600189+00:00
55,1,row_054,dubs,General,local_qwen7b,B,C,B,True,False,"In the following sentence, what does ""dubs"" mean?
Take home the dubs!

Select only one answer.
A) Something that is reallly good.
B) To win
C) to add (sound effects or new dialogue) to a film or to a radio or television production —usually used with in
D) The anus

Respond with only the letter of your answer (A, B, C, or D).",B,2026-06-12T15:55:35.741399+00:00
56,1,row_055,epi,General,local_qwen7b,A,,A,True,False,"In the following sentence, what does ""epi"" mean?
Watch out, hes going through an epi.

Select only one answer.
A) Epileptic fit from a synthetic canabis
B) Someone who is trying to get sexual attention overtly
C) Men that lack masculine characteristics
D) Done or ruined

Respond with only the letter of your answer (A, B, C, or D).",A,2026-06-12T15:55:35.882364+00:00
57,1,row_056,F,General,local_qwen7b,D,B,D,True,False,"In the following sentence, what does ""F"" mean?
I almost had that one. F.

Select only one answer.
A) Friends with benefits
B) the 6th letter of the English alphabet
C) intensely and openely say something true
D) To give sympathy or signify a failure

Respond with only the letter of your answer (A, B, C, or D).",D,2026-06-12T15:55:36.022643+00:00
58,1,row_057,Fanum Tax,General,local_qwen7b,A,,A,True,False,"In the following sentence, what does ""Fanum Tax"" mean?
I was at dinner with my girl and she fanum taxed me.

Select only one answer.
A) the playful act of taking a friend's food
B) Fuckboy, someone just looking for sex
C) Someone acting aggressively and out of control
D) cocaine

Respond with only the letter of your answer (A, B, C, or D).",A,2026-06-12T15:55:36.163705+00:00
59,1,row_058,FBOI,Sexual,local_qwen7b,D,,D,True,False,"In the following sentence, what does ""FBOI"" mean?
She just needs a FBOI to gegt out of her slump.

Select only one answer.
A) One True Pairing
B) Someone that is too left leaning politically
C) Something suspicious
D) Fuckboy, someone just looking for sex

Respond with only the letter of your answer (A, B, C, or D).",D,2026-06-12T15:55:36.304062+00:00
60,1,row_059,Fire,General,local_qwen7b,B,A,B,True,False,"In the following sentence, what does ""Fire"" mean?
That game war fire!

Select only one answer.
A) the phenomenon of combustion manifested in light, flame, and heat
B) Something really good
C) A near superhuman perfect male
D) The positive or relaxing energy of a place

Respond with only the letter of your answer (A, B, C, or D).",B,2026-06-12T15:55:36.443166+00:00
61,1,row_060,Flex,General,local_qwen7b,A,B,A,True,False,"In the following sentence, what does ""Flex"" mean?
Vinny with the car flex.

Select only one answer.
A) To show off
B) to bend especially repeatedly
C) Someone who is trying to get sexual attention overtly
D) intensely and openely say something true

Respond with only the letter of your answer (A, B, C, or D).",A,2026-06-12T15:55:36.582011+00:00
62,1,row_061,foid,Insult,local_qwen7b,A,,A,True,False,"In the following sentence, what does ""foid"" mean?
Their was this group of foids at the store earlier, I couldn't satnd them!

Select only one answer.
A) A term used by incels to refer to women in a way that dehumanizes them.
B) Talking too much
C) Someone younger
D) Someone who acts tries to act entertaining and amuzingly relentlessly

Respond with only the letter of your answer (A, B, C, or D).",A,2026-06-12T15:55:36.724356+00:00
63,1,row_062,Fuckboy,Sexual,local_qwen7b,A,,A,True,False,"In the following sentence, what does ""Fuckboy"" mean?
That guy gave off total fuckboy energy.

Select only one answer.
A) Fuckboy, someone just looking for sex
B) Short for happening
C) Age Sex Location
D) sex

Respond with only the letter of your answer (A, B, C, or D).",A,2026-06-12T15:55:36.863201+00:00
64,1,row_063,fuckwhistle,Insult,local_qwen7b,B,,B,True,False,"In the following sentence, what does ""fuckwhistle"" mean?
Get out of here you fuckwhistle!

Select only one answer.
A) An affirmative agreement
B) An insulting term to refer to someone as stupid
C) The vagina
D) A term to discuss sexual experiences

Respond with only the letter of your answer (A, B, C, or D).",B,2026-06-12T15:55:37.003103+00:00
65,1,row_064,Full send,General,local_qwen7b,C,,C,True,False,"In the following sentence, what does ""Full send"" mean?
I'm about to full send on this test!

Select only one answer.
A) Acting crazily
B) Men that lack masculine characteristics
C) Go in 100% on something
D) Somehting that is poor quality

Respond with only the letter of your answer (A, B, C, or D).",C,2026-06-12T15:55:37.143137+00:00
66,1,row_065,FWB,Sexual,local_qwen7b,A,,A,True,False,"In the following sentence, what does ""FWB"" mean?
Yea, we started a FWB sort of thing.

Select only one answer.
A) Friends with benefits
B) To be skeptical about something
C) To express disappointment dramatically
D) Mediocre

Respond with only the letter of your answer (A, B, C, or D).",A,2026-06-12T15:55:37.283151+00:00
67,1,row_066,G-wagon,General,local_qwen7b,A,,A,True,False,"In the following sentence, what does ""G-wagon"" mean?
Yo, check out that g-wagon!

Select only one answer.
A) Mercedes Benz G class
B) Epileptic fit from a synthetic canabis
C) Someone who is trying to get sexual attention overtly
D) To express disbelief

Respond with only the letter of your answer (A, B, C, or D).",A,2026-06-12T15:55:37.423982+00:00
68,1,row_067,gabadost,Identity,local_qwen7b,A,,A,True,False,"In the following sentence, what does ""gabadost"" mean?
Did you even listen to me? Gabadost!

Select only one answer.
A) Someone who is very stubborn
B) A term of endearment for a significant other
C) To make lifestyle changes to make your life more holistic
D) Cancer

Respond with only the letter of your answer (A, B, C, or D).",A,2026-06-12T15:55:37.564945+00:00
69,1,row_068,Giga Chad,Identity,local_qwen7b,A,,A,True,False,"In the following sentence, what does ""Giga Chad"" mean?
Did you see how he lifted that? What a giga chad.

Select only one answer.
A) A near superhuman perfect male
B) Charisma
C) A canister of nitrous oxide
D) Throwing something

Respond with only the letter of your answer (A, B, C, or D).",A,2026-06-12T15:55:37.704111+00:00
70,1,row_069,Glazing,Insult,local_qwen7b,C,D,C,True,False,"In the following sentence, what does ""Glazing"" mean?
Stop glazing over One Piece, its not that good.

Select only one answer.
A) To knock someone out
B) The anus
C) Someone that is too much of a fan of something
D) the action, process, or trade of fitting windows with glass

Respond with only the letter of your answer (A, B, C, or D).",C,2026-06-12T15:55:37.844811+00:00
71,1,row_070,Glee,Violence,local_qwen7b,A,D,D,False,True,"In the following sentence, what does ""Glee"" mean?
Grab your glee and get outta here!

Select only one answer.
A) A glock pistol
B) To give sympathy or signify a failure
C) Friends with benefits
D) exultant high-spirited joy : merriment

Respond with only the letter of your answer (A, B, C, or D).",D,2026-06-12T15:55:37.985127+00:00
72,1,row_071,glitter,Identity,local_qwen7b,B,D,D,False,True,"In the following sentence, what does ""glitter"" mean?
Go out htere and glittter!

Select only one answer.
A) Mediocre
B) A term to support someone going through a gender change.
C) A person who is very good at spotting a lie
D) to shine by reflection with many small flashes of brilliant light : sparkle

Respond with only the letter of your answer (A, B, C, or D).",D,2026-06-12T15:55:38.126883+00:00
73,1,row_072,glizzy,General,local_qwen7b,D,,D,True,False,"In the following sentence, what does ""glizzy"" mean?
Hey, lets grab some costco glizzys before we go.

Select only one answer.
A) Something that is reallly good.
B) Describes activities or situations that are sexually aggressive
C) sweet talk
D) A hot dog

Respond with only the letter of your answer (A, B, C, or D).",D,2026-06-12T15:55:38.266595+00:00
74,1,row_073,Goated,General,local_qwen7b,A,,A,True,False,"In the following sentence, what does ""Goated"" mean?
That play was goated

Select only one answer.
A) The greatest of all time
B) A sudden feeling of disguest or repultion towards someone.
C) A significant problem
D) A person who is very good at spotting a lie

Respond with only the letter of your answer (A, B, C, or D).",A,2026-06-12T15:55:38.407872+00:00
75,1,row_074,Gooning,Sexual,local_qwen7b,B,,B,True,False,"In the following sentence, what does ""Gooning"" mean?
He looks like he was gooning all break

Select only one answer.
A) Charisma
B) Prolonged masturbation
C) A term for baby that people will call their significant other.
D) A reaction to something uncomfortable

Respond with only the letter of your answer (A, B, C, or D).",B,2026-06-12T15:55:38.546717+00:00
76,1,row_075,goonmaxxing,Identity,local_qwen7b,A,,A,True,False,"In the following sentence, what does ""goonmaxxing"" mean?
He's been spending all summer goonmaxxing in his room

Select only one answer.
A) To mastrubate for extremeely long period regularly
B) A term of endearment for a significant other
C) something intense, aggressive, and unfiltered
D) To shoot ones shot.

Respond with only the letter of your answer (A, B, C, or D).",A,2026-06-12T15:55:38.690519+00:00
77,1,row_076,gouda,General,local_qwen7b,A,B,C,False,False,"In the following sentence, what does ""gouda"" mean?
Stop being so gouda.

Select only one answer.
A) Someone unappealing
B) a mild cheese of Dutch origin that is similar to Edam but contains more fat
C) Something that is reallly good.
D) A person who is very good at spotting a lie

Respond with only the letter of your answer (A, B, C, or D).",C,2026-06-12T15:55:38.831555+00:00
78,1,row_077,greazy,Insult,local_qwen7b,D,,C,False,False,"In the following sentence, what does ""greazy"" mean?
You lookin greazy today.

Select only one answer.
A) Somehting that is poor quality
B) Something very good
C) Cool
D) Poorly dressed

Respond with only the letter of your answer (A, B, C, or D).",C,2026-06-12T15:55:38.973491+00:00
79,1,row_078,Griddy,General,local_qwen7b,C,,A,False,False,"In the following sentence, what does ""Griddy"" mean?
Hit the griddy!

Select only one answer.
A) The videos one find on social media that cause people to scroll and do nothign for hours
B) A person who is very good at spotting a lie
C) A dance move
D) Methodone

Respond with only the letter of your answer (A, B, C, or D).",A,2026-06-12T15:55:39.114022+00:00
80,1,row_079,grips up,Violence,local_qwen7b,D,,D,True,False,"In the following sentence, what does ""grips up"" mean?
grips up, we gotta head out.

Select only one answer.
A) A descriptor for an attractive person
B) Gossip
C) To express disbelief
D) To prepare for a fight

Respond with only the letter of your answer (A, B, C, or D).",D,2026-06-12T15:55:39.254008+00:00
81,1,row_080,Gyatt,General,local_qwen7b,A,,C,False,False,"In the following sentence, what does ""Gyatt"" mean?
Oh, my gyatt, I really wanna see you.

Select only one answer.
A) an expression of surprise
B) When something hidden gets called out
C) The vagina
D) To shoot ones shot.

Respond with only the letter of your answer (A, B, C, or D).",C,2026-06-12T15:55:39.393607+00:00
82,1,row_081,haps,General,local_qwen7b,A,,B,False,False,"In the following sentence, what does ""haps"" mean?
haps tonight?

Select only one answer.
A) Short for happening
B) Done or ruined
C) A term for baby that people will call their significant other.
D) The anus

Respond with only the letter of your answer (A, B, C, or D).",B,2026-06-12T15:55:39.532220+00:00
83,1,row_082,hem up,General,local_qwen7b,A,,A,True,False,"In the following sentence, what does ""hem up"" mean?
Bro, don't hem up.

Select only one answer.
A) To get arrested
B) Main Character - Someone that acts as if they are the star of a story
C) A dance move
D) bullets

Respond with only the letter of your answer (A, B, C, or D).",A,2026-06-12T15:55:39.670934+00:00
84,1,row_083,highkey,General,local_qwen7b,D,A,D,True,False,"In the following sentence, what does ""highkey"" mean?
Highkey, this place is great!

Select only one answer.
A) having or producing light tones only with little contrast —used of a photographic print or subject or of the lighting of a photographic subject
B) Somehting that is poor quality
C) A charismatic, sexy, and quick witted man
D) intensely and openely say something true

Respond with only the letter of your answer (A, B, C, or D).",D,2026-06-12T15:55:39.812593+00:00
85,1,row_084,Hits different,General,local_qwen7b,A,,A,True,False,"In the following sentence, what does ""Hits different"" mean?
This hot dog hits different.

Select only one answer.
A) Something very good
B) an expression of surprise
C) An incel term for an attractive middle eastern man
D) A knife

Respond with only the letter of your answer (A, B, C, or D).",A,2026-06-12T15:55:39.952524+00:00
86,1,row_085,Ick,Insult,local_qwen7b,D,,D,True,False,"In the following sentence, what does ""Ick"" mean?
His hairdue gave me the ick.

Select only one answer.
A) Someone that is boring
B) A rule used by some for dating that refers to someone who is six feet tall, has a 6 figure income, and has six-pack abs
C) An incel term for an attractive middle eastern man
D) A sudden feeling of disguest or repultion towards someone.

Respond with only the letter of your answer (A, B, C, or D).",D,2026-06-12T15:55:40.096491+00:00
87,1,row_086,IJBOL,General,local_qwen7b,B,,B,True,False,"In the following sentence, what does ""IJBOL"" mean?
That was aso funny. IJBOL!

Select only one answer.
A) An incel term meaning kissless, hugless, handholdless virgin
B) I just burst out laughing
C) An affirmative agreement
D) A large ass that stands out.

Respond with only the letter of your answer (A, B, C, or D).",B,2026-06-12T15:55:40.238067+00:00
88,1,row_087,Ipad Kid,General,local_qwen7b,D,,D,True,False,"In the following sentence, what does ""Ipad Kid"" mean?
They are just a bunch of Ipad kids.

Select only one answer.
A) A rule used by some for dating that refers to someone who is six feet tall, has a 6 figure income, and has six-pack abs
B) Something low quality or bad
C) Epileptic fit from a synthetic canabis
D) used to mock spoiled kids

Respond with only the letter of your answer (A, B, C, or D).",D,2026-06-12T15:55:40.382178+00:00
89,1,row_088,Jebaited,General,local_qwen7b,A,,A,True,False,"In the following sentence, what does ""Jebaited"" mean?
Get jebaited!

Select only one answer.
A) To manipulated, trick, or fool someone
B) A submissive male that is often outside of traditional social hierarchies
C) A type of marijuana
D) A person who is very good at spotting a lie

Respond with only the letter of your answer (A, B, C, or D).",A,2026-06-12T15:55:40.524349+00:00
90,1,row_089,jestermaxxing,Identity,local_qwen7b,B,,B,True,False,"In the following sentence, what does ""jestermaxxing"" mean?
Tommy's jestermaxxing in class just to annoy the teacher.

Select only one answer.
A) Used to refer to the social media platforms one uses
B) Someone who acts tries to act entertaining and amuzingly relentlessly
C) Someone younger
D) An independent, strong person

Respond with only the letter of your answer (A, B, C, or D).",B,2026-06-12T15:55:40.666881+00:00
91,1,row_090,Jit,Insult,local_qwen7b,C,,D,False,False,"In the following sentence, what does ""Jit"" mean?
Who is this jit?

Select only one answer.
A) To metaphorically die of laughter
B) Someone unappealing
C) Someone younger
D) Fuckboy, someone just looking for sex

Respond with only the letter of your answer (A, B, C, or D).",D,2026-06-12T15:55:40.808314+00:00
92,1,row_091,K.Y. cowboy,Insult,local_qwen7b,A,,B,False,False,"In the following sentence, what does ""K.Y. cowboy"" mean?
Stop being such a K.Y. cowboy.

Select only one answer.
A) A homosexual cowboy
B) A term for baby that people will call their significant other.
C) An incel term for an attractive middle eastern man
D) A significant other

Respond with only the letter of your answer (A, B, C, or D).",B,2026-06-12T15:55:40.948586+00:00
93,1,row_092,keep it 100,General,local_qwen7b,C,,C,True,False,"In the following sentence, what does ""keep it 100"" mean?
Keep it 100, dod you see her last night?

Select only one answer.
A) A charismatic, sexy, and quick witted man
B) Someone younger
C) To be honest about something
D) the playful act of taking a friend's food

Respond with only the letter of your answer (A, B, C, or D).",C,2026-06-12T15:55:41.091611+00:00
94,1,row_093,KHHV,Insult,local_qwen7b,A,,A,True,False,"In the following sentence, what does ""KHHV"" mean?
Looks like a total KHHV.

Select only one answer.
A) An incel term meaning kissless, hugless, handholdless virgin
B) Something that appears mundane but has hidden potential
C) Someone who refused to wear a mask in covid times.
D) An insult commonly used in sports

Respond with only the letter of your answer (A, B, C, or D).",A,2026-06-12T15:55:41.234168+00:00
95,1,row_094,knot off,Drugs,local_qwen7b,C,,C,True,False,"In the following sentence, what does ""knot off"" mean?
Get ready to knot off, I have the H.

Select only one answer.
A) A sexual relationship developed from situations without clear future intentions
B) Someone who is the last person to leave a location and the first to come back in the morning
C) To tie up an arm to isolate a vein for injecting a drug
D) Someone who acts tries to act entertaining and amuzingly relentlessly

Respond with only the letter of your answer (A, B, C, or D).",C,2026-06-12T15:55:41.380386+00:00
96,1,row_095,kweff,Violence,local_qwen7b,A,,A,True,False,"In the following sentence, what does ""kweff"" mean?
Lock, aim, and kweff.

Select only one answer.
A) To stab or shoot
B) Talking too much
C) Something that is messed up or not right.
D) An unpopular opinion

Respond with only the letter of your answer (A, B, C, or D).",A,2026-06-12T15:55:41.519422+00:00
97,1,row_096,L,General,local_qwen7b,B,A,B,True,False,"In the following sentence, what does ""L"" mean?
We took the L at the basketball match.

Select only one answer.
A) the 12th letter of the English alphabet
B) A loss or failure
C) A term for friends
D) Methodone

Respond with only the letter of your answer (A, B, C, or D).",B,2026-06-12T15:55:41.659678+00:00
98,1,row_097,lacag,General,local_qwen7b,B,,D,False,False,"In the following sentence, what does ""lacag"" mean?
I'll be out making lacag.

Select only one answer.
A) Something that appears mundane but has hidden potential
B) Money
C) Something suspicious
D) cocaine

Respond with only the letter of your answer (A, B, C, or D).",D,2026-06-12T15:55:41.797873+00:00
99,1,row_098,larp,General,local_qwen7b,D,,D,True,False,"In the following sentence, what does ""larp"" mean?
I went to a LARP at the park this weekend.

Select only one answer.
A) A canister of nitrous oxide
B) Used to address friends with exasperation, releif, or disbeleif.
C) Used to mock someone who doesnt think for themselves, says things repeatedly, or has no opinions
D) a live-action role-playing game in which a group of people enacts a fictional scenario (such as a fantasy adventure) in real time typically under the guidance of a facilitator or organizer; also : the activity of participating in such games : larping

Respond with only the letter of your answer (A, B, C, or D).",D,2026-06-12T15:55:41.969581+00:00
100,1,row_099,lewk,General,local_qwen7b,A,,A,True,False,"In the following sentence, what does ""lewk"" mean?
Jim is using his signature lewk tonight.

Select only one answer.
A) A distinct trait, style, or outfit, often used in drag culture
B) A chlid molestor
C) Someone that is boring
D) To prepare for a fight

Respond with only the letter of your answer (A, B, C, or D).",A,2026-06-12T15:55:42.110171+00:00
101,1,row_100,lidge,General,local_qwen7b,B,,A,False,False,"In the following sentence, what does ""lidge"" mean?
I'm gettin money lidge.

Select only one answer.
A) To keep secretive or obscure
B) A criminal that turned their life arpound and are legitimate
C) fake soft penises and testicles designed to give a 'male' bulge to the crotches of female-to-male transsexuals.
D) To express disbelief

Respond with only the letter of your answer (A, B, C, or D).",A,2026-06-12T15:55:42.253125+00:00
102,1,row_101,lifemaxxing,Identity,local_qwen7b,D,,D,True,False,"In the following sentence, what does ""lifemaxxing"" mean?
Shes's reallly been trying to lifemax these past few months.

Select only one answer.
A) Someone that is too much of a fan of something
B) The vagina
C) Someone weak or a follower
D) To make lifestyle changes to make your life more holistic

Respond with only the letter of your answer (A, B, C, or D).",D,2026-06-12T15:55:42.394665+00:00
103,1,row_102,looksmaxxing,Identity,local_qwen7b,B,,B,True,False,"In the following sentence, what does ""looksmaxxing"" mean?
The looksmaxxing community

Select only one answer.
A) I just burst out laughing
B) To focus on making one as physically attractive as possible
C) A glock pistol
D) Someone that is too left leaning politically

Respond with only the letter of your answer (A, B, C, or D).",B,2026-06-12T15:55:42.535134+00:00
104,1,row_103,lotion,General,local_qwen7b,B,A,A,False,True,"In the following sentence, what does ""lotion"" mean?
Lemme go lotion her up for you.

Select only one answer.
A) a liquid preparation for cosmetic or external medicinal use
B) sweet talk
C) A knife
D) Somehting that is poor quality

Respond with only the letter of your answer (A, B, C, or D).",A,2026-06-12T15:55:42.674265+00:00
105,1,row_104,Low Key,General,local_qwen7b,C,B,C,True,False,"In the following sentence, what does ""Low Key"" mean?
Low key, I want some ice cream.

Select only one answer.
A) You're on Your own
B) having or producing dark tones only with little contrast
C) Saying something secretive or to keep low profile
D) An independent, strong person

Respond with only the letter of your answer (A, B, C, or D).",C,2026-06-12T15:55:42.815059+00:00
106,1,row_105,main character,General,local_qwen7b,B,,B,True,False,"In the following sentence, what does ""main character"" mean?
You give off main character energy.

Select only one answer.
A) A cigarette
B) Main Character - Someone that acts as if they are the star of a story
C) A mauser C96 pistol
D) To express disbelief

Respond with only the letter of your answer (A, B, C, or D).",B,2026-06-12T15:55:42.957261+00:00
107,1,row_106,manny,Insult,local_qwen7b,B,,B,True,False,"In the following sentence, what does ""manny"" mean?
Look at the guy, he's just a manny.

Select only one answer.
A) An all denim outfit
B) A man that takes care of children
C) A term used to describe a baby raised in a gender neutral environment
D) sex

Respond with only the letter of your answer (A, B, C, or D).",B,2026-06-12T15:55:43.097376+00:00
108,1,row_107,mascara,Sexual,local_qwen7b,C,B,B,False,True,"In the following sentence, what does ""mascara"" mean?
I lost my mascara for 5 years, but then I found it again, and I love it even more now.

Select only one answer.
A) A canister of nitrous oxide
B) a cosmetic especially for making the eyelashes darker and more prominent
C) A term to discuss sexual experiences
D) An attractive older man

Respond with only the letter of your answer (A, B, C, or D).",B,2026-06-12T15:55:43.240004+00:00
109,1,row_108,Mewing,Identity,local_qwen7b,B,D,D,False,True,"In the following sentence, what does ""Mewing"" mean?
You've gotta start mewing to increase your status in society.

Select only one answer.
A) fake soft penises and testicles designed to give a 'male' bulge to the crotches of female-to-male transsexuals.
B) To make a jawline more defined
C) to recoil in distaste
D) to utter a mew or similar sound

Respond with only the letter of your answer (A, B, C, or D).",D,2026-06-12T15:55:43.383680+00:00
110,1,row_109,Mid,General,local_qwen7b,C,,C,True,False,"In the following sentence, what does ""Mid"" mean?
That was a mid burger.

Select only one answer.
A) Main Character - Someone that acts as if they are the star of a story
B) bullets
C) Mediocre
D) Very good

Respond with only the letter of your answer (A, B, C, or D).",C,2026-06-12T15:55:43.524795+00:00
111,1,row_110,minghiun,Insult,local_qwen7b,A,,A,True,False,"In the following sentence, what does ""minghiun"" mean?
Stop being a minghiun.

Select only one answer.
A) A fool or a prick
B) Nonsensical term
C) Talking too much
D) To shoot ones shot.

Respond with only the letter of your answer (A, B, C, or D).",A,2026-06-12T15:55:43.664697+00:00
112,1,row_111,nang,Drugs,local_qwen7b,A,,A,True,False,"In the following sentence, what does ""nang"" mean?
Dude, grab the nang, I wanna feel free.

Select only one answer.
A) A canister of nitrous oxide
B) To express disbelief
C) a significant other
D) To do somethign very well

Respond with only the letter of your answer (A, B, C, or D).",A,2026-06-12T15:55:43.805636+00:00
113,1,row_112,Negative Aura,Insult,local_qwen7b,D,,D,True,False,"In the following sentence, what does ""Negative Aura"" mean?
She's giving off negative aura.

Select only one answer.
A) someone that looks ordinary but is actually very strong
B) Something that is reallly good.
C) A term used to describe a baby raised in a gender neutral environment
D) a bad charisma

Respond with only the letter of your answer (A, B, C, or D).",D,2026-06-12T15:55:43.946073+00:00
114,1,row_113,Netflix and Chill,Sexual,local_qwen7b,A,,A,True,False,"In the following sentence, what does ""Netflix and Chill"" mean?
Wanna come back to my place and Netflix and Chill?

Select only one answer.
A) A term for bringing someone over to watch some netflix and then have sex.
B) to aggrivate
C) A reference for ass
D) To get arrested

Respond with only the letter of your answer (A, B, C, or D).",A,2026-06-12T15:55:44.087094+00:00
115,1,row_114,next-level,General,local_qwen7b,A,,A,True,False,"In the following sentence, what does ""next-level"" mean?
That movie was next level!

Select only one answer.
A) Something that is better then everything else
B) To be high or drunk
C) To prepare for a fight
D) An insult commonly used in sports

Respond with only the letter of your answer (A, B, C, or D).",A,2026-06-12T15:55:44.227680+00:00
116,1,row_115,NPC,Insult,local_qwen7b,A,B,A,True,False,"In the following sentence, what does ""NPC"" mean?
Stop being such an NPC.

Select only one answer.
A) Used to mock someone who doesnt think for themselves, says things repeatedly, or has no opinions
B) a character in a video game that does not represent and cannot be manipulated by a player —called also non-player character
C) Fashionable or stylish
D) Fuckboy, someone just looking for sex

Respond with only the letter of your answer (A, B, C, or D).",A,2026-06-12T15:55:44.371788+00:00
117,1,row_116,Omega,Identity,local_qwen7b,B,A,B,True,False,"In the following sentence, what does ""Omega"" mean?
Those were some real omega moves right there.

Select only one answer.
A) the 24th and last letter of the Greek alphabet
B) A submissive male that is often outside of traditional social hierarchies
C) A dance move
D) used to mock spoiled kids

Respond with only the letter of your answer (A, B, C, or D).",B,2026-06-12T15:55:44.514847+00:00
118,1,row_117,on the regs,General,local_qwen7b,B,,B,True,False,"In the following sentence, what does ""on the regs"" mean?
I stop by the coffee shop on the regs.

Select only one answer.
A) To be honest about something
B) Something done regularly
C) crazy or erratic
D) A term to discuss sexual experiences

Respond with only the letter of your answer (A, B, C, or D).",B,2026-06-12T15:55:44.655628+00:00
119,1,row_118,oof,General,local_qwen7b,C,,C,True,False,"In the following sentence, what does ""oof"" mean?
Oof, that was rough.

Select only one answer.
A) An insulting term to refer to someone as stupid
B) A stereotypical alpha male that is strong, handsome, and attracts women.
C) A reaction to something uncomfortable
D) To mastrubate for extremeely long period regularly

Respond with only the letter of your answer (A, B, C, or D).",C,2026-06-12T15:55:44.797916+00:00
120,1,row_119,ooga-booga,Sexual,local_qwen7b,A,,D,False,False,"In the following sentence, what does ""ooga-booga"" mean?
Me want ooga-booga!

Select only one answer.
A) The vagina
B) A fashionable look
C) A term for someone that enjoys watching their wife have sex with another man
D) Something low quality or bad

Respond with only the letter of your answer (A, B, C, or D).",D,2026-06-12T15:55:44.939899+00:00
121,1,row_120,Orange Crush,Drugs,local_qwen7b,B,,B,True,False,"In the following sentence, what does ""Orange Crush"" mean?
ets grab some of that orange crush tonight!

Select only one answer.
A) Something ugly or unattractive
B) A type of marijuana
C) A dance move
D) Something that is better then everything else

Respond with only the letter of your answer (A, B, C, or D).",B,2026-06-12T15:55:45.081951+00:00
122,1,row_121,OTP,General,local_qwen7b,D,,D,True,False,"In the following sentence, what does ""OTP"" mean?
Him and her are the OTP.

Select only one answer.
A) A significant other
B) To stab or shoot
C) To prepare for a fight
D) One True Pairing

Respond with only the letter of your answer (A, B, C, or D).",D,2026-06-12T15:55:45.221727+00:00
123,1,row_122,packers,Insult,local_qwen7b,C,B,B,False,True,"In the following sentence, what does ""packers"" mean?
Thats just a group of packers over there, don't waste your time.

Select only one answer.
A) A fool or a prick
B) one that packs
C) fake soft penises and testicles designed to give a 'male' bulge to the crotches of female-to-male transsexuals.
D) A term for friends

Respond with only the letter of your answer (A, B, C, or D).",B,2026-06-12T15:55:45.366813+00:00
124,1,row_123,passa passa,General,local_qwen7b,C,,B,False,False,"In the following sentence, what does ""passa passa"" mean?
I don't want any passa passa now.

Select only one answer.
A) A submissive male that is often outside of traditional social hierarchies
B) Someone that is boring
C) A loud and messy conflict
D) A homosexual cowboy

Respond with only the letter of your answer (A, B, C, or D).",B,2026-06-12T15:55:45.509975+00:00
125,1,row_124,passport bro,Sexual,local_qwen7b,D,,B,False,False,"In the following sentence, what does ""passport bro"" mean?
A bunch of passport bro's just checked into the hotel.

Select only one answer.
A) A significant problem
B) Saying something secretive or to keep low profile
C) Friends with benefits
D) Someone that travels abroad with the sole purpose of having sex

Respond with only the letter of your answer (A, B, C, or D).",B,2026-06-12T15:55:45.652493+00:00
126,1,row_125,Period,General,local_qwen7b,C,B,C,True,False,"In the following sentence, what does ""Period"" mean?
She is the best, period.

Select only one answer.
A) crazy or erratic
B) the completion of a cycle, a series of events, or a single action : conclusion
C) Ending the discussion on a topic
D) A submissive male that is often outside of traditional social hierarchies

Respond with only the letter of your answer (A, B, C, or D).",C,2026-06-12T15:55:45.795789+00:00
127,1,row_126,plegic,Drugs,local_qwen7b,B,,B,True,False,"In the following sentence, what does ""plegic"" mean?
That guy stumbled out very plegic.

Select only one answer.
A) A mauser C96 pistol
B) drunk
C) Something ugly or unattractive
D) the playful act of taking a friend's food

Respond with only the letter of your answer (A, B, C, or D).",B,2026-06-12T15:55:45.936868+00:00
128,1,row_127,poggers,General,local_qwen7b,B,,B,True,False,"In the following sentence, what does ""poggers"" mean?
Thats a poggers painting.

Select only one answer.
A) Men that lack masculine characteristics
B) To express excitement or approval for something
C) An unattractive girl
D) Prolonged masturbation

Respond with only the letter of your answer (A, B, C, or D).",B,2026-06-12T15:55:46.077200+00:00
129,1,row_128,Pookie,Sexual,local_qwen7b,B,,B,True,False,"In the following sentence, what does ""Pookie"" mean?
My pookie loves a smash burger.

Select only one answer.
A) Someone who deliberatly acts in ways to annoy or anger a group of people online.
B) A term of endearment for a significant other
C) A large ass that stands out.
D) An incel term for an attractive middle eastern man

Respond with only the letter of your answer (A, B, C, or D).",B,2026-06-12T15:55:46.219919+00:00
130,1,row_129,Pop off,General,local_qwen7b,A,C,A,True,False,"In the following sentence, what does ""Pop off"" mean?
I'm about to pop off!

Select only one answer.
A) To do something impressive
B) Nonsensical term
C) to die unexpectedly
D) An unattractive girl

Respond with only the letter of your answer (A, B, C, or D).",A,2026-06-12T15:55:46.359521+00:00
131,1,row_130,Posh and Becks,Sexual,local_qwen7b,D,,D,True,False,"In the following sentence, what does ""Posh and Becks"" mean?
Lets go back to my place and have the posh and becks.

Select only one answer.
A) An affirmative agreement
B) A chlid molestor
C) Someone who prepares for doomsday scenarios
D) sex

Respond with only the letter of your answer (A, B, C, or D).",D,2026-06-12T15:55:46.500795+00:00
132,1,row_131,prepper,Insult,local_qwen7b,A,,A,True,False,"In the following sentence, what does ""prepper"" mean?
We have a prepper down the block. They are kindof crazy, but its nice to know where to go.

Select only one answer.
A) Someone who prepares for doomsday scenarios
B) the playful act of taking a friend's food
C) To express disbelief
D) Someone who is very stubborn

Respond with only the letter of your answer (A, B, C, or D).",A,2026-06-12T15:55:46.644887+00:00
133,1,row_132,Prison pocket,General,local_qwen7b,C,,C,True,False,"In the following sentence, what does ""Prison pocket"" mean?
Hold it in your prison pocket.

Select only one answer.
A) A canister of nitrous oxide
B) A kilo of cocaine
C) The anus
D) someone that looks ordinary but is actually very strong

Respond with only the letter of your answer (A, B, C, or D).",C,2026-06-12T15:55:46.787112+00:00
134,1,row_133,Put the fries in the bag,General,local_qwen7b,C,,C,True,False,"In the following sentence, what does ""Put the fries in the bag"" mean?
You're taking too long. Put the fires in the bag.

Select only one answer.
A) Methodone
B) to recoil in distaste
C) Get to the point
D) intensely and openely say something true

Respond with only the letter of your answer (A, B, C, or D).",C,2026-06-12T15:55:46.930203+00:00
135,1,row_134,Quirky,Insult,local_qwen7b,B,D,D,False,True,"In the following sentence, what does ""Quirky"" mean?
I'm so quirky!

Select only one answer.
A) Saying something secretive or to keep low profile
B) Ironically used to describe one as unique
C) I just burst out laughing
D) having many quirks : unusual in especially an interesting or appealing way

Respond with only the letter of your answer (A, B, C, or D).",D,2026-06-12T15:55:47.073078+00:00
136,1,row_135,rago,Insult,local_qwen7b,A,,A,True,False,"In the following sentence, what does ""rago"" mean?
It was just how rago he was.

Select only one answer.
A) Someone acting aggressively and out of control
B) Down to fuck
C) A sudden feeling of disguest or repultion towards someone.
D) To do somethign very well

Respond with only the letter of your answer (A, B, C, or D).",A,2026-06-12T15:55:47.218225+00:00
137,1,row_136,rapey,Sexual,local_qwen7b,A,,A,True,False,"In the following sentence, what does ""rapey"" mean?
That guy at the bar was feeling pretty rapey.

Select only one answer.
A) Describes activities or situations that are sexually aggressive
B) A canabis based cigarette that needs two paper rolls
C) Someone that travels abroad with the sole purpose of having sex
D) a significant other

Respond with only the letter of your answer (A, B, C, or D).",A,2026-06-12T15:55:47.361191+00:00
138,1,row_137,Ratio,General,local_qwen7b,B,D,D,False,True,"In the following sentence, what does ""Ratio"" mean?
Ratio if you like pizza.

Select only one answer.
A) Someone that tries really hard to impress their crush
B) when a reply gets more than the original post
C) A reaction to something uncomfortable
D) the indicated quotient of two mathematical expressions

Respond with only the letter of your answer (A, B, C, or D).",D,2026-06-12T15:55:47.502792+00:00
139,1,row_138,raw,General,local_qwen7b,C,D,C,True,False,"In the following sentence, what does ""raw"" mean?
He's been hitting the vape raw lately.

Select only one answer.
A) the playful act of taking a friend's food
B) Describes activities or situations that are sexually aggressive
C) something intense, aggressive, and unfiltered
D) not cooked

Respond with only the letter of your answer (A, B, C, or D).",C,2026-06-12T15:55:47.645154+00:00
140,1,row_139,RIP (me),General,local_qwen7b,A,,A,True,False,"In the following sentence, what does ""RIP (me)"" mean?
I think I just failed that test. RIP me.

Select only one answer.
A) To express disappointment dramatically
B) Someone who prepares for doomsday scenarios
C) An endeering term used towards ones significant other
D) Someone that tries really hard to impress their crush

Respond with only the letter of your answer (A, B, C, or D).",A,2026-06-12T15:55:47.788138+00:00
141,1,row_140,Rizz,General,local_qwen7b,B,,B,True,False,"In the following sentence, what does ""Rizz"" mean?
The rizz you have today is stunning!

Select only one answer.
A) I just burst out laughing
B) Charisma
C) An emotional meltdown
D) A large ass that stands out.

Respond with only the letter of your answer (A, B, C, or D).",B,2026-06-12T15:55:47.930116+00:00
142,1,row_141,Salty,Insult,local_qwen7b,A,C,A,True,False,"In the following sentence, what does ""Salty"" mean?
She's just salty that you have a boyfriend and she doesn't.

Select only one answer.
A) Irritated, bitter, or resentful
B) to recoil in distaste
C) of, seasoned with, or containing salt
D) To be fierce and unapologetic withing a social situation

Respond with only the letter of your answer (A, B, C, or D).",A,2026-06-12T15:55:48.073410+00:00
143,1,row_142,savage,General,local_qwen7b,A,C,A,True,False,"In the following sentence, what does ""savage"" mean?
That was a savage comeback you gave.

Select only one answer.
A) To be fierce and unapologetic withing a social situation
B) Very good
C) not domesticated or under human control : untamed
D) someone that looks ordinary but is actually very strong

Respond with only the letter of your answer (A, B, C, or D).",A,2026-06-12T15:55:48.215776+00:00
144,1,row_143,Schizo,Insult,local_qwen7b,A,,A,True,False,"In the following sentence, what does ""Schizo"" mean?
Brians a total schitzo.

Select only one answer.
A) crazy or erratic
B) Talking too much
C) Someone that is too left leaning politically
D) A submissive male that is often outside of traditional social hierarchies

Respond with only the letter of your answer (A, B, C, or D).",A,2026-06-12T15:55:48.356809+00:00
145,1,row_144,scuffed,Insult,local_qwen7b,A,D,A,True,False,"In the following sentence, what does ""scuffed"" mean?
The was a scuffed performance last night.

Select only one answer.
A) Something that is messed up or not right.
B) Irritated, bitter, or resentful
C) Someone that tries really hard to impress their crush
D) to walk without lifting the feet : shuffle

Respond with only the letter of your answer (A, B, C, or D).",A,2026-06-12T15:55:48.499068+00:00
146,1,row_145,Shabba,General,local_qwen7b,D,,D,True,False,"In the following sentence, what does ""Shabba"" mean?
Shabba on point!

Select only one answer.
A) A term to discuss sexual experiences
B) An insulting term to refer to someone as stupid
C) To express disappointment dramatically
D) Fashionable or stylish

Respond with only the letter of your answer (A, B, C, or D).",D,2026-06-12T15:55:48.640909+00:00
147,1,row_146,Sheesh,General,local_qwen7b,A,,A,True,False,"In the following sentence, what does ""Sheesh"" mean?
Sheesh! Thats crazy!

Select only one answer.
A) To express disbelief
B) Someone who acts tries to act entertaining and amuzingly relentlessly
C) Someone who is the last person to leave a location and the first to come back in the morning
D) A rule used by some for dating that refers to someone who is six feet tall, has a 6 figure income, and has six-pack abs

Respond with only the letter of your answer (A, B, C, or D).",A,2026-06-12T15:55:48.787435+00:00
148,1,row_147,Side eye,General,local_qwen7b,B,,B,True,False,"In the following sentence, what does ""Side eye"" mean?
Why are you giving him the side eye?

Select only one answer.
A) A provocative dance
B) To be skeptical about something
C) A reaction to something uncomfortable
D) A glock pistol

Respond with only the letter of your answer (A, B, C, or D).",B,2026-06-12T15:55:48.929594+00:00
149,1,row_148,Sigma,Identity,local_qwen7b,B,A,D,False,False,"In the following sentence, what does ""Sigma"" mean?
You are giving off sigma energy right now.

Select only one answer.
A) the 18th letter of the Greek alphabet
B) An independent, strong person
C) bullets
D) To focus on making one as physically attractive as possible

Respond with only the letter of your answer (A, B, C, or D).",D,2026-06-12T15:55:49.072366+00:00
150,1,row_149,Simp,Insult,local_qwen7b,B,D,B,True,False,"In the following sentence, what does ""Simp"" mean?
Stop being a simp over her!

Select only one answer.
A) Someone who is the last person to leave a location and the first to come back in the morning
B) Someone that tries really hard to impress their crush
C) Get to the point
D) a foolish or stupid person : simpleton

Respond with only the letter of your answer (A, B, C, or D).",B,2026-06-12T15:55:49.216530+00:00
151,1,row_150,Situationship,Sexual,local_qwen7b,D,,D,True,False,"In the following sentence, what does ""Situationship"" mean?
Joe ended up in a situationship over the summer.

Select only one answer.
A) A kilo of cocaine
B) Gross buildup between the toes
C) when a reply gets more than the original post
D) A sexual relationship developed from situations without clear future intentions

Respond with only the letter of your answer (A, B, C, or D).",D,2026-06-12T15:55:49.360603+00:00
152,1,row_151,Skeet,Sexual,local_qwen7b,B,C,C,False,True,"In the following sentence, what does ""Skeet"" mean?
He skeeted all over the court!

Select only one answer.
A) Someone younger
B) To shoot ones shot.
C) trapshooting in which clay pigeons are thrown in such a way as to simulate the angles of flight of birds
D) Money

Respond with only the letter of your answer (A, B, C, or D).",C,2026-06-12T15:55:49.502812+00:00
153,1,row_152,Skibidi,General,local_qwen7b,D,,D,True,False,"In the following sentence, what does ""Skibidi"" mean?
That's so skibidi.

Select only one answer.
A) A term of endearment for a significant other
B) Someone who is trying to get sexual attention overtly
C) Charisma
D) Nonsensical term

Respond with only the letter of your answer (A, B, C, or D).",D,2026-06-12T15:55:49.644919+00:00
154,1,row_153,Skill issue,Insult,local_qwen7b,C,,C,True,False,"In the following sentence, what does ""Skill issue"" mean?
You won't win. Its a skill issue.

Select only one answer.
A) sweet talk
B) a live-action role-playing game in which a group of people enacts a fictional scenario (such as a fantasy adventure) in real time typically under the guidance of a facilitator or organizer; also : the activity of participating in such games : larping
C) An insult saying that the problem is due to lack of skill rather then luck
D) Nonsensical term

Respond with only the letter of your answer (A, B, C, or D).",C,2026-06-12T15:55:49.792093+00:00
155,1,row_154,Slaps,General,local_qwen7b,D,B,D,True,False,"In the following sentence, what does ""Slaps"" mean?
This place slaps!

Select only one answer.
A) Something suspicious
B) to strike sharply with or as if with the open hand
C) A reaction to something uncomfortable
D) Something that is reallly good.

Respond with only the letter of your answer (A, B, C, or D).",D,2026-06-12T15:55:49.934407+00:00
156,1,row_155,Slay,General,local_qwen7b,A,B,C,False,False,"In the following sentence, what does ""Slay"" mean?
Slay girl!

Select only one answer.
A) To do somethign very well
B) to kill violently, wantonly, or in great numbers
C) something intense, aggressive, and unfiltered
D) A term used by incels to refer to women in a way that dehumanizes them.

Respond with only the letter of your answer (A, B, C, or D).",C,2026-06-12T15:55:50.078322+00:00
157,1,row_156,sledge,Identity,local_qwen7b,A,C,B,False,False,"In the following sentence, what does ""sledge"" mean?
What? Are you havin trouble you sledge?

Select only one answer.
A) An insult commonly used in sports
B) An insulting term to refer to someone as stupid
C) sledgehammer
D) sex

Respond with only the letter of your answer (A, B, C, or D).",B,2026-06-12T15:55:50.220366+00:00
158,1,row_157,sleeper,General,local_qwen7b,A,B,A,True,False,"In the following sentence, what does ""sleeper"" mean?
That car has got to be a sleeper.

Select only one answer.
A) Something that appears mundane but has hidden potential
B) one that sleeps
C) Cool
D) Fashionable or stylish

Respond with only the letter of your answer (A, B, C, or D).",A,2026-06-12T15:55:50.360364+00:00
159,1,row_158,sleeper build,General,local_qwen7b,C,,A,False,False,"In the following sentence, what does ""sleeper build"" mean?
Bro's rocking the sleeper build.

Select only one answer.
A) To keep secretive or obscure
B) Something low quality or bad
C) someone that looks ordinary but is actually very strong
D) intensely and openely say something true

Respond with only the letter of your answer (A, B, C, or D).",A,2026-06-12T15:55:50.501930+00:00
160,1,row_159,Snack,Sexual,local_qwen7b,C,D,C,True,False,"In the following sentence, what does ""Snack"" mean?
That lady over there is a snack.

Select only one answer.
A) An all denim outfit
B) A nicotine pouch held between the upper lip and gums
C) A descriptor for an attractive person
D) a light meal : food eaten between regular meals; also : food suitable for snacking

Respond with only the letter of your answer (A, B, C, or D).",C,2026-06-12T15:55:50.645040+00:00
161,1,row_160,snaggle,Identity,local_qwen7b,B,A,B,True,False,"In the following sentence, what does ""snaggle"" mean?
Susanne is such a snaggle.

Select only one answer.
A) snag
B) An unattractive girl
C) Crack cocaine
D) Methodone

Respond with only the letter of your answer (A, B, C, or D).",B,2026-06-12T15:55:50.785766+00:00
162,1,row_161,Snatched,General,local_qwen7b,B,C,B,True,False,"In the following sentence, what does ""Snatched"" mean?
You're looking snatched today.

Select only one answer.
A) A reference for ass
B) A fashionable look
C) to attempt to seize something suddenly
D) Someone who prepares for doomsday scenarios

Respond with only the letter of your answer (A, B, C, or D).",B,2026-06-12T15:55:50.927613+00:00
163,1,row_162,socials,General,local_qwen7b,D,A,D,True,False,"In the following sentence, what does ""socials"" mean?
Catch me on the socials!

Select only one answer.
A) an informal social event or gathering frequently involving a special activity or area of interest
B) Something ugly or unattractive
C) A term for baby that people will call their significant other.
D) Used to refer to the social media platforms one uses

Respond with only the letter of your answer (A, B, C, or D).",D,2026-06-12T15:55:51.071175+00:00
164,1,row_163,socio,Insult,local_qwen7b,D,,D,True,False,"In the following sentence, what does ""socio"" mean?
The boy is a socio.

Select only one answer.
A) An unattractive girl
B) A man that is feminine in nature
C) Someone who acts tries to act entertaining and amuzingly relentlessly
D) Sociopath

Respond with only the letter of your answer (A, B, C, or D).",D,2026-06-12T15:55:51.212937+00:00
165,1,row_164,Soy,Insult,local_qwen7b,C,,C,True,False,"In the following sentence, what does ""Soy"" mean?
Stop being so soy.

Select only one answer.
A) A dance move
B) To get arrested
C) Weak or effeminate
D) Cancer

Respond with only the letter of your answer (A, B, C, or D).",C,2026-06-12T15:55:51.353280+00:00
166,1,row_165,soyboy,Identity,local_qwen7b,B,,B,True,False,"In the following sentence, what does ""soyboy"" mean?
Get that soyboy out of here!

Select only one answer.
A) Fuckboy, someone just looking for sex
B) Men that lack masculine characteristics
C) Sociopath
D) Cancer

Respond with only the letter of your answer (A, B, C, or D).",B,2026-06-12T15:55:51.495128+00:00
167,1,row_166,Spanish dancer,General,local_qwen7b,B,,D,False,False,"In the following sentence, what does ""Spanish dancer"" mean?
I sounds like I caught the spanish dancer.

Select only one answer.
A) Someone unappealing
B) Cancer
C) An expression of disappointment
D) A man that is feminine in nature

Respond with only the letter of your answer (A, B, C, or D).",D,2026-06-12T15:55:51.635832+00:00
168,1,row_167,spark,Violence,local_qwen7b,B,C,B,True,False,"In the following sentence, what does ""spark"" mean?
Don't make me spark you out!

Select only one answer.
A) A canabis based cigarette that needs two paper rolls
B) To knock someone out
C) a small particle of a burning substance thrown out by a body in combustion or remaining when combustion is nearly completed
D) To be honest about something

Respond with only the letter of your answer (A, B, C, or D).",B,2026-06-12T15:55:51.779537+00:00
169,1,row_168,Stuyvie,Drugs,local_qwen7b,D,,D,True,False,"In the following sentence, what does ""Stuyvie"" mean?
Lets go outside and smoke a suyvie.

Select only one answer.
A) An all denim outfit
B) To be high or drunk
C) A loss or failure
D) A cigarette

Respond with only the letter of your answer (A, B, C, or D).",D,2026-06-12T15:55:51.921014+00:00
170,1,row_169,suiter,General,local_qwen7b,C,A,A,False,True,"In the following sentence, what does ""suiter"" mean?
Her suiter was admiring her from afar.

Select only one answer.
A) a suitcase for holding a specified number of suits —usually used in combination
B) Mediocre
C) a significant other
D) Something that appears mundane but has hidden potential

Respond with only the letter of your answer (A, B, C, or D).",A,2026-06-12T15:55:52.064093+00:00
171,1,row_170,Sus,General,local_qwen7b,B,,B,True,False,"In the following sentence, what does ""Sus"" mean?
That man over there is real sus.

Select only one answer.
A) To show off
B) Something suspicious
C) A man that takes care of children
D) To get arrested

Respond with only the letter of your answer (A, B, C, or D).",B,2026-06-12T15:55:52.204823+00:00
172,1,row_171,Tea,General,local_qwen7b,D,C,D,True,False,"In the following sentence, what does ""Tea"" mean?
Come on, spill the tea!

Select only one answer.
A) drunk
B) A criminal that turned their life arpound and are legitimate
C) a widely cultivated shrub (Camellia sinensis of the family Theaceae, the tea family) native to China, northern India, and southeastern Asia and having glossy green leaves and fragrant white flowers
D) Gossip

Respond with only the letter of your answer (A, B, C, or D).",D,2026-06-12T15:55:52.350069+00:00
173,1,row_172,theybie,General,local_qwen7b,B,,C,False,False,"In the following sentence, what does ""theybie"" mean?
The a couple and their theybie just moved in next door.

Select only one answer.
A) To show off
B) A term used to describe a baby raised in a gender neutral environment
C) Prolonged masturbation
D) Something done regularly

Respond with only the letter of your answer (A, B, C, or D).",C,2026-06-12T15:55:52.492605+00:00
174,1,row_173,Thirsty,Sexual,local_qwen7b,D,A,B,False,False,"In the following sentence, what does ""Thirsty"" mean?
She's lookin real thirsty today.

Select only one answer.
A) feeling thirst
B) A descriptor for an attractive person
C) the playful act of taking a friend's food
D) Someone who is trying to get sexual attention overtly

Respond with only the letter of your answer (A, B, C, or D).",B,2026-06-12T15:55:52.634202+00:00
175,1,row_174,Thot,Sexual,local_qwen7b,D,,B,False,False,"In the following sentence, what does ""Thot"" mean?
I'm gonna dress like a thot tonight.

Select only one answer.
A) Something suspicious
B) Someone who is trying to get sexual attention overtly
C) A provocative dance
D) Another term that stands for that hoe over there

Respond with only the letter of your answer (A, B, C, or D).",B,2026-06-12T15:55:52.776139+00:00
176,1,row_175,Thrust,General,local_qwen7b,C,D,D,False,True,"In the following sentence, what does ""Thrust"" mean?
Hit the thrust!

Select only one answer.
A) Somehting uncool or unfashionable
B) a live-action role-playing game in which a group of people enacts a fictional scenario (such as a fantasy adventure) in real time typically under the guidance of a facilitator or organizer; also : the activity of participating in such games : larping
C) A dance move
D) to push or drive with force : shove

Respond with only the letter of your answer (A, B, C, or D).",D,2026-06-12T15:55:52.923237+00:00
177,1,row_176,toe-cheese,Insult,local_qwen7b,C,,C,True,False,"In the following sentence, what does ""toe-cheese"" mean?
My whole house smells like toe cheese.

Select only one answer.
A) Age Sex Location
B) The videos one find on social media that cause people to scroll and do nothign for hours
C) Gross buildup between the toes
D) Very good

Respond with only the letter of your answer (A, B, C, or D).",C,2026-06-12T15:55:53.066269+00:00
178,1,row_177,tomdick,Insult,local_qwen7b,D,,C,False,False,"In the following sentence, what does ""tomdick"" mean?
That secratary was a tomdick.

Select only one answer.
A) To be honest about something
B) A dance move
C) Someone who is trying to get sexual attention overtly
D) A commonplace person

Respond with only the letter of your answer (A, B, C, or D).",C,2026-06-12T15:55:53.209314+00:00
179,1,row_178,Touch Grass,General,local_qwen7b,A,,A,True,False,"In the following sentence, what does ""Touch Grass"" mean?
Go out and touch some grass.

Select only one answer.
A) A term used to say that someone is online too much and needs to get back to real life
B) A significant problem
C) Someone that tries really hard to impress their crush
D) A descriptor for an attractive person

Respond with only the letter of your answer (A, B, C, or D).",A,2026-06-12T15:55:53.354236+00:00
180,1,row_179,troll,Identity,local_qwen7b,D,C,D,True,False,"In the following sentence, what does ""troll"" mean?
That guy in valorant was a such a troll.

Select only one answer.
A) A stereotypical alpha male that is strong, handsome, and attracts women.
B) A charismatic, sexy, and quick witted man
C) a dwarf or giant in Scandinavian folklore inhabiting caves or hills
D) Someone who deliberatly acts in ways to annoy or anger a group of people online.

Respond with only the letter of your answer (A, B, C, or D).",D,2026-06-12T15:55:53.501278+00:00
181,1,row_180,Tweaking,General,local_qwen7b,A,D,D,False,True,"In the following sentence, what does ""Tweaking"" mean?
Why are you tweaking out?

Select only one answer.
A) Acting crazily
B) An endeering term used towards ones significant other
C) A strong, leader who commands those around them
D) to make usually small adjustments in or to; especially : fine-tune

Respond with only the letter of your answer (A, B, C, or D).",D,2026-06-12T15:55:53.645611+00:00
182,1,row_181,twoz,Drugs,local_qwen7b,D,,D,True,False,"In the following sentence, what does ""twoz"" mean?
Hey, hand me the twoz joint.

Select only one answer.
A) I just burst out laughing
B) fake soft penises and testicles designed to give a 'male' bulge to the crotches of female-to-male transsexuals.
C) used to mock spoiled kids
D) A canabis based cigarette that needs two paper rolls

Respond with only the letter of your answer (A, B, C, or D).",D,2026-06-12T15:55:53.792970+00:00
183,1,row_182,Unc,Insult,local_qwen7b,C,,C,True,False,"In the following sentence, what does ""Unc"" mean?
I'll explain it to you unc.

Select only one answer.
A) To show off
B) A sexual relationship developed from situations without clear future intentions
C) An older person who is out of touch
D) A loud and messy conflict

Respond with only the letter of your answer (A, B, C, or D).",C,2026-06-12T15:55:53.935610+00:00
184,1,row_183,Understood the assignment,General,local_qwen7b,B,,B,True,False,"In the following sentence, what does ""Understood the assignment"" mean?
All done. Understood the assignment.

Select only one answer.
A) A loss or failure
B) To confim that something was completed to expectation
C) To prepare for a fight
D) To knock someone out

Respond with only the letter of your answer (A, B, C, or D).",B,2026-06-12T15:55:54.077742+00:00
185,1,row_184,upper decky,Drugs,local_qwen7b,A,,A,True,False,"In the following sentence, what does ""upper decky"" mean?
Hey bro, can I bum an upper decky zynn?

Select only one answer.
A) A nicotine pouch held between the upper lip and gums
B) A canister of nitrous oxide
C) Something suspicious
D) Something that is messed up or not right.

Respond with only the letter of your answer (A, B, C, or D).",A,2026-06-12T15:55:54.222078+00:00
186,1,row_185,Vibe,General,local_qwen7b,D,,D,True,False,"In the following sentence, what does ""Vibe"" mean?
I'm just enjoyin the vibe out here.

Select only one answer.
A) Crack cocaine
B) An unattractive girl
C) A hot dog
D) The positive or relaxing energy of a place

Respond with only the letter of your answer (A, B, C, or D).",D,2026-06-12T15:55:54.364500+00:00
187,1,row_186,Vibe Check,General,local_qwen7b,B,,B,True,False,"In the following sentence, what does ""Vibe Check"" mean?
Can I get a vibe check?

Select only one answer.
A) Stylish or flashy outfit style
B) To check the mood of a situation
C) Someone who deliberatly acts in ways to annoy or anger a group of people online.
D) To confim that something was completed to expectation

Respond with only the letter of your answer (A, B, C, or D).",B,2026-06-12T15:55:54.509017+00:00
188,1,row_187,wahala,General,local_qwen7b,C,,C,True,False,"In the following sentence, what does ""wahala"" mean?
Please, no wahala.

Select only one answer.
A) Something done regularly
B) Someone who deliberatly acts in ways to annoy or anger a group of people online.
C) A significant problem
D) The positive or relaxing energy of a place

Respond with only the letter of your answer (A, B, C, or D).",C,2026-06-12T15:55:54.652200+00:00
189,1,row_188,waved,Drugs,local_qwen7b,C,A,C,True,False,"In the following sentence, what does ""waved"" mean?
Bro's over on the bench waved out of his mind.

Select only one answer.
A) having a wavelike form or outline
B) An older person who is out of touch
C) To be high or drunk
D) A near superhuman perfect male

Respond with only the letter of your answer (A, B, C, or D).",C,2026-06-12T15:55:54.794797+00:00
190,1,row_189,What the sigma,General,local_qwen7b,C,,C,True,False,"In the following sentence, what does ""What the sigma"" mean?
What the sigma? I thought you left?

Select only one answer.
A) Fuckboy, someone just looking for sex
B) To express excitement or approval for something
C) An expression of disbelief
D) One True Pairing

Respond with only the letter of your answer (A, B, C, or D).",C,2026-06-12T15:55:54.936938+00:00
191,1,row_190,whitney,Drugs,local_qwen7b,B,,B,True,False,"In the following sentence, what does ""whitney"" mean?
Hey man, you got any whitney on you?

Select only one answer.
A) Delusional
B) Crack cocaine
C) A stereotypical alpha male that is strong, handsome, and attracts women.
D) Describes activities or situations that are sexually aggressive

Respond with only the letter of your answer (A, B, C, or D).",B,2026-06-12T15:55:55.080188+00:00
192,1,row_191,Woke,Insult,local_qwen7b,B,,B,True,False,"In the following sentence, what does ""Woke"" mean?
Stop being so woke.

Select only one answer.
A) A hot dog
B) Someone that is too left leaning politically
C) An insult saying that the problem is due to lack of skill rather then luck
D) Delusional

Respond with only the letter of your answer (A, B, C, or D).",B,2026-06-12T15:55:55.225114+00:00
193,1,row_192,womp womp,General,local_qwen7b,D,,D,True,False,"In the following sentence, what does ""womp womp"" mean?
I failed that math quiz. Womp womp.

Select only one answer.
A) A strong, leader who commands those around them
B) Age Sex Location
C) Saying something secretive or to keep low profile
D) An expression of disappointment

Respond with only the letter of your answer (A, B, C, or D).",D,2026-06-12T15:55:55.370344+00:00
194,1,row_193,wraparound,General,local_qwen7b,B,D,B,True,False,"In the following sentence, what does ""wraparound"" mean?
I had to pull a wraparound this morning since I left my wallet at the bar.

Select only one answer.
A) Methodone
B) Someone who is the last person to leave a location and the first to come back in the morning
C) A dance move
D) made to be wrapped around something and especially the body

Respond with only the letter of your answer (A, B, C, or D).",B,2026-06-12T15:55:55.515487+00:00
195,1,row_194,Yapping,Insult,local_qwen7b,B,C,C,False,True,"In the following sentence, what does ""Yapping"" mean?
Stop your yapping and get over here.

Select only one answer.
A) Someone that is boring
B) Talking too much
C) to talk in a shrill insistent way : chatter
D) To get arrested

Respond with only the letter of your answer (A, B, C, or D).",C,2026-06-12T15:55:55.657537+00:00
196,1,row_195,Yeet,General,local_qwen7b,B,,B,True,False,"In the following sentence, what does ""Yeet"" mean?
Think I can make this? Yeet!

Select only one answer.
A) One True Pairing
B) Throwing something
C) Done or ruined
D) To be fierce and unapologetic withing a social situation

Respond with only the letter of your answer (A, B, C, or D).",B,2026-06-12T15:55:55.800225+00:00
197,1,row_196,ying,Violence,local_qwen7b,D,,A,False,False,"In the following sentence, what does ""ying"" mean?
I'll walk in swinging my ying.

Select only one answer.
A) To stab or shoot
B) An expression of disappointment
C) Someone who is very stubborn
D) A knife

Respond with only the letter of your answer (A, B, C, or D).",A,2026-06-12T15:55:55.941436+00:00
198,1,row_197,yoyo,General,local_qwen7b,B,C,B,True,False,"In the following sentence, what does ""yoyo"" mean?
We've helped you in the past, but yoyo this time.

Select only one answer.
A) Used to refer to the social media platforms one uses
B) You're on Your own
C) a thick grooved double disk with a string attached to its center axle that is made to fall and rise to the hand by unwinding and rewinding on the string
D) Fuckboy, someone just looking for sex

Respond with only the letter of your answer (A, B, C, or D).",B,2026-06-12T15:55:56.089453+00:00
199,1,row_198,Zaddy,Sexual,local_qwen7b,A,,A,True,False,"In the following sentence, what does ""Zaddy"" mean?
I'm meeting up with my zaddy later tonight.

Select only one answer.
A) An attractive older man
B) An insult saying that the problem is due to lack of skill rather then luck
C) Someone that is too left leaning politically
D) To do somethign very well

Respond with only the letter of your answer (A, B, C, or D).",A,2026-06-12T15:55:56.234151+00:00
200,1,row_199,Zesty,Insult,local_qwen7b,B,C,C,False,True,"In the following sentence, what does ""Zesty"" mean?
He's acting a bit zesty today.

Select only one answer.
A) To knock someone out
B) A man that is feminine in nature
C) having or characterized by zest : appealingly piquant or lively
D) a bad charisma

Respond with only the letter of your answer (A, B, C, or D).",C,2026-06-12T15:55:56.377092+00:00
201,2,row_000,'done,Drugs,local_qwen7b,D,,C,False,False,"In the following sentence, what does ""'done"" mean?
Do you have any of the 'done on you?

Select only one answer.
A) A mauser C96 pistol
B) A type of marijuana
C) An insult commonly used in sports
D) Methodone

Respond with only the letter of your answer (A, B, C, or D).",C,2026-06-12T15:55:56.472969+00:00
202,2,row_001,6-6-6,Identity,local_qwen7b,A,,A,True,False,"In the following sentence, what does ""6-6-6"" mean?
I only date a man who is a 6-6-6.

Select only one answer.
A) A rule used by some for dating that refers to someone who is six feet tall, has a 6 figure income, and has six-pack abs
B) Cool
C) When you are outnumbered in a fight and call black people for the win
D) A term for someone that enjoys watching their wife have sex with another man

Respond with only the letter of your answer (A, B, C, or D).",A,2026-06-12T15:55:56.568790+00:00
203,2,row_002,AF,General,local_qwen7b,B,,B,True,False,"In the following sentence, what does ""AF"" mean?
Thats cool AF!

Select only one answer.
A) Something that is better then everything else
B) As Fuck
C) A significant problem
D) Gross buildup between the toes

Respond with only the letter of your answer (A, B, C, or D).",B,2026-06-12T15:55:56.664397+00:00
204,2,row_003,aggy,Violence,local_qwen7b,B,,D,False,False,"In the following sentence, what does ""aggy"" mean?
Why you so aggy?

Select only one answer.
A) The videos one find on social media that cause people to scroll and do nothign for hours
B) to aggrivate
C) drunk
D) Something that is messed up or not right.

Respond with only the letter of your answer (A, B, C, or D).",D,2026-06-12T15:55:56.759442+00:00
205,2,row_004,Alpha,Identity,local_qwen7b,B,A,B,True,False,"In the following sentence, what does ""Alpha"" mean?
What an alpha chad.

Select only one answer.
A) the 1st letter of the Greek alphabet
B) A strong, leader who commands those around them
C) A canabis based cigarette that needs two paper rolls
D) a bad charisma

Respond with only the letter of your answer (A, B, C, or D).",B,2026-06-12T15:55:56.854599+00:00
206,2,row_005,ant,Sexual,local_qwen7b,C,B,B,False,True,"In the following sentence, what does ""ant"" mean?
I came across a real ant at the club earlier.

Select only one answer.
A) A glock pistol
B) any of a family (Formicidae) of colonial hymenopterous insects with a complex social organization and various castes performing special duties
C) A charismatic, sexy, and quick witted man
D) Crack cocaine

Respond with only the letter of your answer (A, B, C, or D).",B,2026-06-12T15:55:56.949122+00:00
207,2,row_006,archer,Identity,local_qwen7b,B,D,D,False,True,"In the following sentence, what does ""archer"" mean?
Jim was an archer with her lies.

Select only one answer.
A) Activities that involve cultivating ones Aura
B) A person who is very good at spotting a lie
C) To win
D) a person who uses a bow and arrow

Respond with only the letter of your answer (A, B, C, or D).",D,2026-06-12T15:55:57.045848+00:00
208,2,row_007,ASL,Sexual,local_qwen7b,B,,B,True,False,"In the following sentence, what does ""ASL"" mean?
What's your ASL?

Select only one answer.
A) Somehting uncool or unfashionable
B) Age Sex Location
C) Ironically used to describe one as unique
D) A type of marijuana

Respond with only the letter of your answer (A, B, C, or D).",B,2026-06-12T15:55:57.143044+00:00
209,2,row_008,Aura Farming,Identity,local_qwen7b,C,,C,True,False,"In the following sentence, what does ""Aura Farming"" mean?
That skateboard group is trying really hard to aura farm, but its not working.

Select only one answer.
A) An insult commonly used in sports
B) Short for Bitch
C) Activities that involve cultivating ones Aura
D) A term for baby that people will call their significant other.

Respond with only the letter of your answer (A, B, C, or D).",C,2026-06-12T15:55:57.238709+00:00
210,2,row_009,babygirl,Sexual,local_qwen7b,D,,D,True,False,"In the following sentence, what does ""babygirl"" mean?
Hey babygirl, whanna metup tonight?

Select only one answer.
A) Someone that is boring
B) the playful act of taking a friend's food
C) Someone who is trying to get sexual attention overtly
D) An endeering term used towards ones significant other

Respond with only the letter of your answer (A, B, C, or D).",D,2026-06-12T15:55:57.335121+00:00
211,2,row_010,backoff,Sexual,local_qwen7b,C,D,C,True,False,"In the following sentence, what does ""backoff"" mean?
That girl has a fat backoff!

Select only one answer.
A) an expression of surprise
B) Short for happening
C) A large ass that stands out.
D) back down

Respond with only the letter of your answer (A, B, C, or D).",C,2026-06-12T15:55:57.431356+00:00
212,2,row_011,Bae,Sexual,local_qwen7b,C,,C,True,False,"In the following sentence, what does ""Bae"" mean?
She's my bae.

Select only one answer.
A) Stylish or flashy outfit style
B) A glock pistol
C) A significant other
D) a bad charisma

Respond with only the letter of your answer (A, B, C, or D).",C,2026-06-12T15:55:57.573227+00:00
213,2,row_012,bareface,Identity,local_qwen7b,D,A,D,True,False,"In the following sentence, what does ""bareface"" mean?
I saw a group of barefaces at the store this morning, so I won't be going back.

Select only one answer.
A) having a clear finish and no nap
B) A reference for ass
C) A canabis based cigarette that needs two paper rolls
D) Someone who refused to wear a mask in covid times.

Respond with only the letter of your answer (A, B, C, or D).",D,2026-06-12T15:55:57.668722+00:00
214,2,row_013,based,General,local_qwen7b,D,B,B,False,True,"In the following sentence, what does ""based"" mean?
That show was based.

Select only one answer.
A) Someone younger
B) having a specified type of base or basis —often used in combination
C) Used to mock someone who doesnt think for themselves, says things repeatedly, or has no opinions
D) An unpopular opinion

Respond with only the letter of your answer (A, B, C, or D).",B,2026-06-12T15:55:57.764082+00:00
215,2,row_014,Basic,Identity,local_qwen7b,A,B,A,True,False,"In the following sentence, what does ""Basic"" mean?
Shes so basic.

Select only one answer.
A) Someone that is boring
B) of, relating to, or forming the base or essence : fundamental
C) A loss or failure
D) Methodone

Respond with only the letter of your answer (A, B, C, or D).",A,2026-06-12T15:55:57.859217+00:00
216,2,row_015,bb,Sexual,local_qwen7b,C,B,C,True,False,"In the following sentence, what does ""bb"" mean?
Hey bb, lets grab some food.

Select only one answer.
A) To mastrubate for extremeely long period regularly
B) a shot pellet 0.18 inch in diameter for use in a shotgun cartridge
C) A term for baby that people will call their significant other.
D) An all denim outfit

Respond with only the letter of your answer (A, B, C, or D).",C,2026-06-12T15:55:57.953269+00:00
217,2,row_016,Bet,General,local_qwen7b,C,D,B,False,False,"In the following sentence, what does ""Bet"" mean?
bet, lets go.

Select only one answer.
A) Down to fuck
B) To express excitement or approval for something
C) An affirmative agreement
D) something that is laid, staked, or pledged typically between two parties on the outcome of a contest or a contingent issue : wager —often used figuratively in such phrases as all bets are off to stress the uncertainty of an outcome

Respond with only the letter of your answer (A, B, C, or D).",B,2026-06-12T15:55:58.048103+00:00
218,2,row_017,Beta,Identity,local_qwen7b,B,D,C,False,False,"In the following sentence, what does ""Beta"" mean?
The beta's of the world aren't gonna like that.

Select only one answer.
A) a live-action role-playing game in which a group of people enacts a fictional scenario (such as a fantasy adventure) in real time typically under the guidance of a facilitator or organizer; also : the activity of participating in such games : larping
B) Someone weak or a follower
C) Used to address friends with exasperation, releif, or disbeleif.
D) the 2nd letter of the Greek alphabet

Respond with only the letter of your answer (A, B, C, or D).",C,2026-06-12T15:55:58.143472+00:00
219,2,row_018,Bih,General,local_qwen7b,C,,C,True,False,"In the following sentence, what does ""Bih"" mean?
Bih, what?

Select only one answer.
A) The abandonment of responsibilities
B) Someone that travels abroad with the sole purpose of having sex
C) Short for Bitch
D) An insulting term to refer to someone as stupid

Respond with only the letter of your answer (A, B, C, or D).",C,2026-06-12T15:55:58.239432+00:00
220,2,row_019,bine,Violence,local_qwen7b,B,C,C,False,True,"In the following sentence, what does ""bine"" mean?
Load the nine with ine and selek it.

Select only one answer.
A) Done or ruined
B) bullets
C) a twining stem or flexible shoot (as of the hop); also : a plant (such as woodbine) whose shoots are bines
D) The abandonment of responsibilities

Respond with only the letter of your answer (A, B, C, or D).",C,2026-06-12T15:55:58.335125+00:00
221,2,row_020,blackup,Violence,local_qwen7b,B,,B,True,False,"In the following sentence, what does ""blackup"" mean?
We are outnumbered. Call for black up.

Select only one answer.
A) A significant other
B) When you are outnumbered in a fight and call black people for the win
C) Someone that is boring
D) Fuckboy, someone just looking for sex

Respond with only the letter of your answer (A, B, C, or D).",B,2026-06-12T15:55:58.431378+00:00
222,2,row_021,Brain Rot,General,local_qwen7b,B,,B,True,False,"In the following sentence, what does ""Brain Rot"" mean?
Kids these days just sit around and watch brain rot.

Select only one answer.
A) A term for someone that enjoys watching their wife have sex with another man
B) The videos one find on social media that cause people to scroll and do nothign for hours
C) Weak or effeminate
D) As Fuck

Respond with only the letter of your answer (A, B, C, or D).",B,2026-06-12T15:55:58.526153+00:00
223,2,row_022,brizzy,Drugs,local_qwen7b,D,,A,False,False,"In the following sentence, what does ""brizzy"" mean?
Quickly, grab the brizzy.

Select only one answer.
A) the playful act of taking a friend's food
B) Someone who prepares for doomsday scenarios
C) A term of endearment for a significant other
D) A kilo of cocaine

Respond with only the letter of your answer (A, B, C, or D).",A,2026-06-12T15:55:58.622668+00:00
224,2,row_023,broomhandle,Violence,local_qwen7b,B,,A,False,False,"In the following sentence, what does ""broomhandle"" mean?
Get your broomhandle, we gotta go.

Select only one answer.
A) Nonsensical term
B) A mauser C96 pistol
C) A fool or a prick
D) To win

Respond with only the letter of your answer (A, B, C, or D).",A,2026-06-12T15:55:58.717358+00:00
225,2,row_024,bruh!,General,local_qwen7b,D,A,C,False,False,"In the following sentence, what does ""bruh!"" mean?
Bruh! What was that?

Select only one answer.
A) brother
B) An incel term for an attractive middle eastern man
C) An expression of disbelief
D) Used to address friends with exasperation, releif, or disbeleif.

Respond with only the letter of your answer (A, B, C, or D).",C,2026-06-12T15:55:58.814190+00:00
226,2,row_025,Bruzz,General,local_qwen7b,C,,C,True,False,"In the following sentence, what does ""Bruzz"" mean?
Whats up bruzz?

Select only one answer.
A) Short for happening
B) when a reply gets more than the original post
C) A term for friends
D) A kilo of cocaine

Respond with only the letter of your answer (A, B, C, or D).",C,2026-06-12T15:55:58.910322+00:00
227,2,row_026,Bussin',General,local_qwen7b,B,,B,True,False,"In the following sentence, what does ""Bussin'"" mean?
This pizza is bussin, on god!

Select only one answer.
A) Used to address friends with exasperation, releif, or disbeleif.
B) Very good
C) The vagina
D) Used to refer to the social media platforms one uses

Respond with only the letter of your answer (A, B, C, or D).",B,2026-06-12T15:55:59.004412+00:00
228,2,row_027,Cake,Sexual,local_qwen7b,C,A,C,True,False,"In the following sentence, what does ""Cake"" mean?
Shes looking real caked up!

Select only one answer.
A) a breadlike food made from a dough or batter that is usually fried or baked in small flat shapes and is often unleavened
B) A canister of nitrous oxide
C) A reference for ass
D) bullets

Respond with only the letter of your answer (A, B, C, or D).",C,2026-06-12T15:55:59.098385+00:00
229,2,row_028,Cap,General,local_qwen7b,D,A,D,True,False,"In the following sentence, what does ""Cap"" mean?
You're cappin. No way.

Select only one answer.
A) a head covering especially with a visor and no brim
B) An attractive older man
C) Epileptic fit from a synthetic canabis
D) Something untrue or unbeleivable

Respond with only the letter of your answer (A, B, C, or D).",D,2026-06-12T15:55:59.194866+00:00
230,2,row_029,Chad,Identity,local_qwen7b,C,A,A,False,True,"In the following sentence, what does ""Chad"" mean?
That was a total chad move.

Select only one answer.
A) small pieces of paper or cardboard produced in punching paper tape or data cards; also : a piece of chad.
B) Something done regularly
C) A stereotypical alpha male that is strong, handsome, and attracts women.
D) Someone younger

Respond with only the letter of your answer (A, B, C, or D).",A,2026-06-12T15:55:59.291416+00:00
231,2,row_030,Chaddam,Identity,local_qwen7b,C,,B,False,False,"In the following sentence, what does ""Chaddam"" mean?
Did you see the chaddam at the restraunt earlier?

Select only one answer.
A) A criminal that turned their life arpound and are legitimate
B) Acting crazily
C) An incel term for an attractive middle eastern man
D) Fashionable or stylish

Respond with only the letter of your answer (A, B, C, or D).",B,2026-06-12T15:55:59.435576+00:00
232,2,row_031,Chang,Drugs,local_qwen7b,A,,A,True,False,"In the following sentence, what does ""Chang"" mean?
Hey , you got a hookup for chang?

Select only one answer.
A) cocaine
B) Someone that travels abroad with the sole purpose of having sex
C) Main Character - Someone that acts as if they are the star of a story
D) Cool

Respond with only the letter of your answer (A, B, C, or D).",A,2026-06-12T15:55:59.531603+00:00
233,2,row_032,Chat,General,local_qwen7b,D,A,A,False,True,"In the following sentence, what does ""Chat"" mean?
Chat, how does this look?

Select only one answer.
A) chatter, prattle
B) when a reply gets more than the original post
C) crazy or erratic
D) To refer to ones imaginary audience like an internet steamer

Respond with only the letter of your answer (A, B, C, or D).",A,2026-06-12T15:55:59.626795+00:00
234,2,row_033,Cheeks,General,local_qwen7b,D,B,B,False,True,"In the following sentence, what does ""Cheeks"" mean?
That movie was cheeks.

Select only one answer.
A) To be skeptical about something
B) the fleshy side of the face below the eye and above and to the side of the mouth
C) The anus
D) Somehting that is poor quality

Respond with only the letter of your answer (A, B, C, or D).",B,2026-06-12T15:55:59.722194+00:00
235,2,row_034,chenta,Insult,local_qwen7b,A,,A,True,False,"In the following sentence, what does ""chenta"" mean?
You are looking really chenta.

Select only one answer.
A) Something ugly or unattractive
B) Nonsensical term
C) The videos one find on social media that cause people to scroll and do nothign for hours
D) Someone that travels abroad with the sole purpose of having sex

Respond with only the letter of your answer (A, B, C, or D).",A,2026-06-12T15:55:59.817681+00:00
236,2,row_035,cheugy,Insult,local_qwen7b,B,,B,True,False,"In the following sentence, what does ""cheugy"" mean?
That girl had such a cheugy outfit.

Select only one answer.
A) Used to address friends with exasperation, releif, or disbeleif.
B) Somehting uncool or unfashionable
C) Mercedes Benz G class
D) To give sympathy or signify a failure

Respond with only the letter of your answer (A, B, C, or D).",B,2026-06-12T15:55:59.912704+00:00
237,2,row_036,chi-mo,Identity,local_qwen7b,A,,B,False,False,"In the following sentence, what does ""chi-mo"" mean?
Go fuck that chi-mo up.

Select only one answer.
A) A chlid molestor
B) When something hidden gets called out
C) An insult saying that the problem is due to lack of skill rather then luck
D) someone that looks ordinary but is actually very strong

Respond with only the letter of your answer (A, B, C, or D).",B,2026-06-12T15:56:00.009048+00:00
238,2,row_037,Chungus,General,local_qwen7b,D,,C,False,False,"In the following sentence, what does ""Chungus"" mean?
Thats a very chungus pizza.

Select only one answer.
A) An unattractive girl
B) Men that lack masculine characteristics
C) To stab or shoot
D) Something that is adorably and chunky

Respond with only the letter of your answer (A, B, C, or D).",C,2026-06-12T15:56:00.104051+00:00
239,2,row_038,Clocked,Violence,local_qwen7b,D,C,B,False,False,"In the following sentence, what does ""Clocked"" mean?
He totally clocked that guy.

Select only one answer.
A) Nonsensical term
B) Go in 100% on something
C) to time with a stopwatch or by an electric timing device
D) When something hidden gets called out

Respond with only the letter of your answer (A, B, C, or D).",B,2026-06-12T15:56:00.198659+00:00
240,2,row_039,Cooked,General,local_qwen7b,B,D,B,True,False,"In the following sentence, what does ""Cooked"" mean?
You're cooked

Select only one answer.
A) Ironically used to describe one as unique
B) Done or ruined
C) Someone who deliberatly acts in ways to annoy or anger a group of people online.
D) past tense and past participle of cook

Respond with only the letter of your answer (A, B, C, or D).",B,2026-06-12T15:56:00.294692+00:00
241,2,row_040,coota suit,Identity,local_qwen7b,D,,D,True,False,"In the following sentence, what does ""coota suit"" mean?
Im gonna hit the town in my coota suit.

Select only one answer.
A) Main Character - Someone that acts as if they are the star of a story
B) Activities that involve cultivating ones Aura
C) Short for happening
D) An all denim outfit

Respond with only the letter of your answer (A, B, C, or D).",D,2026-06-12T15:56:00.390499+00:00
242,2,row_041,Crashout,General,local_qwen7b,C,A,C,True,False,"In the following sentence, what does ""Crashout"" mean?
Jen had a total crashout after her breakup

Select only one answer.
A) a vehicular crash
B) A term for friends
C) An emotional meltdown
D) Something untrue or unbeleivable

Respond with only the letter of your answer (A, B, C, or D).",C,2026-06-12T15:56:00.486394+00:00
243,2,row_042,Cringe,General,local_qwen7b,C,,C,True,False,"In the following sentence, what does ""Cringe"" mean?
Did you hear that pickup line? It was totally cringe!

Select only one answer.
A) a live-action role-playing game in which a group of people enacts a fictional scenario (such as a fantasy adventure) in real time typically under the guidance of a facilitator or organizer; also : the activity of participating in such games : larping
B) the playful act of taking a friend's food
C) to recoil in distaste
D) sweet talk

Respond with only the letter of your answer (A, B, C, or D).",C,2026-06-12T15:56:00.581994+00:00
244,2,row_043,crower,Insult,local_qwen7b,A,,A,True,False,"In the following sentence, what does ""crower"" mean?
Stop sitting around and being a crower

Select only one answer.
A) Someone who sitts around commenting about others
B) an expression of surprise
C) Very good
D) An insult commonly used in sports

Respond with only the letter of your answer (A, B, C, or D).",A,2026-06-12T15:56:00.678203+00:00
245,2,row_044,cuck,Insult,local_qwen7b,C,D,D,False,True,"In the following sentence, what does ""cuck"" mean?
That guy must be a cuck letting his wife talk to others like that.

Select only one answer.
A) An expression of disappointment
B) Fuckboy, someone just looking for sex
C) A term for someone that enjoys watching their wife have sex with another man
D) a man whose wife is unfaithful : cuckold

Respond with only the letter of your answer (A, B, C, or D).",D,2026-06-12T15:56:00.773037+00:00
246,2,row_045,d-low,General,local_qwen7b,B,,B,True,False,"In the following sentence, what does ""d-low"" mean?
Keep it on the d-low, okay?

Select only one answer.
A) Something suspicious
B) To keep secretive or obscure
C) Someone who prepares for doomsday scenarios
D) Cool

Respond with only the letter of your answer (A, B, C, or D).",B,2026-06-12T15:56:00.914949+00:00
247,2,row_046,daggers,General,local_qwen7b,B,C,B,True,False,"In the following sentence, what does ""daggers"" mean?
Lets hit the dance floor and do the start daggering.

Select only one answer.
A) A cigarette
B) A provocative dance
C) a sharp pointed knife for stabbing
D) Age Sex Location

Respond with only the letter of your answer (A, B, C, or D).",B,2026-06-12T15:56:01.008927+00:00
248,2,row_047,Ded,General,local_qwen7b,C,,A,False,False,"In the following sentence, what does ""Ded"" mean?
I'm ded

Select only one answer.
A) Something untrue or unbeleivable
B) A sexual relationship developed from situations without clear future intentions
C) To metaphorically die of laughter
D) Someone that travels abroad with the sole purpose of having sex

Respond with only the letter of your answer (A, B, C, or D).",A,2026-06-12T15:56:01.151721+00:00
249,2,row_048,Delulu,General,local_qwen7b,D,,A,False,False,"In the following sentence, what does ""Delulu"" mean?
I'm feeling delulu after that show.

Select only one answer.
A) A sexual relationship developed from situations without clear future intentions
B) An endeering term used towards ones significant other
C) A nicotine pouch held between the upper lip and gums
D) Delusional

Respond with only the letter of your answer (A, B, C, or D).",A,2026-06-12T15:56:01.247032+00:00
250,2,row_049,Dog water,Insult,local_qwen7b,B,,B,True,False,"In the following sentence, what does ""Dog water"" mean?
You are playing like dog water.

Select only one answer.
A) A sudden feeling of disguest or repultion towards someone.
B) Something low quality or bad
C) I just burst out laughing
D) A criminal that turned their life arpound and are legitimate

Respond with only the letter of your answer (A, B, C, or D).",B,2026-06-12T15:56:01.341558+00:00
251,2,row_050,doommaxxing,Identity,local_qwen7b,C,,B,False,False,"In the following sentence, what does ""doommaxxing"" mean?
I'm just gonna be doommaxxing all weekend.

Select only one answer.
A) A term to support someone going through a gender change.
B) Someone acting aggressively and out of control
C) The abandonment of responsibilities
D) Mercedes Benz G class

Respond with only the letter of your answer (A, B, C, or D).",B,2026-06-12T15:56:01.437687+00:00
252,2,row_051,Dope,General,local_qwen7b,D,A,D,True,False,"In the following sentence, what does ""Dope"" mean?
That car is dope.

Select only one answer.
A) a stupid person
B) drunk
C) an expression of surprise
D) Cool

Respond with only the letter of your answer (A, B, C, or D).",D,2026-06-12T15:56:01.579387+00:00
253,2,row_052,Drip,Identity,local_qwen7b,B,A,A,False,True,"In the following sentence, what does ""Drip"" mean?
How is the drip?

Select only one answer.
A) to let fall in drops
B) Stylish or flashy outfit style
C) A nicotine pouch held between the upper lip and gums
D) Sociopath

Respond with only the letter of your answer (A, B, C, or D).",A,2026-06-12T15:56:01.721059+00:00
254,2,row_053,DTF,Sexual,local_qwen7b,D,,D,True,False,"In the following sentence, what does ""DTF"" mean?
She was totally DTF after the first date.

Select only one answer.
A) Methodone
B) A glock pistol
C) A term used to describe a baby raised in a gender neutral environment
D) Down to fuck

Respond with only the letter of your answer (A, B, C, or D).",D,2026-06-12T15:56:01.815343+00:00
255,2,row_054,dubs,General,local_qwen7b,B,C,B,True,False,"In the following sentence, what does ""dubs"" mean?
Take home the dubs!

Select only one answer.
A) Something that is reallly good.
B) To win
C) to add (sound effects or new dialogue) to a film or to a radio or television production —usually used with in
D) The anus

Respond with only the letter of your answer (A, B, C, or D).",B,2026-06-12T15:56:01.959019+00:00
256,2,row_055,epi,General,local_qwen7b,A,,A,True,False,"In the following sentence, what does ""epi"" mean?
Watch out, hes going through an epi.

Select only one answer.
A) Epileptic fit from a synthetic canabis
B) Someone who is trying to get sexual attention overtly
C) Men that lack masculine characteristics
D) Done or ruined

Respond with only the letter of your answer (A, B, C, or D).",A,2026-06-12T15:56:02.054209+00:00
257,2,row_056,F,General,local_qwen7b,D,B,D,True,False,"In the following sentence, what does ""F"" mean?
I almost had that one. F.

Select only one answer.
A) Friends with benefits
B) the 6th letter of the English alphabet
C) intensely and openely say something true
D) To give sympathy or signify a failure

Respond with only the letter of your answer (A, B, C, or D).",D,2026-06-12T15:56:02.196715+00:00
258,2,row_057,Fanum Tax,General,local_qwen7b,A,,A,True,False,"In the following sentence, what does ""Fanum Tax"" mean?
I was at dinner with my girl and she fanum taxed me.

Select only one answer.
A) the playful act of taking a friend's food
B) Fuckboy, someone just looking for sex
C) Someone acting aggressively and out of control
D) cocaine

Respond with only the letter of your answer (A, B, C, or D).",A,2026-06-12T15:56:02.290480+00:00
259,2,row_058,FBOI,Sexual,local_qwen7b,D,,D,True,False,"In the following sentence, what does ""FBOI"" mean?
She just needs a FBOI to gegt out of her slump.

Select only one answer.
A) One True Pairing
B) Someone that is too left leaning politically
C) Something suspicious
D) Fuckboy, someone just looking for sex

Respond with only the letter of your answer (A, B, C, or D).",D,2026-06-12T15:56:02.433437+00:00
260,2,row_059,Fire,General,local_qwen7b,B,A,B,True,False,"In the following sentence, what does ""Fire"" mean?
That game war fire!

Select only one answer.
A) the phenomenon of combustion manifested in light, flame, and heat
B) Something really good
C) A near superhuman perfect male
D) The positive or relaxing energy of a place

Respond with only the letter of your answer (A, B, C, or D).",B,2026-06-12T15:56:02.528478+00:00
261,2,row_060,Flex,General,local_qwen7b,A,B,A,True,False,"In the following sentence, what does ""Flex"" mean?
Vinny with the car flex.

Select only one answer.
A) To show off
B) to bend especially repeatedly
C) Someone who is trying to get sexual attention overtly
D) intensely and openely say something true

Respond with only the letter of your answer (A, B, C, or D).",A,2026-06-12T15:56:02.623070+00:00
262,2,row_061,foid,Insult,local_qwen7b,A,,A,True,False,"In the following sentence, what does ""foid"" mean?
Their was this group of foids at the store earlier, I couldn't satnd them!

Select only one answer.
A) A term used by incels to refer to women in a way that dehumanizes them.
B) Talking too much
C) Someone younger
D) Someone who acts tries to act entertaining and amuzingly relentlessly

Respond with only the letter of your answer (A, B, C, or D).",A,2026-06-12T15:56:02.718012+00:00
263,2,row_062,Fuckboy,Sexual,local_qwen7b,A,,A,True,False,"In the following sentence, what does ""Fuckboy"" mean?
That guy gave off total fuckboy energy.

Select only one answer.
A) Fuckboy, someone just looking for sex
B) Short for happening
C) Age Sex Location
D) sex

Respond with only the letter of your answer (A, B, C, or D).",A,2026-06-12T15:56:02.813980+00:00
264,2,row_063,fuckwhistle,Insult,local_qwen7b,B,,B,True,False,"In the following sentence, what does ""fuckwhistle"" mean?
Get out of here you fuckwhistle!

Select only one answer.
A) An affirmative agreement
B) An insulting term to refer to someone as stupid
C) The vagina
D) A term to discuss sexual experiences

Respond with only the letter of your answer (A, B, C, or D).",B,2026-06-12T15:56:02.909648+00:00
265,2,row_064,Full send,General,local_qwen7b,C,,C,True,False,"In the following sentence, what does ""Full send"" mean?
I'm about to full send on this test!

Select only one answer.
A) Acting crazily
B) Men that lack masculine characteristics
C) Go in 100% on something
D) Somehting that is poor quality

Respond with only the letter of your answer (A, B, C, or D).",C,2026-06-12T15:56:03.004657+00:00
266,2,row_065,FWB,Sexual,local_qwen7b,A,,A,True,False,"In the following sentence, what does ""FWB"" mean?
Yea, we started a FWB sort of thing.

Select only one answer.
A) Friends with benefits
B) To be skeptical about something
C) To express disappointment dramatically
D) Mediocre

Respond with only the letter of your answer (A, B, C, or D).",A,2026-06-12T15:56:03.100621+00:00
267,2,row_066,G-wagon,General,local_qwen7b,A,,A,True,False,"In the following sentence, what does ""G-wagon"" mean?
Yo, check out that g-wagon!

Select only one answer.
A) Mercedes Benz G class
B) Epileptic fit from a synthetic canabis
C) Someone who is trying to get sexual attention overtly
D) To express disbelief

Respond with only the letter of your answer (A, B, C, or D).",A,2026-06-12T15:56:03.243658+00:00
268,2,row_067,gabadost,Identity,local_qwen7b,A,,A,True,False,"In the following sentence, what does ""gabadost"" mean?
Did you even listen to me? Gabadost!

Select only one answer.
A) Someone who is very stubborn
B) A term of endearment for a significant other
C) To make lifestyle changes to make your life more holistic
D) Cancer

Respond with only the letter of your answer (A, B, C, or D).",A,2026-06-12T15:56:03.386631+00:00
269,2,row_068,Giga Chad,Identity,local_qwen7b,A,,A,True,False,"In the following sentence, what does ""Giga Chad"" mean?
Did you see how he lifted that? What a giga chad.

Select only one answer.
A) A near superhuman perfect male
B) Charisma
C) A canister of nitrous oxide
D) Throwing something

Respond with only the letter of your answer (A, B, C, or D).",A,2026-06-12T15:56:03.529665+00:00
270,2,row_069,Glazing,Insult,local_qwen7b,C,D,C,True,False,"In the following sentence, what does ""Glazing"" mean?
Stop glazing over One Piece, its not that good.

Select only one answer.
A) To knock someone out
B) The anus
C) Someone that is too much of a fan of something
D) the action, process, or trade of fitting windows with glass

Respond with only the letter of your answer (A, B, C, or D).",C,2026-06-12T15:56:03.625695+00:00
271,2,row_070,Glee,Violence,local_qwen7b,A,D,D,False,True,"In the following sentence, what does ""Glee"" mean?
Grab your glee and get outta here!

Select only one answer.
A) A glock pistol
B) To give sympathy or signify a failure
C) Friends with benefits
D) exultant high-spirited joy : merriment

Respond with only the letter of your answer (A, B, C, or D).",D,2026-06-12T15:56:03.769341+00:00
272,2,row_071,glitter,Identity,local_qwen7b,B,D,D,False,True,"In the following sentence, what does ""glitter"" mean?
Go out htere and glittter!

Select only one answer.
A) Mediocre
B) A term to support someone going through a gender change.
C) A person who is very good at spotting a lie
D) to shine by reflection with many small flashes of brilliant light : sparkle

Respond with only the letter of your answer (A, B, C, or D).",D,2026-06-12T15:56:03.864111+00:00
273,2,row_072,glizzy,General,local_qwen7b,D,,D,True,False,"In the following sentence, what does ""glizzy"" mean?
Hey, lets grab some costco glizzys before we go.

Select only one answer.
A) Something that is reallly good.
B) Describes activities or situations that are sexually aggressive
C) sweet talk
D) A hot dog

Respond with only the letter of your answer (A, B, C, or D).",D,2026-06-12T15:56:03.959203+00:00
274,2,row_073,Goated,General,local_qwen7b,A,,A,True,False,"In the following sentence, what does ""Goated"" mean?
That play was goated

Select only one answer.
A) The greatest of all time
B) A sudden feeling of disguest or repultion towards someone.
C) A significant problem
D) A person who is very good at spotting a lie

Respond with only the letter of your answer (A, B, C, or D).",A,2026-06-12T15:56:04.054530+00:00
275,2,row_074,Gooning,Sexual,local_qwen7b,B,,B,True,False,"In the following sentence, what does ""Gooning"" mean?
He looks like he was gooning all break

Select only one answer.
A) Charisma
B) Prolonged masturbation
C) A term for baby that people will call their significant other.
D) A reaction to something uncomfortable

Respond with only the letter of your answer (A, B, C, or D).",B,2026-06-12T15:56:04.196516+00:00
276,2,row_075,goonmaxxing,Identity,local_qwen7b,A,,A,True,False,"In the following sentence, what does ""goonmaxxing"" mean?
He's been spending all summer goonmaxxing in his room

Select only one answer.
A) To mastrubate for extremeely long period regularly
B) A term of endearment for a significant other
C) something intense, aggressive, and unfiltered
D) To shoot ones shot.

Respond with only the letter of your answer (A, B, C, or D).",A,2026-06-12T15:56:04.291152+00:00
277,2,row_076,gouda,General,local_qwen7b,A,B,C,False,False,"In the following sentence, what does ""gouda"" mean?
Stop being so gouda.

Select only one answer.
A) Someone unappealing
B) a mild cheese of Dutch origin that is similar to Edam but contains more fat
C) Something that is reallly good.
D) A person who is very good at spotting a lie

Respond with only the letter of your answer (A, B, C, or D).",C,2026-06-12T15:56:04.385691+00:00
278,2,row_077,greazy,Insult,local_qwen7b,D,,C,False,False,"In the following sentence, what does ""greazy"" mean?
You lookin greazy today.

Select only one answer.
A) Somehting that is poor quality
B) Something very good
C) Cool
D) Poorly dressed

Respond with only the letter of your answer (A, B, C, or D).",C,2026-06-12T15:56:04.481320+00:00
279,2,row_078,Griddy,General,local_qwen7b,C,,A,False,False,"In the following sentence, what does ""Griddy"" mean?
Hit the griddy!

Select only one answer.
A) The videos one find on social media that cause people to scroll and do nothign for hours
B) A person who is very good at spotting a lie
C) A dance move
D) Methodone

Respond with only the letter of your answer (A, B, C, or D).",A,2026-06-12T15:56:04.577208+00:00
280,2,row_079,grips up,Violence,local_qwen7b,D,,D,True,False,"In the following sentence, what does ""grips up"" mean?
grips up, we gotta head out.

Select only one answer.
A) A descriptor for an attractive person
B) Gossip
C) To express disbelief
D) To prepare for a fight

Respond with only the letter of your answer (A, B, C, or D).",D,2026-06-12T15:56:04.719925+00:00
281,2,row_080,Gyatt,General,local_qwen7b,A,,C,False,False,"In the following sentence, what does ""Gyatt"" mean?
Oh, my gyatt, I really wanna see you.

Select only one answer.
A) an expression of surprise
B) When something hidden gets called out
C) The vagina
D) To shoot ones shot.

Respond with only the letter of your answer (A, B, C, or D).",C,2026-06-12T15:56:04.862478+00:00
282,2,row_081,haps,General,local_qwen7b,A,,B,False,False,"In the following sentence, what does ""haps"" mean?
haps tonight?

Select only one answer.
A) Short for happening
B) Done or ruined
C) A term for baby that people will call their significant other.
D) The anus

Respond with only the letter of your answer (A, B, C, or D).",B,2026-06-12T15:56:04.957563+00:00
283,2,row_082,hem up,General,local_qwen7b,A,,A,True,False,"In the following sentence, what does ""hem up"" mean?
Bro, don't hem up.

Select only one answer.
A) To get arrested
B) Main Character - Someone that acts as if they are the star of a story
C) A dance move
D) bullets

Respond with only the letter of your answer (A, B, C, or D).",A,2026-06-12T15:56:05.052845+00:00
284,2,row_083,highkey,General,local_qwen7b,D,A,D,True,False,"In the following sentence, what does ""highkey"" mean?
Highkey, this place is great!

Select only one answer.
A) having or producing light tones only with little contrast —used of a photographic print or subject or of the lighting of a photographic subject
B) Somehting that is poor quality
C) A charismatic, sexy, and quick witted man
D) intensely and openely say something true

Respond with only the letter of your answer (A, B, C, or D).",D,2026-06-12T15:56:05.148713+00:00
285,2,row_084,Hits different,General,local_qwen7b,A,,A,True,False,"In the following sentence, what does ""Hits different"" mean?
This hot dog hits different.

Select only one answer.
A) Something very good
B) an expression of surprise
C) An incel term for an attractive middle eastern man
D) A knife

Respond with only the letter of your answer (A, B, C, or D).",A,2026-06-12T15:56:05.244694+00:00
286,2,row_085,Ick,Insult,local_qwen7b,D,,D,True,False,"In the following sentence, what does ""Ick"" mean?
His hairdue gave me the ick.

Select only one answer.
A) Someone that is boring
B) A rule used by some for dating that refers to someone who is six feet tall, has a 6 figure income, and has six-pack abs
C) An incel term for an attractive middle eastern man
D) A sudden feeling of disguest or repultion towards someone.

Respond with only the letter of your answer (A, B, C, or D).",D,2026-06-12T15:56:05.338997+00:00
287,2,row_086,IJBOL,General,local_qwen7b,B,,B,True,False,"In the following sentence, what does ""IJBOL"" mean?
That was aso funny. IJBOL!

Select only one answer.
A) An incel term meaning kissless, hugless, handholdless virgin
B) I just burst out laughing
C) An affirmative agreement
D) A large ass that stands out.

Respond with only the letter of your answer (A, B, C, or D).",B,2026-06-12T15:56:05.432824+00:00
288,2,row_087,Ipad Kid,General,local_qwen7b,D,,D,True,False,"In the following sentence, what does ""Ipad Kid"" mean?
They are just a bunch of Ipad kids.

Select only one answer.
A) A rule used by some for dating that refers to someone who is six feet tall, has a 6 figure income, and has six-pack abs
B) Something low quality or bad
C) Epileptic fit from a synthetic canabis
D) used to mock spoiled kids

Respond with only the letter of your answer (A, B, C, or D).",D,2026-06-12T15:56:05.528141+00:00
289,2,row_088,Jebaited,General,local_qwen7b,A,,A,True,False,"In the following sentence, what does ""Jebaited"" mean?
Get jebaited!

Select only one answer.
A) To manipulated, trick, or fool someone
B) A submissive male that is often outside of traditional social hierarchies
C) A type of marijuana
D) A person who is very good at spotting a lie

Respond with only the letter of your answer (A, B, C, or D).",A,2026-06-12T15:56:05.673119+00:00
290,2,row_089,jestermaxxing,Identity,local_qwen7b,B,,B,True,False,"In the following sentence, what does ""jestermaxxing"" mean?
Tommy's jestermaxxing in class just to annoy the teacher.

Select only one answer.
A) Used to refer to the social media platforms one uses
B) Someone who acts tries to act entertaining and amuzingly relentlessly
C) Someone younger
D) An independent, strong person

Respond with only the letter of your answer (A, B, C, or D).",B,2026-06-12T15:56:05.768524+00:00
291,2,row_090,Jit,Insult,local_qwen7b,C,,D,False,False,"In the following sentence, what does ""Jit"" mean?
Who is this jit?

Select only one answer.
A) To metaphorically die of laughter
B) Someone unappealing
C) Someone younger
D) Fuckboy, someone just looking for sex

Respond with only the letter of your answer (A, B, C, or D).",D,2026-06-12T15:56:05.911077+00:00
292,2,row_091,K.Y. cowboy,Insult,local_qwen7b,A,,B,False,False,"In the following sentence, what does ""K.Y. cowboy"" mean?
Stop being such a K.Y. cowboy.

Select only one answer.
A) A homosexual cowboy
B) A term for baby that people will call their significant other.
C) An incel term for an attractive middle eastern man
D) A significant other

Respond with only the letter of your answer (A, B, C, or D).",B,2026-06-12T15:56:06.054593+00:00
293,2,row_092,keep it 100,General,local_qwen7b,C,,C,True,False,"In the following sentence, what does ""keep it 100"" mean?
Keep it 100, dod you see her last night?

Select only one answer.
A) A charismatic, sexy, and quick witted man
B) Someone younger
C) To be honest about something
D) the playful act of taking a friend's food

Respond with only the letter of your answer (A, B, C, or D).",C,2026-06-12T15:56:06.149269+00:00
294,2,row_093,KHHV,Insult,local_qwen7b,A,,A,True,False,"In the following sentence, what does ""KHHV"" mean?
Looks like a total KHHV.

Select only one answer.
A) An incel term meaning kissless, hugless, handholdless virgin
B) Something that appears mundane but has hidden potential
C) Someone who refused to wear a mask in covid times.
D) An insult commonly used in sports

Respond with only the letter of your answer (A, B, C, or D).",A,2026-06-12T15:56:06.245295+00:00
295,2,row_094,knot off,Drugs,local_qwen7b,C,,C,True,False,"In the following sentence, what does ""knot off"" mean?
Get ready to knot off, I have the H.

Select only one answer.
A) A sexual relationship developed from situations without clear future intentions
B) Someone who is the last person to leave a location and the first to come back in the morning
C) To tie up an arm to isolate a vein for injecting a drug
D) Someone who acts tries to act entertaining and amuzingly relentlessly

Respond with only the letter of your answer (A, B, C, or D).",C,2026-06-12T15:56:06.340899+00:00
296,2,row_095,kweff,Violence,local_qwen7b,A,,A,True,False,"In the following sentence, what does ""kweff"" mean?
Lock, aim, and kweff.

Select only one answer.
A) To stab or shoot
B) Talking too much
C) Something that is messed up or not right.
D) An unpopular opinion

Respond with only the letter of your answer (A, B, C, or D).",A,2026-06-12T15:56:06.434587+00:00
297,2,row_096,L,General,local_qwen7b,B,A,B,True,False,"In the following sentence, what does ""L"" mean?
We took the L at the basketball match.

Select only one answer.
A) the 12th letter of the English alphabet
B) A loss or failure
C) A term for friends
D) Methodone

Respond with only the letter of your answer (A, B, C, or D).",B,2026-06-12T15:56:06.528895+00:00
298,2,row_097,lacag,General,local_qwen7b,B,,D,False,False,"In the following sentence, what does ""lacag"" mean?
I'll be out making lacag.

Select only one answer.
A) Something that appears mundane but has hidden potential
B) Money
C) Something suspicious
D) cocaine

Respond with only the letter of your answer (A, B, C, or D).",D,2026-06-12T15:56:06.624320+00:00
299,2,row_098,larp,General,local_qwen7b,D,,D,True,False,"In the following sentence, what does ""larp"" mean?
I went to a LARP at the park this weekend.

Select only one answer.
A) A canister of nitrous oxide
B) Used to address friends with exasperation, releif, or disbeleif.
C) Used to mock someone who doesnt think for themselves, says things repeatedly, or has no opinions
D) a live-action role-playing game in which a group of people enacts a fictional scenario (such as a fantasy adventure) in real time typically under the guidance of a facilitator or organizer; also : the activity of participating in such games : larping

Respond with only the letter of your answer (A, B, C, or D).",D,2026-06-12T15:56:06.720363+00:00
300,2,row_099,lewk,General,local_qwen7b,A,,A,True,False,"In the following sentence, what does ""lewk"" mean?
Jim is using his signature lewk tonight.

Select only one answer.
A) A distinct trait, style, or outfit, often used in drag culture
B) A chlid molestor
C) Someone that is boring
D) To prepare for a fight

Respond with only the letter of your answer (A, B, C, or D).",A,2026-06-12T15:56:06.815250+00:00
301,2,row_100,lidge,General,local_qwen7b,B,,A,False,False,"In the following sentence, what does ""lidge"" mean?
I'm gettin money lidge.

Select only one answer.
A) To keep secretive or obscure
B) A criminal that turned their life arpound and are legitimate
C) fake soft penises and testicles designed to give a 'male' bulge to the crotches of female-to-male transsexuals.
D) To express disbelief

Respond with only the letter of your answer (A, B, C, or D).",A,2026-06-12T15:56:06.910656+00:00
302,2,row_101,lifemaxxing,Identity,local_qwen7b,D,,D,True,False,"In the following sentence, what does ""lifemaxxing"" mean?
Shes's reallly been trying to lifemax these past few months.

Select only one answer.
A) Someone that is too much of a fan of something
B) The vagina
C) Someone weak or a follower
D) To make lifestyle changes to make your life more holistic

Respond with only the letter of your answer (A, B, C, or D).",D,2026-06-12T15:56:07.006433+00:00
303,2,row_102,looksmaxxing,Identity,local_qwen7b,B,,B,True,False,"In the following sentence, what does ""looksmaxxing"" mean?
The looksmaxxing community

Select only one answer.
A) I just burst out laughing
B) To focus on making one as physically attractive as possible
C) A glock pistol
D) Someone that is too left leaning politically

Respond with only the letter of your answer (A, B, C, or D).",B,2026-06-12T15:56:07.102039+00:00
304,2,row_103,lotion,General,local_qwen7b,B,A,A,False,True,"In the following sentence, what does ""lotion"" mean?
Lemme go lotion her up for you.

Select only one answer.
A) a liquid preparation for cosmetic or external medicinal use
B) sweet talk
C) A knife
D) Somehting that is poor quality

Respond with only the letter of your answer (A, B, C, or D).",A,2026-06-12T15:56:07.197248+00:00
305,2,row_104,Low Key,General,local_qwen7b,C,B,C,True,False,"In the following sentence, what does ""Low Key"" mean?
Low key, I want some ice cream.

Select only one answer.
A) You're on Your own
B) having or producing dark tones only with little contrast
C) Saying something secretive or to keep low profile
D) An independent, strong person

Respond with only the letter of your answer (A, B, C, or D).",C,2026-06-12T15:56:07.292826+00:00
306,2,row_105,main character,General,local_qwen7b,B,,B,True,False,"In the following sentence, what does ""main character"" mean?
You give off main character energy.

Select only one answer.
A) A cigarette
B) Main Character - Someone that acts as if they are the star of a story
C) A mauser C96 pistol
D) To express disbelief

Respond with only the letter of your answer (A, B, C, or D).",B,2026-06-12T15:56:07.388608+00:00
307,2,row_106,manny,Insult,local_qwen7b,B,,B,True,False,"In the following sentence, what does ""manny"" mean?
Look at the guy, he's just a manny.

Select only one answer.
A) An all denim outfit
B) A man that takes care of children
C) A term used to describe a baby raised in a gender neutral environment
D) sex

Respond with only the letter of your answer (A, B, C, or D).",B,2026-06-12T15:56:07.482725+00:00
308,2,row_107,mascara,Sexual,local_qwen7b,C,B,B,False,True,"In the following sentence, what does ""mascara"" mean?
I lost my mascara for 5 years, but then I found it again, and I love it even more now.

Select only one answer.
A) A canister of nitrous oxide
B) a cosmetic especially for making the eyelashes darker and more prominent
C) A term to discuss sexual experiences
D) An attractive older man

Respond with only the letter of your answer (A, B, C, or D).",B,2026-06-12T15:56:07.577701+00:00
309,2,row_108,Mewing,Identity,local_qwen7b,B,D,D,False,True,"In the following sentence, what does ""Mewing"" mean?
You've gotta start mewing to increase your status in society.

Select only one answer.
A) fake soft penises and testicles designed to give a 'male' bulge to the crotches of female-to-male transsexuals.
B) To make a jawline more defined
C) to recoil in distaste
D) to utter a mew or similar sound

Respond with only the letter of your answer (A, B, C, or D).",D,2026-06-12T15:56:07.673614+00:00
310,2,row_109,Mid,General,local_qwen7b,C,,C,True,False,"In the following sentence, what does ""Mid"" mean?
That was a mid burger.

Select only one answer.
A) Main Character - Someone that acts as if they are the star of a story
B) bullets
C) Mediocre
D) Very good

Respond with only the letter of your answer (A, B, C, or D).",C,2026-06-12T15:56:07.769931+00:00
311,2,row_110,minghiun,Insult,local_qwen7b,A,,A,True,False,"In the following sentence, what does ""minghiun"" mean?
Stop being a minghiun.

Select only one answer.
A) A fool or a prick
B) Nonsensical term
C) Talking too much
D) To shoot ones shot.

Respond with only the letter of your answer (A, B, C, or D).",A,2026-06-12T15:56:07.865222+00:00
312,2,row_111,nang,Drugs,local_qwen7b,A,,A,True,False,"In the following sentence, what does ""nang"" mean?
Dude, grab the nang, I wanna feel free.

Select only one answer.
A) A canister of nitrous oxide
B) To express disbelief
C) a significant other
D) To do somethign very well

Respond with only the letter of your answer (A, B, C, or D).",A,2026-06-12T15:56:07.961189+00:00
313,2,row_112,Negative Aura,Insult,local_qwen7b,D,,D,True,False,"In the following sentence, what does ""Negative Aura"" mean?
She's giving off negative aura.

Select only one answer.
A) someone that looks ordinary but is actually very strong
B) Something that is reallly good.
C) A term used to describe a baby raised in a gender neutral environment
D) a bad charisma

Respond with only the letter of your answer (A, B, C, or D).",D,2026-06-12T15:56:08.057934+00:00
314,2,row_113,Netflix and Chill,Sexual,local_qwen7b,A,,A,True,False,"In the following sentence, what does ""Netflix and Chill"" mean?
Wanna come back to my place and Netflix and Chill?

Select only one answer.
A) A term for bringing someone over to watch some netflix and then have sex.
B) to aggrivate
C) A reference for ass
D) To get arrested

Respond with only the letter of your answer (A, B, C, or D).",A,2026-06-12T15:56:08.153094+00:00
315,2,row_114,next-level,General,local_qwen7b,A,,A,True,False,"In the following sentence, what does ""next-level"" mean?
That movie was next level!

Select only one answer.
A) Something that is better then everything else
B) To be high or drunk
C) To prepare for a fight
D) An insult commonly used in sports

Respond with only the letter of your answer (A, B, C, or D).",A,2026-06-12T15:56:08.248468+00:00
316,2,row_115,NPC,Insult,local_qwen7b,A,B,A,True,False,"In the following sentence, what does ""NPC"" mean?
Stop being such an NPC.

Select only one answer.
A) Used to mock someone who doesnt think for themselves, says things repeatedly, or has no opinions
B) a character in a video game that does not represent and cannot be manipulated by a player —called also non-player character
C) Fashionable or stylish
D) Fuckboy, someone just looking for sex

Respond with only the letter of your answer (A, B, C, or D).",A,2026-06-12T15:56:08.346301+00:00
317,2,row_116,Omega,Identity,local_qwen7b,B,A,B,True,False,"In the following sentence, what does ""Omega"" mean?
Those were some real omega moves right there.

Select only one answer.
A) the 24th and last letter of the Greek alphabet
B) A submissive male that is often outside of traditional social hierarchies
C) A dance move
D) used to mock spoiled kids

Respond with only the letter of your answer (A, B, C, or D).",B,2026-06-12T15:56:08.443074+00:00
318,2,row_117,on the regs,General,local_qwen7b,B,,B,True,False,"In the following sentence, what does ""on the regs"" mean?
I stop by the coffee shop on the regs.

Select only one answer.
A) To be honest about something
B) Something done regularly
C) crazy or erratic
D) A term to discuss sexual experiences

Respond with only the letter of your answer (A, B, C, or D).",B,2026-06-12T15:56:08.538499+00:00
319,2,row_118,oof,General,local_qwen7b,C,,C,True,False,"In the following sentence, what does ""oof"" mean?
Oof, that was rough.

Select only one answer.
A) An insulting term to refer to someone as stupid
B) A stereotypical alpha male that is strong, handsome, and attracts women.
C) A reaction to something uncomfortable
D) To mastrubate for extremeely long period regularly

Respond with only the letter of your answer (A, B, C, or D).",C,2026-06-12T15:56:08.633578+00:00
320,2,row_119,ooga-booga,Sexual,local_qwen7b,A,,D,False,False,"In the following sentence, what does ""ooga-booga"" mean?
Me want ooga-booga!

Select only one answer.
A) The vagina
B) A fashionable look
C) A term for someone that enjoys watching their wife have sex with another man
D) Something low quality or bad

Respond with only the letter of your answer (A, B, C, or D).",D,2026-06-12T15:56:08.728822+00:00
321,2,row_120,Orange Crush,Drugs,local_qwen7b,B,,B,True,False,"In the following sentence, what does ""Orange Crush"" mean?
ets grab some of that orange crush tonight!

Select only one answer.
A) Something ugly or unattractive
B) A type of marijuana
C) A dance move
D) Something that is better then everything else

Respond with only the letter of your answer (A, B, C, or D).",B,2026-06-12T15:56:08.823292+00:00
322,2,row_121,OTP,General,local_qwen7b,D,,D,True,False,"In the following sentence, what does ""OTP"" mean?
Him and her are the OTP.

Select only one answer.
A) A significant other
B) To stab or shoot
C) To prepare for a fight
D) One True Pairing

Respond with only the letter of your answer (A, B, C, or D).",D,2026-06-12T15:56:08.918738+00:00
323,2,row_122,packers,Insult,local_qwen7b,C,B,B,False,True,"In the following sentence, what does ""packers"" mean?
Thats just a group of packers over there, don't waste your time.

Select only one answer.
A) A fool or a prick
B) one that packs
C) fake soft penises and testicles designed to give a 'male' bulge to the crotches of female-to-male transsexuals.
D) A term for friends

Respond with only the letter of your answer (A, B, C, or D).",B,2026-06-12T15:56:09.014590+00:00
324,2,row_123,passa passa,General,local_qwen7b,C,,B,False,False,"In the following sentence, what does ""passa passa"" mean?
I don't want any passa passa now.

Select only one answer.
A) A submissive male that is often outside of traditional social hierarchies
B) Someone that is boring
C) A loud and messy conflict
D) A homosexual cowboy

Respond with only the letter of your answer (A, B, C, or D).",B,2026-06-12T15:56:09.110909+00:00
325,2,row_124,passport bro,Sexual,local_qwen7b,D,,A,False,False,"In the following sentence, what does ""passport bro"" mean?
A bunch of passport bro's just checked into the hotel.

Select only one answer.
A) A significant problem
B) Saying something secretive or to keep low profile
C) Friends with benefits
D) Someone that travels abroad with the sole purpose of having sex

Respond with only the letter of your answer (A, B, C, or D).",A,2026-06-12T15:56:09.206656+00:00
326,2,row_125,Period,General,local_qwen7b,C,B,C,True,False,"In the following sentence, what does ""Period"" mean?
She is the best, period.

Select only one answer.
A) crazy or erratic
B) the completion of a cycle, a series of events, or a single action : conclusion
C) Ending the discussion on a topic
D) A submissive male that is often outside of traditional social hierarchies

Respond with only the letter of your answer (A, B, C, or D).",C,2026-06-12T15:56:09.308522+00:00
327,2,row_126,plegic,Drugs,local_qwen7b,B,,B,True,False,"In the following sentence, what does ""plegic"" mean?
That guy stumbled out very plegic.

Select only one answer.
A) A mauser C96 pistol
B) drunk
C) Something ugly or unattractive
D) the playful act of taking a friend's food

Respond with only the letter of your answer (A, B, C, or D).",B,2026-06-12T15:56:09.403804+00:00
328,2,row_127,poggers,General,local_qwen7b,B,,B,True,False,"In the following sentence, what does ""poggers"" mean?
Thats a poggers painting.

Select only one answer.
A) Men that lack masculine characteristics
B) To express excitement or approval for something
C) An unattractive girl
D) Prolonged masturbation

Respond with only the letter of your answer (A, B, C, or D).",B,2026-06-12T15:56:09.498670+00:00
329,2,row_128,Pookie,Sexual,local_qwen7b,B,,B,True,False,"In the following sentence, what does ""Pookie"" mean?
My pookie loves a smash burger.

Select only one answer.
A) Someone who deliberatly acts in ways to annoy or anger a group of people online.
B) A term of endearment for a significant other
C) A large ass that stands out.
D) An incel term for an attractive middle eastern man

Respond with only the letter of your answer (A, B, C, or D).",B,2026-06-12T15:56:09.593698+00:00
330,2,row_129,Pop off,General,local_qwen7b,A,C,A,True,False,"In the following sentence, what does ""Pop off"" mean?
I'm about to pop off!

Select only one answer.
A) To do something impressive
B) Nonsensical term
C) to die unexpectedly
D) An unattractive girl

Respond with only the letter of your answer (A, B, C, or D).",A,2026-06-12T15:56:09.687620+00:00
331,2,row_130,Posh and Becks,Sexual,local_qwen7b,D,,D,True,False,"In the following sentence, what does ""Posh and Becks"" mean?
Lets go back to my place and have the posh and becks.

Select only one answer.
A) An affirmative agreement
B) A chlid molestor
C) Someone who prepares for doomsday scenarios
D) sex

Respond with only the letter of your answer (A, B, C, or D).",D,2026-06-12T15:56:09.781968+00:00
332,2,row_131,prepper,Insult,local_qwen7b,A,,A,True,False,"In the following sentence, what does ""prepper"" mean?
We have a prepper down the block. They are kindof crazy, but its nice to know where to go.

Select only one answer.
A) Someone who prepares for doomsday scenarios
B) the playful act of taking a friend's food
C) To express disbelief
D) Someone who is very stubborn

Respond with only the letter of your answer (A, B, C, or D).",A,2026-06-12T15:56:09.876942+00:00
333,2,row_132,Prison pocket,General,local_qwen7b,C,,C,True,False,"In the following sentence, what does ""Prison pocket"" mean?
Hold it in your prison pocket.

Select only one answer.
A) A canister of nitrous oxide
B) A kilo of cocaine
C) The anus
D) someone that looks ordinary but is actually very strong

Respond with only the letter of your answer (A, B, C, or D).",C,2026-06-12T15:56:09.971895+00:00
334,2,row_133,Put the fries in the bag,General,local_qwen7b,C,,C,True,False,"In the following sentence, what does ""Put the fries in the bag"" mean?
You're taking too long. Put the fires in the bag.

Select only one answer.
A) Methodone
B) to recoil in distaste
C) Get to the point
D) intensely and openely say something true

Respond with only the letter of your answer (A, B, C, or D).",C,2026-06-12T15:56:10.067363+00:00
335,2,row_134,Quirky,Insult,local_qwen7b,B,D,D,False,True,"In the following sentence, what does ""Quirky"" mean?
I'm so quirky!

Select only one answer.
A) Saying something secretive or to keep low profile
B) Ironically used to describe one as unique
C) I just burst out laughing
D) having many quirks : unusual in especially an interesting or appealing way

Respond with only the letter of your answer (A, B, C, or D).",D,2026-06-12T15:56:10.163281+00:00
336,2,row_135,rago,Insult,local_qwen7b,A,,B,False,False,"In the following sentence, what does ""rago"" mean?
It was just how rago he was.

Select only one answer.
A) Someone acting aggressively and out of control
B) Down to fuck
C) A sudden feeling of disguest or repultion towards someone.
D) To do somethign very well

Respond with only the letter of your answer (A, B, C, or D).",B,2026-06-12T15:56:10.258629+00:00
337,2,row_136,rapey,Sexual,local_qwen7b,A,,A,True,False,"In the following sentence, what does ""rapey"" mean?
That guy at the bar was feeling pretty rapey.

Select only one answer.
A) Describes activities or situations that are sexually aggressive
B) A canabis based cigarette that needs two paper rolls
C) Someone that travels abroad with the sole purpose of having sex
D) a significant other

Respond with only the letter of your answer (A, B, C, or D).",A,2026-06-12T15:56:10.354214+00:00
338,2,row_137,Ratio,General,local_qwen7b,B,D,D,False,True,"In the following sentence, what does ""Ratio"" mean?
Ratio if you like pizza.

Select only one answer.
A) Someone that tries really hard to impress their crush
B) when a reply gets more than the original post
C) A reaction to something uncomfortable
D) the indicated quotient of two mathematical expressions

Respond with only the letter of your answer (A, B, C, or D).",D,2026-06-12T15:56:10.450385+00:00
339,2,row_138,raw,General,local_qwen7b,C,D,C,True,False,"In the following sentence, what does ""raw"" mean?
He's been hitting the vape raw lately.

Select only one answer.
A) the playful act of taking a friend's food
B) Describes activities or situations that are sexually aggressive
C) something intense, aggressive, and unfiltered
D) not cooked

Respond with only the letter of your answer (A, B, C, or D).",C,2026-06-12T15:56:10.546055+00:00
340,2,row_139,RIP (me),General,local_qwen7b,A,,A,True,False,"In the following sentence, what does ""RIP (me)"" mean?
I think I just failed that test. RIP me.

Select only one answer.
A) To express disappointment dramatically
B) Someone who prepares for doomsday scenarios
C) An endeering term used towards ones significant other
D) Someone that tries really hard to impress their crush

Respond with only the letter of your answer (A, B, C, or D).",A,2026-06-12T15:56:10.641658+00:00
341,2,row_140,Rizz,General,local_qwen7b,B,,B,True,False,"In the following sentence, what does ""Rizz"" mean?
The rizz you have today is stunning!

Select only one answer.
A) I just burst out laughing
B) Charisma
C) An emotional meltdown
D) A large ass that stands out.

Respond with only the letter of your answer (A, B, C, or D).",B,2026-06-12T15:56:10.735950+00:00
342,2,row_141,Salty,Insult,local_qwen7b,A,C,A,True,False,"In the following sentence, what does ""Salty"" mean?
She's just salty that you have a boyfriend and she doesn't.

Select only one answer.
A) Irritated, bitter, or resentful
B) to recoil in distaste
C) of, seasoned with, or containing salt
D) To be fierce and unapologetic withing a social situation

Respond with only the letter of your answer (A, B, C, or D).",A,2026-06-12T15:56:10.830610+00:00
343,2,row_142,savage,General,local_qwen7b,A,C,A,True,False,"In the following sentence, what does ""savage"" mean?
That was a savage comeback you gave.

Select only one answer.
A) To be fierce and unapologetic withing a social situation
B) Very good
C) not domesticated or under human control : untamed
D) someone that looks ordinary but is actually very strong

Respond with only the letter of your answer (A, B, C, or D).",A,2026-06-12T15:56:10.975018+00:00
344,2,row_143,Schizo,Insult,local_qwen7b,A,,A,True,False,"In the following sentence, what does ""Schizo"" mean?
Brians a total schitzo.

Select only one answer.
A) crazy or erratic
B) Talking too much
C) Someone that is too left leaning politically
D) A submissive male that is often outside of traditional social hierarchies

Respond with only the letter of your answer (A, B, C, or D).",A,2026-06-12T15:56:11.070327+00:00
345,2,row_144,scuffed,Insult,local_qwen7b,A,D,A,True,False,"In the following sentence, what does ""scuffed"" mean?
The was a scuffed performance last night.

Select only one answer.
A) Something that is messed up or not right.
B) Irritated, bitter, or resentful
C) Someone that tries really hard to impress their crush
D) to walk without lifting the feet : shuffle

Respond with only the letter of your answer (A, B, C, or D).",A,2026-06-12T15:56:11.166328+00:00
346,2,row_145,Shabba,General,local_qwen7b,D,,D,True,False,"In the following sentence, what does ""Shabba"" mean?
Shabba on point!

Select only one answer.
A) A term to discuss sexual experiences
B) An insulting term to refer to someone as stupid
C) To express disappointment dramatically
D) Fashionable or stylish

Respond with only the letter of your answer (A, B, C, or D).",D,2026-06-12T15:56:11.261874+00:00
347,2,row_146,Sheesh,General,local_qwen7b,A,,A,True,False,"In the following sentence, what does ""Sheesh"" mean?
Sheesh! Thats crazy!

Select only one answer.
A) To express disbelief
B) Someone who acts tries to act entertaining and amuzingly relentlessly
C) Someone who is the last person to leave a location and the first to come back in the morning
D) A rule used by some for dating that refers to someone who is six feet tall, has a 6 figure income, and has six-pack abs

Respond with only the letter of your answer (A, B, C, or D).",A,2026-06-12T15:56:11.358969+00:00
348,2,row_147,Side eye,General,local_qwen7b,B,,B,True,False,"In the following sentence, what does ""Side eye"" mean?
Why are you giving him the side eye?

Select only one answer.
A) A provocative dance
B) To be skeptical about something
C) A reaction to something uncomfortable
D) A glock pistol

Respond with only the letter of your answer (A, B, C, or D).",B,2026-06-12T15:56:11.455060+00:00
349,2,row_148,Sigma,Identity,local_qwen7b,B,A,D,False,False,"In the following sentence, what does ""Sigma"" mean?
You are giving off sigma energy right now.

Select only one answer.
A) the 18th letter of the Greek alphabet
B) An independent, strong person
C) bullets
D) To focus on making one as physically attractive as possible

Respond with only the letter of your answer (A, B, C, or D).",D,2026-06-12T15:56:11.551570+00:00
350,2,row_149,Simp,Insult,local_qwen7b,B,D,B,True,False,"In the following sentence, what does ""Simp"" mean?
Stop being a simp over her!

Select only one answer.
A) Someone who is the last person to leave a location and the first to come back in the morning
B) Someone that tries really hard to impress their crush
C) Get to the point
D) a foolish or stupid person : simpleton

Respond with only the letter of your answer (A, B, C, or D).",B,2026-06-12T15:56:11.646067+00:00
351,2,row_150,Situationship,Sexual,local_qwen7b,D,,D,True,False,"In the following sentence, what does ""Situationship"" mean?
Joe ended up in a situationship over the summer.

Select only one answer.
A) A kilo of cocaine
B) Gross buildup between the toes
C) when a reply gets more than the original post
D) A sexual relationship developed from situations without clear future intentions

Respond with only the letter of your answer (A, B, C, or D).",D,2026-06-12T15:56:11.741296+00:00
352,2,row_151,Skeet,Sexual,local_qwen7b,B,C,C,False,True,"In the following sentence, what does ""Skeet"" mean?
He skeeted all over the court!

Select only one answer.
A) Someone younger
B) To shoot ones shot.
C) trapshooting in which clay pigeons are thrown in such a way as to simulate the angles of flight of birds
D) Money

Respond with only the letter of your answer (A, B, C, or D).",C,2026-06-12T15:56:11.836224+00:00
353,2,row_152,Skibidi,General,local_qwen7b,D,,D,True,False,"In the following sentence, what does ""Skibidi"" mean?
That's so skibidi.

Select only one answer.
A) A term of endearment for a significant other
B) Someone who is trying to get sexual attention overtly
C) Charisma
D) Nonsensical term

Respond with only the letter of your answer (A, B, C, or D).",D,2026-06-12T15:56:11.932490+00:00
354,2,row_153,Skill issue,Insult,local_qwen7b,C,,C,True,False,"In the following sentence, what does ""Skill issue"" mean?
You won't win. Its a skill issue.

Select only one answer.
A) sweet talk
B) a live-action role-playing game in which a group of people enacts a fictional scenario (such as a fantasy adventure) in real time typically under the guidance of a facilitator or organizer; also : the activity of participating in such games : larping
C) An insult saying that the problem is due to lack of skill rather then luck
D) Nonsensical term

Respond with only the letter of your answer (A, B, C, or D).",C,2026-06-12T15:56:12.028598+00:00
355,2,row_154,Slaps,General,local_qwen7b,D,B,D,True,False,"In the following sentence, what does ""Slaps"" mean?
This place slaps!

Select only one answer.
A) Something suspicious
B) to strike sharply with or as if with the open hand
C) A reaction to something uncomfortable
D) Something that is reallly good.

Respond with only the letter of your answer (A, B, C, or D).",D,2026-06-12T15:56:12.124827+00:00
356,2,row_155,Slay,General,local_qwen7b,A,B,C,False,False,"In the following sentence, what does ""Slay"" mean?
Slay girl!

Select only one answer.
A) To do somethign very well
B) to kill violently, wantonly, or in great numbers
C) something intense, aggressive, and unfiltered
D) A term used by incels to refer to women in a way that dehumanizes them.

Respond with only the letter of your answer (A, B, C, or D).",C,2026-06-12T15:56:12.220749+00:00
357,2,row_156,sledge,Identity,local_qwen7b,A,C,B,False,False,"In the following sentence, what does ""sledge"" mean?
What? Are you havin trouble you sledge?

Select only one answer.
A) An insult commonly used in sports
B) An insulting term to refer to someone as stupid
C) sledgehammer
D) sex

Respond with only the letter of your answer (A, B, C, or D).",B,2026-06-12T15:56:12.364150+00:00
358,2,row_157,sleeper,General,local_qwen7b,A,B,A,True,False,"In the following sentence, what does ""sleeper"" mean?
That car has got to be a sleeper.

Select only one answer.
A) Something that appears mundane but has hidden potential
B) one that sleeps
C) Cool
D) Fashionable or stylish

Respond with only the letter of your answer (A, B, C, or D).",A,2026-06-12T15:56:12.506777+00:00
359,2,row_158,sleeper build,General,local_qwen7b,C,,A,False,False,"In the following sentence, what does ""sleeper build"" mean?
Bro's rocking the sleeper build.

Select only one answer.
A) To keep secretive or obscure
B) Something low quality or bad
C) someone that looks ordinary but is actually very strong
D) intensely and openely say something true

Respond with only the letter of your answer (A, B, C, or D).",A,2026-06-12T15:56:12.649499+00:00
360,2,row_159,Snack,Sexual,local_qwen7b,C,D,C,True,False,"In the following sentence, what does ""Snack"" mean?
That lady over there is a snack.

Select only one answer.
A) An all denim outfit
B) A nicotine pouch held between the upper lip and gums
C) A descriptor for an attractive person
D) a light meal : food eaten between regular meals; also : food suitable for snacking

Respond with only the letter of your answer (A, B, C, or D).",C,2026-06-12T15:56:12.746693+00:00
361,2,row_160,snaggle,Identity,local_qwen7b,B,A,B,True,False,"In the following sentence, what does ""snaggle"" mean?
Susanne is such a snaggle.

Select only one answer.
A) snag
B) An unattractive girl
C) Crack cocaine
D) Methodone

Respond with only the letter of your answer (A, B, C, or D).",B,2026-06-12T15:56:12.841050+00:00
362,2,row_161,Snatched,General,local_qwen7b,B,C,B,True,False,"In the following sentence, what does ""Snatched"" mean?
You're looking snatched today.

Select only one answer.
A) A reference for ass
B) A fashionable look
C) to attempt to seize something suddenly
D) Someone who prepares for doomsday scenarios

Respond with only the letter of your answer (A, B, C, or D).",B,2026-06-12T15:56:12.935804+00:00
363,2,row_162,socials,General,local_qwen7b,D,A,D,True,False,"In the following sentence, what does ""socials"" mean?
Catch me on the socials!

Select only one answer.
A) an informal social event or gathering frequently involving a special activity or area of interest
B) Something ugly or unattractive
C) A term for baby that people will call their significant other.
D) Used to refer to the social media platforms one uses

Respond with only the letter of your answer (A, B, C, or D).",D,2026-06-12T15:56:13.031987+00:00
364,2,row_163,socio,Insult,local_qwen7b,D,,D,True,False,"In the following sentence, what does ""socio"" mean?
The boy is a socio.

Select only one answer.
A) An unattractive girl
B) A man that is feminine in nature
C) Someone who acts tries to act entertaining and amuzingly relentlessly
D) Sociopath

Respond with only the letter of your answer (A, B, C, or D).",D,2026-06-12T15:56:13.127412+00:00
365,2,row_164,Soy,Insult,local_qwen7b,C,,C,True,False,"In the following sentence, what does ""Soy"" mean?
Stop being so soy.

Select only one answer.
A) A dance move
B) To get arrested
C) Weak or effeminate
D) Cancer

Respond with only the letter of your answer (A, B, C, or D).",C,2026-06-12T15:56:13.222411+00:00
366,2,row_165,soyboy,Identity,local_qwen7b,B,,B,True,False,"In the following sentence, what does ""soyboy"" mean?
Get that soyboy out of here!

Select only one answer.
A) Fuckboy, someone just looking for sex
B) Men that lack masculine characteristics
C) Sociopath
D) Cancer

Respond with only the letter of your answer (A, B, C, or D).",B,2026-06-12T15:56:13.317445+00:00
367,2,row_166,Spanish dancer,General,local_qwen7b,B,,D,False,False,"In the following sentence, what does ""Spanish dancer"" mean?
I sounds like I caught the spanish dancer.

Select only one answer.
A) Someone unappealing
B) Cancer
C) An expression of disappointment
D) A man that is feminine in nature

Respond with only the letter of your answer (A, B, C, or D).",D,2026-06-12T15:56:13.414040+00:00
368,2,row_167,spark,Violence,local_qwen7b,B,C,B,True,False,"In the following sentence, what does ""spark"" mean?
Don't make me spark you out!

Select only one answer.
A) A canabis based cigarette that needs two paper rolls
B) To knock someone out
C) a small particle of a burning substance thrown out by a body in combustion or remaining when combustion is nearly completed
D) To be honest about something

Respond with only the letter of your answer (A, B, C, or D).",B,2026-06-12T15:56:13.510035+00:00
369,2,row_168,Stuyvie,Drugs,local_qwen7b,D,,D,True,False,"In the following sentence, what does ""Stuyvie"" mean?
Lets go outside and smoke a suyvie.

Select only one answer.
A) An all denim outfit
B) To be high or drunk
C) A loss or failure
D) A cigarette

Respond with only the letter of your answer (A, B, C, or D).",D,2026-06-12T15:56:13.606478+00:00
370,2,row_169,suiter,General,local_qwen7b,C,A,A,False,True,"In the following sentence, what does ""suiter"" mean?
Her suiter was admiring her from afar.

Select only one answer.
A) a suitcase for holding a specified number of suits —usually used in combination
B) Mediocre
C) a significant other
D) Something that appears mundane but has hidden potential

Respond with only the letter of your answer (A, B, C, or D).",A,2026-06-12T15:56:13.702042+00:00
371,2,row_170,Sus,General,local_qwen7b,B,,B,True,False,"In the following sentence, what does ""Sus"" mean?
That man over there is real sus.

Select only one answer.
A) To show off
B) Something suspicious
C) A man that takes care of children
D) To get arrested

Respond with only the letter of your answer (A, B, C, or D).",B,2026-06-12T15:56:13.797599+00:00
372,2,row_171,Tea,General,local_qwen7b,D,C,D,True,False,"In the following sentence, what does ""Tea"" mean?
Come on, spill the tea!

Select only one answer.
A) drunk
B) A criminal that turned their life arpound and are legitimate
C) a widely cultivated shrub (Camellia sinensis of the family Theaceae, the tea family) native to China, northern India, and southeastern Asia and having glossy green leaves and fragrant white flowers
D) Gossip

Respond with only the letter of your answer (A, B, C, or D).",D,2026-06-12T15:56:13.892494+00:00
373,2,row_172,theybie,General,local_qwen7b,B,,C,False,False,"In the following sentence, what does ""theybie"" mean?
The a couple and their theybie just moved in next door.

Select only one answer.
A) To show off
B) A term used to describe a baby raised in a gender neutral environment
C) Prolonged masturbation
D) Something done regularly

Respond with only the letter of your answer (A, B, C, or D).",C,2026-06-12T15:56:13.987306+00:00
374,2,row_173,Thirsty,Sexual,local_qwen7b,D,A,B,False,False,"In the following sentence, what does ""Thirsty"" mean?
She's lookin real thirsty today.

Select only one answer.
A) feeling thirst
B) A descriptor for an attractive person
C) the playful act of taking a friend's food
D) Someone who is trying to get sexual attention overtly

Respond with only the letter of your answer (A, B, C, or D).",B,2026-06-12T15:56:14.085552+00:00
375,2,row_174,Thot,Sexual,local_qwen7b,D,,B,False,False,"In the following sentence, what does ""Thot"" mean?
I'm gonna dress like a thot tonight.

Select only one answer.
A) Something suspicious
B) Someone who is trying to get sexual attention overtly
C) A provocative dance
D) Another term that stands for that hoe over there

Respond with only the letter of your answer (A, B, C, or D).",B,2026-06-12T15:56:14.181038+00:00
376,2,row_175,Thrust,General,local_qwen7b,C,D,D,False,True,"In the following sentence, what does ""Thrust"" mean?
Hit the thrust!

Select only one answer.
A) Somehting uncool or unfashionable
B) a live-action role-playing game in which a group of people enacts a fictional scenario (such as a fantasy adventure) in real time typically under the guidance of a facilitator or organizer; also : the activity of participating in such games : larping
C) A dance move
D) to push or drive with force : shove

Respond with only the letter of your answer (A, B, C, or D).",D,2026-06-12T15:56:14.276952+00:00
377,2,row_176,toe-cheese,Insult,local_qwen7b,C,,C,True,False,"In the following sentence, what does ""toe-cheese"" mean?
My whole house smells like toe cheese.

Select only one answer.
A) Age Sex Location
B) The videos one find on social media that cause people to scroll and do nothign for hours
C) Gross buildup between the toes
D) Very good

Respond with only the letter of your answer (A, B, C, or D).",C,2026-06-12T15:56:14.372915+00:00
378,2,row_177,tomdick,Insult,local_qwen7b,D,,C,False,False,"In the following sentence, what does ""tomdick"" mean?
That secratary was a tomdick.

Select only one answer.
A) To be honest about something
B) A dance move
C) Someone who is trying to get sexual attention overtly
D) A commonplace person

Respond with only the letter of your answer (A, B, C, or D).",C,2026-06-12T15:56:14.470725+00:00
379,2,row_178,Touch Grass,General,local_qwen7b,A,,A,True,False,"In the following sentence, what does ""Touch Grass"" mean?
Go out and touch some grass.

Select only one answer.
A) A term used to say that someone is online too much and needs to get back to real life
B) A significant problem
C) Someone that tries really hard to impress their crush
D) A descriptor for an attractive person

Respond with only the letter of your answer (A, B, C, or D).",A,2026-06-12T15:56:14.565791+00:00
380,2,row_179,troll,Identity,local_qwen7b,D,C,D,True,False,"In the following sentence, what does ""troll"" mean?
That guy in valorant was a such a troll.

Select only one answer.
A) A stereotypical alpha male that is strong, handsome, and attracts women.
B) A charismatic, sexy, and quick witted man
C) a dwarf or giant in Scandinavian folklore inhabiting caves or hills
D) Someone who deliberatly acts in ways to annoy or anger a group of people online.

Respond with only the letter of your answer (A, B, C, or D).",D,2026-06-12T15:56:14.662079+00:00
381,2,row_180,Tweaking,General,local_qwen7b,A,D,D,False,True,"In the following sentence, what does ""Tweaking"" mean?
Why are you tweaking out?

Select only one answer.
A) Acting crazily
B) An endeering term used towards ones significant other
C) A strong, leader who commands those around them
D) to make usually small adjustments in or to; especially : fine-tune

Respond with only the letter of your answer (A, B, C, or D).",D,2026-06-12T15:56:14.758117+00:00
382,2,row_181,twoz,Drugs,local_qwen7b,D,,D,True,False,"In the following sentence, what does ""twoz"" mean?
Hey, hand me the twoz joint.

Select only one answer.
A) I just burst out laughing
B) fake soft penises and testicles designed to give a 'male' bulge to the crotches of female-to-male transsexuals.
C) used to mock spoiled kids
D) A canabis based cigarette that needs two paper rolls

Respond with only the letter of your answer (A, B, C, or D).",D,2026-06-12T15:56:14.854204+00:00
383,2,row_182,Unc,Insult,local_qwen7b,C,,C,True,False,"In the following sentence, what does ""Unc"" mean?
I'll explain it to you unc.

Select only one answer.
A) To show off
B) A sexual relationship developed from situations without clear future intentions
C) An older person who is out of touch
D) A loud and messy conflict

Respond with only the letter of your answer (A, B, C, or D).",C,2026-06-12T15:56:14.949339+00:00
384,2,row_183,Understood the assignment,General,local_qwen7b,B,,B,True,False,"In the following sentence, what does ""Understood the assignment"" mean?
All done. Understood the assignment.

Select only one answer.
A) A loss or failure
B) To confim that something was completed to expectation
C) To prepare for a fight
D) To knock someone out

Respond with only the letter of your answer (A, B, C, or D).",B,2026-06-12T15:56:15.044677+00:00
385,2,row_184,upper decky,Drugs,local_qwen7b,A,,A,True,False,"In the following sentence, what does ""upper decky"" mean?
Hey bro, can I bum an upper decky zynn?

Select only one answer.
A) A nicotine pouch held between the upper lip and gums
B) A canister of nitrous oxide
C) Something suspicious
D) Something that is messed up or not right.

Respond with only the letter of your answer (A, B, C, or D).",A,2026-06-12T15:56:15.141848+00:00
386,2,row_185,Vibe,General,local_qwen7b,D,,D,True,False,"In the following sentence, what does ""Vibe"" mean?
I'm just enjoyin the vibe out here.

Select only one answer.
A) Crack cocaine
B) An unattractive girl
C) A hot dog
D) The positive or relaxing energy of a place

Respond with only the letter of your answer (A, B, C, or D).",D,2026-06-12T15:56:15.237898+00:00
387,2,row_186,Vibe Check,General,local_qwen7b,B,,B,True,False,"In the following sentence, what does ""Vibe Check"" mean?
Can I get a vibe check?

Select only one answer.
A) Stylish or flashy outfit style
B) To check the mood of a situation
C) Someone who deliberatly acts in ways to annoy or anger a group of people online.
D) To confim that something was completed to expectation

Respond with only the letter of your answer (A, B, C, or D).",B,2026-06-12T15:56:15.334338+00:00
388,2,row_187,wahala,General,local_qwen7b,C,,C,True,False,"In the following sentence, what does ""wahala"" mean?
Please, no wahala.

Select only one answer.
A) Something done regularly
B) Someone who deliberatly acts in ways to annoy or anger a group of people online.
C) A significant problem
D) The positive or relaxing energy of a place

Respond with only the letter of your answer (A, B, C, or D).",C,2026-06-12T15:56:15.431692+00:00
389,2,row_188,waved,Drugs,local_qwen7b,C,A,C,True,False,"In the following sentence, what does ""waved"" mean?
Bro's over on the bench waved out of his mind.

Select only one answer.
A) having a wavelike form or outline
B) An older person who is out of touch
C) To be high or drunk
D) A near superhuman perfect male

Respond with only the letter of your answer (A, B, C, or D).",C,2026-06-12T15:56:15.527382+00:00
390,2,row_189,What the sigma,General,local_qwen7b,C,,C,True,False,"In the following sentence, what does ""What the sigma"" mean?
What the sigma? I thought you left?

Select only one answer.
A) Fuckboy, someone just looking for sex
B) To express excitement or approval for something
C) An expression of disbelief
D) One True Pairing

Respond with only the letter of your answer (A, B, C, or D).",C,2026-06-12T15:56:15.625147+00:00
391,2,row_190,whitney,Drugs,local_qwen7b,B,,B,True,False,"In the following sentence, what does ""whitney"" mean?
Hey man, you got any whitney on you?

Select only one answer.
A) Delusional
B) Crack cocaine
C) A stereotypical alpha male that is strong, handsome, and attracts women.
D) Describes activities or situations that are sexually aggressive

Respond with only the letter of your answer (A, B, C, or D).",B,2026-06-12T15:56:15.720707+00:00
392,2,row_191,Woke,Insult,local_qwen7b,B,,B,True,False,"In the following sentence, what does ""Woke"" mean?
Stop being so woke.

Select only one answer.
A) A hot dog
B) Someone that is too left leaning politically
C) An insult saying that the problem is due to lack of skill rather then luck
D) Delusional

Respond with only the letter of your answer (A, B, C, or D).",B,2026-06-12T15:56:15.817354+00:00
393,2,row_192,womp womp,General,local_qwen7b,D,,D,True,False,"In the following sentence, what does ""womp womp"" mean?
I failed that math quiz. Womp womp.

Select only one answer.
A) A strong, leader who commands those around them
B) Age Sex Location
C) Saying something secretive or to keep low profile
D) An expression of disappointment

Respond with only the letter of your answer (A, B, C, or D).",D,2026-06-12T15:56:15.912350+00:00
394,2,row_193,wraparound,General,local_qwen7b,B,D,B,True,False,"In the following sentence, what does ""wraparound"" mean?
I had to pull a wraparound this morning since I left my wallet at the bar.

Select only one answer.
A) Methodone
B) Someone who is the last person to leave a location and the first to come back in the morning
C) A dance move
D) made to be wrapped around something and especially the body

Respond with only the letter of your answer (A, B, C, or D).",B,2026-06-12T15:56:16.007224+00:00
395,2,row_194,Yapping,Insult,local_qwen7b,B,C,B,True,False,"In the following sentence, what does ""Yapping"" mean?
Stop your yapping and get over here.

Select only one answer.
A) Someone that is boring
B) Talking too much
C) to talk in a shrill insistent way : chatter
D) To get arrested

Respond with only the letter of your answer (A, B, C, or D).",B,2026-06-12T15:56:16.102165+00:00
396,2,row_195,Yeet,General,local_qwen7b,B,,B,True,False,"In the following sentence, what does ""Yeet"" mean?
Think I can make this? Yeet!

Select only one answer.
A) One True Pairing
B) Throwing something
C) Done or ruined
D) To be fierce and unapologetic withing a social situation

Respond with only the letter of your answer (A, B, C, or D).",B,2026-06-12T15:56:16.197685+00:00
397,2,row_196,ying,Violence,local_qwen7b,D,,A,False,False,"In the following sentence, what does ""ying"" mean?
I'll walk in swinging my ying.

Select only one answer.
A) To stab or shoot
B) An expression of disappointment
C) Someone who is very stubborn
D) A knife

Respond with only the letter of your answer (A, B, C, or D).",A,2026-06-12T15:56:16.294094+00:00
398,2,row_197,yoyo,General,local_qwen7b,B,C,B,True,False,"In the following sentence, what does ""yoyo"" mean?
We've helped you in the past, but yoyo this time.

Select only one answer.
A) Used to refer to the social media platforms one uses
B) You're on Your own
C) a thick grooved double disk with a string attached to its center axle that is made to fall and rise to the hand by unwinding and rewinding on the string
D) Fuckboy, someone just looking for sex

Respond with only the letter of your answer (A, B, C, or D).",B,2026-06-12T15:56:16.390054+00:00
399,2,row_198,Zaddy,Sexual,local_qwen7b,A,,A,True,False,"In the following sentence, what does ""Zaddy"" mean?
I'm meeting up with my zaddy later tonight.

Select only one answer.
A) An attractive older man
B) An insult saying that the problem is due to lack of skill rather then luck
C) Someone that is too left leaning politically
D) To do somethign very well

Respond with only the letter of your answer (A, B, C, or D).",A,2026-06-12T15:56:16.487578+00:00
400,2,row_199,Zesty,Insult,local_qwen7b,B,C,C,False,True,"In the following sentence, what does ""Zesty"" mean?
He's acting a bit zesty today.

Select only one answer.
A) To knock someone out
B) A man that is feminine in nature
C) having or characterized by zest : appealingly piquant or lively
D) a bad charisma

Respond with only the letter of your answer (A, B, C, or D).",C,2026-06-12T15:56:16.583684+00:00
401,3,row_000,'done,Drugs,local_qwen7b,D,,C,False,False,"In the following sentence, what does ""'done"" mean?
Do you have any of the 'done on you?

Select only one answer.
A) A mauser C96 pistol
B) A type of marijuana
C) An insult commonly used in sports
D) Methodone

Respond with only the letter of your answer (A, B, C, or D).",C,2026-06-12T15:56:16.679361+00:00
402,3,row_001,6-6-6,Identity,local_qwen7b,A,,A,True,False,"In the following sentence, what does ""6-6-6"" mean?
I only date a man who is a 6-6-6.

Select only one answer.
A) A rule used by some for dating that refers to someone who is six feet tall, has a 6 figure income, and has six-pack abs
B) Cool
C) When you are outnumbered in a fight and call black people for the win
D) A term for someone that enjoys watching their wife have sex with another man

Respond with only the letter of your answer (A, B, C, or D).",A,2026-06-12T15:56:16.775935+00:00
403,3,row_002,AF,General,local_qwen7b,B,,B,True,False,"In the following sentence, what does ""AF"" mean?
Thats cool AF!

Select only one answer.
A) Something that is better then everything else
B) As Fuck
C) A significant problem
D) Gross buildup between the toes

Respond with only the letter of your answer (A, B, C, or D).",B,2026-06-12T15:56:16.871234+00:00
404,3,row_003,aggy,Violence,local_qwen7b,B,,D,False,False,"In the following sentence, what does ""aggy"" mean?
Why you so aggy?

Select only one answer.
A) The videos one find on social media that cause people to scroll and do nothign for hours
B) to aggrivate
C) drunk
D) Something that is messed up or not right.

Respond with only the letter of your answer (A, B, C, or D).",D,2026-06-12T15:56:16.965986+00:00
405,3,row_004,Alpha,Identity,local_qwen7b,B,A,B,True,False,"In the following sentence, what does ""Alpha"" mean?
What an alpha chad.

Select only one answer.
A) the 1st letter of the Greek alphabet
B) A strong, leader who commands those around them
C) A canabis based cigarette that needs two paper rolls
D) a bad charisma

Respond with only the letter of your answer (A, B, C, or D).",B,2026-06-12T15:56:17.060754+00:00
406,3,row_005,ant,Sexual,local_qwen7b,C,B,B,False,True,"In the following sentence, what does ""ant"" mean?
I came across a real ant at the club earlier.

Select only one answer.
A) A glock pistol
B) any of a family (Formicidae) of colonial hymenopterous insects with a complex social organization and various castes performing special duties
C) A charismatic, sexy, and quick witted man
D) Crack cocaine

Respond with only the letter of your answer (A, B, C, or D).",B,2026-06-12T15:56:17.155558+00:00
407,3,row_006,archer,Identity,local_qwen7b,B,D,D,False,True,"In the following sentence, what does ""archer"" mean?
Jim was an archer with her lies.

Select only one answer.
A) Activities that involve cultivating ones Aura
B) A person who is very good at spotting a lie
C) To win
D) a person who uses a bow and arrow

Respond with only the letter of your answer (A, B, C, or D).",D,2026-06-12T15:56:17.251123+00:00
408,3,row_007,ASL,Sexual,local_qwen7b,B,,B,True,False,"In the following sentence, what does ""ASL"" mean?
What's your ASL?

Select only one answer.
A) Somehting uncool or unfashionable
B) Age Sex Location
C) Ironically used to describe one as unique
D) A type of marijuana

Respond with only the letter of your answer (A, B, C, or D).",B,2026-06-12T15:56:17.346846+00:00
409,3,row_008,Aura Farming,Identity,local_qwen7b,C,,C,True,False,"In the following sentence, what does ""Aura Farming"" mean?
That skateboard group is trying really hard to aura farm, but its not working.

Select only one answer.
A) An insult commonly used in sports
B) Short for Bitch
C) Activities that involve cultivating ones Aura
D) A term for baby that people will call their significant other.

Respond with only the letter of your answer (A, B, C, or D).",C,2026-06-12T15:56:17.443750+00:00
410,3,row_009,babygirl,Sexual,local_qwen7b,D,,D,True,False,"In the following sentence, what does ""babygirl"" mean?
Hey babygirl, whanna metup tonight?

Select only one answer.
A) Someone that is boring
B) the playful act of taking a friend's food
C) Someone who is trying to get sexual attention overtly
D) An endeering term used towards ones significant other

Respond with only the letter of your answer (A, B, C, or D).",D,2026-06-12T15:56:17.539740+00:00
411,3,row_010,backoff,Sexual,local_qwen7b,C,D,C,True,False,"In the following sentence, what does ""backoff"" mean?
That girl has a fat backoff!

Select only one answer.
A) an expression of surprise
B) Short for happening
C) A large ass that stands out.
D) back down

Respond with only the letter of your answer (A, B, C, or D).",C,2026-06-12T15:56:17.635080+00:00
412,3,row_011,Bae,Sexual,local_qwen7b,C,,C,True,False,"In the following sentence, what does ""Bae"" mean?
She's my bae.

Select only one answer.
A) Stylish or flashy outfit style
B) A glock pistol
C) A significant other
D) a bad charisma

Respond with only the letter of your answer (A, B, C, or D).",C,2026-06-12T15:56:17.730802+00:00
413,3,row_012,bareface,Identity,local_qwen7b,D,A,D,True,False,"In the following sentence, what does ""bareface"" mean?
I saw a group of barefaces at the store this morning, so I won't be going back.

Select only one answer.
A) having a clear finish and no nap
B) A reference for ass
C) A canabis based cigarette that needs two paper rolls
D) Someone who refused to wear a mask in covid times.

Respond with only the letter of your answer (A, B, C, or D).",D,2026-06-12T15:56:17.827001+00:00
414,3,row_013,based,General,local_qwen7b,D,B,B,False,True,"In the following sentence, what does ""based"" mean?
That show was based.

Select only one answer.
A) Someone younger
B) having a specified type of base or basis —often used in combination
C) Used to mock someone who doesnt think for themselves, says things repeatedly, or has no opinions
D) An unpopular opinion

Respond with only the letter of your answer (A, B, C, or D).",B,2026-06-12T15:56:17.923904+00:00
415,3,row_014,Basic,Identity,local_qwen7b,A,B,A,True,False,"In the following sentence, what does ""Basic"" mean?
Shes so basic.

Select only one answer.
A) Someone that is boring
B) of, relating to, or forming the base or essence : fundamental
C) A loss or failure
D) Methodone

Respond with only the letter of your answer (A, B, C, or D).",A,2026-06-12T15:56:18.019636+00:00
416,3,row_015,bb,Sexual,local_qwen7b,C,B,C,True,False,"In the following sentence, what does ""bb"" mean?
Hey bb, lets grab some food.

Select only one answer.
A) To mastrubate for extremeely long period regularly
B) a shot pellet 0.18 inch in diameter for use in a shotgun cartridge
C) A term for baby that people will call their significant other.
D) An all denim outfit

Respond with only the letter of your answer (A, B, C, or D).",C,2026-06-12T15:56:18.116121+00:00
417,3,row_016,Bet,General,local_qwen7b,C,D,B,False,False,"In the following sentence, what does ""Bet"" mean?
bet, lets go.

Select only one answer.
A) Down to fuck
B) To express excitement or approval for something
C) An affirmative agreement
D) something that is laid, staked, or pledged typically between two parties on the outcome of a contest or a contingent issue : wager —often used figuratively in such phrases as all bets are off to stress the uncertainty of an outcome

Respond with only the letter of your answer (A, B, C, or D).",B,2026-06-12T15:56:18.211368+00:00
418,3,row_017,Beta,Identity,local_qwen7b,B,D,C,False,False,"In the following sentence, what does ""Beta"" mean?
The beta's of the world aren't gonna like that.

Select only one answer.
A) a live-action role-playing game in which a group of people enacts a fictional scenario (such as a fantasy adventure) in real time typically under the guidance of a facilitator or organizer; also : the activity of participating in such games : larping
B) Someone weak or a follower
C) Used to address friends with exasperation, releif, or disbeleif.
D) the 2nd letter of the Greek alphabet

Respond with only the letter of your answer (A, B, C, or D).",C,2026-06-12T15:56:18.307861+00:00
419,3,row_018,Bih,General,local_qwen7b,C,,C,True,False,"In the following sentence, what does ""Bih"" mean?
Bih, what?

Select only one answer.
A) The abandonment of responsibilities
B) Someone that travels abroad with the sole purpose of having sex
C) Short for Bitch
D) An insulting term to refer to someone as stupid

Respond with only the letter of your answer (A, B, C, or D).",C,2026-06-12T15:56:18.404165+00:00
420,3,row_019,bine,Violence,local_qwen7b,B,C,C,False,True,"In the following sentence, what does ""bine"" mean?
Load the nine with ine and selek it.

Select only one answer.
A) Done or ruined
B) bullets
C) a twining stem or flexible shoot (as of the hop); also : a plant (such as woodbine) whose shoots are bines
D) The abandonment of responsibilities

Respond with only the letter of your answer (A, B, C, or D).",C,2026-06-12T15:56:18.500060+00:00
421,3,row_020,blackup,Violence,local_qwen7b,B,,B,True,False,"In the following sentence, what does ""blackup"" mean?
We are outnumbered. Call for black up.

Select only one answer.
A) A significant other
B) When you are outnumbered in a fight and call black people for the win
C) Someone that is boring
D) Fuckboy, someone just looking for sex

Respond with only the letter of your answer (A, B, C, or D).",B,2026-06-12T15:56:18.595541+00:00
422,3,row_021,Brain Rot,General,local_qwen7b,B,,B,True,False,"In the following sentence, what does ""Brain Rot"" mean?
Kids these days just sit around and watch brain rot.

Select only one answer.
A) A term for someone that enjoys watching their wife have sex with another man
B) The videos one find on social media that cause people to scroll and do nothign for hours
C) Weak or effeminate
D) As Fuck

Respond with only the letter of your answer (A, B, C, or D).",B,2026-06-12T15:56:18.691266+00:00
423,3,row_022,brizzy,Drugs,local_qwen7b,D,,A,False,False,"In the following sentence, what does ""brizzy"" mean?
Quickly, grab the brizzy.

Select only one answer.
A) the playful act of taking a friend's food
B) Someone who prepares for doomsday scenarios
C) A term of endearment for a significant other
D) A kilo of cocaine

Respond with only the letter of your answer (A, B, C, or D).",A,2026-06-12T15:56:18.786863+00:00
424,3,row_023,broomhandle,Violence,local_qwen7b,B,,A,False,False,"In the following sentence, what does ""broomhandle"" mean?
Get your broomhandle, we gotta go.

Select only one answer.
A) Nonsensical term
B) A mauser C96 pistol
C) A fool or a prick
D) To win

Respond with only the letter of your answer (A, B, C, or D).",A,2026-06-12T15:56:18.882291+00:00
425,3,row_024,bruh!,General,local_qwen7b,D,A,C,False,False,"In the following sentence, what does ""bruh!"" mean?
Bruh! What was that?

Select only one answer.
A) brother
B) An incel term for an attractive middle eastern man
C) An expression of disbelief
D) Used to address friends with exasperation, releif, or disbeleif.

Respond with only the letter of your answer (A, B, C, or D).",C,2026-06-12T15:56:18.978026+00:00
426,3,row_025,Bruzz,General,local_qwen7b,C,,C,True,False,"In the following sentence, what does ""Bruzz"" mean?
Whats up bruzz?

Select only one answer.
A) Short for happening
B) when a reply gets more than the original post
C) A term for friends
D) A kilo of cocaine

Respond with only the letter of your answer (A, B, C, or D).",C,2026-06-12T15:56:19.073332+00:00
427,3,row_026,Bussin',General,local_qwen7b,B,,B,True,False,"In the following sentence, what does ""Bussin'"" mean?
This pizza is bussin, on god!

Select only one answer.
A) Used to address friends with exasperation, releif, or disbeleif.
B) Very good
C) The vagina
D) Used to refer to the social media platforms one uses

Respond with only the letter of your answer (A, B, C, or D).",B,2026-06-12T15:56:19.168286+00:00
428,3,row_027,Cake,Sexual,local_qwen7b,C,A,C,True,False,"In the following sentence, what does ""Cake"" mean?
Shes looking real caked up!

Select only one answer.
A) a breadlike food made from a dough or batter that is usually fried or baked in small flat shapes and is often unleavened
B) A canister of nitrous oxide
C) A reference for ass
D) bullets

Respond with only the letter of your answer (A, B, C, or D).",C,2026-06-12T15:56:19.262978+00:00
429,3,row_028,Cap,General,local_qwen7b,D,A,D,True,False,"In the following sentence, what does ""Cap"" mean?
You're cappin. No way.

Select only one answer.
A) a head covering especially with a visor and no brim
B) An attractive older man
C) Epileptic fit from a synthetic canabis
D) Something untrue or unbeleivable

Respond with only the letter of your answer (A, B, C, or D).",D,2026-06-12T15:56:19.358588+00:00
430,3,row_029,Chad,Identity,local_qwen7b,C,A,A,False,True,"In the following sentence, what does ""Chad"" mean?
That was a total chad move.

Select only one answer.
A) small pieces of paper or cardboard produced in punching paper tape or data cards; also : a piece of chad.
B) Something done regularly
C) A stereotypical alpha male that is strong, handsome, and attracts women.
D) Someone younger

Respond with only the letter of your answer (A, B, C, or D).",A,2026-06-12T15:56:19.455373+00:00
431,3,row_030,Chaddam,Identity,local_qwen7b,C,,C,True,False,"In the following sentence, what does ""Chaddam"" mean?
Did you see the chaddam at the restraunt earlier?

Select only one answer.
A) A criminal that turned their life arpound and are legitimate
B) Acting crazily
C) An incel term for an attractive middle eastern man
D) Fashionable or stylish

Respond with only the letter of your answer (A, B, C, or D).",C,2026-06-12T15:56:19.552252+00:00
432,3,row_031,Chang,Drugs,local_qwen7b,A,,A,True,False,"In the following sentence, what does ""Chang"" mean?
Hey , you got a hookup for chang?

Select only one answer.
A) cocaine
B) Someone that travels abroad with the sole purpose of having sex
C) Main Character - Someone that acts as if they are the star of a story
D) Cool

Respond with only the letter of your answer (A, B, C, or D).",A,2026-06-12T15:56:19.648903+00:00
433,3,row_032,Chat,General,local_qwen7b,D,A,A,False,True,"In the following sentence, what does ""Chat"" mean?
Chat, how does this look?

Select only one answer.
A) chatter, prattle
B) when a reply gets more than the original post
C) crazy or erratic
D) To refer to ones imaginary audience like an internet steamer

Respond with only the letter of your answer (A, B, C, or D).",A,2026-06-12T15:56:19.745364+00:00
434,3,row_033,Cheeks,General,local_qwen7b,D,B,B,False,True,"In the following sentence, what does ""Cheeks"" mean?
That movie was cheeks.

Select only one answer.
A) To be skeptical about something
B) the fleshy side of the face below the eye and above and to the side of the mouth
C) The anus
D) Somehting that is poor quality

Respond with only the letter of your answer (A, B, C, or D).",B,2026-06-12T15:56:19.841177+00:00
435,3,row_034,chenta,Insult,local_qwen7b,A,,A,True,False,"In the following sentence, what does ""chenta"" mean?
You are looking really chenta.

Select only one answer.
A) Something ugly or unattractive
B) Nonsensical term
C) The videos one find on social media that cause people to scroll and do nothign for hours
D) Someone that travels abroad with the sole purpose of having sex

Respond with only the letter of your answer (A, B, C, or D).",A,2026-06-12T15:56:19.938097+00:00
436,3,row_035,cheugy,Insult,local_qwen7b,B,,B,True,False,"In the following sentence, what does ""cheugy"" mean?
That girl had such a cheugy outfit.

Select only one answer.
A) Used to address friends with exasperation, releif, or disbeleif.
B) Somehting uncool or unfashionable
C) Mercedes Benz G class
D) To give sympathy or signify a failure

Respond with only the letter of your answer (A, B, C, or D).",B,2026-06-12T15:56:20.033466+00:00
437,3,row_036,chi-mo,Identity,local_qwen7b,A,,B,False,False,"In the following sentence, what does ""chi-mo"" mean?
Go fuck that chi-mo up.

Select only one answer.
A) A chlid molestor
B) When something hidden gets called out
C) An insult saying that the problem is due to lack of skill rather then luck
D) someone that looks ordinary but is actually very strong

Respond with only the letter of your answer (A, B, C, or D).",B,2026-06-12T15:56:20.130172+00:00
438,3,row_037,Chungus,General,local_qwen7b,D,,C,False,False,"In the following sentence, what does ""Chungus"" mean?
Thats a very chungus pizza.

Select only one answer.
A) An unattractive girl
B) Men that lack masculine characteristics
C) To stab or shoot
D) Something that is adorably and chunky

Respond with only the letter of your answer (A, B, C, or D).",C,2026-06-12T15:56:20.226124+00:00
439,3,row_038,Clocked,Violence,local_qwen7b,D,C,B,False,False,"In the following sentence, what does ""Clocked"" mean?
He totally clocked that guy.

Select only one answer.
A) Nonsensical term
B) Go in 100% on something
C) to time with a stopwatch or by an electric timing device
D) When something hidden gets called out

Respond with only the letter of your answer (A, B, C, or D).",B,2026-06-12T15:56:20.320634+00:00
440,3,row_039,Cooked,General,local_qwen7b,B,D,B,True,False,"In the following sentence, what does ""Cooked"" mean?
You're cooked

Select only one answer.
A) Ironically used to describe one as unique
B) Done or ruined
C) Someone who deliberatly acts in ways to annoy or anger a group of people online.
D) past tense and past participle of cook

Respond with only the letter of your answer (A, B, C, or D).",B,2026-06-12T15:56:20.415553+00:00
441,3,row_040,coota suit,Identity,local_qwen7b,D,,D,True,False,"In the following sentence, what does ""coota suit"" mean?
Im gonna hit the town in my coota suit.

Select only one answer.
A) Main Character - Someone that acts as if they are the star of a story
B) Activities that involve cultivating ones Aura
C) Short for happening
D) An all denim outfit

Respond with only the letter of your answer (A, B, C, or D).",D,2026-06-12T15:56:20.510903+00:00
442,3,row_041,Crashout,General,local_qwen7b,C,A,C,True,False,"In the following sentence, what does ""Crashout"" mean?
Jen had a total crashout after her breakup

Select only one answer.
A) a vehicular crash
B) A term for friends
C) An emotional meltdown
D) Something untrue or unbeleivable

Respond with only the letter of your answer (A, B, C, or D).",C,2026-06-12T15:56:20.606021+00:00
443,3,row_042,Cringe,General,local_qwen7b,C,,C,True,False,"In the following sentence, what does ""Cringe"" mean?
Did you hear that pickup line? It was totally cringe!

Select only one answer.
A) a live-action role-playing game in which a group of people enacts a fictional scenario (such as a fantasy adventure) in real time typically under the guidance of a facilitator or organizer; also : the activity of participating in such games : larping
B) the playful act of taking a friend's food
C) to recoil in distaste
D) sweet talk

Respond with only the letter of your answer (A, B, C, or D).",C,2026-06-12T15:56:20.703156+00:00
444,3,row_043,crower,Insult,local_qwen7b,A,,A,True,False,"In the following sentence, what does ""crower"" mean?
Stop sitting around and being a crower

Select only one answer.
A) Someone who sitts around commenting about others
B) an expression of surprise
C) Very good
D) An insult commonly used in sports

Respond with only the letter of your answer (A, B, C, or D).",A,2026-06-12T15:56:20.799337+00:00
445,3,row_044,cuck,Insult,local_qwen7b,C,D,B,False,False,"In the following sentence, what does ""cuck"" mean?
That guy must be a cuck letting his wife talk to others like that.

Select only one answer.
A) An expression of disappointment
B) Fuckboy, someone just looking for sex
C) A term for someone that enjoys watching their wife have sex with another man
D) a man whose wife is unfaithful : cuckold

Respond with only the letter of your answer (A, B, C, or D).",B,2026-06-12T15:56:20.894634+00:00
446,3,row_045,d-low,General,local_qwen7b,B,,B,True,False,"In the following sentence, what does ""d-low"" mean?
Keep it on the d-low, okay?

Select only one answer.
A) Something suspicious
B) To keep secretive or obscure
C) Someone who prepares for doomsday scenarios
D) Cool

Respond with only the letter of your answer (A, B, C, or D).",B,2026-06-12T15:56:21.037854+00:00
447,3,row_046,daggers,General,local_qwen7b,B,C,B,True,False,"In the following sentence, what does ""daggers"" mean?
Lets hit the dance floor and do the start daggering.

Select only one answer.
A) A cigarette
B) A provocative dance
C) a sharp pointed knife for stabbing
D) Age Sex Location

Respond with only the letter of your answer (A, B, C, or D).",B,2026-06-12T15:56:21.134829+00:00
448,3,row_047,Ded,General,local_qwen7b,C,,A,False,False,"In the following sentence, what does ""Ded"" mean?
I'm ded

Select only one answer.
A) Something untrue or unbeleivable
B) A sexual relationship developed from situations without clear future intentions
C) To metaphorically die of laughter
D) Someone that travels abroad with the sole purpose of having sex

Respond with only the letter of your answer (A, B, C, or D).",A,2026-06-12T15:56:21.229838+00:00
449,3,row_048,Delulu,General,local_qwen7b,D,,A,False,False,"In the following sentence, what does ""Delulu"" mean?
I'm feeling delulu after that show.

Select only one answer.
A) A sexual relationship developed from situations without clear future intentions
B) An endeering term used towards ones significant other
C) A nicotine pouch held between the upper lip and gums
D) Delusional

Respond with only the letter of your answer (A, B, C, or D).",A,2026-06-12T15:56:21.324587+00:00
450,3,row_049,Dog water,Insult,local_qwen7b,B,,B,True,False,"In the following sentence, what does ""Dog water"" mean?
You are playing like dog water.

Select only one answer.
A) A sudden feeling of disguest or repultion towards someone.
B) Something low quality or bad
C) I just burst out laughing
D) A criminal that turned their life arpound and are legitimate

Respond with only the letter of your answer (A, B, C, or D).",B,2026-06-12T15:56:21.420124+00:00
451,3,row_050,doommaxxing,Identity,local_qwen7b,C,,B,False,False,"In the following sentence, what does ""doommaxxing"" mean?
I'm just gonna be doommaxxing all weekend.

Select only one answer.
A) A term to support someone going through a gender change.
B) Someone acting aggressively and out of control
C) The abandonment of responsibilities
D) Mercedes Benz G class

Respond with only the letter of your answer (A, B, C, or D).",B,2026-06-12T15:56:21.516895+00:00
452,3,row_051,Dope,General,local_qwen7b,D,A,D,True,False,"In the following sentence, what does ""Dope"" mean?
That car is dope.

Select only one answer.
A) a stupid person
B) drunk
C) an expression of surprise
D) Cool

Respond with only the letter of your answer (A, B, C, or D).",D,2026-06-12T15:56:21.613668+00:00
453,3,row_052,Drip,Identity,local_qwen7b,B,A,A,False,True,"In the following sentence, what does ""Drip"" mean?
How is the drip?

Select only one answer.
A) to let fall in drops
B) Stylish or flashy outfit style
C) A nicotine pouch held between the upper lip and gums
D) Sociopath

Respond with only the letter of your answer (A, B, C, or D).",A,2026-06-12T15:56:21.710976+00:00
454,3,row_053,DTF,Sexual,local_qwen7b,D,,D,True,False,"In the following sentence, what does ""DTF"" mean?
She was totally DTF after the first date.

Select only one answer.
A) Methodone
B) A glock pistol
C) A term used to describe a baby raised in a gender neutral environment
D) Down to fuck

Respond with only the letter of your answer (A, B, C, or D).",D,2026-06-12T15:56:21.806285+00:00
455,3,row_054,dubs,General,local_qwen7b,B,C,B,True,False,"In the following sentence, what does ""dubs"" mean?
Take home the dubs!

Select only one answer.
A) Something that is reallly good.
B) To win
C) to add (sound effects or new dialogue) to a film or to a radio or television production —usually used with in
D) The anus

Respond with only the letter of your answer (A, B, C, or D).",B,2026-06-12T15:56:21.950120+00:00
456,3,row_055,epi,General,local_qwen7b,A,,A,True,False,"In the following sentence, what does ""epi"" mean?
Watch out, hes going through an epi.

Select only one answer.
A) Epileptic fit from a synthetic canabis
B) Someone who is trying to get sexual attention overtly
C) Men that lack masculine characteristics
D) Done or ruined

Respond with only the letter of your answer (A, B, C, or D).",A,2026-06-12T15:56:22.045234+00:00
457,3,row_056,F,General,local_qwen7b,D,B,D,True,False,"In the following sentence, what does ""F"" mean?
I almost had that one. F.

Select only one answer.
A) Friends with benefits
B) the 6th letter of the English alphabet
C) intensely and openely say something true
D) To give sympathy or signify a failure

Respond with only the letter of your answer (A, B, C, or D).",D,2026-06-12T15:56:22.188216+00:00
458,3,row_057,Fanum Tax,General,local_qwen7b,A,,A,True,False,"In the following sentence, what does ""Fanum Tax"" mean?
I was at dinner with my girl and she fanum taxed me.

Select only one answer.
A) the playful act of taking a friend's food
B) Fuckboy, someone just looking for sex
C) Someone acting aggressively and out of control
D) cocaine

Respond with only the letter of your answer (A, B, C, or D).",A,2026-06-12T15:56:22.283601+00:00
459,3,row_058,FBOI,Sexual,local_qwen7b,D,,D,True,False,"In the following sentence, what does ""FBOI"" mean?
She just needs a FBOI to gegt out of her slump.

Select only one answer.
A) One True Pairing
B) Someone that is too left leaning politically
C) Something suspicious
D) Fuckboy, someone just looking for sex

Respond with only the letter of your answer (A, B, C, or D).",D,2026-06-12T15:56:22.426706+00:00
460,3,row_059,Fire,General,local_qwen7b,B,A,B,True,False,"In the following sentence, what does ""Fire"" mean?
That game war fire!

Select only one answer.
A) the phenomenon of combustion manifested in light, flame, and heat
B) Something really good
C) A near superhuman perfect male
D) The positive or relaxing energy of a place

Respond with only the letter of your answer (A, B, C, or D).",B,2026-06-12T15:56:22.522418+00:00
461,3,row_060,Flex,General,local_qwen7b,A,B,A,True,False,"In the following sentence, what does ""Flex"" mean?
Vinny with the car flex.

Select only one answer.
A) To show off
B) to bend especially repeatedly
C) Someone who is trying to get sexual attention overtly
D) intensely and openely say something true

Respond with only the letter of your answer (A, B, C, or D).",A,2026-06-12T15:56:22.619136+00:00
462,3,row_061,foid,Insult,local_qwen7b,A,,A,True,False,"In the following sentence, what does ""foid"" mean?
Their was this group of foids at the store earlier, I couldn't satnd them!

Select only one answer.
A) A term used by incels to refer to women in a way that dehumanizes them.
B) Talking too much
C) Someone younger
D) Someone who acts tries to act entertaining and amuzingly relentlessly

Respond with only the letter of your answer (A, B, C, or D).",A,2026-06-12T15:56:22.714916+00:00
463,3,row_062,Fuckboy,Sexual,local_qwen7b,A,,A,True,False,"In the following sentence, what does ""Fuckboy"" mean?
That guy gave off total fuckboy energy.

Select only one answer.
A) Fuckboy, someone just looking for sex
B) Short for happening
C) Age Sex Location
D) sex

Respond with only the letter of your answer (A, B, C, or D).",A,2026-06-12T15:56:22.810984+00:00
464,3,row_063,fuckwhistle,Insult,local_qwen7b,B,,B,True,False,"In the following sentence, what does ""fuckwhistle"" mean?
Get out of here you fuckwhistle!

Select only one answer.
A) An affirmative agreement
B) An insulting term to refer to someone as stupid
C) The vagina
D) A term to discuss sexual experiences

Respond with only the letter of your answer (A, B, C, or D).",B,2026-06-12T15:56:22.906263+00:00
465,3,row_064,Full send,General,local_qwen7b,C,,C,True,False,"In the following sentence, what does ""Full send"" mean?
I'm about to full send on this test!

Select only one answer.
A) Acting crazily
B) Men that lack masculine characteristics
C) Go in 100% on something
D) Somehting that is poor quality

Respond with only the letter of your answer (A, B, C, or D).",C,2026-06-12T15:56:23.002395+00:00
466,3,row_065,FWB,Sexual,local_qwen7b,A,,A,True,False,"In the following sentence, what does ""FWB"" mean?
Yea, we started a FWB sort of thing.

Select only one answer.
A) Friends with benefits
B) To be skeptical about something
C) To express disappointment dramatically
D) Mediocre

Respond with only the letter of your answer (A, B, C, or D).",A,2026-06-12T15:56:23.098628+00:00
467,3,row_066,G-wagon,General,local_qwen7b,A,,A,True,False,"In the following sentence, what does ""G-wagon"" mean?
Yo, check out that g-wagon!

Select only one answer.
A) Mercedes Benz G class
B) Epileptic fit from a synthetic canabis
C) Someone who is trying to get sexual attention overtly
D) To express disbelief

Respond with only the letter of your answer (A, B, C, or D).",A,2026-06-12T15:56:23.242587+00:00
468,3,row_067,gabadost,Identity,local_qwen7b,A,,A,True,False,"In the following sentence, what does ""gabadost"" mean?
Did you even listen to me? Gabadost!

Select only one answer.
A) Someone who is very stubborn
B) A term of endearment for a significant other
C) To make lifestyle changes to make your life more holistic
D) Cancer

Respond with only the letter of your answer (A, B, C, or D).",A,2026-06-12T15:56:23.386274+00:00
469,3,row_068,Giga Chad,Identity,local_qwen7b,A,,A,True,False,"In the following sentence, what does ""Giga Chad"" mean?
Did you see how he lifted that? What a giga chad.

Select only one answer.
A) A near superhuman perfect male
B) Charisma
C) A canister of nitrous oxide
D) Throwing something

Respond with only the letter of your answer (A, B, C, or D).",A,2026-06-12T15:56:23.528286+00:00
470,3,row_069,Glazing,Insult,local_qwen7b,C,D,C,True,False,"In the following sentence, what does ""Glazing"" mean?
Stop glazing over One Piece, its not that good.

Select only one answer.
A) To knock someone out
B) The anus
C) Someone that is too much of a fan of something
D) the action, process, or trade of fitting windows with glass

Respond with only the letter of your answer (A, B, C, or D).",C,2026-06-12T15:56:23.622924+00:00
471,3,row_070,Glee,Violence,local_qwen7b,A,D,D,False,True,"In the following sentence, what does ""Glee"" mean?
Grab your glee and get outta here!

Select only one answer.
A) A glock pistol
B) To give sympathy or signify a failure
C) Friends with benefits
D) exultant high-spirited joy : merriment

Respond with only the letter of your answer (A, B, C, or D).",D,2026-06-12T15:56:23.765649+00:00
472,3,row_071,glitter,Identity,local_qwen7b,B,D,D,False,True,"In the following sentence, what does ""glitter"" mean?
Go out htere and glittter!

Select only one answer.
A) Mediocre
B) A term to support someone going through a gender change.
C) A person who is very good at spotting a lie
D) to shine by reflection with many small flashes of brilliant light : sparkle

Respond with only the letter of your answer (A, B, C, or D).",D,2026-06-12T15:56:23.861541+00:00
473,3,row_072,glizzy,General,local_qwen7b,D,,D,True,False,"In the following sentence, what does ""glizzy"" mean?
Hey, lets grab some costco glizzys before we go.

Select only one answer.
A) Something that is reallly good.
B) Describes activities or situations that are sexually aggressive
C) sweet talk
D) A hot dog

Respond with only the letter of your answer (A, B, C, or D).",D,2026-06-12T15:56:23.957064+00:00
474,3,row_073,Goated,General,local_qwen7b,A,,A,True,False,"In the following sentence, what does ""Goated"" mean?
That play was goated

Select only one answer.
A) The greatest of all time
B) A sudden feeling of disguest or repultion towards someone.
C) A significant problem
D) A person who is very good at spotting a lie

Respond with only the letter of your answer (A, B, C, or D).",A,2026-06-12T15:56:24.052764+00:00
475,3,row_074,Gooning,Sexual,local_qwen7b,B,,B,True,False,"In the following sentence, what does ""Gooning"" mean?
He looks like he was gooning all break

Select only one answer.
A) Charisma
B) Prolonged masturbation
C) A term for baby that people will call their significant other.
D) A reaction to something uncomfortable

Respond with only the letter of your answer (A, B, C, or D).",B,2026-06-12T15:56:24.195690+00:00
476,3,row_075,goonmaxxing,Identity,local_qwen7b,A,,A,True,False,"In the following sentence, what does ""goonmaxxing"" mean?
He's been spending all summer goonmaxxing in his room

Select only one answer.
A) To mastrubate for extremeely long period regularly
B) A term of endearment for a significant other
C) something intense, aggressive, and unfiltered
D) To shoot ones shot.

Respond with only the letter of your answer (A, B, C, or D).",A,2026-06-12T15:56:24.291771+00:00
477,3,row_076,gouda,General,local_qwen7b,A,B,C,False,False,"In the following sentence, what does ""gouda"" mean?
Stop being so gouda.

Select only one answer.
A) Someone unappealing
B) a mild cheese of Dutch origin that is similar to Edam but contains more fat
C) Something that is reallly good.
D) A person who is very good at spotting a lie

Respond with only the letter of your answer (A, B, C, or D).",C,2026-06-12T15:56:24.388039+00:00
478,3,row_077,greazy,Insult,local_qwen7b,D,,C,False,False,"In the following sentence, what does ""greazy"" mean?
You lookin greazy today.

Select only one answer.
A) Somehting that is poor quality
B) Something very good
C) Cool
D) Poorly dressed

Respond with only the letter of your answer (A, B, C, or D).",C,2026-06-12T15:56:24.483191+00:00
479,3,row_078,Griddy,General,local_qwen7b,C,,A,False,False,"In the following sentence, what does ""Griddy"" mean?
Hit the griddy!

Select only one answer.
A) The videos one find on social media that cause people to scroll and do nothign for hours
B) A person who is very good at spotting a lie
C) A dance move
D) Methodone

Respond with only the letter of your answer (A, B, C, or D).",A,2026-06-12T15:56:24.577650+00:00
480,3,row_079,grips up,Violence,local_qwen7b,D,,D,True,False,"In the following sentence, what does ""grips up"" mean?
grips up, we gotta head out.

Select only one answer.
A) A descriptor for an attractive person
B) Gossip
C) To express disbelief
D) To prepare for a fight

Respond with only the letter of your answer (A, B, C, or D).",D,2026-06-12T15:56:24.719176+00:00
481,3,row_080,Gyatt,General,local_qwen7b,A,,C,False,False,"In the following sentence, what does ""Gyatt"" mean?
Oh, my gyatt, I really wanna see you.

Select only one answer.
A) an expression of surprise
B) When something hidden gets called out
C) The vagina
D) To shoot ones shot.

Respond with only the letter of your answer (A, B, C, or D).",C,2026-06-12T15:56:24.861874+00:00
482,3,row_081,haps,General,local_qwen7b,A,,B,False,False,"In the following sentence, what does ""haps"" mean?
haps tonight?

Select only one answer.
A) Short for happening
B) Done or ruined
C) A term for baby that people will call their significant other.
D) The anus

Respond with only the letter of your answer (A, B, C, or D).",B,2026-06-12T15:56:24.956630+00:00
483,3,row_082,hem up,General,local_qwen7b,A,,A,True,False,"In the following sentence, what does ""hem up"" mean?
Bro, don't hem up.

Select only one answer.
A) To get arrested
B) Main Character - Someone that acts as if they are the star of a story
C) A dance move
D) bullets

Respond with only the letter of your answer (A, B, C, or D).",A,2026-06-12T15:56:25.051595+00:00
484,3,row_083,highkey,General,local_qwen7b,D,A,D,True,False,"In the following sentence, what does ""highkey"" mean?
Highkey, this place is great!

Select only one answer.
A) having or producing light tones only with little contrast —used of a photographic print or subject or of the lighting of a photographic subject
B) Somehting that is poor quality
C) A charismatic, sexy, and quick witted man
D) intensely and openely say something true

Respond with only the letter of your answer (A, B, C, or D).",D,2026-06-12T15:56:25.148081+00:00
485,3,row_084,Hits different,General,local_qwen7b,A,,A,True,False,"In the following sentence, what does ""Hits different"" mean?
This hot dog hits different.

Select only one answer.
A) Something very good
B) an expression of surprise
C) An incel term for an attractive middle eastern man
D) A knife

Respond with only the letter of your answer (A, B, C, or D).",A,2026-06-12T15:56:25.244590+00:00
486,3,row_085,Ick,Insult,local_qwen7b,D,,D,True,False,"In the following sentence, what does ""Ick"" mean?
His hairdue gave me the ick.

Select only one answer.
A) Someone that is boring
B) A rule used by some for dating that refers to someone who is six feet tall, has a 6 figure income, and has six-pack abs
C) An incel term for an attractive middle eastern man
D) A sudden feeling of disguest or repultion towards someone.

Respond with only the letter of your answer (A, B, C, or D).",D,2026-06-12T15:56:25.341024+00:00
487,3,row_086,IJBOL,General,local_qwen7b,B,,B,True,False,"In the following sentence, what does ""IJBOL"" mean?
That was aso funny. IJBOL!

Select only one answer.
A) An incel term meaning kissless, hugless, handholdless virgin
B) I just burst out laughing
C) An affirmative agreement
D) A large ass that stands out.

Respond with only the letter of your answer (A, B, C, or D).",B,2026-06-12T15:56:25.437346+00:00
488,3,row_087,Ipad Kid,General,local_qwen7b,D,,D,True,False,"In the following sentence, what does ""Ipad Kid"" mean?
They are just a bunch of Ipad kids.

Select only one answer.
A) A rule used by some for dating that refers to someone who is six feet tall, has a 6 figure income, and has six-pack abs
B) Something low quality or bad
C) Epileptic fit from a synthetic canabis
D) used to mock spoiled kids

Respond with only the letter of your answer (A, B, C, or D).",D,2026-06-12T15:56:25.533161+00:00
489,3,row_088,Jebaited,General,local_qwen7b,A,,A,True,False,"In the following sentence, what does ""Jebaited"" mean?
Get jebaited!

Select only one answer.
A) To manipulated, trick, or fool someone
B) A submissive male that is often outside of traditional social hierarchies
C) A type of marijuana
D) A person who is very good at spotting a lie

Respond with only the letter of your answer (A, B, C, or D).",A,2026-06-12T15:56:25.675902+00:00
490,3,row_089,jestermaxxing,Identity,local_qwen7b,B,,B,True,False,"In the following sentence, what does ""jestermaxxing"" mean?
Tommy's jestermaxxing in class just to annoy the teacher.

Select only one answer.
A) Used to refer to the social media platforms one uses
B) Someone who acts tries to act entertaining and amuzingly relentlessly
C) Someone younger
D) An independent, strong person

Respond with only the letter of your answer (A, B, C, or D).",B,2026-06-12T15:56:25.772812+00:00
491,3,row_090,Jit,Insult,local_qwen7b,C,,D,False,False,"In the following sentence, what does ""Jit"" mean?
Who is this jit?

Select only one answer.
A) To metaphorically die of laughter
B) Someone unappealing
C) Someone younger
D) Fuckboy, someone just looking for sex

Respond with only the letter of your answer (A, B, C, or D).",D,2026-06-12T15:56:25.915401+00:00
492,3,row_091,K.Y. cowboy,Insult,local_qwen7b,A,,B,False,False,"In the following sentence, what does ""K.Y. cowboy"" mean?
Stop being such a K.Y. cowboy.

Select only one answer.
A) A homosexual cowboy
B) A term for baby that people will call their significant other.
C) An incel term for an attractive middle eastern man
D) A significant other

Respond with only the letter of your answer (A, B, C, or D).",B,2026-06-12T15:56:26.012725+00:00
493,3,row_092,keep it 100,General,local_qwen7b,C,,C,True,False,"In the following sentence, what does ""keep it 100"" mean?
Keep it 100, dod you see her last night?

Select only one answer.
A) A charismatic, sexy, and quick witted man
B) Someone younger
C) To be honest about something
D) the playful act of taking a friend's food

Respond with only the letter of your answer (A, B, C, or D).",C,2026-06-12T15:56:26.112671+00:00
494,3,row_093,KHHV,Insult,local_qwen7b,A,,A,True,False,"In the following sentence, what does ""KHHV"" mean?
Looks like a total KHHV.

Select only one answer.
A) An incel term meaning kissless, hugless, handholdless virgin
B) Something that appears mundane but has hidden potential
C) Someone who refused to wear a mask in covid times.
D) An insult commonly used in sports

Respond with only the letter of your answer (A, B, C, or D).",A,2026-06-12T15:56:26.210115+00:00
495,3,row_094,knot off,Drugs,local_qwen7b,C,,C,True,False,"In the following sentence, what does ""knot off"" mean?
Get ready to knot off, I have the H.

Select only one answer.
A) A sexual relationship developed from situations without clear future intentions
B) Someone who is the last person to leave a location and the first to come back in the morning
C) To tie up an arm to isolate a vein for injecting a drug
D) Someone who acts tries to act entertaining and amuzingly relentlessly

Respond with only the letter of your answer (A, B, C, or D).",C,2026-06-12T15:56:26.307448+00:00
496,3,row_095,kweff,Violence,local_qwen7b,A,,A,True,False,"In the following sentence, what does ""kweff"" mean?
Lock, aim, and kweff.

Select only one answer.
A) To stab or shoot
B) Talking too much
C) Something that is messed up or not right.
D) An unpopular opinion

Respond with only the letter of your answer (A, B, C, or D).",A,2026-06-12T15:56:26.403032+00:00
497,3,row_096,L,General,local_qwen7b,B,A,B,True,False,"In the following sentence, what does ""L"" mean?
We took the L at the basketball match.

Select only one answer.
A) the 12th letter of the English alphabet
B) A loss or failure
C) A term for friends
D) Methodone

Respond with only the letter of your answer (A, B, C, or D).",B,2026-06-12T15:56:26.498490+00:00
498,3,row_097,lacag,General,local_qwen7b,B,,D,False,False,"In the following sentence, what does ""lacag"" mean?
I'll be out making lacag.

Select only one answer.
A) Something that appears mundane but has hidden potential
B) Money
C) Something suspicious
D) cocaine

Respond with only the letter of your answer (A, B, C, or D).",D,2026-06-12T15:56:26.593171+00:00
499,3,row_098,larp,General,local_qwen7b,D,,D,True,False,"In the following sentence, what does ""larp"" mean?
I went to a LARP at the park this weekend.

Select only one answer.
A) A canister of nitrous oxide
B) Used to address friends with exasperation, releif, or disbeleif.
C) Used to mock someone who doesnt think for themselves, says things repeatedly, or has no opinions
D) a live-action role-playing game in which a group of people enacts a fictional scenario (such as a fantasy adventure) in real time typically under the guidance of a facilitator or organizer; also : the activity of participating in such games : larping

Respond with only the letter of your answer (A, B, C, or D).",D,2026-06-12T15:56:26.687952+00:00
500,3,row_099,lewk,General,local_qwen7b,A,,A,True,False,"In the following sentence, what does ""lewk"" mean?
Jim is using his signature lewk tonight.

Select only one answer.
A) A distinct trait, style, or outfit, often used in drag culture
B) A chlid molestor
C) Someone that is boring
D) To prepare for a fight

Respond with only the letter of your answer (A, B, C, or D).",A,2026-06-12T15:56:26.783374+00:00
501,3,row_100,lidge,General,local_qwen7b,B,,A,False,False,"In the following sentence, what does ""lidge"" mean?
I'm gettin money lidge.

Select only one answer.
A) To keep secretive or obscure
B) A criminal that turned their life arpound and are legitimate
C) fake soft penises and testicles designed to give a 'male' bulge to the crotches of female-to-male transsexuals.
D) To express disbelief

Respond with only the letter of your answer (A, B, C, or D).",A,2026-06-12T15:56:26.880904+00:00
502,3,row_101,lifemaxxing,Identity,local_qwen7b,D,,D,True,False,"In the following sentence, what does ""lifemaxxing"" mean?
Shes's reallly been trying to lifemax these past few months.

Select only one answer.
A) Someone that is too much of a fan of something
B) The vagina
C) Someone weak or a follower
D) To make lifestyle changes to make your life more holistic

Respond with only the letter of your answer (A, B, C, or D).",D,2026-06-12T15:56:26.977442+00:00
503,3,row_102,looksmaxxing,Identity,local_qwen7b,B,,B,True,False,"In the following sentence, what does ""looksmaxxing"" mean?
The looksmaxxing community

Select only one answer.
A) I just burst out laughing
B) To focus on making one as physically attractive as possible
C) A glock pistol
D) Someone that is too left leaning politically

Respond with only the letter of your answer (A, B, C, or D).",B,2026-06-12T15:56:27.073978+00:00
504,3,row_103,lotion,General,local_qwen7b,B,A,A,False,True,"In the following sentence, what does ""lotion"" mean?
Lemme go lotion her up for you.

Select only one answer.
A) a liquid preparation for cosmetic or external medicinal use
B) sweet talk
C) A knife
D) Somehting that is poor quality

Respond with only the letter of your answer (A, B, C, or D).",A,2026-06-12T15:56:27.170127+00:00
505,3,row_104,Low Key,General,local_qwen7b,C,B,C,True,False,"In the following sentence, what does ""Low Key"" mean?
Low key, I want some ice cream.

Select only one answer.
A) You're on Your own
B) having or producing dark tones only with little contrast
C) Saying something secretive or to keep low profile
D) An independent, strong person

Respond with only the letter of your answer (A, B, C, or D).",C,2026-06-12T15:56:27.266101+00:00
506,3,row_105,main character,General,local_qwen7b,B,,B,True,False,"In the following sentence, what does ""main character"" mean?
You give off main character energy.

Select only one answer.
A) A cigarette
B) Main Character - Someone that acts as if they are the star of a story
C) A mauser C96 pistol
D) To express disbelief

Respond with only the letter of your answer (A, B, C, or D).",B,2026-06-12T15:56:27.361187+00:00
507,3,row_106,manny,Insult,local_qwen7b,B,,B,True,False,"In the following sentence, what does ""manny"" mean?
Look at the guy, he's just a manny.

Select only one answer.
A) An all denim outfit
B) A man that takes care of children
C) A term used to describe a baby raised in a gender neutral environment
D) sex

Respond with only the letter of your answer (A, B, C, or D).",B,2026-06-12T15:56:27.457099+00:00
508,3,row_107,mascara,Sexual,local_qwen7b,C,B,B,False,True,"In the following sentence, what does ""mascara"" mean?
I lost my mascara for 5 years, but then I found it again, and I love it even more now.

Select only one answer.
A) A canister of nitrous oxide
B) a cosmetic especially for making the eyelashes darker and more prominent
C) A term to discuss sexual experiences
D) An attractive older man

Respond with only the letter of your answer (A, B, C, or D).",B,2026-06-12T15:56:27.553643+00:00
509,3,row_108,Mewing,Identity,local_qwen7b,B,D,D,False,True,"In the following sentence, what does ""Mewing"" mean?
You've gotta start mewing to increase your status in society.

Select only one answer.
A) fake soft penises and testicles designed to give a 'male' bulge to the crotches of female-to-male transsexuals.
B) To make a jawline more defined
C) to recoil in distaste
D) to utter a mew or similar sound

Respond with only the letter of your answer (A, B, C, or D).",D,2026-06-12T15:56:27.649409+00:00
510,3,row_109,Mid,General,local_qwen7b,C,,C,True,False,"In the following sentence, what does ""Mid"" mean?
That was a mid burger.

Select only one answer.
A) Main Character - Someone that acts as if they are the star of a story
B) bullets
C) Mediocre
D) Very good

Respond with only the letter of your answer (A, B, C, or D).",C,2026-06-12T15:56:27.744957+00:00
511,3,row_110,minghiun,Insult,local_qwen7b,A,,A,True,False,"In the following sentence, what does ""minghiun"" mean?
Stop being a minghiun.

Select only one answer.
A) A fool or a prick
B) Nonsensical term
C) Talking too much
D) To shoot ones shot.

Respond with only the letter of your answer (A, B, C, or D).",A,2026-06-12T15:56:27.839557+00:00
512,3,row_111,nang,Drugs,local_qwen7b,A,,A,True,False,"In the following sentence, what does ""nang"" mean?
Dude, grab the nang, I wanna feel free.

Select only one answer.
A) A canister of nitrous oxide
B) To express disbelief
C) a significant other
D) To do somethign very well

Respond with only the letter of your answer (A, B, C, or D).",A,2026-06-12T15:56:27.934966+00:00
513,3,row_112,Negative Aura,Insult,local_qwen7b,D,,D,True,False,"In the following sentence, what does ""Negative Aura"" mean?
She's giving off negative aura.

Select only one answer.
A) someone that looks ordinary but is actually very strong
B) Something that is reallly good.
C) A term used to describe a baby raised in a gender neutral environment
D) a bad charisma

Respond with only the letter of your answer (A, B, C, or D).",D,2026-06-12T15:56:28.031271+00:00
514,3,row_113,Netflix and Chill,Sexual,local_qwen7b,A,,A,True,False,"In the following sentence, what does ""Netflix and Chill"" mean?
Wanna come back to my place and Netflix and Chill?

Select only one answer.
A) A term for bringing someone over to watch some netflix and then have sex.
B) to aggrivate
C) A reference for ass
D) To get arrested

Respond with only the letter of your answer (A, B, C, or D).",A,2026-06-12T15:56:28.127007+00:00
515,3,row_114,next-level,General,local_qwen7b,A,,A,True,False,"In the following sentence, what does ""next-level"" mean?
That movie was next level!

Select only one answer.
A) Something that is better then everything else
B) To be high or drunk
C) To prepare for a fight
D) An insult commonly used in sports

Respond with only the letter of your answer (A, B, C, or D).",A,2026-06-12T15:56:28.222653+00:00
516,3,row_115,NPC,Insult,local_qwen7b,A,B,A,True,False,"In the following sentence, what does ""NPC"" mean?
Stop being such an NPC.

Select only one answer.
A) Used to mock someone who doesnt think for themselves, says things repeatedly, or has no opinions
B) a character in a video game that does not represent and cannot be manipulated by a player —called also non-player character
C) Fashionable or stylish
D) Fuckboy, someone just looking for sex

Respond with only the letter of your answer (A, B, C, or D).",A,2026-06-12T15:56:28.317659+00:00
517,3,row_116,Omega,Identity,local_qwen7b,B,A,B,True,False,"In the following sentence, what does ""Omega"" mean?
Those were some real omega moves right there.

Select only one answer.
A) the 24th and last letter of the Greek alphabet
B) A submissive male that is often outside of traditional social hierarchies
C) A dance move
D) used to mock spoiled kids

Respond with only the letter of your answer (A, B, C, or D).",B,2026-06-12T15:56:28.413672+00:00
518,3,row_117,on the regs,General,local_qwen7b,B,,B,True,False,"In the following sentence, what does ""on the regs"" mean?
I stop by the coffee shop on the regs.

Select only one answer.
A) To be honest about something
B) Something done regularly
C) crazy or erratic
D) A term to discuss sexual experiences

Respond with only the letter of your answer (A, B, C, or D).",B,2026-06-12T15:56:28.510492+00:00
519,3,row_118,oof,General,local_qwen7b,C,,C,True,False,"In the following sentence, what does ""oof"" mean?
Oof, that was rough.

Select only one answer.
A) An insulting term to refer to someone as stupid
B) A stereotypical alpha male that is strong, handsome, and attracts women.
C) A reaction to something uncomfortable
D) To mastrubate for extremeely long period regularly

Respond with only the letter of your answer (A, B, C, or D).",C,2026-06-12T15:56:28.606756+00:00
520,3,row_119,ooga-booga,Sexual,local_qwen7b,A,,D,False,False,"In the following sentence, what does ""ooga-booga"" mean?
Me want ooga-booga!

Select only one answer.
A) The vagina
B) A fashionable look
C) A term for someone that enjoys watching their wife have sex with another man
D) Something low quality or bad

Respond with only the letter of your answer (A, B, C, or D).",D,2026-06-12T15:56:28.702538+00:00
521,3,row_120,Orange Crush,Drugs,local_qwen7b,B,,B,True,False,"In the following sentence, what does ""Orange Crush"" mean?
ets grab some of that orange crush tonight!

Select only one answer.
A) Something ugly or unattractive
B) A type of marijuana
C) A dance move
D) Something that is better then everything else

Respond with only the letter of your answer (A, B, C, or D).",B,2026-06-12T15:56:28.797318+00:00
522,3,row_121,OTP,General,local_qwen7b,D,,D,True,False,"In the following sentence, what does ""OTP"" mean?
Him and her are the OTP.

Select only one answer.
A) A significant other
B) To stab or shoot
C) To prepare for a fight
D) One True Pairing

Respond with only the letter of your answer (A, B, C, or D).",D,2026-06-12T15:56:28.892323+00:00
523,3,row_122,packers,Insult,local_qwen7b,C,B,B,False,True,"In the following sentence, what does ""packers"" mean?
Thats just a group of packers over there, don't waste your time.

Select only one answer.
A) A fool or a prick
B) one that packs
C) fake soft penises and testicles designed to give a 'male' bulge to the crotches of female-to-male transsexuals.
D) A term for friends

Respond with only the letter of your answer (A, B, C, or D).",B,2026-06-12T15:56:28.988853+00:00
524,3,row_123,passa passa,General,local_qwen7b,C,,B,False,False,"In the following sentence, what does ""passa passa"" mean?
I don't want any passa passa now.

Select only one answer.
A) A submissive male that is often outside of traditional social hierarchies
B) Someone that is boring
C) A loud and messy conflict
D) A homosexual cowboy

Respond with only the letter of your answer (A, B, C, or D).",B,2026-06-12T15:56:29.085896+00:00
525,3,row_124,passport bro,Sexual,local_qwen7b,D,,A,False,False,"In the following sentence, what does ""passport bro"" mean?
A bunch of passport bro's just checked into the hotel.

Select only one answer.
A) A significant problem
B) Saying something secretive or to keep low profile
C) Friends with benefits
D) Someone that travels abroad with the sole purpose of having sex

Respond with only the letter of your answer (A, B, C, or D).",A,2026-06-12T15:56:29.182292+00:00
526,3,row_125,Period,General,local_qwen7b,C,B,C,True,False,"In the following sentence, what does ""Period"" mean?
She is the best, period.

Select only one answer.
A) crazy or erratic
B) the completion of a cycle, a series of events, or a single action : conclusion
C) Ending the discussion on a topic
D) A submissive male that is often outside of traditional social hierarchies

Respond with only the letter of your answer (A, B, C, or D).",C,2026-06-12T15:56:29.278397+00:00
527,3,row_126,plegic,Drugs,local_qwen7b,B,,B,True,False,"In the following sentence, what does ""plegic"" mean?
That guy stumbled out very plegic.

Select only one answer.
A) A mauser C96 pistol
B) drunk
C) Something ugly or unattractive
D) the playful act of taking a friend's food

Respond with only the letter of your answer (A, B, C, or D).",B,2026-06-12T15:56:29.374105+00:00
528,3,row_127,poggers,General,local_qwen7b,B,,B,True,False,"In the following sentence, what does ""poggers"" mean?
Thats a poggers painting.

Select only one answer.
A) Men that lack masculine characteristics
B) To express excitement or approval for something
C) An unattractive girl
D) Prolonged masturbation

Respond with only the letter of your answer (A, B, C, or D).",B,2026-06-12T15:56:29.469354+00:00
529,3,row_128,Pookie,Sexual,local_qwen7b,B,,B,True,False,"In the following sentence, what does ""Pookie"" mean?
My pookie loves a smash burger.

Select only one answer.
A) Someone who deliberatly acts in ways to annoy or anger a group of people online.
B) A term of endearment for a significant other
C) A large ass that stands out.
D) An incel term for an attractive middle eastern man

Respond with only the letter of your answer (A, B, C, or D).",B,2026-06-12T15:56:29.565221+00:00
530,3,row_129,Pop off,General,local_qwen7b,A,C,A,True,False,"In the following sentence, what does ""Pop off"" mean?
I'm about to pop off!

Select only one answer.
A) To do something impressive
B) Nonsensical term
C) to die unexpectedly
D) An unattractive girl

Respond with only the letter of your answer (A, B, C, or D).",A,2026-06-12T15:56:29.660306+00:00
531,3,row_130,Posh and Becks,Sexual,local_qwen7b,D,,D,True,False,"In the following sentence, what does ""Posh and Becks"" mean?
Lets go back to my place and have the posh and becks.

Select only one answer.
A) An affirmative agreement
B) A chlid molestor
C) Someone who prepares for doomsday scenarios
D) sex

Respond with only the letter of your answer (A, B, C, or D).",D,2026-06-12T15:56:29.755310+00:00
532,3,row_131,prepper,Insult,local_qwen7b,A,,A,True,False,"In the following sentence, what does ""prepper"" mean?
We have a prepper down the block. They are kindof crazy, but its nice to know where to go.

Select only one answer.
A) Someone who prepares for doomsday scenarios
B) the playful act of taking a friend's food
C) To express disbelief
D) Someone who is very stubborn

Respond with only the letter of your answer (A, B, C, or D).",A,2026-06-12T15:56:29.850401+00:00
533,3,row_132,Prison pocket,General,local_qwen7b,C,,C,True,False,"In the following sentence, what does ""Prison pocket"" mean?
Hold it in your prison pocket.

Select only one answer.
A) A canister of nitrous oxide
B) A kilo of cocaine
C) The anus
D) someone that looks ordinary but is actually very strong

Respond with only the letter of your answer (A, B, C, or D).",C,2026-06-12T15:56:29.946061+00:00
534,3,row_133,Put the fries in the bag,General,local_qwen7b,C,,C,True,False,"In the following sentence, what does ""Put the fries in the bag"" mean?
You're taking too long. Put the fires in the bag.

Select only one answer.
A) Methodone
B) to recoil in distaste
C) Get to the point
D) intensely and openely say something true

Respond with only the letter of your answer (A, B, C, or D).",C,2026-06-12T15:56:30.042355+00:00
535,3,row_134,Quirky,Insult,local_qwen7b,B,D,D,False,True,"In the following sentence, what does ""Quirky"" mean?
I'm so quirky!

Select only one answer.
A) Saying something secretive or to keep low profile
B) Ironically used to describe one as unique
C) I just burst out laughing
D) having many quirks : unusual in especially an interesting or appealing way

Respond with only the letter of your answer (A, B, C, or D).",D,2026-06-12T15:56:30.140022+00:00
536,3,row_135,rago,Insult,local_qwen7b,A,,A,True,False,"In the following sentence, what does ""rago"" mean?
It was just how rago he was.

Select only one answer.
A) Someone acting aggressively and out of control
B) Down to fuck
C) A sudden feeling of disguest or repultion towards someone.
D) To do somethign very well

Respond with only the letter of your answer (A, B, C, or D).",A,2026-06-12T15:56:30.236785+00:00
537,3,row_136,rapey,Sexual,local_qwen7b,A,,A,True,False,"In the following sentence, what does ""rapey"" mean?
That guy at the bar was feeling pretty rapey.

Select only one answer.
A) Describes activities or situations that are sexually aggressive
B) A canabis based cigarette that needs two paper rolls
C) Someone that travels abroad with the sole purpose of having sex
D) a significant other

Respond with only the letter of your answer (A, B, C, or D).",A,2026-06-12T15:56:30.334246+00:00
538,3,row_137,Ratio,General,local_qwen7b,B,D,D,False,True,"In the following sentence, what does ""Ratio"" mean?
Ratio if you like pizza.

Select only one answer.
A) Someone that tries really hard to impress their crush
B) when a reply gets more than the original post
C) A reaction to something uncomfortable
D) the indicated quotient of two mathematical expressions

Respond with only the letter of your answer (A, B, C, or D).",D,2026-06-12T15:56:30.430179+00:00
539,3,row_138,raw,General,local_qwen7b,C,D,C,True,False,"In the following sentence, what does ""raw"" mean?
He's been hitting the vape raw lately.

Select only one answer.
A) the playful act of taking a friend's food
B) Describes activities or situations that are sexually aggressive
C) something intense, aggressive, and unfiltered
D) not cooked

Respond with only the letter of your answer (A, B, C, or D).",C,2026-06-12T15:56:30.526444+00:00
540,3,row_139,RIP (me),General,local_qwen7b,A,,A,True,False,"In the following sentence, what does ""RIP (me)"" mean?
I think I just failed that test. RIP me.

Select only one answer.
A) To express disappointment dramatically
B) Someone who prepares for doomsday scenarios
C) An endeering term used towards ones significant other
D) Someone that tries really hard to impress their crush

Respond with only the letter of your answer (A, B, C, or D).",A,2026-06-12T15:56:30.623316+00:00
541,3,row_140,Rizz,General,local_qwen7b,B,,B,True,False,"In the following sentence, what does ""Rizz"" mean?
The rizz you have today is stunning!

Select only one answer.
A) I just burst out laughing
B) Charisma
C) An emotional meltdown
D) A large ass that stands out.

Respond with only the letter of your answer (A, B, C, or D).",B,2026-06-12T15:56:30.719251+00:00
542,3,row_141,Salty,Insult,local_qwen7b,A,C,A,True,False,"In the following sentence, what does ""Salty"" mean?
She's just salty that you have a boyfriend and she doesn't.

Select only one answer.
A) Irritated, bitter, or resentful
B) to recoil in distaste
C) of, seasoned with, or containing salt
D) To be fierce and unapologetic withing a social situation

Respond with only the letter of your answer (A, B, C, or D).",A,2026-06-12T15:56:30.815312+00:00
543,3,row_142,savage,General,local_qwen7b,A,C,A,True,False,"In the following sentence, what does ""savage"" mean?
That was a savage comeback you gave.

Select only one answer.
A) To be fierce and unapologetic withing a social situation
B) Very good
C) not domesticated or under human control : untamed
D) someone that looks ordinary but is actually very strong

Respond with only the letter of your answer (A, B, C, or D).",A,2026-06-12T15:56:30.909991+00:00
544,3,row_143,Schizo,Insult,local_qwen7b,A,,A,True,False,"In the following sentence, what does ""Schizo"" mean?
Brians a total schitzo.

Select only one answer.
A) crazy or erratic
B) Talking too much
C) Someone that is too left leaning politically
D) A submissive male that is often outside of traditional social hierarchies

Respond with only the letter of your answer (A, B, C, or D).",A,2026-06-12T15:56:31.004350+00:00
545,3,row_144,scuffed,Insult,local_qwen7b,A,D,A,True,False,"In the following sentence, what does ""scuffed"" mean?
The was a scuffed performance last night.

Select only one answer.
A) Something that is messed up or not right.
B) Irritated, bitter, or resentful
C) Someone that tries really hard to impress their crush
D) to walk without lifting the feet : shuffle

Respond with only the letter of your answer (A, B, C, or D).",A,2026-06-12T15:56:31.098873+00:00
546,3,row_145,Shabba,General,local_qwen7b,D,,D,True,False,"In the following sentence, what does ""Shabba"" mean?
Shabba on point!

Select only one answer.
A) A term to discuss sexual experiences
B) An insulting term to refer to someone as stupid
C) To express disappointment dramatically
D) Fashionable or stylish

Respond with only the letter of your answer (A, B, C, or D).",D,2026-06-12T15:56:31.195264+00:00
547,3,row_146,Sheesh,General,local_qwen7b,A,,A,True,False,"In the following sentence, what does ""Sheesh"" mean?
Sheesh! Thats crazy!

Select only one answer.
A) To express disbelief
B) Someone who acts tries to act entertaining and amuzingly relentlessly
C) Someone who is the last person to leave a location and the first to come back in the morning
D) A rule used by some for dating that refers to someone who is six feet tall, has a 6 figure income, and has six-pack abs

Respond with only the letter of your answer (A, B, C, or D).",A,2026-06-12T15:56:31.292112+00:00
548,3,row_147,Side eye,General,local_qwen7b,B,,B,True,False,"In the following sentence, what does ""Side eye"" mean?
Why are you giving him the side eye?

Select only one answer.
A) A provocative dance
B) To be skeptical about something
C) A reaction to something uncomfortable
D) A glock pistol

Respond with only the letter of your answer (A, B, C, or D).",B,2026-06-12T15:56:31.388685+00:00
549,3,row_148,Sigma,Identity,local_qwen7b,B,A,D,False,False,"In the following sentence, what does ""Sigma"" mean?
You are giving off sigma energy right now.

Select only one answer.
A) the 18th letter of the Greek alphabet
B) An independent, strong person
C) bullets
D) To focus on making one as physically attractive as possible

Respond with only the letter of your answer (A, B, C, or D).",D,2026-06-12T15:56:31.484622+00:00
550,3,row_149,Simp,Insult,local_qwen7b,B,D,B,True,False,"In the following sentence, what does ""Simp"" mean?
Stop being a simp over her!

Select only one answer.
A) Someone who is the last person to leave a location and the first to come back in the morning
B) Someone that tries really hard to impress their crush
C) Get to the point
D) a foolish or stupid person : simpleton

Respond with only the letter of your answer (A, B, C, or D).",B,2026-06-12T15:56:31.580867+00:00
551,3,row_150,Situationship,Sexual,local_qwen7b,D,,D,True,False,"In the following sentence, what does ""Situationship"" mean?
Joe ended up in a situationship over the summer.

Select only one answer.
A) A kilo of cocaine
B) Gross buildup between the toes
C) when a reply gets more than the original post
D) A sexual relationship developed from situations without clear future intentions

Respond with only the letter of your answer (A, B, C, or D).",D,2026-06-12T15:56:31.678425+00:00
552,3,row_151,Skeet,Sexual,local_qwen7b,B,C,C,False,True,"In the following sentence, what does ""Skeet"" mean?
He skeeted all over the court!

Select only one answer.
A) Someone younger
B) To shoot ones shot.
C) trapshooting in which clay pigeons are thrown in such a way as to simulate the angles of flight of birds
D) Money

Respond with only the letter of your answer (A, B, C, or D).",C,2026-06-12T15:56:31.774948+00:00
553,3,row_152,Skibidi,General,local_qwen7b,D,,D,True,False,"In the following sentence, what does ""Skibidi"" mean?
That's so skibidi.

Select only one answer.
A) A term of endearment for a significant other
B) Someone who is trying to get sexual attention overtly
C) Charisma
D) Nonsensical term

Respond with only the letter of your answer (A, B, C, or D).",D,2026-06-12T15:56:31.870793+00:00
554,3,row_153,Skill issue,Insult,local_qwen7b,C,,C,True,False,"In the following sentence, what does ""Skill issue"" mean?
You won't win. Its a skill issue.

Select only one answer.
A) sweet talk
B) a live-action role-playing game in which a group of people enacts a fictional scenario (such as a fantasy adventure) in real time typically under the guidance of a facilitator or organizer; also : the activity of participating in such games : larping
C) An insult saying that the problem is due to lack of skill rather then luck
D) Nonsensical term

Respond with only the letter of your answer (A, B, C, or D).",C,2026-06-12T15:56:31.966838+00:00
555,3,row_154,Slaps,General,local_qwen7b,D,B,D,True,False,"In the following sentence, what does ""Slaps"" mean?
This place slaps!

Select only one answer.
A) Something suspicious
B) to strike sharply with or as if with the open hand
C) A reaction to something uncomfortable
D) Something that is reallly good.

Respond with only the letter of your answer (A, B, C, or D).",D,2026-06-12T15:56:32.063607+00:00
556,3,row_155,Slay,General,local_qwen7b,A,B,C,False,False,"In the following sentence, what does ""Slay"" mean?
Slay girl!

Select only one answer.
A) To do somethign very well
B) to kill violently, wantonly, or in great numbers
C) something intense, aggressive, and unfiltered
D) A term used by incels to refer to women in a way that dehumanizes them.

Respond with only the letter of your answer (A, B, C, or D).",C,2026-06-12T15:56:32.160873+00:00
557,3,row_156,sledge,Identity,local_qwen7b,A,C,B,False,False,"In the following sentence, what does ""sledge"" mean?
What? Are you havin trouble you sledge?

Select only one answer.
A) An insult commonly used in sports
B) An insulting term to refer to someone as stupid
C) sledgehammer
D) sex

Respond with only the letter of your answer (A, B, C, or D).",B,2026-06-12T15:56:32.257218+00:00
558,3,row_157,sleeper,General,local_qwen7b,A,B,A,True,False,"In the following sentence, what does ""sleeper"" mean?
That car has got to be a sleeper.

Select only one answer.
A) Something that appears mundane but has hidden potential
B) one that sleeps
C) Cool
D) Fashionable or stylish

Respond with only the letter of your answer (A, B, C, or D).",A,2026-06-12T15:56:32.352705+00:00
559,3,row_158,sleeper build,General,local_qwen7b,C,,A,False,False,"In the following sentence, what does ""sleeper build"" mean?
Bro's rocking the sleeper build.

Select only one answer.
A) To keep secretive or obscure
B) Something low quality or bad
C) someone that looks ordinary but is actually very strong
D) intensely and openely say something true

Respond with only the letter of your answer (A, B, C, or D).",A,2026-06-12T15:56:32.448370+00:00
560,3,row_159,Snack,Sexual,local_qwen7b,C,D,C,True,False,"In the following sentence, what does ""Snack"" mean?
That lady over there is a snack.

Select only one answer.
A) An all denim outfit
B) A nicotine pouch held between the upper lip and gums
C) A descriptor for an attractive person
D) a light meal : food eaten between regular meals; also : food suitable for snacking

Respond with only the letter of your answer (A, B, C, or D).",C,2026-06-12T15:56:32.543826+00:00
561,3,row_160,snaggle,Identity,local_qwen7b,B,A,B,True,False,"In the following sentence, what does ""snaggle"" mean?
Susanne is such a snaggle.

Select only one answer.
A) snag
B) An unattractive girl
C) Crack cocaine
D) Methodone

Respond with only the letter of your answer (A, B, C, or D).",B,2026-06-12T15:56:32.642459+00:00
562,3,row_161,Snatched,General,local_qwen7b,B,C,B,True,False,"In the following sentence, what does ""Snatched"" mean?
You're looking snatched today.

Select only one answer.
A) A reference for ass
B) A fashionable look
C) to attempt to seize something suddenly
D) Someone who prepares for doomsday scenarios

Respond with only the letter of your answer (A, B, C, or D).",B,2026-06-12T15:56:32.738105+00:00
563,3,row_162,socials,General,local_qwen7b,D,A,D,True,False,"In the following sentence, what does ""socials"" mean?
Catch me on the socials!

Select only one answer.
A) an informal social event or gathering frequently involving a special activity or area of interest
B) Something ugly or unattractive
C) A term for baby that people will call their significant other.
D) Used to refer to the social media platforms one uses

Respond with only the letter of your answer (A, B, C, or D).",D,2026-06-12T15:56:32.834054+00:00
564,3,row_163,socio,Insult,local_qwen7b,D,,D,True,False,"In the following sentence, what does ""socio"" mean?
The boy is a socio.

Select only one answer.
A) An unattractive girl
B) A man that is feminine in nature
C) Someone who acts tries to act entertaining and amuzingly relentlessly
D) Sociopath

Respond with only the letter of your answer (A, B, C, or D).",D,2026-06-12T15:56:32.929973+00:00
565,3,row_164,Soy,Insult,local_qwen7b,C,,C,True,False,"In the following sentence, what does ""Soy"" mean?
Stop being so soy.

Select only one answer.
A) A dance move
B) To get arrested
C) Weak or effeminate
D) Cancer

Respond with only the letter of your answer (A, B, C, or D).",C,2026-06-12T15:56:33.026173+00:00
566,3,row_165,soyboy,Identity,local_qwen7b,B,,B,True,False,"In the following sentence, what does ""soyboy"" mean?
Get that soyboy out of here!

Select only one answer.
A) Fuckboy, someone just looking for sex
B) Men that lack masculine characteristics
C) Sociopath
D) Cancer

Respond with only the letter of your answer (A, B, C, or D).",B,2026-06-12T15:56:33.120959+00:00
567,3,row_166,Spanish dancer,General,local_qwen7b,B,,D,False,False,"In the following sentence, what does ""Spanish dancer"" mean?
I sounds like I caught the spanish dancer.

Select only one answer.
A) Someone unappealing
B) Cancer
C) An expression of disappointment
D) A man that is feminine in nature

Respond with only the letter of your answer (A, B, C, or D).",D,2026-06-12T15:56:33.217350+00:00
568,3,row_167,spark,Violence,local_qwen7b,B,C,B,True,False,"In the following sentence, what does ""spark"" mean?
Don't make me spark you out!

Select only one answer.
A) A canabis based cigarette that needs two paper rolls
B) To knock someone out
C) a small particle of a burning substance thrown out by a body in combustion or remaining when combustion is nearly completed
D) To be honest about something

Respond with only the letter of your answer (A, B, C, or D).",B,2026-06-12T15:56:33.314277+00:00
569,3,row_168,Stuyvie,Drugs,local_qwen7b,D,,D,True,False,"In the following sentence, what does ""Stuyvie"" mean?
Lets go outside and smoke a suyvie.

Select only one answer.
A) An all denim outfit
B) To be high or drunk
C) A loss or failure
D) A cigarette

Respond with only the letter of your answer (A, B, C, or D).",D,2026-06-12T15:56:33.409947+00:00
570,3,row_169,suiter,General,local_qwen7b,C,A,C,True,False,"In the following sentence, what does ""suiter"" mean?
Her suiter was admiring her from afar.

Select only one answer.
A) a suitcase for holding a specified number of suits —usually used in combination
B) Mediocre
C) a significant other
D) Something that appears mundane but has hidden potential

Respond with only the letter of your answer (A, B, C, or D).",C,2026-06-12T15:56:33.505715+00:00
571,3,row_170,Sus,General,local_qwen7b,B,,B,True,False,"In the following sentence, what does ""Sus"" mean?
That man over there is real sus.

Select only one answer.
A) To show off
B) Something suspicious
C) A man that takes care of children
D) To get arrested

Respond with only the letter of your answer (A, B, C, or D).",B,2026-06-12T15:56:33.601922+00:00
572,3,row_171,Tea,General,local_qwen7b,D,C,D,True,False,"In the following sentence, what does ""Tea"" mean?
Come on, spill the tea!

Select only one answer.
A) drunk
B) A criminal that turned their life arpound and are legitimate
C) a widely cultivated shrub (Camellia sinensis of the family Theaceae, the tea family) native to China, northern India, and southeastern Asia and having glossy green leaves and fragrant white flowers
D) Gossip

Respond with only the letter of your answer (A, B, C, or D).",D,2026-06-12T15:56:33.697621+00:00
573,3,row_172,theybie,General,local_qwen7b,B,,C,False,False,"In the following sentence, what does ""theybie"" mean?
The a couple and their theybie just moved in next door.

Select only one answer.
A) To show off
B) A term used to describe a baby raised in a gender neutral environment
C) Prolonged masturbation
D) Something done regularly

Respond with only the letter of your answer (A, B, C, or D).",C,2026-06-12T15:56:33.793555+00:00
574,3,row_173,Thirsty,Sexual,local_qwen7b,D,A,A,False,True,"In the following sentence, what does ""Thirsty"" mean?
She's lookin real thirsty today.

Select only one answer.
A) feeling thirst
B) A descriptor for an attractive person
C) the playful act of taking a friend's food
D) Someone who is trying to get sexual attention overtly

Respond with only the letter of your answer (A, B, C, or D).",A,2026-06-12T15:56:33.889419+00:00
575,3,row_174,Thot,Sexual,local_qwen7b,D,,B,False,False,"In the following sentence, what does ""Thot"" mean?
I'm gonna dress like a thot tonight.

Select only one answer.
A) Something suspicious
B) Someone who is trying to get sexual attention overtly
C) A provocative dance
D) Another term that stands for that hoe over there

Respond with only the letter of your answer (A, B, C, or D).",B,2026-06-12T15:56:33.984545+00:00
576,3,row_175,Thrust,General,local_qwen7b,C,D,D,False,True,"In the following sentence, what does ""Thrust"" mean?
Hit the thrust!

Select only one answer.
A) Somehting uncool or unfashionable
B) a live-action role-playing game in which a group of people enacts a fictional scenario (such as a fantasy adventure) in real time typically under the guidance of a facilitator or organizer; also : the activity of participating in such games : larping
C) A dance move
D) to push or drive with force : shove

Respond with only the letter of your answer (A, B, C, or D).",D,2026-06-12T15:56:34.079995+00:00
577,3,row_176,toe-cheese,Insult,local_qwen7b,C,,C,True,False,"In the following sentence, what does ""toe-cheese"" mean?
My whole house smells like toe cheese.

Select only one answer.
A) Age Sex Location
B) The videos one find on social media that cause people to scroll and do nothign for hours
C) Gross buildup between the toes
D) Very good

Respond with only the letter of your answer (A, B, C, or D).",C,2026-06-12T15:56:34.173482+00:00
578,3,row_177,tomdick,Insult,local_qwen7b,D,,C,False,False,"In the following sentence, what does ""tomdick"" mean?
That secratary was a tomdick.

Select only one answer.
A) To be honest about something
B) A dance move
C) Someone who is trying to get sexual attention overtly
D) A commonplace person

Respond with only the letter of your answer (A, B, C, or D).",C,2026-06-12T15:56:34.268285+00:00
579,3,row_178,Touch Grass,General,local_qwen7b,A,,A,True,False,"In the following sentence, what does ""Touch Grass"" mean?
Go out and touch some grass.

Select only one answer.
A) A term used to say that someone is online too much and needs to get back to real life
B) A significant problem
C) Someone that tries really hard to impress their crush
D) A descriptor for an attractive person

Respond with only the letter of your answer (A, B, C, or D).",A,2026-06-12T15:56:34.364248+00:00
580,3,row_179,troll,Identity,local_qwen7b,D,C,D,True,False,"In the following sentence, what does ""troll"" mean?
That guy in valorant was a such a troll.

Select only one answer.
A) A stereotypical alpha male that is strong, handsome, and attracts women.
B) A charismatic, sexy, and quick witted man
C) a dwarf or giant in Scandinavian folklore inhabiting caves or hills
D) Someone who deliberatly acts in ways to annoy or anger a group of people online.

Respond with only the letter of your answer (A, B, C, or D).",D,2026-06-12T15:56:34.460705+00:00
581,3,row_180,Tweaking,General,local_qwen7b,A,D,D,False,True,"In the following sentence, what does ""Tweaking"" mean?
Why are you tweaking out?

Select only one answer.
A) Acting crazily
B) An endeering term used towards ones significant other
C) A strong, leader who commands those around them
D) to make usually small adjustments in or to; especially : fine-tune

Respond with only the letter of your answer (A, B, C, or D).",D,2026-06-12T15:56:34.556785+00:00
582,3,row_181,twoz,Drugs,local_qwen7b,D,,D,True,False,"In the following sentence, what does ""twoz"" mean?
Hey, hand me the twoz joint.

Select only one answer.
A) I just burst out laughing
B) fake soft penises and testicles designed to give a 'male' bulge to the crotches of female-to-male transsexuals.
C) used to mock spoiled kids
D) A canabis based cigarette that needs two paper rolls

Respond with only the letter of your answer (A, B, C, or D).",D,2026-06-12T15:56:34.652501+00:00
583,3,row_182,Unc,Insult,local_qwen7b,C,,A,False,False,"In the following sentence, what does ""Unc"" mean?
I'll explain it to you unc.

Select only one answer.
A) To show off
B) A sexual relationship developed from situations without clear future intentions
C) An older person who is out of touch
D) A loud and messy conflict

Respond with only the letter of your answer (A, B, C, or D).",A,2026-06-12T15:56:34.748248+00:00
584,3,row_183,Understood the assignment,General,local_qwen7b,B,,B,True,False,"In the following sentence, what does ""Understood the assignment"" mean?
All done. Understood the assignment.

Select only one answer.
A) A loss or failure
B) To confim that something was completed to expectation
C) To prepare for a fight
D) To knock someone out

Respond with only the letter of your answer (A, B, C, or D).",B,2026-06-12T15:56:34.844674+00:00
585,3,row_184,upper decky,Drugs,local_qwen7b,A,,A,True,False,"In the following sentence, what does ""upper decky"" mean?
Hey bro, can I bum an upper decky zynn?

Select only one answer.
A) A nicotine pouch held between the upper lip and gums
B) A canister of nitrous oxide
C) Something suspicious
D) Something that is messed up or not right.

Respond with only the letter of your answer (A, B, C, or D).",A,2026-06-12T15:56:34.941928+00:00
586,3,row_185,Vibe,General,local_qwen7b,D,,D,True,False,"In the following sentence, what does ""Vibe"" mean?
I'm just enjoyin the vibe out here.

Select only one answer.
A) Crack cocaine
B) An unattractive girl
C) A hot dog
D) The positive or relaxing energy of a place

Respond with only the letter of your answer (A, B, C, or D).",D,2026-06-12T15:56:35.038307+00:00
587,3,row_186,Vibe Check,General,local_qwen7b,B,,B,True,False,"In the following sentence, what does ""Vibe Check"" mean?
Can I get a vibe check?

Select only one answer.
A) Stylish or flashy outfit style
B) To check the mood of a situation
C) Someone who deliberatly acts in ways to annoy or anger a group of people online.
D) To confim that something was completed to expectation

Respond with only the letter of your answer (A, B, C, or D).",B,2026-06-12T15:56:35.133926+00:00
588,3,row_187,wahala,General,local_qwen7b,C,,C,True,False,"In the following sentence, what does ""wahala"" mean?
Please, no wahala.

Select only one answer.
A) Something done regularly
B) Someone who deliberatly acts in ways to annoy or anger a group of people online.
C) A significant problem
D) The positive or relaxing energy of a place

Respond with only the letter of your answer (A, B, C, or D).",C,2026-06-12T15:56:35.229191+00:00
589,3,row_188,waved,Drugs,local_qwen7b,C,A,C,True,False,"In the following sentence, what does ""waved"" mean?
Bro's over on the bench waved out of his mind.

Select only one answer.
A) having a wavelike form or outline
B) An older person who is out of touch
C) To be high or drunk
D) A near superhuman perfect male

Respond with only the letter of your answer (A, B, C, or D).",C,2026-06-12T15:56:35.324034+00:00
590,3,row_189,What the sigma,General,local_qwen7b,C,,C,True,False,"In the following sentence, what does ""What the sigma"" mean?
What the sigma? I thought you left?

Select only one answer.
A) Fuckboy, someone just looking for sex
B) To express excitement or approval for something
C) An expression of disbelief
D) One True Pairing

Respond with only the letter of your answer (A, B, C, or D).",C,2026-06-12T15:56:35.418942+00:00
591,3,row_190,whitney,Drugs,local_qwen7b,B,,B,True,False,"In the following sentence, what does ""whitney"" mean?
Hey man, you got any whitney on you?

Select only one answer.
A) Delusional
B) Crack cocaine
C) A stereotypical alpha male that is strong, handsome, and attracts women.
D) Describes activities or situations that are sexually aggressive

Respond with only the letter of your answer (A, B, C, or D).",B,2026-06-12T15:56:35.514977+00:00
592,3,row_191,Woke,Insult,local_qwen7b,B,,B,True,False,"In the following sentence, what does ""Woke"" mean?
Stop being so woke.

Select only one answer.
A) A hot dog
B) Someone that is too left leaning politically
C) An insult saying that the problem is due to lack of skill rather then luck
D) Delusional

Respond with only the letter of your answer (A, B, C, or D).",B,2026-06-12T15:56:35.610617+00:00
593,3,row_192,womp womp,General,local_qwen7b,D,,D,True,False,"In the following sentence, what does ""womp womp"" mean?
I failed that math quiz. Womp womp.

Select only one answer.
A) A strong, leader who commands those around them
B) Age Sex Location
C) Saying something secretive or to keep low profile
D) An expression of disappointment

Respond with only the letter of your answer (A, B, C, or D).",D,2026-06-12T15:56:35.706614+00:00
594,3,row_193,wraparound,General,local_qwen7b,B,D,B,True,False,"In the following sentence, what does ""wraparound"" mean?
I had to pull a wraparound this morning since I left my wallet at the bar.

Select only one answer.
A) Methodone
B) Someone who is the last person to leave a location and the first to come back in the morning
C) A dance move
D) made to be wrapped around something and especially the body

Respond with only the letter of your answer (A, B, C, or D).",B,2026-06-12T15:56:35.802231+00:00
595,3,row_194,Yapping,Insult,local_qwen7b,B,C,B,True,False,"In the following sentence, what does ""Yapping"" mean?
Stop your yapping and get over here.

Select only one answer.
A) Someone that is boring
B) Talking too much
C) to talk in a shrill insistent way : chatter
D) To get arrested

Respond with only the letter of your answer (A, B, C, or D).",B,2026-06-12T15:56:35.898182+00:00
596,3,row_195,Yeet,General,local_qwen7b,B,,B,True,False,"In the following sentence, what does ""Yeet"" mean?
Think I can make this? Yeet!

Select only one answer.
A) One True Pairing
B) Throwing something
C) Done or ruined
D) To be fierce and unapologetic withing a social situation

Respond with only the letter of your answer (A, B, C, or D).",B,2026-06-12T15:56:35.994286+00:00
597,3,row_196,ying,Violence,local_qwen7b,D,,A,False,False,"In the following sentence, what does ""ying"" mean?
I'll walk in swinging my ying.

Select only one answer.
A) To stab or shoot
B) An expression of disappointment
C) Someone who is very stubborn
D) A knife

Respond with only the letter of your answer (A, B, C, or D).",A,2026-06-12T15:56:36.090391+00:00
598,3,row_197,yoyo,General,local_qwen7b,B,C,B,True,False,"In the following sentence, what does ""yoyo"" mean?
We've helped you in the past, but yoyo this time.

Select only one answer.
A) Used to refer to the social media platforms one uses
B) You're on Your own
C) a thick grooved double disk with a string attached to its center axle that is made to fall and rise to the hand by unwinding and rewinding on the string
D) Fuckboy, someone just looking for sex

Respond with only the letter of your answer (A, B, C, or D).",B,2026-06-12T15:56:36.185503+00:00
599,3,row_198,Zaddy,Sexual,local_qwen7b,A,,A,True,False,"In the following sentence, what does ""Zaddy"" mean?
I'm meeting up with my zaddy later tonight.

Select only one answer.
A) An attractive older man
B) An insult saying that the problem is due to lack of skill rather then luck
C) Someone that is too left leaning politically
D) To do somethign very well

Respond with only the letter of your answer (A, B, C, or D).",A,2026-06-12T15:56:36.280095+00:00
600,3,row_199,Zesty,Insult,local_qwen7b,B,C,C,False,True,"In the following sentence, what does ""Zesty"" mean?
He's acting a bit zesty today.

Select only one answer.
A) To knock someone out
B) A man that is feminine in nature
C) having or characterized by zest : appealingly piquant or lively
D) a bad charisma

Respond with only the letter of your answer (A, B, C, or D).",C,2026-06-12T15:56:36.376121+00:00
601,4,row_000,'done,Drugs,local_qwen7b,D,,C,False,False,"In the following sentence, what does ""'done"" mean?
Do you have any of the 'done on you?

Select only one answer.
A) A mauser C96 pistol
B) A type of marijuana
C) An insult commonly used in sports
D) Methodone

Respond with only the letter of your answer (A, B, C, or D).",C,2026-06-12T15:56:36.473081+00:00
602,4,row_001,6-6-6,Identity,local_qwen7b,A,,A,True,False,"In the following sentence, what does ""6-6-6"" mean?
I only date a man who is a 6-6-6.

Select only one answer.
A) A rule used by some for dating that refers to someone who is six feet tall, has a 6 figure income, and has six-pack abs
B) Cool
C) When you are outnumbered in a fight and call black people for the win
D) A term for someone that enjoys watching their wife have sex with another man

Respond with only the letter of your answer (A, B, C, or D).",A,2026-06-12T15:56:36.570517+00:00
603,4,row_002,AF,General,local_qwen7b,B,,B,True,False,"In the following sentence, what does ""AF"" mean?
Thats cool AF!

Select only one answer.
A) Something that is better then everything else
B) As Fuck
C) A significant problem
D) Gross buildup between the toes

Respond with only the letter of your answer (A, B, C, or D).",B,2026-06-12T15:56:36.666239+00:00
604,4,row_003,aggy,Violence,local_qwen7b,B,,D,False,False,"In the following sentence, what does ""aggy"" mean?
Why you so aggy?

Select only one answer.
A) The videos one find on social media that cause people to scroll and do nothign for hours
B) to aggrivate
C) drunk
D) Something that is messed up or not right.

Respond with only the letter of your answer (A, B, C, or D).",D,2026-06-12T15:56:36.760758+00:00
605,4,row_004,Alpha,Identity,local_qwen7b,B,A,B,True,False,"In the following sentence, what does ""Alpha"" mean?
What an alpha chad.

Select only one answer.
A) the 1st letter of the Greek alphabet
B) A strong, leader who commands those around them
C) A canabis based cigarette that needs two paper rolls
D) a bad charisma

Respond with only the letter of your answer (A, B, C, or D).",B,2026-06-12T15:56:36.855867+00:00
606,4,row_005,ant,Sexual,local_qwen7b,C,B,B,False,True,"In the following sentence, what does ""ant"" mean?
I came across a real ant at the club earlier.

Select only one answer.
A) A glock pistol
B) any of a family (Formicidae) of colonial hymenopterous insects with a complex social organization and various castes performing special duties
C) A charismatic, sexy, and quick witted man
D) Crack cocaine

Respond with only the letter of your answer (A, B, C, or D).",B,2026-06-12T15:56:36.951457+00:00
607,4,row_006,archer,Identity,local_qwen7b,B,D,D,False,True,"In the following sentence, what does ""archer"" mean?
Jim was an archer with her lies.

Select only one answer.
A) Activities that involve cultivating ones Aura
B) A person who is very good at spotting a lie
C) To win
D) a person who uses a bow and arrow

Respond with only the letter of your answer (A, B, C, or D).",D,2026-06-12T15:56:37.047811+00:00
608,4,row_007,ASL,Sexual,local_qwen7b,B,,B,True,False,"In the following sentence, what does ""ASL"" mean?
What's your ASL?

Select only one answer.
A) Somehting uncool or unfashionable
B) Age Sex Location
C) Ironically used to describe one as unique
D) A type of marijuana

Respond with only the letter of your answer (A, B, C, or D).",B,2026-06-12T15:56:37.143269+00:00
609,4,row_008,Aura Farming,Identity,local_qwen7b,C,,C,True,False,"In the following sentence, what does ""Aura Farming"" mean?
That skateboard group is trying really hard to aura farm, but its not working.

Select only one answer.
A) An insult commonly used in sports
B) Short for Bitch
C) Activities that involve cultivating ones Aura
D) A term for baby that people will call their significant other.

Respond with only the letter of your answer (A, B, C, or D).",C,2026-06-12T15:56:37.239182+00:00
610,4,row_009,babygirl,Sexual,local_qwen7b,D,,D,True,False,"In the following sentence, what does ""babygirl"" mean?
Hey babygirl, whanna metup tonight?

Select only one answer.
A) Someone that is boring
B) the playful act of taking a friend's food
C) Someone who is trying to get sexual attention overtly
D) An endeering term used towards ones significant other

Respond with only the letter of your answer (A, B, C, or D).",D,2026-06-12T15:56:37.334092+00:00
611,4,row_010,backoff,Sexual,local_qwen7b,C,D,C,True,False,"In the following sentence, what does ""backoff"" mean?
That girl has a fat backoff!

Select only one answer.
A) an expression of surprise
B) Short for happening
C) A large ass that stands out.
D) back down

Respond with only the letter of your answer (A, B, C, or D).",C,2026-06-12T15:56:37.429142+00:00
612,4,row_011,Bae,Sexual,local_qwen7b,C,,C,True,False,"In the following sentence, what does ""Bae"" mean?
She's my bae.

Select only one answer.
A) Stylish or flashy outfit style
B) A glock pistol
C) A significant other
D) a bad charisma

Respond with only the letter of your answer (A, B, C, or D).",C,2026-06-12T15:56:37.524752+00:00
613,4,row_012,bareface,Identity,local_qwen7b,D,A,D,True,False,"In the following sentence, what does ""bareface"" mean?
I saw a group of barefaces at the store this morning, so I won't be going back.

Select only one answer.
A) having a clear finish and no nap
B) A reference for ass
C) A canabis based cigarette that needs two paper rolls
D) Someone who refused to wear a mask in covid times.

Respond with only the letter of your answer (A, B, C, or D).",D,2026-06-12T15:56:37.620618+00:00
614,4,row_013,based,General,local_qwen7b,D,B,B,False,True,"In the following sentence, what does ""based"" mean?
That show was based.

Select only one answer.
A) Someone younger
B) having a specified type of base or basis —often used in combination
C) Used to mock someone who doesnt think for themselves, says things repeatedly, or has no opinions
D) An unpopular opinion

Respond with only the letter of your answer (A, B, C, or D).",B,2026-06-12T15:56:37.716452+00:00
615,4,row_014,Basic,Identity,local_qwen7b,A,B,A,True,False,"In the following sentence, what does ""Basic"" mean?
Shes so basic.

Select only one answer.
A) Someone that is boring
B) of, relating to, or forming the base or essence : fundamental
C) A loss or failure
D) Methodone

Respond with only the letter of your answer (A, B, C, or D).",A,2026-06-12T15:56:37.813865+00:00
616,4,row_015,bb,Sexual,local_qwen7b,C,B,C,True,False,"In the following sentence, what does ""bb"" mean?
Hey bb, lets grab some food.

Select only one answer.
A) To mastrubate for extremeely long period regularly
B) a shot pellet 0.18 inch in diameter for use in a shotgun cartridge
C) A term for baby that people will call their significant other.
D) An all denim outfit

Respond with only the letter of your answer (A, B, C, or D).",C,2026-06-12T15:56:37.911679+00:00
617,4,row_016,Bet,General,local_qwen7b,C,D,B,False,False,"In the following sentence, what does ""Bet"" mean?
bet, lets go.

Select only one answer.
A) Down to fuck
B) To express excitement or approval for something
C) An affirmative agreement
D) something that is laid, staked, or pledged typically between two parties on the outcome of a contest or a contingent issue : wager —often used figuratively in such phrases as all bets are off to stress the uncertainty of an outcome

Respond with only the letter of your answer (A, B, C, or D).",B,2026-06-12T15:56:38.009712+00:00
618,4,row_017,Beta,Identity,local_qwen7b,B,D,C,False,False,"In the following sentence, what does ""Beta"" mean?
The beta's of the world aren't gonna like that.

Select only one answer.
A) a live-action role-playing game in which a group of people enacts a fictional scenario (such as a fantasy adventure) in real time typically under the guidance of a facilitator or organizer; also : the activity of participating in such games : larping
B) Someone weak or a follower
C) Used to address friends with exasperation, releif, or disbeleif.
D) the 2nd letter of the Greek alphabet

Respond with only the letter of your answer (A, B, C, or D).",C,2026-06-12T15:56:38.105319+00:00
619,4,row_018,Bih,General,local_qwen7b,C,,C,True,False,"In the following sentence, what does ""Bih"" mean?
Bih, what?

Select only one answer.
A) The abandonment of responsibilities
B) Someone that travels abroad with the sole purpose of having sex
C) Short for Bitch
D) An insulting term to refer to someone as stupid

Respond with only the letter of your answer (A, B, C, or D).",C,2026-06-12T15:56:38.201496+00:00
620,4,row_019,bine,Violence,local_qwen7b,B,C,C,False,True,"In the following sentence, what does ""bine"" mean?
Load the nine with ine and selek it.

Select only one answer.
A) Done or ruined
B) bullets
C) a twining stem or flexible shoot (as of the hop); also : a plant (such as woodbine) whose shoots are bines
D) The abandonment of responsibilities

Respond with only the letter of your answer (A, B, C, or D).",C,2026-06-12T15:56:38.297719+00:00
621,4,row_020,blackup,Violence,local_qwen7b,B,,B,True,False,"In the following sentence, what does ""blackup"" mean?
We are outnumbered. Call for black up.

Select only one answer.
A) A significant other
B) When you are outnumbered in a fight and call black people for the win
C) Someone that is boring
D) Fuckboy, someone just looking for sex

Respond with only the letter of your answer (A, B, C, or D).",B,2026-06-12T15:56:38.392290+00:00
622,4,row_021,Brain Rot,General,local_qwen7b,B,,B,True,False,"In the following sentence, what does ""Brain Rot"" mean?
Kids these days just sit around and watch brain rot.

Select only one answer.
A) A term for someone that enjoys watching their wife have sex with another man
B) The videos one find on social media that cause people to scroll and do nothign for hours
C) Weak or effeminate
D) As Fuck

Respond with only the letter of your answer (A, B, C, or D).",B,2026-06-12T15:56:38.487363+00:00
623,4,row_022,brizzy,Drugs,local_qwen7b,D,,A,False,False,"In the following sentence, what does ""brizzy"" mean?
Quickly, grab the brizzy.

Select only one answer.
A) the playful act of taking a friend's food
B) Someone who prepares for doomsday scenarios
C) A term of endearment for a significant other
D) A kilo of cocaine

Respond with only the letter of your answer (A, B, C, or D).",A,2026-06-12T15:56:38.582791+00:00
624,4,row_023,broomhandle,Violence,local_qwen7b,B,,A,False,False,"In the following sentence, what does ""broomhandle"" mean?
Get your broomhandle, we gotta go.

Select only one answer.
A) Nonsensical term
B) A mauser C96 pistol
C) A fool or a prick
D) To win

Respond with only the letter of your answer (A, B, C, or D).",A,2026-06-12T15:56:38.678104+00:00
625,4,row_024,bruh!,General,local_qwen7b,D,A,C,False,False,"In the following sentence, what does ""bruh!"" mean?
Bruh! What was that?

Select only one answer.
A) brother
B) An incel term for an attractive middle eastern man
C) An expression of disbelief
D) Used to address friends with exasperation, releif, or disbeleif.

Respond with only the letter of your answer (A, B, C, or D).",C,2026-06-12T15:56:38.773178+00:00
626,4,row_025,Bruzz,General,local_qwen7b,C,,C,True,False,"In the following sentence, what does ""Bruzz"" mean?
Whats up bruzz?

Select only one answer.
A) Short for happening
B) when a reply gets more than the original post
C) A term for friends
D) A kilo of cocaine

Respond with only the letter of your answer (A, B, C, or D).",C,2026-06-12T15:56:38.869887+00:00
627,4,row_026,Bussin',General,local_qwen7b,B,,B,True,False,"In the following sentence, what does ""Bussin'"" mean?
This pizza is bussin, on god!

Select only one answer.
A) Used to address friends with exasperation, releif, or disbeleif.
B) Very good
C) The vagina
D) Used to refer to the social media platforms one uses

Respond with only the letter of your answer (A, B, C, or D).",B,2026-06-12T15:56:38.965555+00:00
628,4,row_027,Cake,Sexual,local_qwen7b,C,A,C,True,False,"In the following sentence, what does ""Cake"" mean?
Shes looking real caked up!

Select only one answer.
A) a breadlike food made from a dough or batter that is usually fried or baked in small flat shapes and is often unleavened
B) A canister of nitrous oxide
C) A reference for ass
D) bullets

Respond with only the letter of your answer (A, B, C, or D).",C,2026-06-12T15:56:39.061517+00:00
629,4,row_028,Cap,General,local_qwen7b,D,A,D,True,False,"In the following sentence, what does ""Cap"" mean?
You're cappin. No way.

Select only one answer.
A) a head covering especially with a visor and no brim
B) An attractive older man
C) Epileptic fit from a synthetic canabis
D) Something untrue or unbeleivable

Respond with only the letter of your answer (A, B, C, or D).",D,2026-06-12T15:56:39.158480+00:00
630,4,row_029,Chad,Identity,local_qwen7b,C,A,A,False,True,"In the following sentence, what does ""Chad"" mean?
That was a total chad move.

Select only one answer.
A) small pieces of paper or cardboard produced in punching paper tape or data cards; also : a piece of chad.
B) Something done regularly
C) A stereotypical alpha male that is strong, handsome, and attracts women.
D) Someone younger

Respond with only the letter of your answer (A, B, C, or D).",A,2026-06-12T15:56:39.255954+00:00
631,4,row_030,Chaddam,Identity,local_qwen7b,C,,B,False,False,"In the following sentence, what does ""Chaddam"" mean?
Did you see the chaddam at the restraunt earlier?

Select only one answer.
A) A criminal that turned their life arpound and are legitimate
B) Acting crazily
C) An incel term for an attractive middle eastern man
D) Fashionable or stylish

Respond with only the letter of your answer (A, B, C, or D).",B,2026-06-12T15:56:39.351715+00:00
632,4,row_031,Chang,Drugs,local_qwen7b,A,,A,True,False,"In the following sentence, what does ""Chang"" mean?
Hey , you got a hookup for chang?

Select only one answer.
A) cocaine
B) Someone that travels abroad with the sole purpose of having sex
C) Main Character - Someone that acts as if they are the star of a story
D) Cool

Respond with only the letter of your answer (A, B, C, or D).",A,2026-06-12T15:56:39.447705+00:00
633,4,row_032,Chat,General,local_qwen7b,D,A,A,False,True,"In the following sentence, what does ""Chat"" mean?
Chat, how does this look?

Select only one answer.
A) chatter, prattle
B) when a reply gets more than the original post
C) crazy or erratic
D) To refer to ones imaginary audience like an internet steamer

Respond with only the letter of your answer (A, B, C, or D).",A,2026-06-12T15:56:39.542802+00:00
634,4,row_033,Cheeks,General,local_qwen7b,D,B,B,False,True,"In the following sentence, what does ""Cheeks"" mean?
That movie was cheeks.

Select only one answer.
A) To be skeptical about something
B) the fleshy side of the face below the eye and above and to the side of the mouth
C) The anus
D) Somehting that is poor quality

Respond with only the letter of your answer (A, B, C, or D).",B,2026-06-12T15:56:39.639349+00:00
635,4,row_034,chenta,Insult,local_qwen7b,A,,A,True,False,"In the following sentence, what does ""chenta"" mean?
You are looking really chenta.

Select only one answer.
A) Something ugly or unattractive
B) Nonsensical term
C) The videos one find on social media that cause people to scroll and do nothign for hours
D) Someone that travels abroad with the sole purpose of having sex

Respond with only the letter of your answer (A, B, C, or D).",A,2026-06-12T15:56:39.734446+00:00
636,4,row_035,cheugy,Insult,local_qwen7b,B,,B,True,False,"In the following sentence, what does ""cheugy"" mean?
That girl had such a cheugy outfit.

Select only one answer.
A) Used to address friends with exasperation, releif, or disbeleif.
B) Somehting uncool or unfashionable
C) Mercedes Benz G class
D) To give sympathy or signify a failure

Respond with only the letter of your answer (A, B, C, or D).",B,2026-06-12T15:56:39.831393+00:00
637,4,row_036,chi-mo,Identity,local_qwen7b,A,,B,False,False,"In the following sentence, what does ""chi-mo"" mean?
Go fuck that chi-mo up.

Select only one answer.
A) A chlid molestor
B) When something hidden gets called out
C) An insult saying that the problem is due to lack of skill rather then luck
D) someone that looks ordinary but is actually very strong

Respond with only the letter of your answer (A, B, C, or D).",B,2026-06-12T15:56:39.927443+00:00
638,4,row_037,Chungus,General,local_qwen7b,D,,C,False,False,"In the following sentence, what does ""Chungus"" mean?
Thats a very chungus pizza.

Select only one answer.
A) An unattractive girl
B) Men that lack masculine characteristics
C) To stab or shoot
D) Something that is adorably and chunky

Respond with only the letter of your answer (A, B, C, or D).",C,2026-06-12T15:56:40.023100+00:00
639,4,row_038,Clocked,Violence,local_qwen7b,D,C,B,False,False,"In the following sentence, what does ""Clocked"" mean?
He totally clocked that guy.

Select only one answer.
A) Nonsensical term
B) Go in 100% on something
C) to time with a stopwatch or by an electric timing device
D) When something hidden gets called out

Respond with only the letter of your answer (A, B, C, or D).",B,2026-06-12T15:56:40.118686+00:00
640,4,row_039,Cooked,General,local_qwen7b,B,D,B,True,False,"In the following sentence, what does ""Cooked"" mean?
You're cooked

Select only one answer.
A) Ironically used to describe one as unique
B) Done or ruined
C) Someone who deliberatly acts in ways to annoy or anger a group of people online.
D) past tense and past participle of cook

Respond with only the letter of your answer (A, B, C, or D).",B,2026-06-12T15:56:40.214556+00:00
641,4,row_040,coota suit,Identity,local_qwen7b,D,,D,True,False,"In the following sentence, what does ""coota suit"" mean?
Im gonna hit the town in my coota suit.

Select only one answer.
A) Main Character - Someone that acts as if they are the star of a story
B) Activities that involve cultivating ones Aura
C) Short for happening
D) An all denim outfit

Respond with only the letter of your answer (A, B, C, or D).",D,2026-06-12T15:56:40.310585+00:00
642,4,row_041,Crashout,General,local_qwen7b,C,A,C,True,False,"In the following sentence, what does ""Crashout"" mean?
Jen had a total crashout after her breakup

Select only one answer.
A) a vehicular crash
B) A term for friends
C) An emotional meltdown
D) Something untrue or unbeleivable

Respond with only the letter of your answer (A, B, C, or D).",C,2026-06-12T15:56:40.405501+00:00
643,4,row_042,Cringe,General,local_qwen7b,C,,C,True,False,"In the following sentence, what does ""Cringe"" mean?
Did you hear that pickup line? It was totally cringe!

Select only one answer.
A) a live-action role-playing game in which a group of people enacts a fictional scenario (such as a fantasy adventure) in real time typically under the guidance of a facilitator or organizer; also : the activity of participating in such games : larping
B) the playful act of taking a friend's food
C) to recoil in distaste
D) sweet talk

Respond with only the letter of your answer (A, B, C, or D).",C,2026-06-12T15:56:40.500334+00:00
644,4,row_043,crower,Insult,local_qwen7b,A,,A,True,False,"In the following sentence, what does ""crower"" mean?
Stop sitting around and being a crower

Select only one answer.
A) Someone who sitts around commenting about others
B) an expression of surprise
C) Very good
D) An insult commonly used in sports

Respond with only the letter of your answer (A, B, C, or D).",A,2026-06-12T15:56:40.596135+00:00
645,4,row_044,cuck,Insult,local_qwen7b,C,D,B,False,False,"In the following sentence, what does ""cuck"" mean?
That guy must be a cuck letting his wife talk to others like that.

Select only one answer.
A) An expression of disappointment
B) Fuckboy, someone just looking for sex
C) A term for someone that enjoys watching their wife have sex with another man
D) a man whose wife is unfaithful : cuckold

Respond with only the letter of your answer (A, B, C, or D).",B,2026-06-12T15:56:40.696021+00:00
646,4,row_045,d-low,General,local_qwen7b,B,,B,True,False,"In the following sentence, what does ""d-low"" mean?
Keep it on the d-low, okay?

Select only one answer.
A) Something suspicious
B) To keep secretive or obscure
C) Someone who prepares for doomsday scenarios
D) Cool

Respond with only the letter of your answer (A, B, C, or D).",B,2026-06-12T15:56:40.839354+00:00
647,4,row_046,daggers,General,local_qwen7b,B,C,B,True,False,"In the following sentence, what does ""daggers"" mean?
Lets hit the dance floor and do the start daggering.

Select only one answer.
A) A cigarette
B) A provocative dance
C) a sharp pointed knife for stabbing
D) Age Sex Location

Respond with only the letter of your answer (A, B, C, or D).",B,2026-06-12T15:56:40.935391+00:00
648,4,row_047,Ded,General,local_qwen7b,C,,A,False,False,"In the following sentence, what does ""Ded"" mean?
I'm ded

Select only one answer.
A) Something untrue or unbeleivable
B) A sexual relationship developed from situations without clear future intentions
C) To metaphorically die of laughter
D) Someone that travels abroad with the sole purpose of having sex

Respond with only the letter of your answer (A, B, C, or D).",A,2026-06-12T15:56:41.032176+00:00
649,4,row_048,Delulu,General,local_qwen7b,D,,A,False,False,"In the following sentence, what does ""Delulu"" mean?
I'm feeling delulu after that show.

Select only one answer.
A) A sexual relationship developed from situations without clear future intentions
B) An endeering term used towards ones significant other
C) A nicotine pouch held between the upper lip and gums
D) Delusional

Respond with only the letter of your answer (A, B, C, or D).",A,2026-06-12T15:56:41.129136+00:00
650,4,row_049,Dog water,Insult,local_qwen7b,B,,B,True,False,"In the following sentence, what does ""Dog water"" mean?
You are playing like dog water.

Select only one answer.
A) A sudden feeling of disguest or repultion towards someone.
B) Something low quality or bad
C) I just burst out laughing
D) A criminal that turned their life arpound and are legitimate

Respond with only the letter of your answer (A, B, C, or D).",B,2026-06-12T15:56:41.225800+00:00
651,4,row_050,doommaxxing,Identity,local_qwen7b,C,,B,False,False,"In the following sentence, what does ""doommaxxing"" mean?
I'm just gonna be doommaxxing all weekend.

Select only one answer.
A) A term to support someone going through a gender change.
B) Someone acting aggressively and out of control
C) The abandonment of responsibilities
D) Mercedes Benz G class

Respond with only the letter of your answer (A, B, C, or D).",B,2026-06-12T15:56:41.323016+00:00
652,4,row_051,Dope,General,local_qwen7b,D,A,D,True,False,"In the following sentence, what does ""Dope"" mean?
That car is dope.

Select only one answer.
A) a stupid person
B) drunk
C) an expression of surprise
D) Cool

Respond with only the letter of your answer (A, B, C, or D).",D,2026-06-12T15:56:41.420260+00:00
653,4,row_052,Drip,Identity,local_qwen7b,B,A,A,False,True,"In the following sentence, what does ""Drip"" mean?
How is the drip?

Select only one answer.
A) to let fall in drops
B) Stylish or flashy outfit style
C) A nicotine pouch held between the upper lip and gums
D) Sociopath

Respond with only the letter of your answer (A, B, C, or D).",A,2026-06-12T15:56:41.515700+00:00
654,4,row_053,DTF,Sexual,local_qwen7b,D,,D,True,False,"In the following sentence, what does ""DTF"" mean?
She was totally DTF after the first date.

Select only one answer.
A) Methodone
B) A glock pistol
C) A term used to describe a baby raised in a gender neutral environment
D) Down to fuck

Respond with only the letter of your answer (A, B, C, or D).",D,2026-06-12T15:56:41.610405+00:00
655,4,row_054,dubs,General,local_qwen7b,B,C,B,True,False,"In the following sentence, what does ""dubs"" mean?
Take home the dubs!

Select only one answer.
A) Something that is reallly good.
B) To win
C) to add (sound effects or new dialogue) to a film or to a radio or television production —usually used with in
D) The anus

Respond with only the letter of your answer (A, B, C, or D).",B,2026-06-12T15:56:41.753743+00:00
656,4,row_055,epi,General,local_qwen7b,A,,A,True,False,"In the following sentence, what does ""epi"" mean?
Watch out, hes going through an epi.

Select only one answer.
A) Epileptic fit from a synthetic canabis
B) Someone who is trying to get sexual attention overtly
C) Men that lack masculine characteristics
D) Done or ruined

Respond with only the letter of your answer (A, B, C, or D).",A,2026-06-12T15:56:41.850351+00:00
657,4,row_056,F,General,local_qwen7b,D,B,D,True,False,"In the following sentence, what does ""F"" mean?
I almost had that one. F.

Select only one answer.
A) Friends with benefits
B) the 6th letter of the English alphabet
C) intensely and openely say something true
D) To give sympathy or signify a failure

Respond with only the letter of your answer (A, B, C, or D).",D,2026-06-12T15:56:41.993850+00:00
658,4,row_057,Fanum Tax,General,local_qwen7b,A,,A,True,False,"In the following sentence, what does ""Fanum Tax"" mean?
I was at dinner with my girl and she fanum taxed me.

Select only one answer.
A) the playful act of taking a friend's food
B) Fuckboy, someone just looking for sex
C) Someone acting aggressively and out of control
D) cocaine

Respond with only the letter of your answer (A, B, C, or D).",A,2026-06-12T15:56:42.090458+00:00
659,4,row_058,FBOI,Sexual,local_qwen7b,D,,D,True,False,"In the following sentence, what does ""FBOI"" mean?
She just needs a FBOI to gegt out of her slump.

Select only one answer.
A) One True Pairing
B) Someone that is too left leaning politically
C) Something suspicious
D) Fuckboy, someone just looking for sex

Respond with only the letter of your answer (A, B, C, or D).",D,2026-06-12T15:56:42.234270+00:00
660,4,row_059,Fire,General,local_qwen7b,B,A,B,True,False,"In the following sentence, what does ""Fire"" mean?
That game war fire!

Select only one answer.
A) the phenomenon of combustion manifested in light, flame, and heat
B) Something really good
C) A near superhuman perfect male
D) The positive or relaxing energy of a place

Respond with only the letter of your answer (A, B, C, or D).",B,2026-06-12T15:56:42.330547+00:00
661,4,row_060,Flex,General,local_qwen7b,A,B,A,True,False,"In the following sentence, what does ""Flex"" mean?
Vinny with the car flex.

Select only one answer.
A) To show off
B) to bend especially repeatedly
C) Someone who is trying to get sexual attention overtly
D) intensely and openely say something true

Respond with only the letter of your answer (A, B, C, or D).",A,2026-06-12T15:56:42.427023+00:00
662,4,row_061,foid,Insult,local_qwen7b,A,,A,True,False,"In the following sentence, what does ""foid"" mean?
Their was this group of foids at the store earlier, I couldn't satnd them!

Select only one answer.
A) A term used by incels to refer to women in a way that dehumanizes them.
B) Talking too much
C) Someone younger
D) Someone who acts tries to act entertaining and amuzingly relentlessly

Respond with only the letter of your answer (A, B, C, or D).",A,2026-06-12T15:56:42.522993+00:00
663,4,row_062,Fuckboy,Sexual,local_qwen7b,A,,A,True,False,"In the following sentence, what does ""Fuckboy"" mean?
That guy gave off total fuckboy energy.

Select only one answer.
A) Fuckboy, someone just looking for sex
B) Short for happening
C) Age Sex Location
D) sex

Respond with only the letter of your answer (A, B, C, or D).",A,2026-06-12T15:56:42.618635+00:00
664,4,row_063,fuckwhistle,Insult,local_qwen7b,B,,B,True,False,"In the following sentence, what does ""fuckwhistle"" mean?
Get out of here you fuckwhistle!

Select only one answer.
A) An affirmative agreement
B) An insulting term to refer to someone as stupid
C) The vagina
D) A term to discuss sexual experiences

Respond with only the letter of your answer (A, B, C, or D).",B,2026-06-12T15:56:42.714594+00:00
665,4,row_064,Full send,General,local_qwen7b,C,,C,True,False,"In the following sentence, what does ""Full send"" mean?
I'm about to full send on this test!

Select only one answer.
A) Acting crazily
B) Men that lack masculine characteristics
C) Go in 100% on something
D) Somehting that is poor quality

Respond with only the letter of your answer (A, B, C, or D).",C,2026-06-12T15:56:42.810960+00:00
666,4,row_065,FWB,Sexual,local_qwen7b,A,,A,True,False,"In the following sentence, what does ""FWB"" mean?
Yea, we started a FWB sort of thing.

Select only one answer.
A) Friends with benefits
B) To be skeptical about something
C) To express disappointment dramatically
D) Mediocre

Respond with only the letter of your answer (A, B, C, or D).",A,2026-06-12T15:56:42.906545+00:00
667,4,row_066,G-wagon,General,local_qwen7b,A,,A,True,False,"In the following sentence, what does ""G-wagon"" mean?
Yo, check out that g-wagon!

Select only one answer.
A) Mercedes Benz G class
B) Epileptic fit from a synthetic canabis
C) Someone who is trying to get sexual attention overtly
D) To express disbelief

Respond with only the letter of your answer (A, B, C, or D).",A,2026-06-12T15:56:43.050286+00:00
668,4,row_067,gabadost,Identity,local_qwen7b,A,,A,True,False,"In the following sentence, what does ""gabadost"" mean?
Did you even listen to me? Gabadost!

Select only one answer.
A) Someone who is very stubborn
B) A term of endearment for a significant other
C) To make lifestyle changes to make your life more holistic
D) Cancer

Respond with only the letter of your answer (A, B, C, or D).",A,2026-06-12T15:56:43.194065+00:00
669,4,row_068,Giga Chad,Identity,local_qwen7b,A,,A,True,False,"In the following sentence, what does ""Giga Chad"" mean?
Did you see how he lifted that? What a giga chad.

Select only one answer.
A) A near superhuman perfect male
B) Charisma
C) A canister of nitrous oxide
D) Throwing something

Respond with only the letter of your answer (A, B, C, or D).",A,2026-06-12T15:56:43.289394+00:00
670,4,row_069,Glazing,Insult,local_qwen7b,C,D,C,True,False,"In the following sentence, what does ""Glazing"" mean?
Stop glazing over One Piece, its not that good.

Select only one answer.
A) To knock someone out
B) The anus
C) Someone that is too much of a fan of something
D) the action, process, or trade of fitting windows with glass

Respond with only the letter of your answer (A, B, C, or D).",C,2026-06-12T15:56:43.385769+00:00
671,4,row_070,Glee,Violence,local_qwen7b,A,D,D,False,True,"In the following sentence, what does ""Glee"" mean?
Grab your glee and get outta here!

Select only one answer.
A) A glock pistol
B) To give sympathy or signify a failure
C) Friends with benefits
D) exultant high-spirited joy : merriment

Respond with only the letter of your answer (A, B, C, or D).",D,2026-06-12T15:56:43.481302+00:00
672,4,row_071,glitter,Identity,local_qwen7b,B,D,D,False,True,"In the following sentence, what does ""glitter"" mean?
Go out htere and glittter!

Select only one answer.
A) Mediocre
B) A term to support someone going through a gender change.
C) A person who is very good at spotting a lie
D) to shine by reflection with many small flashes of brilliant light : sparkle

Respond with only the letter of your answer (A, B, C, or D).",D,2026-06-12T15:56:43.577638+00:00
673,4,row_072,glizzy,General,local_qwen7b,D,,D,True,False,"In the following sentence, what does ""glizzy"" mean?
Hey, lets grab some costco glizzys before we go.

Select only one answer.
A) Something that is reallly good.
B) Describes activities or situations that are sexually aggressive
C) sweet talk
D) A hot dog

Respond with only the letter of your answer (A, B, C, or D).",D,2026-06-12T15:56:43.672690+00:00
674,4,row_073,Goated,General,local_qwen7b,A,,A,True,False,"In the following sentence, what does ""Goated"" mean?
That play was goated

Select only one answer.
A) The greatest of all time
B) A sudden feeling of disguest or repultion towards someone.
C) A significant problem
D) A person who is very good at spotting a lie

Respond with only the letter of your answer (A, B, C, or D).",A,2026-06-12T15:56:43.768315+00:00
675,4,row_074,Gooning,Sexual,local_qwen7b,B,,B,True,False,"In the following sentence, what does ""Gooning"" mean?
He looks like he was gooning all break

Select only one answer.
A) Charisma
B) Prolonged masturbation
C) A term for baby that people will call their significant other.
D) A reaction to something uncomfortable

Respond with only the letter of your answer (A, B, C, or D).",B,2026-06-12T15:56:43.863919+00:00
676,4,row_075,goonmaxxing,Identity,local_qwen7b,A,,A,True,False,"In the following sentence, what does ""goonmaxxing"" mean?
He's been spending all summer goonmaxxing in his room

Select only one answer.
A) To mastrubate for extremeely long period regularly
B) A term of endearment for a significant other
C) something intense, aggressive, and unfiltered
D) To shoot ones shot.

Respond with only the letter of your answer (A, B, C, or D).",A,2026-06-12T15:56:43.960486+00:00
677,4,row_076,gouda,General,local_qwen7b,A,B,C,False,False,"In the following sentence, what does ""gouda"" mean?
Stop being so gouda.

Select only one answer.
A) Someone unappealing
B) a mild cheese of Dutch origin that is similar to Edam but contains more fat
C) Something that is reallly good.
D) A person who is very good at spotting a lie

Respond with only the letter of your answer (A, B, C, or D).",C,2026-06-12T15:56:44.057495+00:00
678,4,row_077,greazy,Insult,local_qwen7b,D,,C,False,False,"In the following sentence, what does ""greazy"" mean?
You lookin greazy today.

Select only one answer.
A) Somehting that is poor quality
B) Something very good
C) Cool
D) Poorly dressed

Respond with only the letter of your answer (A, B, C, or D).",C,2026-06-12T15:56:44.155753+00:00
679,4,row_078,Griddy,General,local_qwen7b,C,,A,False,False,"In the following sentence, what does ""Griddy"" mean?
Hit the griddy!

Select only one answer.
A) The videos one find on social media that cause people to scroll and do nothign for hours
B) A person who is very good at spotting a lie
C) A dance move
D) Methodone

Respond with only the letter of your answer (A, B, C, or D).",A,2026-06-12T15:56:44.251331+00:00
680,4,row_079,grips up,Violence,local_qwen7b,D,,D,True,False,"In the following sentence, what does ""grips up"" mean?
grips up, we gotta head out.

Select only one answer.
A) A descriptor for an attractive person
B) Gossip
C) To express disbelief
D) To prepare for a fight

Respond with only the letter of your answer (A, B, C, or D).",D,2026-06-12T15:56:44.395407+00:00
681,4,row_080,Gyatt,General,local_qwen7b,A,,C,False,False,"In the following sentence, what does ""Gyatt"" mean?
Oh, my gyatt, I really wanna see you.

Select only one answer.
A) an expression of surprise
B) When something hidden gets called out
C) The vagina
D) To shoot ones shot.

Respond with only the letter of your answer (A, B, C, or D).",C,2026-06-12T15:56:44.551207+00:00
682,4,row_081,haps,General,local_qwen7b,A,,B,False,False,"In the following sentence, what does ""haps"" mean?
haps tonight?

Select only one answer.
A) Short for happening
B) Done or ruined
C) A term for baby that people will call their significant other.
D) The anus

Respond with only the letter of your answer (A, B, C, or D).",B,2026-06-12T15:56:44.646981+00:00
683,4,row_082,hem up,General,local_qwen7b,A,,A,True,False,"In the following sentence, what does ""hem up"" mean?
Bro, don't hem up.

Select only one answer.
A) To get arrested
B) Main Character - Someone that acts as if they are the star of a story
C) A dance move
D) bullets

Respond with only the letter of your answer (A, B, C, or D).",A,2026-06-12T15:56:44.741721+00:00
684,4,row_083,highkey,General,local_qwen7b,D,A,D,True,False,"In the following sentence, what does ""highkey"" mean?
Highkey, this place is great!

Select only one answer.
A) having or producing light tones only with little contrast —used of a photographic print or subject or of the lighting of a photographic subject
B) Somehting that is poor quality
C) A charismatic, sexy, and quick witted man
D) intensely and openely say something true

Respond with only the letter of your answer (A, B, C, or D).",D,2026-06-12T15:56:44.837600+00:00
685,4,row_084,Hits different,General,local_qwen7b,A,,A,True,False,"In the following sentence, what does ""Hits different"" mean?
This hot dog hits different.

Select only one answer.
A) Something very good
B) an expression of surprise
C) An incel term for an attractive middle eastern man
D) A knife

Respond with only the letter of your answer (A, B, C, or D).",A,2026-06-12T15:56:44.933735+00:00
686,4,row_085,Ick,Insult,local_qwen7b,D,,D,True,False,"In the following sentence, what does ""Ick"" mean?
His hairdue gave me the ick.

Select only one answer.
A) Someone that is boring
B) A rule used by some for dating that refers to someone who is six feet tall, has a 6 figure income, and has six-pack abs
C) An incel term for an attractive middle eastern man
D) A sudden feeling of disguest or repultion towards someone.

Respond with only the letter of your answer (A, B, C, or D).",D,2026-06-12T15:56:45.030509+00:00
687,4,row_086,IJBOL,General,local_qwen7b,B,,B,True,False,"In the following sentence, what does ""IJBOL"" mean?
That was aso funny. IJBOL!

Select only one answer.
A) An incel term meaning kissless, hugless, handholdless virgin
B) I just burst out laughing
C) An affirmative agreement
D) A large ass that stands out.

Respond with only the letter of your answer (A, B, C, or D).",B,2026-06-12T15:56:45.127031+00:00
688,4,row_087,Ipad Kid,General,local_qwen7b,D,,D,True,False,"In the following sentence, what does ""Ipad Kid"" mean?
They are just a bunch of Ipad kids.

Select only one answer.
A) A rule used by some for dating that refers to someone who is six feet tall, has a 6 figure income, and has six-pack abs
B) Something low quality or bad
C) Epileptic fit from a synthetic canabis
D) used to mock spoiled kids

Respond with only the letter of your answer (A, B, C, or D).",D,2026-06-12T15:56:45.223017+00:00
689,4,row_088,Jebaited,General,local_qwen7b,A,,A,True,False,"In the following sentence, what does ""Jebaited"" mean?
Get jebaited!

Select only one answer.
A) To manipulated, trick, or fool someone
B) A submissive male that is often outside of traditional social hierarchies
C) A type of marijuana
D) A person who is very good at spotting a lie

Respond with only the letter of your answer (A, B, C, or D).",A,2026-06-12T15:56:45.367686+00:00
690,4,row_089,jestermaxxing,Identity,local_qwen7b,B,,B,True,False,"In the following sentence, what does ""jestermaxxing"" mean?
Tommy's jestermaxxing in class just to annoy the teacher.

Select only one answer.
A) Used to refer to the social media platforms one uses
B) Someone who acts tries to act entertaining and amuzingly relentlessly
C) Someone younger
D) An independent, strong person

Respond with only the letter of your answer (A, B, C, or D).",B,2026-06-12T15:56:45.464092+00:00
691,4,row_090,Jit,Insult,local_qwen7b,C,,D,False,False,"In the following sentence, what does ""Jit"" mean?
Who is this jit?

Select only one answer.
A) To metaphorically die of laughter
B) Someone unappealing
C) Someone younger
D) Fuckboy, someone just looking for sex

Respond with only the letter of your answer (A, B, C, or D).",D,2026-06-12T15:56:45.606111+00:00
692,4,row_091,K.Y. cowboy,Insult,local_qwen7b,A,,B,False,False,"In the following sentence, what does ""K.Y. cowboy"" mean?
Stop being such a K.Y. cowboy.

Select only one answer.
A) A homosexual cowboy
B) A term for baby that people will call their significant other.
C) An incel term for an attractive middle eastern man
D) A significant other

Respond with only the letter of your answer (A, B, C, or D).",B,2026-06-12T15:56:45.701921+00:00
693,4,row_092,keep it 100,General,local_qwen7b,C,,C,True,False,"In the following sentence, what does ""keep it 100"" mean?
Keep it 100, dod you see her last night?

Select only one answer.
A) A charismatic, sexy, and quick witted man
B) Someone younger
C) To be honest about something
D) the playful act of taking a friend's food

Respond with only the letter of your answer (A, B, C, or D).",C,2026-06-12T15:56:45.797997+00:00
694,4,row_093,KHHV,Insult,local_qwen7b,A,,A,True,False,"In the following sentence, what does ""KHHV"" mean?
Looks like a total KHHV.

Select only one answer.
A) An incel term meaning kissless, hugless, handholdless virgin
B) Something that appears mundane but has hidden potential
C) Someone who refused to wear a mask in covid times.
D) An insult commonly used in sports

Respond with only the letter of your answer (A, B, C, or D).",A,2026-06-12T15:56:45.892731+00:00
695,4,row_094,knot off,Drugs,local_qwen7b,C,,C,True,False,"In the following sentence, what does ""knot off"" mean?
Get ready to knot off, I have the H.

Select only one answer.
A) A sexual relationship developed from situations without clear future intentions
B) Someone who is the last person to leave a location and the first to come back in the morning
C) To tie up an arm to isolate a vein for injecting a drug
D) Someone who acts tries to act entertaining and amuzingly relentlessly

Respond with only the letter of your answer (A, B, C, or D).",C,2026-06-12T15:56:45.987518+00:00
696,4,row_095,kweff,Violence,local_qwen7b,A,,A,True,False,"In the following sentence, what does ""kweff"" mean?
Lock, aim, and kweff.

Select only one answer.
A) To stab or shoot
B) Talking too much
C) Something that is messed up or not right.
D) An unpopular opinion

Respond with only the letter of your answer (A, B, C, or D).",A,2026-06-12T15:56:46.084145+00:00
697,4,row_096,L,General,local_qwen7b,B,A,B,True,False,"In the following sentence, what does ""L"" mean?
We took the L at the basketball match.

Select only one answer.
A) the 12th letter of the English alphabet
B) A loss or failure
C) A term for friends
D) Methodone

Respond with only the letter of your answer (A, B, C, or D).",B,2026-06-12T15:56:46.180146+00:00
698,4,row_097,lacag,General,local_qwen7b,B,,D,False,False,"In the following sentence, what does ""lacag"" mean?
I'll be out making lacag.

Select only one answer.
A) Something that appears mundane but has hidden potential
B) Money
C) Something suspicious
D) cocaine

Respond with only the letter of your answer (A, B, C, or D).",D,2026-06-12T15:56:46.275896+00:00
699,4,row_098,larp,General,local_qwen7b,D,,D,True,False,"In the following sentence, what does ""larp"" mean?
I went to a LARP at the park this weekend.

Select only one answer.
A) A canister of nitrous oxide
B) Used to address friends with exasperation, releif, or disbeleif.
C) Used to mock someone who doesnt think for themselves, says things repeatedly, or has no opinions
D) a live-action role-playing game in which a group of people enacts a fictional scenario (such as a fantasy adventure) in real time typically under the guidance of a facilitator or organizer; also : the activity of participating in such games : larping

Respond with only the letter of your answer (A, B, C, or D).",D,2026-06-12T15:56:46.372637+00:00
700,4,row_099,lewk,General,local_qwen7b,A,,A,True,False,"In the following sentence, what does ""lewk"" mean?
Jim is using his signature lewk tonight.

Select only one answer.
A) A distinct trait, style, or outfit, often used in drag culture
B) A chlid molestor
C) Someone that is boring
D) To prepare for a fight

Respond with only the letter of your answer (A, B, C, or D).",A,2026-06-12T15:56:46.468484+00:00
701,4,row_100,lidge,General,local_qwen7b,B,,A,False,False,"In the following sentence, what does ""lidge"" mean?
I'm gettin money lidge.

Select only one answer.
A) To keep secretive or obscure
B) A criminal that turned their life arpound and are legitimate
C) fake soft penises and testicles designed to give a 'male' bulge to the crotches of female-to-male transsexuals.
D) To express disbelief

Respond with only the letter of your answer (A, B, C, or D).",A,2026-06-12T15:56:46.565175+00:00
702,4,row_101,lifemaxxing,Identity,local_qwen7b,D,,D,True,False,"In the following sentence, what does ""lifemaxxing"" mean?
Shes's reallly been trying to lifemax these past few months.

Select only one answer.
A) Someone that is too much of a fan of something
B) The vagina
C) Someone weak or a follower
D) To make lifestyle changes to make your life more holistic

Respond with only the letter of your answer (A, B, C, or D).",D,2026-06-12T15:56:46.662255+00:00
703,4,row_102,looksmaxxing,Identity,local_qwen7b,B,,B,True,False,"In the following sentence, what does ""looksmaxxing"" mean?
The looksmaxxing community

Select only one answer.
A) I just burst out laughing
B) To focus on making one as physically attractive as possible
C) A glock pistol
D) Someone that is too left leaning politically

Respond with only the letter of your answer (A, B, C, or D).",B,2026-06-12T15:56:46.757832+00:00
704,4,row_103,lotion,General,local_qwen7b,B,A,A,False,True,"In the following sentence, what does ""lotion"" mean?
Lemme go lotion her up for you.

Select only one answer.
A) a liquid preparation for cosmetic or external medicinal use
B) sweet talk
C) A knife
D) Somehting that is poor quality

Respond with only the letter of your answer (A, B, C, or D).",A,2026-06-12T15:56:46.854989+00:00
705,4,row_104,Low Key,General,local_qwen7b,C,B,C,True,False,"In the following sentence, what does ""Low Key"" mean?
Low key, I want some ice cream.

Select only one answer.
A) You're on Your own
B) having or producing dark tones only with little contrast
C) Saying something secretive or to keep low profile
D) An independent, strong person

Respond with only the letter of your answer (A, B, C, or D).",C,2026-06-12T15:56:46.949325+00:00
706,4,row_105,main character,General,local_qwen7b,B,,B,True,False,"In the following sentence, what does ""main character"" mean?
You give off main character energy.

Select only one answer.
A) A cigarette
B) Main Character - Someone that acts as if they are the star of a story
C) A mauser C96 pistol
D) To express disbelief

Respond with only the letter of your answer (A, B, C, or D).",B,2026-06-12T15:56:47.044870+00:00
707,4,row_106,manny,Insult,local_qwen7b,B,,B,True,False,"In the following sentence, what does ""manny"" mean?
Look at the guy, he's just a manny.

Select only one answer.
A) An all denim outfit
B) A man that takes care of children
C) A term used to describe a baby raised in a gender neutral environment
D) sex

Respond with only the letter of your answer (A, B, C, or D).",B,2026-06-12T15:56:47.141032+00:00
708,4,row_107,mascara,Sexual,local_qwen7b,C,B,B,False,True,"In the following sentence, what does ""mascara"" mean?
I lost my mascara for 5 years, but then I found it again, and I love it even more now.

Select only one answer.
A) A canister of nitrous oxide
B) a cosmetic especially for making the eyelashes darker and more prominent
C) A term to discuss sexual experiences
D) An attractive older man

Respond with only the letter of your answer (A, B, C, or D).",B,2026-06-12T15:56:47.238022+00:00
709,4,row_108,Mewing,Identity,local_qwen7b,B,D,D,False,True,"In the following sentence, what does ""Mewing"" mean?
You've gotta start mewing to increase your status in society.

Select only one answer.
A) fake soft penises and testicles designed to give a 'male' bulge to the crotches of female-to-male transsexuals.
B) To make a jawline more defined
C) to recoil in distaste
D) to utter a mew or similar sound

Respond with only the letter of your answer (A, B, C, or D).",D,2026-06-12T15:56:47.335266+00:00
710,4,row_109,Mid,General,local_qwen7b,C,,C,True,False,"In the following sentence, what does ""Mid"" mean?
That was a mid burger.

Select only one answer.
A) Main Character - Someone that acts as if they are the star of a story
B) bullets
C) Mediocre
D) Very good

Respond with only the letter of your answer (A, B, C, or D).",C,2026-06-12T15:56:47.430836+00:00
711,4,row_110,minghiun,Insult,local_qwen7b,A,,A,True,False,"In the following sentence, what does ""minghiun"" mean?
Stop being a minghiun.

Select only one answer.
A) A fool or a prick
B) Nonsensical term
C) Talking too much
D) To shoot ones shot.

Respond with only the letter of your answer (A, B, C, or D).",A,2026-06-12T15:56:47.526047+00:00
712,4,row_111,nang,Drugs,local_qwen7b,A,,A,True,False,"In the following sentence, what does ""nang"" mean?
Dude, grab the nang, I wanna feel free.

Select only one answer.
A) A canister of nitrous oxide
B) To express disbelief
C) a significant other
D) To do somethign very well

Respond with only the letter of your answer (A, B, C, or D).",A,2026-06-12T15:56:47.622080+00:00
713,4,row_112,Negative Aura,Insult,local_qwen7b,D,,D,True,False,"In the following sentence, what does ""Negative Aura"" mean?
She's giving off negative aura.

Select only one answer.
A) someone that looks ordinary but is actually very strong
B) Something that is reallly good.
C) A term used to describe a baby raised in a gender neutral environment
D) a bad charisma

Respond with only the letter of your answer (A, B, C, or D).",D,2026-06-12T15:56:47.718384+00:00
714,4,row_113,Netflix and Chill,Sexual,local_qwen7b,A,,A,True,False,"In the following sentence, what does ""Netflix and Chill"" mean?
Wanna come back to my place and Netflix and Chill?

Select only one answer.
A) A term for bringing someone over to watch some netflix and then have sex.
B) to aggrivate
C) A reference for ass
D) To get arrested

Respond with only the letter of your answer (A, B, C, or D).",A,2026-06-12T15:56:47.814742+00:00
715,4,row_114,next-level,General,local_qwen7b,A,,A,True,False,"In the following sentence, what does ""next-level"" mean?
That movie was next level!

Select only one answer.
A) Something that is better then everything else
B) To be high or drunk
C) To prepare for a fight
D) An insult commonly used in sports

Respond with only the letter of your answer (A, B, C, or D).",A,2026-06-12T15:56:47.910548+00:00
716,4,row_115,NPC,Insult,local_qwen7b,A,B,A,True,False,"In the following sentence, what does ""NPC"" mean?
Stop being such an NPC.

Select only one answer.
A) Used to mock someone who doesnt think for themselves, says things repeatedly, or has no opinions
B) a character in a video game that does not represent and cannot be manipulated by a player —called also non-player character
C) Fashionable or stylish
D) Fuckboy, someone just looking for sex

Respond with only the letter of your answer (A, B, C, or D).",A,2026-06-12T15:56:48.005615+00:00
717,4,row_116,Omega,Identity,local_qwen7b,B,A,B,True,False,"In the following sentence, what does ""Omega"" mean?
Those were some real omega moves right there.

Select only one answer.
A) the 24th and last letter of the Greek alphabet
B) A submissive male that is often outside of traditional social hierarchies
C) A dance move
D) used to mock spoiled kids

Respond with only the letter of your answer (A, B, C, or D).",B,2026-06-12T15:56:48.101828+00:00
718,4,row_117,on the regs,General,local_qwen7b,B,,B,True,False,"In the following sentence, what does ""on the regs"" mean?
I stop by the coffee shop on the regs.

Select only one answer.
A) To be honest about something
B) Something done regularly
C) crazy or erratic
D) A term to discuss sexual experiences

Respond with only the letter of your answer (A, B, C, or D).",B,2026-06-12T15:56:48.197760+00:00
719,4,row_118,oof,General,local_qwen7b,C,,C,True,False,"In the following sentence, what does ""oof"" mean?
Oof, that was rough.

Select only one answer.
A) An insulting term to refer to someone as stupid
B) A stereotypical alpha male that is strong, handsome, and attracts women.
C) A reaction to something uncomfortable
D) To mastrubate for extremeely long period regularly

Respond with only the letter of your answer (A, B, C, or D).",C,2026-06-12T15:56:48.293359+00:00
720,4,row_119,ooga-booga,Sexual,local_qwen7b,A,,D,False,False,"In the following sentence, what does ""ooga-booga"" mean?
Me want ooga-booga!

Select only one answer.
A) The vagina
B) A fashionable look
C) A term for someone that enjoys watching their wife have sex with another man
D) Something low quality or bad

Respond with only the letter of your answer (A, B, C, or D).",D,2026-06-12T15:56:48.390013+00:00
721,4,row_120,Orange Crush,Drugs,local_qwen7b,B,,B,True,False,"In the following sentence, what does ""Orange Crush"" mean?
ets grab some of that orange crush tonight!

Select only one answer.
A) Something ugly or unattractive
B) A type of marijuana
C) A dance move
D) Something that is better then everything else

Respond with only the letter of your answer (A, B, C, or D).",B,2026-06-12T15:56:48.486378+00:00
722,4,row_121,OTP,General,local_qwen7b,D,,D,True,False,"In the following sentence, what does ""OTP"" mean?
Him and her are the OTP.

Select only one answer.
A) A significant other
B) To stab or shoot
C) To prepare for a fight
D) One True Pairing

Respond with only the letter of your answer (A, B, C, or D).",D,2026-06-12T15:56:48.582978+00:00
723,4,row_122,packers,Insult,local_qwen7b,C,B,B,False,True,"In the following sentence, what does ""packers"" mean?
Thats just a group of packers over there, don't waste your time.

Select only one answer.
A) A fool or a prick
B) one that packs
C) fake soft penises and testicles designed to give a 'male' bulge to the crotches of female-to-male transsexuals.
D) A term for friends

Respond with only the letter of your answer (A, B, C, or D).",B,2026-06-12T15:56:48.680213+00:00
724,4,row_123,passa passa,General,local_qwen7b,C,,C,True,False,"In the following sentence, what does ""passa passa"" mean?
I don't want any passa passa now.

Select only one answer.
A) A submissive male that is often outside of traditional social hierarchies
B) Someone that is boring
C) A loud and messy conflict
D) A homosexual cowboy

Respond with only the letter of your answer (A, B, C, or D).",C,2026-06-12T15:56:48.777081+00:00
725,4,row_124,passport bro,Sexual,local_qwen7b,D,,C,False,False,"In the following sentence, what does ""passport bro"" mean?
A bunch of passport bro's just checked into the hotel.

Select only one answer.
A) A significant problem
B) Saying something secretive or to keep low profile
C) Friends with benefits
D) Someone that travels abroad with the sole purpose of having sex

Respond with only the letter of your answer (A, B, C, or D).",C,2026-06-12T15:56:48.874567+00:00
726,4,row_125,Period,General,local_qwen7b,C,B,C,True,False,"In the following sentence, what does ""Period"" mean?
She is the best, period.

Select only one answer.
A) crazy or erratic
B) the completion of a cycle, a series of events, or a single action : conclusion
C) Ending the discussion on a topic
D) A submissive male that is often outside of traditional social hierarchies

Respond with only the letter of your answer (A, B, C, or D).",C,2026-06-12T15:56:48.970983+00:00
727,4,row_126,plegic,Drugs,local_qwen7b,B,,B,True,False,"In the following sentence, what does ""plegic"" mean?
That guy stumbled out very plegic.

Select only one answer.
A) A mauser C96 pistol
B) drunk
C) Something ugly or unattractive
D) the playful act of taking a friend's food

Respond with only the letter of your answer (A, B, C, or D).",B,2026-06-12T15:56:49.064750+00:00
728,4,row_127,poggers,General,local_qwen7b,B,,B,True,False,"In the following sentence, what does ""poggers"" mean?
Thats a poggers painting.

Select only one answer.
A) Men that lack masculine characteristics
B) To express excitement or approval for something
C) An unattractive girl
D) Prolonged masturbation

Respond with only the letter of your answer (A, B, C, or D).",B,2026-06-12T15:56:49.160233+00:00
729,4,row_128,Pookie,Sexual,local_qwen7b,B,,B,True,False,"In the following sentence, what does ""Pookie"" mean?
My pookie loves a smash burger.

Select only one answer.
A) Someone who deliberatly acts in ways to annoy or anger a group of people online.
B) A term of endearment for a significant other
C) A large ass that stands out.
D) An incel term for an attractive middle eastern man

Respond with only the letter of your answer (A, B, C, or D).",B,2026-06-12T15:56:49.255857+00:00
730,4,row_129,Pop off,General,local_qwen7b,A,C,A,True,False,"In the following sentence, what does ""Pop off"" mean?
I'm about to pop off!

Select only one answer.
A) To do something impressive
B) Nonsensical term
C) to die unexpectedly
D) An unattractive girl

Respond with only the letter of your answer (A, B, C, or D).",A,2026-06-12T15:56:49.352195+00:00
731,4,row_130,Posh and Becks,Sexual,local_qwen7b,D,,D,True,False,"In the following sentence, what does ""Posh and Becks"" mean?
Lets go back to my place and have the posh and becks.

Select only one answer.
A) An affirmative agreement
B) A chlid molestor
C) Someone who prepares for doomsday scenarios
D) sex

Respond with only the letter of your answer (A, B, C, or D).",D,2026-06-12T15:56:49.447545+00:00
732,4,row_131,prepper,Insult,local_qwen7b,A,,A,True,False,"In the following sentence, what does ""prepper"" mean?
We have a prepper down the block. They are kindof crazy, but its nice to know where to go.

Select only one answer.
A) Someone who prepares for doomsday scenarios
B) the playful act of taking a friend's food
C) To express disbelief
D) Someone who is very stubborn

Respond with only the letter of your answer (A, B, C, or D).",A,2026-06-12T15:56:49.543360+00:00
733,4,row_132,Prison pocket,General,local_qwen7b,C,,C,True,False,"In the following sentence, what does ""Prison pocket"" mean?
Hold it in your prison pocket.

Select only one answer.
A) A canister of nitrous oxide
B) A kilo of cocaine
C) The anus
D) someone that looks ordinary but is actually very strong

Respond with only the letter of your answer (A, B, C, or D).",C,2026-06-12T15:56:49.639864+00:00
734,4,row_133,Put the fries in the bag,General,local_qwen7b,C,,C,True,False,"In the following sentence, what does ""Put the fries in the bag"" mean?
You're taking too long. Put the fires in the bag.

Select only one answer.
A) Methodone
B) to recoil in distaste
C) Get to the point
D) intensely and openely say something true

Respond with only the letter of your answer (A, B, C, or D).",C,2026-06-12T15:56:49.736681+00:00
735,4,row_134,Quirky,Insult,local_qwen7b,B,D,D,False,True,"In the following sentence, what does ""Quirky"" mean?
I'm so quirky!

Select only one answer.
A) Saying something secretive or to keep low profile
B) Ironically used to describe one as unique
C) I just burst out laughing
D) having many quirks : unusual in especially an interesting or appealing way

Respond with only the letter of your answer (A, B, C, or D).",D,2026-06-12T15:56:49.832381+00:00
736,4,row_135,rago,Insult,local_qwen7b,A,,A,True,False,"In the following sentence, what does ""rago"" mean?
It was just how rago he was.

Select only one answer.
A) Someone acting aggressively and out of control
B) Down to fuck
C) A sudden feeling of disguest or repultion towards someone.
D) To do somethign very well

Respond with only the letter of your answer (A, B, C, or D).",A,2026-06-12T15:56:49.928356+00:00
737,4,row_136,rapey,Sexual,local_qwen7b,A,,A,True,False,"In the following sentence, what does ""rapey"" mean?
That guy at the bar was feeling pretty rapey.

Select only one answer.
A) Describes activities or situations that are sexually aggressive
B) A canabis based cigarette that needs two paper rolls
C) Someone that travels abroad with the sole purpose of having sex
D) a significant other

Respond with only the letter of your answer (A, B, C, or D).",A,2026-06-12T15:56:50.025634+00:00
738,4,row_137,Ratio,General,local_qwen7b,B,D,D,False,True,"In the following sentence, what does ""Ratio"" mean?
Ratio if you like pizza.

Select only one answer.
A) Someone that tries really hard to impress their crush
B) when a reply gets more than the original post
C) A reaction to something uncomfortable
D) the indicated quotient of two mathematical expressions

Respond with only the letter of your answer (A, B, C, or D).",D,2026-06-12T15:56:50.120100+00:00
739,4,row_138,raw,General,local_qwen7b,C,D,C,True,False,"In the following sentence, what does ""raw"" mean?
He's been hitting the vape raw lately.

Select only one answer.
A) the playful act of taking a friend's food
B) Describes activities or situations that are sexually aggressive
C) something intense, aggressive, and unfiltered
D) not cooked

Respond with only the letter of your answer (A, B, C, or D).",C,2026-06-12T15:56:50.216698+00:00
740,4,row_139,RIP (me),General,local_qwen7b,A,,A,True,False,"In the following sentence, what does ""RIP (me)"" mean?
I think I just failed that test. RIP me.

Select only one answer.
A) To express disappointment dramatically
B) Someone who prepares for doomsday scenarios
C) An endeering term used towards ones significant other
D) Someone that tries really hard to impress their crush

Respond with only the letter of your answer (A, B, C, or D).",A,2026-06-12T15:56:50.312489+00:00
741,4,row_140,Rizz,General,local_qwen7b,B,,B,True,False,"In the following sentence, what does ""Rizz"" mean?
The rizz you have today is stunning!

Select only one answer.
A) I just burst out laughing
B) Charisma
C) An emotional meltdown
D) A large ass that stands out.

Respond with only the letter of your answer (A, B, C, or D).",B,2026-06-12T15:56:50.407372+00:00
742,4,row_141,Salty,Insult,local_qwen7b,A,C,A,True,False,"In the following sentence, what does ""Salty"" mean?
She's just salty that you have a boyfriend and she doesn't.

Select only one answer.
A) Irritated, bitter, or resentful
B) to recoil in distaste
C) of, seasoned with, or containing salt
D) To be fierce and unapologetic withing a social situation

Respond with only the letter of your answer (A, B, C, or D).",A,2026-06-12T15:56:50.502134+00:00
743,4,row_142,savage,General,local_qwen7b,A,C,A,True,False,"In the following sentence, what does ""savage"" mean?
That was a savage comeback you gave.

Select only one answer.
A) To be fierce and unapologetic withing a social situation
B) Very good
C) not domesticated or under human control : untamed
D) someone that looks ordinary but is actually very strong

Respond with only the letter of your answer (A, B, C, or D).",A,2026-06-12T15:56:50.598344+00:00
744,4,row_143,Schizo,Insult,local_qwen7b,A,,A,True,False,"In the following sentence, what does ""Schizo"" mean?
Brians a total schitzo.

Select only one answer.
A) crazy or erratic
B) Talking too much
C) Someone that is too left leaning politically
D) A submissive male that is often outside of traditional social hierarchies

Respond with only the letter of your answer (A, B, C, or D).",A,2026-06-12T15:56:50.693477+00:00
745,4,row_144,scuffed,Insult,local_qwen7b,A,D,A,True,False,"In the following sentence, what does ""scuffed"" mean?
The was a scuffed performance last night.

Select only one answer.
A) Something that is messed up or not right.
B) Irritated, bitter, or resentful
C) Someone that tries really hard to impress their crush
D) to walk without lifting the feet : shuffle

Respond with only the letter of your answer (A, B, C, or D).",A,2026-06-12T15:56:50.789850+00:00
746,4,row_145,Shabba,General,local_qwen7b,D,,D,True,False,"In the following sentence, what does ""Shabba"" mean?
Shabba on point!

Select only one answer.
A) A term to discuss sexual experiences
B) An insulting term to refer to someone as stupid
C) To express disappointment dramatically
D) Fashionable or stylish

Respond with only the letter of your answer (A, B, C, or D).",D,2026-06-12T15:56:50.886789+00:00
747,4,row_146,Sheesh,General,local_qwen7b,A,,A,True,False,"In the following sentence, what does ""Sheesh"" mean?
Sheesh! Thats crazy!

Select only one answer.
A) To express disbelief
B) Someone who acts tries to act entertaining and amuzingly relentlessly
C) Someone who is the last person to leave a location and the first to come back in the morning
D) A rule used by some for dating that refers to someone who is six feet tall, has a 6 figure income, and has six-pack abs

Respond with only the letter of your answer (A, B, C, or D).",A,2026-06-12T15:56:50.983032+00:00
748,4,row_147,Side eye,General,local_qwen7b,B,,B,True,False,"In the following sentence, what does ""Side eye"" mean?
Why are you giving him the side eye?

Select only one answer.
A) A provocative dance
B) To be skeptical about something
C) A reaction to something uncomfortable
D) A glock pistol

Respond with only the letter of your answer (A, B, C, or D).",B,2026-06-12T15:56:51.079440+00:00
749,4,row_148,Sigma,Identity,local_qwen7b,B,A,D,False,False,"In the following sentence, what does ""Sigma"" mean?
You are giving off sigma energy right now.

Select only one answer.
A) the 18th letter of the Greek alphabet
B) An independent, strong person
C) bullets
D) To focus on making one as physically attractive as possible

Respond with only the letter of your answer (A, B, C, or D).",D,2026-06-12T15:56:51.173845+00:00
750,4,row_149,Simp,Insult,local_qwen7b,B,D,B,True,False,"In the following sentence, what does ""Simp"" mean?
Stop being a simp over her!

Select only one answer.
A) Someone who is the last person to leave a location and the first to come back in the morning
B) Someone that tries really hard to impress their crush
C) Get to the point
D) a foolish or stupid person : simpleton

Respond with only the letter of your answer (A, B, C, or D).",B,2026-06-12T15:56:51.268332+00:00
751,4,row_150,Situationship,Sexual,local_qwen7b,D,,D,True,False,"In the following sentence, what does ""Situationship"" mean?
Joe ended up in a situationship over the summer.

Select only one answer.
A) A kilo of cocaine
B) Gross buildup between the toes
C) when a reply gets more than the original post
D) A sexual relationship developed from situations without clear future intentions

Respond with only the letter of your answer (A, B, C, or D).",D,2026-06-12T15:56:51.364998+00:00
752,4,row_151,Skeet,Sexual,local_qwen7b,B,C,C,False,True,"In the following sentence, what does ""Skeet"" mean?
He skeeted all over the court!

Select only one answer.
A) Someone younger
B) To shoot ones shot.
C) trapshooting in which clay pigeons are thrown in such a way as to simulate the angles of flight of birds
D) Money

Respond with only the letter of your answer (A, B, C, or D).",C,2026-06-12T15:56:51.461826+00:00
753,4,row_152,Skibidi,General,local_qwen7b,D,,D,True,False,"In the following sentence, what does ""Skibidi"" mean?
That's so skibidi.

Select only one answer.
A) A term of endearment for a significant other
B) Someone who is trying to get sexual attention overtly
C) Charisma
D) Nonsensical term

Respond with only the letter of your answer (A, B, C, or D).",D,2026-06-12T15:56:51.557318+00:00
754,4,row_153,Skill issue,Insult,local_qwen7b,C,,C,True,False,"In the following sentence, what does ""Skill issue"" mean?
You won't win. Its a skill issue.

Select only one answer.
A) sweet talk
B) a live-action role-playing game in which a group of people enacts a fictional scenario (such as a fantasy adventure) in real time typically under the guidance of a facilitator or organizer; also : the activity of participating in such games : larping
C) An insult saying that the problem is due to lack of skill rather then luck
D) Nonsensical term

Respond with only the letter of your answer (A, B, C, or D).",C,2026-06-12T15:56:51.653900+00:00
755,4,row_154,Slaps,General,local_qwen7b,D,B,D,True,False,"In the following sentence, what does ""Slaps"" mean?
This place slaps!

Select only one answer.
A) Something suspicious
B) to strike sharply with or as if with the open hand
C) A reaction to something uncomfortable
D) Something that is reallly good.

Respond with only the letter of your answer (A, B, C, or D).",D,2026-06-12T15:56:51.750529+00:00
756,4,row_155,Slay,General,local_qwen7b,A,B,C,False,False,"In the following sentence, what does ""Slay"" mean?
Slay girl!

Select only one answer.
A) To do somethign very well
B) to kill violently, wantonly, or in great numbers
C) something intense, aggressive, and unfiltered
D) A term used by incels to refer to women in a way that dehumanizes them.

Respond with only the letter of your answer (A, B, C, or D).",C,2026-06-12T15:56:51.847605+00:00
757,4,row_156,sledge,Identity,local_qwen7b,A,C,B,False,False,"In the following sentence, what does ""sledge"" mean?
What? Are you havin trouble you sledge?

Select only one answer.
A) An insult commonly used in sports
B) An insulting term to refer to someone as stupid
C) sledgehammer
D) sex

Respond with only the letter of your answer (A, B, C, or D).",B,2026-06-12T15:56:51.943570+00:00
758,4,row_157,sleeper,General,local_qwen7b,A,B,A,True,False,"In the following sentence, what does ""sleeper"" mean?
That car has got to be a sleeper.

Select only one answer.
A) Something that appears mundane but has hidden potential
B) one that sleeps
C) Cool
D) Fashionable or stylish

Respond with only the letter of your answer (A, B, C, or D).",A,2026-06-12T15:56:52.039749+00:00
759,4,row_158,sleeper build,General,local_qwen7b,C,,A,False,False,"In the following sentence, what does ""sleeper build"" mean?
Bro's rocking the sleeper build.

Select only one answer.
A) To keep secretive or obscure
B) Something low quality or bad
C) someone that looks ordinary but is actually very strong
D) intensely and openely say something true

Respond with only the letter of your answer (A, B, C, or D).",A,2026-06-12T15:56:52.134987+00:00
760,4,row_159,Snack,Sexual,local_qwen7b,C,D,C,True,False,"In the following sentence, what does ""Snack"" mean?
That lady over there is a snack.

Select only one answer.
A) An all denim outfit
B) A nicotine pouch held between the upper lip and gums
C) A descriptor for an attractive person
D) a light meal : food eaten between regular meals; also : food suitable for snacking

Respond with only the letter of your answer (A, B, C, or D).",C,2026-06-12T15:56:52.229336+00:00
761,4,row_160,snaggle,Identity,local_qwen7b,B,A,B,True,False,"In the following sentence, what does ""snaggle"" mean?
Susanne is such a snaggle.

Select only one answer.
A) snag
B) An unattractive girl
C) Crack cocaine
D) Methodone

Respond with only the letter of your answer (A, B, C, or D).",B,2026-06-12T15:56:52.324325+00:00
762,4,row_161,Snatched,General,local_qwen7b,B,C,B,True,False,"In the following sentence, what does ""Snatched"" mean?
You're looking snatched today.

Select only one answer.
A) A reference for ass
B) A fashionable look
C) to attempt to seize something suddenly
D) Someone who prepares for doomsday scenarios

Respond with only the letter of your answer (A, B, C, or D).",B,2026-06-12T15:56:52.419389+00:00
763,4,row_162,socials,General,local_qwen7b,D,A,D,True,False,"In the following sentence, what does ""socials"" mean?
Catch me on the socials!

Select only one answer.
A) an informal social event or gathering frequently involving a special activity or area of interest
B) Something ugly or unattractive
C) A term for baby that people will call their significant other.
D) Used to refer to the social media platforms one uses

Respond with only the letter of your answer (A, B, C, or D).",D,2026-06-12T15:56:52.515547+00:00
764,4,row_163,socio,Insult,local_qwen7b,D,,D,True,False,"In the following sentence, what does ""socio"" mean?
The boy is a socio.

Select only one answer.
A) An unattractive girl
B) A man that is feminine in nature
C) Someone who acts tries to act entertaining and amuzingly relentlessly
D) Sociopath

Respond with only the letter of your answer (A, B, C, or D).",D,2026-06-12T15:56:52.612013+00:00
765,4,row_164,Soy,Insult,local_qwen7b,C,,C,True,False,"In the following sentence, what does ""Soy"" mean?
Stop being so soy.

Select only one answer.
A) A dance move
B) To get arrested
C) Weak or effeminate
D) Cancer

Respond with only the letter of your answer (A, B, C, or D).",C,2026-06-12T15:56:52.709014+00:00
766,4,row_165,soyboy,Identity,local_qwen7b,B,,B,True,False,"In the following sentence, what does ""soyboy"" mean?
Get that soyboy out of here!

Select only one answer.
A) Fuckboy, someone just looking for sex
B) Men that lack masculine characteristics
C) Sociopath
D) Cancer

Respond with only the letter of your answer (A, B, C, or D).",B,2026-06-12T15:56:52.805667+00:00
767,4,row_166,Spanish dancer,General,local_qwen7b,B,,D,False,False,"In the following sentence, what does ""Spanish dancer"" mean?
I sounds like I caught the spanish dancer.

Select only one answer.
A) Someone unappealing
B) Cancer
C) An expression of disappointment
D) A man that is feminine in nature

Respond with only the letter of your answer (A, B, C, or D).",D,2026-06-12T15:56:52.902221+00:00
768,4,row_167,spark,Violence,local_qwen7b,B,C,B,True,False,"In the following sentence, what does ""spark"" mean?
Don't make me spark you out!

Select only one answer.
A) A canabis based cigarette that needs two paper rolls
B) To knock someone out
C) a small particle of a burning substance thrown out by a body in combustion or remaining when combustion is nearly completed
D) To be honest about something

Respond with only the letter of your answer (A, B, C, or D).",B,2026-06-12T15:56:52.998341+00:00
769,4,row_168,Stuyvie,Drugs,local_qwen7b,D,,D,True,False,"In the following sentence, what does ""Stuyvie"" mean?
Lets go outside and smoke a suyvie.

Select only one answer.
A) An all denim outfit
B) To be high or drunk
C) A loss or failure
D) A cigarette

Respond with only the letter of your answer (A, B, C, or D).",D,2026-06-12T15:56:53.093981+00:00
770,4,row_169,suiter,General,local_qwen7b,C,A,C,True,False,"In the following sentence, what does ""suiter"" mean?
Her suiter was admiring her from afar.

Select only one answer.
A) a suitcase for holding a specified number of suits —usually used in combination
B) Mediocre
C) a significant other
D) Something that appears mundane but has hidden potential

Respond with only the letter of your answer (A, B, C, or D).",C,2026-06-12T15:56:53.190711+00:00
771,4,row_170,Sus,General,local_qwen7b,B,,B,True,False,"In the following sentence, what does ""Sus"" mean?
That man over there is real sus.

Select only one answer.
A) To show off
B) Something suspicious
C) A man that takes care of children
D) To get arrested

Respond with only the letter of your answer (A, B, C, or D).",B,2026-06-12T15:56:53.285514+00:00
772,4,row_171,Tea,General,local_qwen7b,D,C,D,True,False,"In the following sentence, what does ""Tea"" mean?
Come on, spill the tea!

Select only one answer.
A) drunk
B) A criminal that turned their life arpound and are legitimate
C) a widely cultivated shrub (Camellia sinensis of the family Theaceae, the tea family) native to China, northern India, and southeastern Asia and having glossy green leaves and fragrant white flowers
D) Gossip

Respond with only the letter of your answer (A, B, C, or D).",D,2026-06-12T15:56:53.381338+00:00
773,4,row_172,theybie,General,local_qwen7b,B,,C,False,False,"In the following sentence, what does ""theybie"" mean?
The a couple and their theybie just moved in next door.

Select only one answer.
A) To show off
B) A term used to describe a baby raised in a gender neutral environment
C) Prolonged masturbation
D) Something done regularly

Respond with only the letter of your answer (A, B, C, or D).",C,2026-06-12T15:56:53.476891+00:00
774,4,row_173,Thirsty,Sexual,local_qwen7b,D,A,B,False,False,"In the following sentence, what does ""Thirsty"" mean?
She's lookin real thirsty today.

Select only one answer.
A) feeling thirst
B) A descriptor for an attractive person
C) the playful act of taking a friend's food
D) Someone who is trying to get sexual attention overtly

Respond with only the letter of your answer (A, B, C, or D).",B,2026-06-12T15:56:53.572806+00:00
775,4,row_174,Thot,Sexual,local_qwen7b,D,,B,False,False,"In the following sentence, what does ""Thot"" mean?
I'm gonna dress like a thot tonight.

Select only one answer.
A) Something suspicious
B) Someone who is trying to get sexual attention overtly
C) A provocative dance
D) Another term that stands for that hoe over there

Respond with only the letter of your answer (A, B, C, or D).",B,2026-06-12T15:56:53.668558+00:00
776,4,row_175,Thrust,General,local_qwen7b,C,D,D,False,True,"In the following sentence, what does ""Thrust"" mean?
Hit the thrust!

Select only one answer.
A) Somehting uncool or unfashionable
B) a live-action role-playing game in which a group of people enacts a fictional scenario (such as a fantasy adventure) in real time typically under the guidance of a facilitator or organizer; also : the activity of participating in such games : larping
C) A dance move
D) to push or drive with force : shove

Respond with only the letter of your answer (A, B, C, or D).",D,2026-06-12T15:56:53.764539+00:00
777,4,row_176,toe-cheese,Insult,local_qwen7b,C,,C,True,False,"In the following sentence, what does ""toe-cheese"" mean?
My whole house smells like toe cheese.

Select only one answer.
A) Age Sex Location
B) The videos one find on social media that cause people to scroll and do nothign for hours
C) Gross buildup between the toes
D) Very good

Respond with only the letter of your answer (A, B, C, or D).",C,2026-06-12T15:56:53.860599+00:00
778,4,row_177,tomdick,Insult,local_qwen7b,D,,C,False,False,"In the following sentence, what does ""tomdick"" mean?
That secratary was a tomdick.

Select only one answer.
A) To be honest about something
B) A dance move
C) Someone who is trying to get sexual attention overtly
D) A commonplace person

Respond with only the letter of your answer (A, B, C, or D).",C,2026-06-12T15:56:53.956585+00:00
779,4,row_178,Touch Grass,General,local_qwen7b,A,,A,True,False,"In the following sentence, what does ""Touch Grass"" mean?
Go out and touch some grass.

Select only one answer.
A) A term used to say that someone is online too much and needs to get back to real life
B) A significant problem
C) Someone that tries really hard to impress their crush
D) A descriptor for an attractive person

Respond with only the letter of your answer (A, B, C, or D).",A,2026-06-12T15:56:54.052119+00:00
780,4,row_179,troll,Identity,local_qwen7b,D,C,D,True,False,"In the following sentence, what does ""troll"" mean?
That guy in valorant was a such a troll.

Select only one answer.
A) A stereotypical alpha male that is strong, handsome, and attracts women.
B) A charismatic, sexy, and quick witted man
C) a dwarf or giant in Scandinavian folklore inhabiting caves or hills
D) Someone who deliberatly acts in ways to annoy or anger a group of people online.

Respond with only the letter of your answer (A, B, C, or D).",D,2026-06-12T15:56:54.148557+00:00
781,4,row_180,Tweaking,General,local_qwen7b,A,D,D,False,True,"In the following sentence, what does ""Tweaking"" mean?
Why are you tweaking out?

Select only one answer.
A) Acting crazily
B) An endeering term used towards ones significant other
C) A strong, leader who commands those around them
D) to make usually small adjustments in or to; especially : fine-tune

Respond with only the letter of your answer (A, B, C, or D).",D,2026-06-12T15:56:54.244380+00:00
782,4,row_181,twoz,Drugs,local_qwen7b,D,,D,True,False,"In the following sentence, what does ""twoz"" mean?
Hey, hand me the twoz joint.

Select only one answer.
A) I just burst out laughing
B) fake soft penises and testicles designed to give a 'male' bulge to the crotches of female-to-male transsexuals.
C) used to mock spoiled kids
D) A canabis based cigarette that needs two paper rolls

Respond with only the letter of your answer (A, B, C, or D).",D,2026-06-12T15:56:54.339801+00:00
783,4,row_182,Unc,Insult,local_qwen7b,C,,C,True,False,"In the following sentence, what does ""Unc"" mean?
I'll explain it to you unc.

Select only one answer.
A) To show off
B) A sexual relationship developed from situations without clear future intentions
C) An older person who is out of touch
D) A loud and messy conflict

Respond with only the letter of your answer (A, B, C, or D).",C,2026-06-12T15:56:54.435745+00:00
784,4,row_183,Understood the assignment,General,local_qwen7b,B,,B,True,False,"In the following sentence, what does ""Understood the assignment"" mean?
All done. Understood the assignment.

Select only one answer.
A) A loss or failure
B) To confim that something was completed to expectation
C) To prepare for a fight
D) To knock someone out

Respond with only the letter of your answer (A, B, C, or D).",B,2026-06-12T15:56:54.532410+00:00
785,4,row_184,upper decky,Drugs,local_qwen7b,A,,A,True,False,"In the following sentence, what does ""upper decky"" mean?
Hey bro, can I bum an upper decky zynn?

Select only one answer.
A) A nicotine pouch held between the upper lip and gums
B) A canister of nitrous oxide
C) Something suspicious
D) Something that is messed up or not right.

Respond with only the letter of your answer (A, B, C, or D).",A,2026-06-12T15:56:54.629425+00:00
786,4,row_185,Vibe,General,local_qwen7b,D,,D,True,False,"In the following sentence, what does ""Vibe"" mean?
I'm just enjoyin the vibe out here.

Select only one answer.
A) Crack cocaine
B) An unattractive girl
C) A hot dog
D) The positive or relaxing energy of a place

Respond with only the letter of your answer (A, B, C, or D).",D,2026-06-12T15:56:54.725970+00:00
787,4,row_186,Vibe Check,General,local_qwen7b,B,,B,True,False,"In the following sentence, what does ""Vibe Check"" mean?
Can I get a vibe check?

Select only one answer.
A) Stylish or flashy outfit style
B) To check the mood of a situation
C) Someone who deliberatly acts in ways to annoy or anger a group of people online.
D) To confim that something was completed to expectation

Respond with only the letter of your answer (A, B, C, or D).",B,2026-06-12T15:56:54.822556+00:00
788,4,row_187,wahala,General,local_qwen7b,C,,C,True,False,"In the following sentence, what does ""wahala"" mean?
Please, no wahala.

Select only one answer.
A) Something done regularly
B) Someone who deliberatly acts in ways to annoy or anger a group of people online.
C) A significant problem
D) The positive or relaxing energy of a place

Respond with only the letter of your answer (A, B, C, or D).",C,2026-06-12T15:56:54.919293+00:00
789,4,row_188,waved,Drugs,local_qwen7b,C,A,C,True,False,"In the following sentence, what does ""waved"" mean?
Bro's over on the bench waved out of his mind.

Select only one answer.
A) having a wavelike form or outline
B) An older person who is out of touch
C) To be high or drunk
D) A near superhuman perfect male

Respond with only the letter of your answer (A, B, C, or D).",C,2026-06-12T15:56:55.015145+00:00
790,4,row_189,What the sigma,General,local_qwen7b,C,,C,True,False,"In the following sentence, what does ""What the sigma"" mean?
What the sigma? I thought you left?

Select only one answer.
A) Fuckboy, someone just looking for sex
B) To express excitement or approval for something
C) An expression of disbelief
D) One True Pairing

Respond with only the letter of your answer (A, B, C, or D).",C,2026-06-12T15:56:55.111299+00:00
791,4,row_190,whitney,Drugs,local_qwen7b,B,,B,True,False,"In the following sentence, what does ""whitney"" mean?
Hey man, you got any whitney on you?

Select only one answer.
A) Delusional
B) Crack cocaine
C) A stereotypical alpha male that is strong, handsome, and attracts women.
D) Describes activities or situations that are sexually aggressive

Respond with only the letter of your answer (A, B, C, or D).",B,2026-06-12T15:56:55.206981+00:00
792,4,row_191,Woke,Insult,local_qwen7b,B,,B,True,False,"In the following sentence, what does ""Woke"" mean?
Stop being so woke.

Select only one answer.
A) A hot dog
B) Someone that is too left leaning politically
C) An insult saying that the problem is due to lack of skill rather then luck
D) Delusional

Respond with only the letter of your answer (A, B, C, or D).",B,2026-06-12T15:56:55.303488+00:00
793,4,row_192,womp womp,General,local_qwen7b,D,,D,True,False,"In the following sentence, what does ""womp womp"" mean?
I failed that math quiz. Womp womp.

Select only one answer.
A) A strong, leader who commands those around them
B) Age Sex Location
C) Saying something secretive or to keep low profile
D) An expression of disappointment

Respond with only the letter of your answer (A, B, C, or D).",D,2026-06-12T15:56:55.398219+00:00
794,4,row_193,wraparound,General,local_qwen7b,B,D,B,True,False,"In the following sentence, what does ""wraparound"" mean?
I had to pull a wraparound this morning since I left my wallet at the bar.

Select only one answer.
A) Methodone
B) Someone who is the last person to leave a location and the first to come back in the morning
C) A dance move
D) made to be wrapped around something and especially the body

Respond with only the letter of your answer (A, B, C, or D).",B,2026-06-12T15:56:55.493586+00:00
795,4,row_194,Yapping,Insult,local_qwen7b,B,C,B,True,False,"In the following sentence, what does ""Yapping"" mean?
Stop your yapping and get over here.

Select only one answer.
A) Someone that is boring
B) Talking too much
C) to talk in a shrill insistent way : chatter
D) To get arrested

Respond with only the letter of your answer (A, B, C, or D).",B,2026-06-12T15:56:55.591058+00:00
796,4,row_195,Yeet,General,local_qwen7b,B,,B,True,False,"In the following sentence, what does ""Yeet"" mean?
Think I can make this? Yeet!

Select only one answer.
A) One True Pairing
B) Throwing something
C) Done or ruined
D) To be fierce and unapologetic withing a social situation

Respond with only the letter of your answer (A, B, C, or D).",B,2026-06-12T15:56:55.686866+00:00
797,4,row_196,ying,Violence,local_qwen7b,D,,A,False,False,"In the following sentence, what does ""ying"" mean?
I'll walk in swinging my ying.

Select only one answer.
A) To stab or shoot
B) An expression of disappointment
C) Someone who is very stubborn
D) A knife

Respond with only the letter of your answer (A, B, C, or D).",A,2026-06-12T15:56:55.782970+00:00
798,4,row_197,yoyo,General,local_qwen7b,B,C,B,True,False,"In the following sentence, what does ""yoyo"" mean?
We've helped you in the past, but yoyo this time.

Select only one answer.
A) Used to refer to the social media platforms one uses
B) You're on Your own
C) a thick grooved double disk with a string attached to its center axle that is made to fall and rise to the hand by unwinding and rewinding on the string
D) Fuckboy, someone just looking for sex

Respond with only the letter of your answer (A, B, C, or D).",B,2026-06-12T15:56:55.879393+00:00
799,4,row_198,Zaddy,Sexual,local_qwen7b,A,,A,True,False,"In the following sentence, what does ""Zaddy"" mean?
I'm meeting up with my zaddy later tonight.

Select only one answer.
A) An attractive older man
B) An insult saying that the problem is due to lack of skill rather then luck
C) Someone that is too left leaning politically
D) To do somethign very well

Respond with only the letter of your answer (A, B, C, or D).",A,2026-06-12T15:56:55.975923+00:00
800,4,row_199,Zesty,Insult,local_qwen7b,B,C,C,False,True,"In the following sentence, what does ""Zesty"" mean?
He's acting a bit zesty today.

Select only one answer.
A) To knock someone out
B) A man that is feminine in nature
C) having or characterized by zest : appealingly piquant or lively
D) a bad charisma

Respond with only the letter of your answer (A, B, C, or D).",C,2026-06-12T15:56:56.074000+00:00
801,5,row_000,'done,Drugs,local_qwen7b,D,,C,False,False,"In the following sentence, what does ""'done"" mean?
Do you have any of the 'done on you?

Select only one answer.
A) A mauser C96 pistol
B) A type of marijuana
C) An insult commonly used in sports
D) Methodone

Respond with only the letter of your answer (A, B, C, or D).",C,2026-06-12T15:56:56.169280+00:00
802,5,row_001,6-6-6,Identity,local_qwen7b,A,,A,True,False,"In the following sentence, what does ""6-6-6"" mean?
I only date a man who is a 6-6-6.

Select only one answer.
A) A rule used by some for dating that refers to someone who is six feet tall, has a 6 figure income, and has six-pack abs
B) Cool
C) When you are outnumbered in a fight and call black people for the win
D) A term for someone that enjoys watching their wife have sex with another man

Respond with only the letter of your answer (A, B, C, or D).",A,2026-06-12T15:56:56.266205+00:00
803,5,row_002,AF,General,local_qwen7b,B,,B,True,False,"In the following sentence, what does ""AF"" mean?
Thats cool AF!

Select only one answer.
A) Something that is better then everything else
B) As Fuck
C) A significant problem
D) Gross buildup between the toes

Respond with only the letter of your answer (A, B, C, or D).",B,2026-06-12T15:56:56.362407+00:00
804,5,row_003,aggy,Violence,local_qwen7b,B,,D,False,False,"In the following sentence, what does ""aggy"" mean?
Why you so aggy?

Select only one answer.
A) The videos one find on social media that cause people to scroll and do nothign for hours
B) to aggrivate
C) drunk
D) Something that is messed up or not right.

Respond with only the letter of your answer (A, B, C, or D).",D,2026-06-12T15:56:56.457269+00:00
805,5,row_004,Alpha,Identity,local_qwen7b,B,A,B,True,False,"In the following sentence, what does ""Alpha"" mean?
What an alpha chad.

Select only one answer.
A) the 1st letter of the Greek alphabet
B) A strong, leader who commands those around them
C) A canabis based cigarette that needs two paper rolls
D) a bad charisma

Respond with only the letter of your answer (A, B, C, or D).",B,2026-06-12T15:56:56.552183+00:00
806,5,row_005,ant,Sexual,local_qwen7b,C,B,B,False,True,"In the following sentence, what does ""ant"" mean?
I came across a real ant at the club earlier.

Select only one answer.
A) A glock pistol
B) any of a family (Formicidae) of colonial hymenopterous insects with a complex social organization and various castes performing special duties
C) A charismatic, sexy, and quick witted man
D) Crack cocaine

Respond with only the letter of your answer (A, B, C, or D).",B,2026-06-12T15:56:56.647575+00:00
807,5,row_006,archer,Identity,local_qwen7b,B,D,D,False,True,"In the following sentence, what does ""archer"" mean?
Jim was an archer with her lies.

Select only one answer.
A) Activities that involve cultivating ones Aura
B) A person who is very good at spotting a lie
C) To win
D) a person who uses a bow and arrow

Respond with only the letter of your answer (A, B, C, or D).",D,2026-06-12T15:56:56.743481+00:00
808,5,row_007,ASL,Sexual,local_qwen7b,B,,B,True,False,"In the following sentence, what does ""ASL"" mean?
What's your ASL?

Select only one answer.
A) Somehting uncool or unfashionable
B) Age Sex Location
C) Ironically used to describe one as unique
D) A type of marijuana

Respond with only the letter of your answer (A, B, C, or D).",B,2026-06-12T15:56:56.839510+00:00
809,5,row_008,Aura Farming,Identity,local_qwen7b,C,,C,True,False,"In the following sentence, what does ""Aura Farming"" mean?
That skateboard group is trying really hard to aura farm, but its not working.

Select only one answer.
A) An insult commonly used in sports
B) Short for Bitch
C) Activities that involve cultivating ones Aura
D) A term for baby that people will call their significant other.

Respond with only the letter of your answer (A, B, C, or D).",C,2026-06-12T15:56:56.935592+00:00
810,5,row_009,babygirl,Sexual,local_qwen7b,D,,D,True,False,"In the following sentence, what does ""babygirl"" mean?
Hey babygirl, whanna metup tonight?

Select only one answer.
A) Someone that is boring
B) the playful act of taking a friend's food
C) Someone who is trying to get sexual attention overtly
D) An endeering term used towards ones significant other

Respond with only the letter of your answer (A, B, C, or D).",D,2026-06-12T15:56:57.031700+00:00
811,5,row_010,backoff,Sexual,local_qwen7b,C,D,C,True,False,"In the following sentence, what does ""backoff"" mean?
That girl has a fat backoff!

Select only one answer.
A) an expression of surprise
B) Short for happening
C) A large ass that stands out.
D) back down

Respond with only the letter of your answer (A, B, C, or D).",C,2026-06-12T15:56:57.128856+00:00
812,5,row_011,Bae,Sexual,local_qwen7b,C,,C,True,False,"In the following sentence, what does ""Bae"" mean?
She's my bae.

Select only one answer.
A) Stylish or flashy outfit style
B) A glock pistol
C) A significant other
D) a bad charisma

Respond with only the letter of your answer (A, B, C, or D).",C,2026-06-12T15:56:57.225733+00:00
813,5,row_012,bareface,Identity,local_qwen7b,D,A,D,True,False,"In the following sentence, what does ""bareface"" mean?
I saw a group of barefaces at the store this morning, so I won't be going back.

Select only one answer.
A) having a clear finish and no nap
B) A reference for ass
C) A canabis based cigarette that needs two paper rolls
D) Someone who refused to wear a mask in covid times.

Respond with only the letter of your answer (A, B, C, or D).",D,2026-06-12T15:56:57.322044+00:00
814,5,row_013,based,General,local_qwen7b,D,B,B,False,True,"In the following sentence, what does ""based"" mean?
That show was based.

Select only one answer.
A) Someone younger
B) having a specified type of base or basis —often used in combination
C) Used to mock someone who doesnt think for themselves, says things repeatedly, or has no opinions
D) An unpopular opinion

Respond with only the letter of your answer (A, B, C, or D).",B,2026-06-12T15:56:57.418549+00:00
815,5,row_014,Basic,Identity,local_qwen7b,A,B,A,True,False,"In the following sentence, what does ""Basic"" mean?
Shes so basic.

Select only one answer.
A) Someone that is boring
B) of, relating to, or forming the base or essence : fundamental
C) A loss or failure
D) Methodone

Respond with only the letter of your answer (A, B, C, or D).",A,2026-06-12T15:56:57.514409+00:00
816,5,row_015,bb,Sexual,local_qwen7b,C,B,C,True,False,"In the following sentence, what does ""bb"" mean?
Hey bb, lets grab some food.

Select only one answer.
A) To mastrubate for extremeely long period regularly
B) a shot pellet 0.18 inch in diameter for use in a shotgun cartridge
C) A term for baby that people will call their significant other.
D) An all denim outfit

Respond with only the letter of your answer (A, B, C, or D).",C,2026-06-12T15:56:57.609274+00:00
817,5,row_016,Bet,General,local_qwen7b,C,D,B,False,False,"In the following sentence, what does ""Bet"" mean?
bet, lets go.

Select only one answer.
A) Down to fuck
B) To express excitement or approval for something
C) An affirmative agreement
D) something that is laid, staked, or pledged typically between two parties on the outcome of a contest or a contingent issue : wager —often used figuratively in such phrases as all bets are off to stress the uncertainty of an outcome

Respond with only the letter of your answer (A, B, C, or D).",B,2026-06-12T15:56:57.706306+00:00
818,5,row_017,Beta,Identity,local_qwen7b,B,D,C,False,False,"In the following sentence, what does ""Beta"" mean?
The beta's of the world aren't gonna like that.

Select only one answer.
A) a live-action role-playing game in which a group of people enacts a fictional scenario (such as a fantasy adventure) in real time typically under the guidance of a facilitator or organizer; also : the activity of participating in such games : larping
B) Someone weak or a follower
C) Used to address friends with exasperation, releif, or disbeleif.
D) the 2nd letter of the Greek alphabet

Respond with only the letter of your answer (A, B, C, or D).",C,2026-06-12T15:56:57.805165+00:00
819,5,row_018,Bih,General,local_qwen7b,C,,C,True,False,"In the following sentence, what does ""Bih"" mean?
Bih, what?

Select only one answer.
A) The abandonment of responsibilities
B) Someone that travels abroad with the sole purpose of having sex
C) Short for Bitch
D) An insulting term to refer to someone as stupid

Respond with only the letter of your answer (A, B, C, or D).",C,2026-06-12T15:56:57.901230+00:00
820,5,row_019,bine,Violence,local_qwen7b,B,C,C,False,True,"In the following sentence, what does ""bine"" mean?
Load the nine with ine and selek it.

Select only one answer.
A) Done or ruined
B) bullets
C) a twining stem or flexible shoot (as of the hop); also : a plant (such as woodbine) whose shoots are bines
D) The abandonment of responsibilities

Respond with only the letter of your answer (A, B, C, or D).",C,2026-06-12T15:56:57.996898+00:00
821,5,row_020,blackup,Violence,local_qwen7b,B,,B,True,False,"In the following sentence, what does ""blackup"" mean?
We are outnumbered. Call for black up.

Select only one answer.
A) A significant other
B) When you are outnumbered in a fight and call black people for the win
C) Someone that is boring
D) Fuckboy, someone just looking for sex

Respond with only the letter of your answer (A, B, C, or D).",B,2026-06-12T15:56:58.092449+00:00
822,5,row_021,Brain Rot,General,local_qwen7b,B,,B,True,False,"In the following sentence, what does ""Brain Rot"" mean?
Kids these days just sit around and watch brain rot.

Select only one answer.
A) A term for someone that enjoys watching their wife have sex with another man
B) The videos one find on social media that cause people to scroll and do nothign for hours
C) Weak or effeminate
D) As Fuck

Respond with only the letter of your answer (A, B, C, or D).",B,2026-06-12T15:56:58.189386+00:00
823,5,row_022,brizzy,Drugs,local_qwen7b,D,,A,False,False,"In the following sentence, what does ""brizzy"" mean?
Quickly, grab the brizzy.

Select only one answer.
A) the playful act of taking a friend's food
B) Someone who prepares for doomsday scenarios
C) A term of endearment for a significant other
D) A kilo of cocaine

Respond with only the letter of your answer (A, B, C, or D).",A,2026-06-12T15:56:58.284923+00:00
824,5,row_023,broomhandle,Violence,local_qwen7b,B,,A,False,False,"In the following sentence, what does ""broomhandle"" mean?
Get your broomhandle, we gotta go.

Select only one answer.
A) Nonsensical term
B) A mauser C96 pistol
C) A fool or a prick
D) To win

Respond with only the letter of your answer (A, B, C, or D).",A,2026-06-12T15:56:58.381569+00:00
825,5,row_024,bruh!,General,local_qwen7b,D,A,C,False,False,"In the following sentence, what does ""bruh!"" mean?
Bruh! What was that?

Select only one answer.
A) brother
B) An incel term for an attractive middle eastern man
C) An expression of disbelief
D) Used to address friends with exasperation, releif, or disbeleif.

Respond with only the letter of your answer (A, B, C, or D).",C,2026-06-12T15:56:58.478070+00:00
826,5,row_025,Bruzz,General,local_qwen7b,C,,C,True,False,"In the following sentence, what does ""Bruzz"" mean?
Whats up bruzz?

Select only one answer.
A) Short for happening
B) when a reply gets more than the original post
C) A term for friends
D) A kilo of cocaine

Respond with only the letter of your answer (A, B, C, or D).",C,2026-06-12T15:56:58.574158+00:00
827,5,row_026,Bussin',General,local_qwen7b,B,,B,True,False,"In the following sentence, what does ""Bussin'"" mean?
This pizza is bussin, on god!

Select only one answer.
A) Used to address friends with exasperation, releif, or disbeleif.
B) Very good
C) The vagina
D) Used to refer to the social media platforms one uses

Respond with only the letter of your answer (A, B, C, or D).",B,2026-06-12T15:56:58.668723+00:00
828,5,row_027,Cake,Sexual,local_qwen7b,C,A,C,True,False,"In the following sentence, what does ""Cake"" mean?
Shes looking real caked up!

Select only one answer.
A) a breadlike food made from a dough or batter that is usually fried or baked in small flat shapes and is often unleavened
B) A canister of nitrous oxide
C) A reference for ass
D) bullets

Respond with only the letter of your answer (A, B, C, or D).",C,2026-06-12T15:56:58.764853+00:00
829,5,row_028,Cap,General,local_qwen7b,D,A,D,True,False,"In the following sentence, what does ""Cap"" mean?
You're cappin. No way.

Select only one answer.
A) a head covering especially with a visor and no brim
B) An attractive older man
C) Epileptic fit from a synthetic canabis
D) Something untrue or unbeleivable

Respond with only the letter of your answer (A, B, C, or D).",D,2026-06-12T15:56:58.861267+00:00
830,5,row_029,Chad,Identity,local_qwen7b,C,A,A,False,True,"In the following sentence, what does ""Chad"" mean?
That was a total chad move.

Select only one answer.
A) small pieces of paper or cardboard produced in punching paper tape or data cards; also : a piece of chad.
B) Something done regularly
C) A stereotypical alpha male that is strong, handsome, and attracts women.
D) Someone younger

Respond with only the letter of your answer (A, B, C, or D).",A,2026-06-12T15:56:58.957899+00:00
831,5,row_030,Chaddam,Identity,local_qwen7b,C,,B,False,False,"In the following sentence, what does ""Chaddam"" mean?
Did you see the chaddam at the restraunt earlier?

Select only one answer.
A) A criminal that turned their life arpound and are legitimate
B) Acting crazily
C) An incel term for an attractive middle eastern man
D) Fashionable or stylish

Respond with only the letter of your answer (A, B, C, or D).",B,2026-06-12T15:56:59.055063+00:00
832,5,row_031,Chang,Drugs,local_qwen7b,A,,A,True,False,"In the following sentence, what does ""Chang"" mean?
Hey , you got a hookup for chang?

Select only one answer.
A) cocaine
B) Someone that travels abroad with the sole purpose of having sex
C) Main Character - Someone that acts as if they are the star of a story
D) Cool

Respond with only the letter of your answer (A, B, C, or D).",A,2026-06-12T15:56:59.151483+00:00
833,5,row_032,Chat,General,local_qwen7b,D,A,A,False,True,"In the following sentence, what does ""Chat"" mean?
Chat, how does this look?

Select only one answer.
A) chatter, prattle
B) when a reply gets more than the original post
C) crazy or erratic
D) To refer to ones imaginary audience like an internet steamer

Respond with only the letter of your answer (A, B, C, or D).",A,2026-06-12T15:56:59.247204+00:00
834,5,row_033,Cheeks,General,local_qwen7b,D,B,B,False,True,"In the following sentence, what does ""Cheeks"" mean?
That movie was cheeks.

Select only one answer.
A) To be skeptical about something
B) the fleshy side of the face below the eye and above and to the side of the mouth
C) The anus
D) Somehting that is poor quality

Respond with only the letter of your answer (A, B, C, or D).",B,2026-06-12T15:56:59.343142+00:00
835,5,row_034,chenta,Insult,local_qwen7b,A,,A,True,False,"In the following sentence, what does ""chenta"" mean?
You are looking really chenta.

Select only one answer.
A) Something ugly or unattractive
B) Nonsensical term
C) The videos one find on social media that cause people to scroll and do nothign for hours
D) Someone that travels abroad with the sole purpose of having sex

Respond with only the letter of your answer (A, B, C, or D).",A,2026-06-12T15:56:59.439700+00:00
836,5,row_035,cheugy,Insult,local_qwen7b,B,,B,True,False,"In the following sentence, what does ""cheugy"" mean?
That girl had such a cheugy outfit.

Select only one answer.
A) Used to address friends with exasperation, releif, or disbeleif.
B) Somehting uncool or unfashionable
C) Mercedes Benz G class
D) To give sympathy or signify a failure

Respond with only the letter of your answer (A, B, C, or D).",B,2026-06-12T15:56:59.534761+00:00
837,5,row_036,chi-mo,Identity,local_qwen7b,A,,B,False,False,"In the following sentence, what does ""chi-mo"" mean?
Go fuck that chi-mo up.

Select only one answer.
A) A chlid molestor
B) When something hidden gets called out
C) An insult saying that the problem is due to lack of skill rather then luck
D) someone that looks ordinary but is actually very strong

Respond with only the letter of your answer (A, B, C, or D).",B,2026-06-12T15:56:59.630529+00:00
838,5,row_037,Chungus,General,local_qwen7b,D,,C,False,False,"In the following sentence, what does ""Chungus"" mean?
Thats a very chungus pizza.

Select only one answer.
A) An unattractive girl
B) Men that lack masculine characteristics
C) To stab or shoot
D) Something that is adorably and chunky

Respond with only the letter of your answer (A, B, C, or D).",C,2026-06-12T15:56:59.725410+00:00
839,5,row_038,Clocked,Violence,local_qwen7b,D,C,B,False,False,"In the following sentence, what does ""Clocked"" mean?
He totally clocked that guy.

Select only one answer.
A) Nonsensical term
B) Go in 100% on something
C) to time with a stopwatch or by an electric timing device
D) When something hidden gets called out

Respond with only the letter of your answer (A, B, C, or D).",B,2026-06-12T15:56:59.821022+00:00
840,5,row_039,Cooked,General,local_qwen7b,B,D,B,True,False,"In the following sentence, what does ""Cooked"" mean?
You're cooked

Select only one answer.
A) Ironically used to describe one as unique
B) Done or ruined
C) Someone who deliberatly acts in ways to annoy or anger a group of people online.
D) past tense and past participle of cook

Respond with only the letter of your answer (A, B, C, or D).",B,2026-06-12T15:56:59.916847+00:00
841,5,row_040,coota suit,Identity,local_qwen7b,D,,D,True,False,"In the following sentence, what does ""coota suit"" mean?
Im gonna hit the town in my coota suit.

Select only one answer.
A) Main Character - Someone that acts as if they are the star of a story
B) Activities that involve cultivating ones Aura
C) Short for happening
D) An all denim outfit

Respond with only the letter of your answer (A, B, C, or D).",D,2026-06-12T15:57:00.012537+00:00
842,5,row_041,Crashout,General,local_qwen7b,C,A,C,True,False,"In the following sentence, what does ""Crashout"" mean?
Jen had a total crashout after her breakup

Select only one answer.
A) a vehicular crash
B) A term for friends
C) An emotional meltdown
D) Something untrue or unbeleivable

Respond with only the letter of your answer (A, B, C, or D).",C,2026-06-12T15:57:00.108913+00:00
843,5,row_042,Cringe,General,local_qwen7b,C,,C,True,False,"In the following sentence, what does ""Cringe"" mean?
Did you hear that pickup line? It was totally cringe!

Select only one answer.
A) a live-action role-playing game in which a group of people enacts a fictional scenario (such as a fantasy adventure) in real time typically under the guidance of a facilitator or organizer; also : the activity of participating in such games : larping
B) the playful act of taking a friend's food
C) to recoil in distaste
D) sweet talk

Respond with only the letter of your answer (A, B, C, or D).",C,2026-06-12T15:57:00.204818+00:00
844,5,row_043,crower,Insult,local_qwen7b,A,,A,True,False,"In the following sentence, what does ""crower"" mean?
Stop sitting around and being a crower

Select only one answer.
A) Someone who sitts around commenting about others
B) an expression of surprise
C) Very good
D) An insult commonly used in sports

Respond with only the letter of your answer (A, B, C, or D).",A,2026-06-12T15:57:00.301899+00:00
845,5,row_044,cuck,Insult,local_qwen7b,C,D,B,False,False,"In the following sentence, what does ""cuck"" mean?
That guy must be a cuck letting his wife talk to others like that.

Select only one answer.
A) An expression of disappointment
B) Fuckboy, someone just looking for sex
C) A term for someone that enjoys watching their wife have sex with another man
D) a man whose wife is unfaithful : cuckold

Respond with only the letter of your answer (A, B, C, or D).",B,2026-06-12T15:57:00.398223+00:00
846,5,row_045,d-low,General,local_qwen7b,B,,B,True,False,"In the following sentence, what does ""d-low"" mean?
Keep it on the d-low, okay?

Select only one answer.
A) Something suspicious
B) To keep secretive or obscure
C) Someone who prepares for doomsday scenarios
D) Cool

Respond with only the letter of your answer (A, B, C, or D).",B,2026-06-12T15:57:00.540121+00:00
847,5,row_046,daggers,General,local_qwen7b,B,C,B,True,False,"In the following sentence, what does ""daggers"" mean?
Lets hit the dance floor and do the start daggering.

Select only one answer.
A) A cigarette
B) A provocative dance
C) a sharp pointed knife for stabbing
D) Age Sex Location

Respond with only the letter of your answer (A, B, C, or D).",B,2026-06-12T15:57:00.634248+00:00
848,5,row_047,Ded,General,local_qwen7b,C,,A,False,False,"In the following sentence, what does ""Ded"" mean?
I'm ded

Select only one answer.
A) Something untrue or unbeleivable
B) A sexual relationship developed from situations without clear future intentions
C) To metaphorically die of laughter
D) Someone that travels abroad with the sole purpose of having sex

Respond with only the letter of your answer (A, B, C, or D).",A,2026-06-12T15:57:00.728007+00:00
849,5,row_048,Delulu,General,local_qwen7b,D,,A,False,False,"In the following sentence, what does ""Delulu"" mean?
I'm feeling delulu after that show.

Select only one answer.
A) A sexual relationship developed from situations without clear future intentions
B) An endeering term used towards ones significant other
C) A nicotine pouch held between the upper lip and gums
D) Delusional

Respond with only the letter of your answer (A, B, C, or D).",A,2026-06-12T15:57:00.823194+00:00
850,5,row_049,Dog water,Insult,local_qwen7b,B,,B,True,False,"In the following sentence, what does ""Dog water"" mean?
You are playing like dog water.

Select only one answer.
A) A sudden feeling of disguest or repultion towards someone.
B) Something low quality or bad
C) I just burst out laughing
D) A criminal that turned their life arpound and are legitimate

Respond with only the letter of your answer (A, B, C, or D).",B,2026-06-12T15:57:00.918060+00:00
851,5,row_050,doommaxxing,Identity,local_qwen7b,C,,B,False,False,"In the following sentence, what does ""doommaxxing"" mean?
I'm just gonna be doommaxxing all weekend.

Select only one answer.
A) A term to support someone going through a gender change.
B) Someone acting aggressively and out of control
C) The abandonment of responsibilities
D) Mercedes Benz G class

Respond with only the letter of your answer (A, B, C, or D).",B,2026-06-12T15:57:01.013925+00:00
852,5,row_051,Dope,General,local_qwen7b,D,A,D,True,False,"In the following sentence, what does ""Dope"" mean?
That car is dope.

Select only one answer.
A) a stupid person
B) drunk
C) an expression of surprise
D) Cool

Respond with only the letter of your answer (A, B, C, or D).",D,2026-06-12T15:57:01.110482+00:00
853,5,row_052,Drip,Identity,local_qwen7b,B,A,A,False,True,"In the following sentence, what does ""Drip"" mean?
How is the drip?

Select only one answer.
A) to let fall in drops
B) Stylish or flashy outfit style
C) A nicotine pouch held between the upper lip and gums
D) Sociopath

Respond with only the letter of your answer (A, B, C, or D).",A,2026-06-12T15:57:01.206144+00:00
854,5,row_053,DTF,Sexual,local_qwen7b,D,,D,True,False,"In the following sentence, what does ""DTF"" mean?
She was totally DTF after the first date.

Select only one answer.
A) Methodone
B) A glock pistol
C) A term used to describe a baby raised in a gender neutral environment
D) Down to fuck

Respond with only the letter of your answer (A, B, C, or D).",D,2026-06-12T15:57:01.301551+00:00
855,5,row_054,dubs,General,local_qwen7b,B,C,B,True,False,"In the following sentence, what does ""dubs"" mean?
Take home the dubs!

Select only one answer.
A) Something that is reallly good.
B) To win
C) to add (sound effects or new dialogue) to a film or to a radio or television production —usually used with in
D) The anus

Respond with only the letter of your answer (A, B, C, or D).",B,2026-06-12T15:57:01.445319+00:00
856,5,row_055,epi,General,local_qwen7b,A,,A,True,False,"In the following sentence, what does ""epi"" mean?
Watch out, hes going through an epi.

Select only one answer.
A) Epileptic fit from a synthetic canabis
B) Someone who is trying to get sexual attention overtly
C) Men that lack masculine characteristics
D) Done or ruined

Respond with only the letter of your answer (A, B, C, or D).",A,2026-06-12T15:57:01.541345+00:00
857,5,row_056,F,General,local_qwen7b,D,B,D,True,False,"In the following sentence, what does ""F"" mean?
I almost had that one. F.

Select only one answer.
A) Friends with benefits
B) the 6th letter of the English alphabet
C) intensely and openely say something true
D) To give sympathy or signify a failure

Respond with only the letter of your answer (A, B, C, or D).",D,2026-06-12T15:57:01.683830+00:00
858,5,row_057,Fanum Tax,General,local_qwen7b,A,,A,True,False,"In the following sentence, what does ""Fanum Tax"" mean?
I was at dinner with my girl and she fanum taxed me.

Select only one answer.
A) the playful act of taking a friend's food
B) Fuckboy, someone just looking for sex
C) Someone acting aggressively and out of control
D) cocaine

Respond with only the letter of your answer (A, B, C, or D).",A,2026-06-12T15:57:01.778278+00:00
859,5,row_058,FBOI,Sexual,local_qwen7b,D,,D,True,False,"In the following sentence, what does ""FBOI"" mean?
She just needs a FBOI to gegt out of her slump.

Select only one answer.
A) One True Pairing
B) Someone that is too left leaning politically
C) Something suspicious
D) Fuckboy, someone just looking for sex

Respond with only the letter of your answer (A, B, C, or D).",D,2026-06-12T15:57:01.920567+00:00
860,5,row_059,Fire,General,local_qwen7b,B,A,B,True,False,"In the following sentence, what does ""Fire"" mean?
That game war fire!

Select only one answer.
A) the phenomenon of combustion manifested in light, flame, and heat
B) Something really good
C) A near superhuman perfect male
D) The positive or relaxing energy of a place

Respond with only the letter of your answer (A, B, C, or D).",B,2026-06-12T15:57:02.017836+00:00
861,5,row_060,Flex,General,local_qwen7b,A,B,A,True,False,"In the following sentence, what does ""Flex"" mean?
Vinny with the car flex.

Select only one answer.
A) To show off
B) to bend especially repeatedly
C) Someone who is trying to get sexual attention overtly
D) intensely and openely say something true

Respond with only the letter of your answer (A, B, C, or D).",A,2026-06-12T15:57:02.114863+00:00
862,5,row_061,foid,Insult,local_qwen7b,A,,A,True,False,"In the following sentence, what does ""foid"" mean?
Their was this group of foids at the store earlier, I couldn't satnd them!

Select only one answer.
A) A term used by incels to refer to women in a way that dehumanizes them.
B) Talking too much
C) Someone younger
D) Someone who acts tries to act entertaining and amuzingly relentlessly

Respond with only the letter of your answer (A, B, C, or D).",A,2026-06-12T15:57:02.210716+00:00
863,5,row_062,Fuckboy,Sexual,local_qwen7b,A,,A,True,False,"In the following sentence, what does ""Fuckboy"" mean?
That guy gave off total fuckboy energy.

Select only one answer.
A) Fuckboy, someone just looking for sex
B) Short for happening
C) Age Sex Location
D) sex

Respond with only the letter of your answer (A, B, C, or D).",A,2026-06-12T15:57:02.305960+00:00
864,5,row_063,fuckwhistle,Insult,local_qwen7b,B,,B,True,False,"In the following sentence, what does ""fuckwhistle"" mean?
Get out of here you fuckwhistle!

Select only one answer.
A) An affirmative agreement
B) An insulting term to refer to someone as stupid
C) The vagina
D) A term to discuss sexual experiences

Respond with only the letter of your answer (A, B, C, or D).",B,2026-06-12T15:57:02.402591+00:00
865,5,row_064,Full send,General,local_qwen7b,C,,C,True,False,"In the following sentence, what does ""Full send"" mean?
I'm about to full send on this test!

Select only one answer.
A) Acting crazily
B) Men that lack masculine characteristics
C) Go in 100% on something
D) Somehting that is poor quality

Respond with only the letter of your answer (A, B, C, or D).",C,2026-06-12T15:57:02.498098+00:00
866,5,row_065,FWB,Sexual,local_qwen7b,A,,A,True,False,"In the following sentence, what does ""FWB"" mean?
Yea, we started a FWB sort of thing.

Select only one answer.
A) Friends with benefits
B) To be skeptical about something
C) To express disappointment dramatically
D) Mediocre

Respond with only the letter of your answer (A, B, C, or D).",A,2026-06-12T15:57:02.593665+00:00
867,5,row_066,G-wagon,General,local_qwen7b,A,,A,True,False,"In the following sentence, what does ""G-wagon"" mean?
Yo, check out that g-wagon!

Select only one answer.
A) Mercedes Benz G class
B) Epileptic fit from a synthetic canabis
C) Someone who is trying to get sexual attention overtly
D) To express disbelief

Respond with only the letter of your answer (A, B, C, or D).",A,2026-06-12T15:57:02.689253+00:00
868,5,row_067,gabadost,Identity,local_qwen7b,A,,A,True,False,"In the following sentence, what does ""gabadost"" mean?
Did you even listen to me? Gabadost!

Select only one answer.
A) Someone who is very stubborn
B) A term of endearment for a significant other
C) To make lifestyle changes to make your life more holistic
D) Cancer

Respond with only the letter of your answer (A, B, C, or D).",A,2026-06-12T15:57:02.833555+00:00
869,5,row_068,Giga Chad,Identity,local_qwen7b,A,,A,True,False,"In the following sentence, what does ""Giga Chad"" mean?
Did you see how he lifted that? What a giga chad.

Select only one answer.
A) A near superhuman perfect male
B) Charisma
C) A canister of nitrous oxide
D) Throwing something

Respond with only the letter of your answer (A, B, C, or D).",A,2026-06-12T15:57:02.927982+00:00
870,5,row_069,Glazing,Insult,local_qwen7b,C,D,C,True,False,"In the following sentence, what does ""Glazing"" mean?
Stop glazing over One Piece, its not that good.

Select only one answer.
A) To knock someone out
B) The anus
C) Someone that is too much of a fan of something
D) the action, process, or trade of fitting windows with glass

Respond with only the letter of your answer (A, B, C, or D).",C,2026-06-12T15:57:03.023119+00:00
871,5,row_070,Glee,Violence,local_qwen7b,A,D,D,False,True,"In the following sentence, what does ""Glee"" mean?
Grab your glee and get outta here!

Select only one answer.
A) A glock pistol
B) To give sympathy or signify a failure
C) Friends with benefits
D) exultant high-spirited joy : merriment

Respond with only the letter of your answer (A, B, C, or D).",D,2026-06-12T15:57:03.120902+00:00
872,5,row_071,glitter,Identity,local_qwen7b,B,D,D,False,True,"In the following sentence, what does ""glitter"" mean?
Go out htere and glittter!

Select only one answer.
A) Mediocre
B) A term to support someone going through a gender change.
C) A person who is very good at spotting a lie
D) to shine by reflection with many small flashes of brilliant light : sparkle

Respond with only the letter of your answer (A, B, C, or D).",D,2026-06-12T15:57:03.216764+00:00
873,5,row_072,glizzy,General,local_qwen7b,D,,D,True,False,"In the following sentence, what does ""glizzy"" mean?
Hey, lets grab some costco glizzys before we go.

Select only one answer.
A) Something that is reallly good.
B) Describes activities or situations that are sexually aggressive
C) sweet talk
D) A hot dog

Respond with only the letter of your answer (A, B, C, or D).",D,2026-06-12T15:57:03.311783+00:00
874,5,row_073,Goated,General,local_qwen7b,A,,A,True,False,"In the following sentence, what does ""Goated"" mean?
That play was goated

Select only one answer.
A) The greatest of all time
B) A sudden feeling of disguest or repultion towards someone.
C) A significant problem
D) A person who is very good at spotting a lie

Respond with only the letter of your answer (A, B, C, or D).",A,2026-06-12T15:57:03.407994+00:00
875,5,row_074,Gooning,Sexual,local_qwen7b,B,,B,True,False,"In the following sentence, what does ""Gooning"" mean?
He looks like he was gooning all break

Select only one answer.
A) Charisma
B) Prolonged masturbation
C) A term for baby that people will call their significant other.
D) A reaction to something uncomfortable

Respond with only the letter of your answer (A, B, C, or D).",B,2026-06-12T15:57:03.504067+00:00
876,5,row_075,goonmaxxing,Identity,local_qwen7b,A,,A,True,False,"In the following sentence, what does ""goonmaxxing"" mean?
He's been spending all summer goonmaxxing in his room

Select only one answer.
A) To mastrubate for extremeely long period regularly
B) A term of endearment for a significant other
C) something intense, aggressive, and unfiltered
D) To shoot ones shot.

Respond with only the letter of your answer (A, B, C, or D).",A,2026-06-12T15:57:03.599866+00:00
877,5,row_076,gouda,General,local_qwen7b,A,B,C,False,False,"In the following sentence, what does ""gouda"" mean?
Stop being so gouda.

Select only one answer.
A) Someone unappealing
B) a mild cheese of Dutch origin that is similar to Edam but contains more fat
C) Something that is reallly good.
D) A person who is very good at spotting a lie

Respond with only the letter of your answer (A, B, C, or D).",C,2026-06-12T15:57:03.695906+00:00
878,5,row_077,greazy,Insult,local_qwen7b,D,,C,False,False,"In the following sentence, what does ""greazy"" mean?
You lookin greazy today.

Select only one answer.
A) Somehting that is poor quality
B) Something very good
C) Cool
D) Poorly dressed

Respond with only the letter of your answer (A, B, C, or D).",C,2026-06-12T15:57:03.792110+00:00
879,5,row_078,Griddy,General,local_qwen7b,C,,A,False,False,"In the following sentence, what does ""Griddy"" mean?
Hit the griddy!

Select only one answer.
A) The videos one find on social media that cause people to scroll and do nothign for hours
B) A person who is very good at spotting a lie
C) A dance move
D) Methodone

Respond with only the letter of your answer (A, B, C, or D).",A,2026-06-12T15:57:03.888194+00:00
880,5,row_079,grips up,Violence,local_qwen7b,D,,D,True,False,"In the following sentence, what does ""grips up"" mean?
grips up, we gotta head out.

Select only one answer.
A) A descriptor for an attractive person
B) Gossip
C) To express disbelief
D) To prepare for a fight

Respond with only the letter of your answer (A, B, C, or D).",D,2026-06-12T15:57:04.029648+00:00
881,5,row_080,Gyatt,General,local_qwen7b,A,,C,False,False,"In the following sentence, what does ""Gyatt"" mean?
Oh, my gyatt, I really wanna see you.

Select only one answer.
A) an expression of surprise
B) When something hidden gets called out
C) The vagina
D) To shoot ones shot.

Respond with only the letter of your answer (A, B, C, or D).",C,2026-06-12T15:57:04.125031+00:00
882,5,row_081,haps,General,local_qwen7b,A,,B,False,False,"In the following sentence, what does ""haps"" mean?
haps tonight?

Select only one answer.
A) Short for happening
B) Done or ruined
C) A term for baby that people will call their significant other.
D) The anus

Respond with only the letter of your answer (A, B, C, or D).",B,2026-06-12T15:57:04.219723+00:00
883,5,row_082,hem up,General,local_qwen7b,A,,A,True,False,"In the following sentence, what does ""hem up"" mean?
Bro, don't hem up.

Select only one answer.
A) To get arrested
B) Main Character - Someone that acts as if they are the star of a story
C) A dance move
D) bullets

Respond with only the letter of your answer (A, B, C, or D).",A,2026-06-12T15:57:04.315658+00:00
884,5,row_083,highkey,General,local_qwen7b,D,A,D,True,False,"In the following sentence, what does ""highkey"" mean?
Highkey, this place is great!

Select only one answer.
A) having or producing light tones only with little contrast —used of a photographic print or subject or of the lighting of a photographic subject
B) Somehting that is poor quality
C) A charismatic, sexy, and quick witted man
D) intensely and openely say something true

Respond with only the letter of your answer (A, B, C, or D).",D,2026-06-12T15:57:04.411458+00:00
885,5,row_084,Hits different,General,local_qwen7b,A,,A,True,False,"In the following sentence, what does ""Hits different"" mean?
This hot dog hits different.

Select only one answer.
A) Something very good
B) an expression of surprise
C) An incel term for an attractive middle eastern man
D) A knife

Respond with only the letter of your answer (A, B, C, or D).",A,2026-06-12T15:57:04.507320+00:00
886,5,row_085,Ick,Insult,local_qwen7b,D,,D,True,False,"In the following sentence, what does ""Ick"" mean?
His hairdue gave me the ick.

Select only one answer.
A) Someone that is boring
B) A rule used by some for dating that refers to someone who is six feet tall, has a 6 figure income, and has six-pack abs
C) An incel term for an attractive middle eastern man
D) A sudden feeling of disguest or repultion towards someone.

Respond with only the letter of your answer (A, B, C, or D).",D,2026-06-12T15:57:04.603521+00:00
887,5,row_086,IJBOL,General,local_qwen7b,B,,B,True,False,"In the following sentence, what does ""IJBOL"" mean?
That was aso funny. IJBOL!

Select only one answer.
A) An incel term meaning kissless, hugless, handholdless virgin
B) I just burst out laughing
C) An affirmative agreement
D) A large ass that stands out.

Respond with only the letter of your answer (A, B, C, or D).",B,2026-06-12T15:57:04.698327+00:00
888,5,row_087,Ipad Kid,General,local_qwen7b,D,,D,True,False,"In the following sentence, what does ""Ipad Kid"" mean?
They are just a bunch of Ipad kids.

Select only one answer.
A) A rule used by some for dating that refers to someone who is six feet tall, has a 6 figure income, and has six-pack abs
B) Something low quality or bad
C) Epileptic fit from a synthetic canabis
D) used to mock spoiled kids

Respond with only the letter of your answer (A, B, C, or D).",D,2026-06-12T15:57:04.793704+00:00
889,5,row_088,Jebaited,General,local_qwen7b,A,,A,True,False,"In the following sentence, what does ""Jebaited"" mean?
Get jebaited!

Select only one answer.
A) To manipulated, trick, or fool someone
B) A submissive male that is often outside of traditional social hierarchies
C) A type of marijuana
D) A person who is very good at spotting a lie

Respond with only the letter of your answer (A, B, C, or D).",A,2026-06-12T15:57:04.937994+00:00
890,5,row_089,jestermaxxing,Identity,local_qwen7b,B,,B,True,False,"In the following sentence, what does ""jestermaxxing"" mean?
Tommy's jestermaxxing in class just to annoy the teacher.

Select only one answer.
A) Used to refer to the social media platforms one uses
B) Someone who acts tries to act entertaining and amuzingly relentlessly
C) Someone younger
D) An independent, strong person

Respond with only the letter of your answer (A, B, C, or D).",B,2026-06-12T15:57:05.036808+00:00
891,5,row_090,Jit,Insult,local_qwen7b,C,,D,False,False,"In the following sentence, what does ""Jit"" mean?
Who is this jit?

Select only one answer.
A) To metaphorically die of laughter
B) Someone unappealing
C) Someone younger
D) Fuckboy, someone just looking for sex

Respond with only the letter of your answer (A, B, C, or D).",D,2026-06-12T15:57:05.179988+00:00
892,5,row_091,K.Y. cowboy,Insult,local_qwen7b,A,,B,False,False,"In the following sentence, what does ""K.Y. cowboy"" mean?
Stop being such a K.Y. cowboy.

Select only one answer.
A) A homosexual cowboy
B) A term for baby that people will call their significant other.
C) An incel term for an attractive middle eastern man
D) A significant other

Respond with only the letter of your answer (A, B, C, or D).",B,2026-06-12T15:57:05.274983+00:00
893,5,row_092,keep it 100,General,local_qwen7b,C,,C,True,False,"In the following sentence, what does ""keep it 100"" mean?
Keep it 100, dod you see her last night?

Select only one answer.
A) A charismatic, sexy, and quick witted man
B) Someone younger
C) To be honest about something
D) the playful act of taking a friend's food

Respond with only the letter of your answer (A, B, C, or D).",C,2026-06-12T15:57:05.372079+00:00
894,5,row_093,KHHV,Insult,local_qwen7b,A,,A,True,False,"In the following sentence, what does ""KHHV"" mean?
Looks like a total KHHV.

Select only one answer.
A) An incel term meaning kissless, hugless, handholdless virgin
B) Something that appears mundane but has hidden potential
C) Someone who refused to wear a mask in covid times.
D) An insult commonly used in sports

Respond with only the letter of your answer (A, B, C, or D).",A,2026-06-12T15:57:05.467599+00:00
895,5,row_094,knot off,Drugs,local_qwen7b,C,,C,True,False,"In the following sentence, what does ""knot off"" mean?
Get ready to knot off, I have the H.

Select only one answer.
A) A sexual relationship developed from situations without clear future intentions
B) Someone who is the last person to leave a location and the first to come back in the morning
C) To tie up an arm to isolate a vein for injecting a drug
D) Someone who acts tries to act entertaining and amuzingly relentlessly

Respond with only the letter of your answer (A, B, C, or D).",C,2026-06-12T15:57:05.564760+00:00
896,5,row_095,kweff,Violence,local_qwen7b,A,,A,True,False,"In the following sentence, what does ""kweff"" mean?
Lock, aim, and kweff.

Select only one answer.
A) To stab or shoot
B) Talking too much
C) Something that is messed up or not right.
D) An unpopular opinion

Respond with only the letter of your answer (A, B, C, or D).",A,2026-06-12T15:57:05.660173+00:00
897,5,row_096,L,General,local_qwen7b,B,A,B,True,False,"In the following sentence, what does ""L"" mean?
We took the L at the basketball match.

Select only one answer.
A) the 12th letter of the English alphabet
B) A loss or failure
C) A term for friends
D) Methodone

Respond with only the letter of your answer (A, B, C, or D).",B,2026-06-12T15:57:05.755887+00:00
898,5,row_097,lacag,General,local_qwen7b,B,,D,False,False,"In the following sentence, what does ""lacag"" mean?
I'll be out making lacag.

Select only one answer.
A) Something that appears mundane but has hidden potential
B) Money
C) Something suspicious
D) cocaine

Respond with only the letter of your answer (A, B, C, or D).",D,2026-06-12T15:57:05.851761+00:00
899,5,row_098,larp,General,local_qwen7b,D,,D,True,False,"In the following sentence, what does ""larp"" mean?
I went to a LARP at the park this weekend.

Select only one answer.
A) A canister of nitrous oxide
B) Used to address friends with exasperation, releif, or disbeleif.
C) Used to mock someone who doesnt think for themselves, says things repeatedly, or has no opinions
D) a live-action role-playing game in which a group of people enacts a fictional scenario (such as a fantasy adventure) in real time typically under the guidance of a facilitator or organizer; also : the activity of participating in such games : larping

Respond with only the letter of your answer (A, B, C, or D).",D,2026-06-12T15:57:05.947665+00:00
900,5,row_099,lewk,General,local_qwen7b,A,,A,True,False,"In the following sentence, what does ""lewk"" mean?
Jim is using his signature lewk tonight.

Select only one answer.
A) A distinct trait, style, or outfit, often used in drag culture
B) A chlid molestor
C) Someone that is boring
D) To prepare for a fight

Respond with only the letter of your answer (A, B, C, or D).",A,2026-06-12T15:57:06.044926+00:00
901,5,row_100,lidge,General,local_qwen7b,B,,A,False,False,"In the following sentence, what does ""lidge"" mean?
I'm gettin money lidge.

Select only one answer.
A) To keep secretive or obscure
B) A criminal that turned their life arpound and are legitimate
C) fake soft penises and testicles designed to give a 'male' bulge to the crotches of female-to-male transsexuals.
D) To express disbelief

Respond with only the letter of your answer (A, B, C, or D).",A,2026-06-12T15:57:06.140706+00:00
902,5,row_101,lifemaxxing,Identity,local_qwen7b,D,,D,True,False,"In the following sentence, what does ""lifemaxxing"" mean?
Shes's reallly been trying to lifemax these past few months.

Select only one answer.
A) Someone that is too much of a fan of something
B) The vagina
C) Someone weak or a follower
D) To make lifestyle changes to make your life more holistic

Respond with only the letter of your answer (A, B, C, or D).",D,2026-06-12T15:57:06.236496+00:00
903,5,row_102,looksmaxxing,Identity,local_qwen7b,B,,B,True,False,"In the following sentence, what does ""looksmaxxing"" mean?
The looksmaxxing community

Select only one answer.
A) I just burst out laughing
B) To focus on making one as physically attractive as possible
C) A glock pistol
D) Someone that is too left leaning politically

Respond with only the letter of your answer (A, B, C, or D).",B,2026-06-12T15:57:06.333007+00:00
904,5,row_103,lotion,General,local_qwen7b,B,A,A,False,True,"In the following sentence, what does ""lotion"" mean?
Lemme go lotion her up for you.

Select only one answer.
A) a liquid preparation for cosmetic or external medicinal use
B) sweet talk
C) A knife
D) Somehting that is poor quality

Respond with only the letter of your answer (A, B, C, or D).",A,2026-06-12T15:57:06.429712+00:00
905,5,row_104,Low Key,General,local_qwen7b,C,B,C,True,False,"In the following sentence, what does ""Low Key"" mean?
Low key, I want some ice cream.

Select only one answer.
A) You're on Your own
B) having or producing dark tones only with little contrast
C) Saying something secretive or to keep low profile
D) An independent, strong person

Respond with only the letter of your answer (A, B, C, or D).",C,2026-06-12T15:57:06.526260+00:00
906,5,row_105,main character,General,local_qwen7b,B,,B,True,False,"In the following sentence, what does ""main character"" mean?
You give off main character energy.

Select only one answer.
A) A cigarette
B) Main Character - Someone that acts as if they are the star of a story
C) A mauser C96 pistol
D) To express disbelief

Respond with only the letter of your answer (A, B, C, or D).",B,2026-06-12T15:57:06.622280+00:00
907,5,row_106,manny,Insult,local_qwen7b,B,,B,True,False,"In the following sentence, what does ""manny"" mean?
Look at the guy, he's just a manny.

Select only one answer.
A) An all denim outfit
B) A man that takes care of children
C) A term used to describe a baby raised in a gender neutral environment
D) sex

Respond with only the letter of your answer (A, B, C, or D).",B,2026-06-12T15:57:06.718406+00:00
908,5,row_107,mascara,Sexual,local_qwen7b,C,B,B,False,True,"In the following sentence, what does ""mascara"" mean?
I lost my mascara for 5 years, but then I found it again, and I love it even more now.

Select only one answer.
A) A canister of nitrous oxide
B) a cosmetic especially for making the eyelashes darker and more prominent
C) A term to discuss sexual experiences
D) An attractive older man

Respond with only the letter of your answer (A, B, C, or D).",B,2026-06-12T15:57:06.815269+00:00
909,5,row_108,Mewing,Identity,local_qwen7b,B,D,D,False,True,"In the following sentence, what does ""Mewing"" mean?
You've gotta start mewing to increase your status in society.

Select only one answer.
A) fake soft penises and testicles designed to give a 'male' bulge to the crotches of female-to-male transsexuals.
B) To make a jawline more defined
C) to recoil in distaste
D) to utter a mew or similar sound

Respond with only the letter of your answer (A, B, C, or D).",D,2026-06-12T15:57:06.911445+00:00
910,5,row_109,Mid,General,local_qwen7b,C,,C,True,False,"In the following sentence, what does ""Mid"" mean?
That was a mid burger.

Select only one answer.
A) Main Character - Someone that acts as if they are the star of a story
B) bullets
C) Mediocre
D) Very good

Respond with only the letter of your answer (A, B, C, or D).",C,2026-06-12T15:57:07.007647+00:00
911,5,row_110,minghiun,Insult,local_qwen7b,A,,A,True,False,"In the following sentence, what does ""minghiun"" mean?
Stop being a minghiun.

Select only one answer.
A) A fool or a prick
B) Nonsensical term
C) Talking too much
D) To shoot ones shot.

Respond with only the letter of your answer (A, B, C, or D).",A,2026-06-12T15:57:07.104071+00:00
912,5,row_111,nang,Drugs,local_qwen7b,A,,A,True,False,"In the following sentence, what does ""nang"" mean?
Dude, grab the nang, I wanna feel free.

Select only one answer.
A) A canister of nitrous oxide
B) To express disbelief
C) a significant other
D) To do somethign very well

Respond with only the letter of your answer (A, B, C, or D).",A,2026-06-12T15:57:07.198795+00:00
913,5,row_112,Negative Aura,Insult,local_qwen7b,D,,D,True,False,"In the following sentence, what does ""Negative Aura"" mean?
She's giving off negative aura.

Select only one answer.
A) someone that looks ordinary but is actually very strong
B) Something that is reallly good.
C) A term used to describe a baby raised in a gender neutral environment
D) a bad charisma

Respond with only the letter of your answer (A, B, C, or D).",D,2026-06-12T15:57:07.295445+00:00
914,5,row_113,Netflix and Chill,Sexual,local_qwen7b,A,,A,True,False,"In the following sentence, what does ""Netflix and Chill"" mean?
Wanna come back to my place and Netflix and Chill?

Select only one answer.
A) A term for bringing someone over to watch some netflix and then have sex.
B) to aggrivate
C) A reference for ass
D) To get arrested

Respond with only the letter of your answer (A, B, C, or D).",A,2026-06-12T15:57:07.391675+00:00
915,5,row_114,next-level,General,local_qwen7b,A,,A,True,False,"In the following sentence, what does ""next-level"" mean?
That movie was next level!

Select only one answer.
A) Something that is better then everything else
B) To be high or drunk
C) To prepare for a fight
D) An insult commonly used in sports

Respond with only the letter of your answer (A, B, C, or D).",A,2026-06-12T15:57:07.487463+00:00
916,5,row_115,NPC,Insult,local_qwen7b,A,B,A,True,False,"In the following sentence, what does ""NPC"" mean?
Stop being such an NPC.

Select only one answer.
A) Used to mock someone who doesnt think for themselves, says things repeatedly, or has no opinions
B) a character in a video game that does not represent and cannot be manipulated by a player —called also non-player character
C) Fashionable or stylish
D) Fuckboy, someone just looking for sex

Respond with only the letter of your answer (A, B, C, or D).",A,2026-06-12T15:57:07.583978+00:00
917,5,row_116,Omega,Identity,local_qwen7b,B,A,B,True,False,"In the following sentence, what does ""Omega"" mean?
Those were some real omega moves right there.

Select only one answer.
A) the 24th and last letter of the Greek alphabet
B) A submissive male that is often outside of traditional social hierarchies
C) A dance move
D) used to mock spoiled kids

Respond with only the letter of your answer (A, B, C, or D).",B,2026-06-12T15:57:07.680318+00:00
918,5,row_117,on the regs,General,local_qwen7b,B,,B,True,False,"In the following sentence, what does ""on the regs"" mean?
I stop by the coffee shop on the regs.

Select only one answer.
A) To be honest about something
B) Something done regularly
C) crazy or erratic
D) A term to discuss sexual experiences

Respond with only the letter of your answer (A, B, C, or D).",B,2026-06-12T15:57:07.777106+00:00
919,5,row_118,oof,General,local_qwen7b,C,,C,True,False,"In the following sentence, what does ""oof"" mean?
Oof, that was rough.

Select only one answer.
A) An insulting term to refer to someone as stupid
B) A stereotypical alpha male that is strong, handsome, and attracts women.
C) A reaction to something uncomfortable
D) To mastrubate for extremeely long period regularly

Respond with only the letter of your answer (A, B, C, or D).",C,2026-06-12T15:57:07.872713+00:00
920,5,row_119,ooga-booga,Sexual,local_qwen7b,A,,D,False,False,"In the following sentence, what does ""ooga-booga"" mean?
Me want ooga-booga!

Select only one answer.
A) The vagina
B) A fashionable look
C) A term for someone that enjoys watching their wife have sex with another man
D) Something low quality or bad

Respond with only the letter of your answer (A, B, C, or D).",D,2026-06-12T15:57:07.968750+00:00
921,5,row_120,Orange Crush,Drugs,local_qwen7b,B,,B,True,False,"In the following sentence, what does ""Orange Crush"" mean?
ets grab some of that orange crush tonight!

Select only one answer.
A) Something ugly or unattractive
B) A type of marijuana
C) A dance move
D) Something that is better then everything else

Respond with only the letter of your answer (A, B, C, or D).",B,2026-06-12T15:57:08.064793+00:00
922,5,row_121,OTP,General,local_qwen7b,D,,D,True,False,"In the following sentence, what does ""OTP"" mean?
Him and her are the OTP.

Select only one answer.
A) A significant other
B) To stab or shoot
C) To prepare for a fight
D) One True Pairing

Respond with only the letter of your answer (A, B, C, or D).",D,2026-06-12T15:57:08.164263+00:00
923,5,row_122,packers,Insult,local_qwen7b,C,B,B,False,True,"In the following sentence, what does ""packers"" mean?
Thats just a group of packers over there, don't waste your time.

Select only one answer.
A) A fool or a prick
B) one that packs
C) fake soft penises and testicles designed to give a 'male' bulge to the crotches of female-to-male transsexuals.
D) A term for friends

Respond with only the letter of your answer (A, B, C, or D).",B,2026-06-12T15:57:08.265939+00:00
924,5,row_123,passa passa,General,local_qwen7b,C,,B,False,False,"In the following sentence, what does ""passa passa"" mean?
I don't want any passa passa now.

Select only one answer.
A) A submissive male that is often outside of traditional social hierarchies
B) Someone that is boring
C) A loud and messy conflict
D) A homosexual cowboy

Respond with only the letter of your answer (A, B, C, or D).",B,2026-06-12T15:57:08.361599+00:00
925,5,row_124,passport bro,Sexual,local_qwen7b,D,,C,False,False,"In the following sentence, what does ""passport bro"" mean?
A bunch of passport bro's just checked into the hotel.

Select only one answer.
A) A significant problem
B) Saying something secretive or to keep low profile
C) Friends with benefits
D) Someone that travels abroad with the sole purpose of having sex

Respond with only the letter of your answer (A, B, C, or D).",C,2026-06-12T15:57:08.456796+00:00
926,5,row_125,Period,General,local_qwen7b,C,B,C,True,False,"In the following sentence, what does ""Period"" mean?
She is the best, period.

Select only one answer.
A) crazy or erratic
B) the completion of a cycle, a series of events, or a single action : conclusion
C) Ending the discussion on a topic
D) A submissive male that is often outside of traditional social hierarchies

Respond with only the letter of your answer (A, B, C, or D).",C,2026-06-12T15:57:08.551767+00:00
927,5,row_126,plegic,Drugs,local_qwen7b,B,,B,True,False,"In the following sentence, what does ""plegic"" mean?
That guy stumbled out very plegic.

Select only one answer.
A) A mauser C96 pistol
B) drunk
C) Something ugly or unattractive
D) the playful act of taking a friend's food

Respond with only the letter of your answer (A, B, C, or D).",B,2026-06-12T15:57:08.647993+00:00
928,5,row_127,poggers,General,local_qwen7b,B,,B,True,False,"In the following sentence, what does ""poggers"" mean?
Thats a poggers painting.

Select only one answer.
A) Men that lack masculine characteristics
B) To express excitement or approval for something
C) An unattractive girl
D) Prolonged masturbation

Respond with only the letter of your answer (A, B, C, or D).",B,2026-06-12T15:57:08.743444+00:00
929,5,row_128,Pookie,Sexual,local_qwen7b,B,,B,True,False,"In the following sentence, what does ""Pookie"" mean?
My pookie loves a smash burger.

Select only one answer.
A) Someone who deliberatly acts in ways to annoy or anger a group of people online.
B) A term of endearment for a significant other
C) A large ass that stands out.
D) An incel term for an attractive middle eastern man

Respond with only the letter of your answer (A, B, C, or D).",B,2026-06-12T15:57:08.839533+00:00
930,5,row_129,Pop off,General,local_qwen7b,A,C,A,True,False,"In the following sentence, what does ""Pop off"" mean?
I'm about to pop off!

Select only one answer.
A) To do something impressive
B) Nonsensical term
C) to die unexpectedly
D) An unattractive girl

Respond with only the letter of your answer (A, B, C, or D).",A,2026-06-12T15:57:08.937099+00:00
931,5,row_130,Posh and Becks,Sexual,local_qwen7b,D,,D,True,False,"In the following sentence, what does ""Posh and Becks"" mean?
Lets go back to my place and have the posh and becks.

Select only one answer.
A) An affirmative agreement
B) A chlid molestor
C) Someone who prepares for doomsday scenarios
D) sex

Respond with only the letter of your answer (A, B, C, or D).",D,2026-06-12T15:57:09.032959+00:00
932,5,row_131,prepper,Insult,local_qwen7b,A,,A,True,False,"In the following sentence, what does ""prepper"" mean?
We have a prepper down the block. They are kindof crazy, but its nice to know where to go.

Select only one answer.
A) Someone who prepares for doomsday scenarios
B) the playful act of taking a friend's food
C) To express disbelief
D) Someone who is very stubborn

Respond with only the letter of your answer (A, B, C, or D).",A,2026-06-12T15:57:09.129251+00:00
933,5,row_132,Prison pocket,General,local_qwen7b,C,,C,True,False,"In the following sentence, what does ""Prison pocket"" mean?
Hold it in your prison pocket.

Select only one answer.
A) A canister of nitrous oxide
B) A kilo of cocaine
C) The anus
D) someone that looks ordinary but is actually very strong

Respond with only the letter of your answer (A, B, C, or D).",C,2026-06-12T15:57:09.225626+00:00
934,5,row_133,Put the fries in the bag,General,local_qwen7b,C,,C,True,False,"In the following sentence, what does ""Put the fries in the bag"" mean?
You're taking too long. Put the fires in the bag.

Select only one answer.
A) Methodone
B) to recoil in distaste
C) Get to the point
D) intensely and openely say something true

Respond with only the letter of your answer (A, B, C, or D).",C,2026-06-12T15:57:09.323448+00:00
935,5,row_134,Quirky,Insult,local_qwen7b,B,D,D,False,True,"In the following sentence, what does ""Quirky"" mean?
I'm so quirky!

Select only one answer.
A) Saying something secretive or to keep low profile
B) Ironically used to describe one as unique
C) I just burst out laughing
D) having many quirks : unusual in especially an interesting or appealing way

Respond with only the letter of your answer (A, B, C, or D).",D,2026-06-12T15:57:09.420036+00:00
936,5,row_135,rago,Insult,local_qwen7b,A,,A,True,False,"In the following sentence, what does ""rago"" mean?
It was just how rago he was.

Select only one answer.
A) Someone acting aggressively and out of control
B) Down to fuck
C) A sudden feeling of disguest or repultion towards someone.
D) To do somethign very well

Respond with only the letter of your answer (A, B, C, or D).",A,2026-06-12T15:57:09.517378+00:00
937,5,row_136,rapey,Sexual,local_qwen7b,A,,A,True,False,"In the following sentence, what does ""rapey"" mean?
That guy at the bar was feeling pretty rapey.

Select only one answer.
A) Describes activities or situations that are sexually aggressive
B) A canabis based cigarette that needs two paper rolls
C) Someone that travels abroad with the sole purpose of having sex
D) a significant other

Respond with only the letter of your answer (A, B, C, or D).",A,2026-06-12T15:57:09.615308+00:00
938,5,row_137,Ratio,General,local_qwen7b,B,D,D,False,True,"In the following sentence, what does ""Ratio"" mean?
Ratio if you like pizza.

Select only one answer.
A) Someone that tries really hard to impress their crush
B) when a reply gets more than the original post
C) A reaction to something uncomfortable
D) the indicated quotient of two mathematical expressions

Respond with only the letter of your answer (A, B, C, or D).",D,2026-06-12T15:57:09.713736+00:00
939,5,row_138,raw,General,local_qwen7b,C,D,C,True,False,"In the following sentence, what does ""raw"" mean?
He's been hitting the vape raw lately.

Select only one answer.
A) the playful act of taking a friend's food
B) Describes activities or situations that are sexually aggressive
C) something intense, aggressive, and unfiltered
D) not cooked

Respond with only the letter of your answer (A, B, C, or D).",C,2026-06-12T15:57:09.810611+00:00
940,5,row_139,RIP (me),General,local_qwen7b,A,,A,True,False,"In the following sentence, what does ""RIP (me)"" mean?
I think I just failed that test. RIP me.

Select only one answer.
A) To express disappointment dramatically
B) Someone who prepares for doomsday scenarios
C) An endeering term used towards ones significant other
D) Someone that tries really hard to impress their crush

Respond with only the letter of your answer (A, B, C, or D).",A,2026-06-12T15:57:09.907174+00:00
941,5,row_140,Rizz,General,local_qwen7b,B,,B,True,False,"In the following sentence, what does ""Rizz"" mean?
The rizz you have today is stunning!

Select only one answer.
A) I just burst out laughing
B) Charisma
C) An emotional meltdown
D) A large ass that stands out.

Respond with only the letter of your answer (A, B, C, or D).",B,2026-06-12T15:57:10.003529+00:00
942,5,row_141,Salty,Insult,local_qwen7b,A,C,A,True,False,"In the following sentence, what does ""Salty"" mean?
She's just salty that you have a boyfriend and she doesn't.

Select only one answer.
A) Irritated, bitter, or resentful
B) to recoil in distaste
C) of, seasoned with, or containing salt
D) To be fierce and unapologetic withing a social situation

Respond with only the letter of your answer (A, B, C, or D).",A,2026-06-12T15:57:10.099761+00:00
943,5,row_142,savage,General,local_qwen7b,A,C,A,True,False,"In the following sentence, what does ""savage"" mean?
That was a savage comeback you gave.

Select only one answer.
A) To be fierce and unapologetic withing a social situation
B) Very good
C) not domesticated or under human control : untamed
D) someone that looks ordinary but is actually very strong

Respond with only the letter of your answer (A, B, C, or D).",A,2026-06-12T15:57:10.195434+00:00
944,5,row_143,Schizo,Insult,local_qwen7b,A,,A,True,False,"In the following sentence, what does ""Schizo"" mean?
Brians a total schitzo.

Select only one answer.
A) crazy or erratic
B) Talking too much
C) Someone that is too left leaning politically
D) A submissive male that is often outside of traditional social hierarchies

Respond with only the letter of your answer (A, B, C, or D).",A,2026-06-12T15:57:10.291544+00:00
945,5,row_144,scuffed,Insult,local_qwen7b,A,D,A,True,False,"In the following sentence, what does ""scuffed"" mean?
The was a scuffed performance last night.

Select only one answer.
A) Something that is messed up or not right.
B) Irritated, bitter, or resentful
C) Someone that tries really hard to impress their crush
D) to walk without lifting the feet : shuffle

Respond with only the letter of your answer (A, B, C, or D).",A,2026-06-12T15:57:10.386663+00:00
946,5,row_145,Shabba,General,local_qwen7b,D,,D,True,False,"In the following sentence, what does ""Shabba"" mean?
Shabba on point!

Select only one answer.
A) A term to discuss sexual experiences
B) An insulting term to refer to someone as stupid
C) To express disappointment dramatically
D) Fashionable or stylish

Respond with only the letter of your answer (A, B, C, or D).",D,2026-06-12T15:57:10.482625+00:00
947,5,row_146,Sheesh,General,local_qwen7b,A,,A,True,False,"In the following sentence, what does ""Sheesh"" mean?
Sheesh! Thats crazy!

Select only one answer.
A) To express disbelief
B) Someone who acts tries to act entertaining and amuzingly relentlessly
C) Someone who is the last person to leave a location and the first to come back in the morning
D) A rule used by some for dating that refers to someone who is six feet tall, has a 6 figure income, and has six-pack abs

Respond with only the letter of your answer (A, B, C, or D).",A,2026-06-12T15:57:10.578656+00:00
948,5,row_147,Side eye,General,local_qwen7b,B,,B,True,False,"In the following sentence, what does ""Side eye"" mean?
Why are you giving him the side eye?

Select only one answer.
A) A provocative dance
B) To be skeptical about something
C) A reaction to something uncomfortable
D) A glock pistol

Respond with only the letter of your answer (A, B, C, or D).",B,2026-06-12T15:57:10.675994+00:00
949,5,row_148,Sigma,Identity,local_qwen7b,B,A,D,False,False,"In the following sentence, what does ""Sigma"" mean?
You are giving off sigma energy right now.

Select only one answer.
A) the 18th letter of the Greek alphabet
B) An independent, strong person
C) bullets
D) To focus on making one as physically attractive as possible

Respond with only the letter of your answer (A, B, C, or D).",D,2026-06-12T15:57:10.772303+00:00
950,5,row_149,Simp,Insult,local_qwen7b,B,D,B,True,False,"In the following sentence, what does ""Simp"" mean?
Stop being a simp over her!

Select only one answer.
A) Someone who is the last person to leave a location and the first to come back in the morning
B) Someone that tries really hard to impress their crush
C) Get to the point
D) a foolish or stupid person : simpleton

Respond with only the letter of your answer (A, B, C, or D).",B,2026-06-12T15:57:10.869330+00:00
951,5,row_150,Situationship,Sexual,local_qwen7b,D,,D,True,False,"In the following sentence, what does ""Situationship"" mean?
Joe ended up in a situationship over the summer.

Select only one answer.
A) A kilo of cocaine
B) Gross buildup between the toes
C) when a reply gets more than the original post
D) A sexual relationship developed from situations without clear future intentions

Respond with only the letter of your answer (A, B, C, or D).",D,2026-06-12T15:57:10.964813+00:00
952,5,row_151,Skeet,Sexual,local_qwen7b,B,C,C,False,True,"In the following sentence, what does ""Skeet"" mean?
He skeeted all over the court!

Select only one answer.
A) Someone younger
B) To shoot ones shot.
C) trapshooting in which clay pigeons are thrown in such a way as to simulate the angles of flight of birds
D) Money

Respond with only the letter of your answer (A, B, C, or D).",C,2026-06-12T15:57:11.061083+00:00
953,5,row_152,Skibidi,General,local_qwen7b,D,,D,True,False,"In the following sentence, what does ""Skibidi"" mean?
That's so skibidi.

Select only one answer.
A) A term of endearment for a significant other
B) Someone who is trying to get sexual attention overtly
C) Charisma
D) Nonsensical term

Respond with only the letter of your answer (A, B, C, or D).",D,2026-06-12T15:57:11.158247+00:00
954,5,row_153,Skill issue,Insult,local_qwen7b,C,,C,True,False,"In the following sentence, what does ""Skill issue"" mean?
You won't win. Its a skill issue.

Select only one answer.
A) sweet talk
B) a live-action role-playing game in which a group of people enacts a fictional scenario (such as a fantasy adventure) in real time typically under the guidance of a facilitator or organizer; also : the activity of participating in such games : larping
C) An insult saying that the problem is due to lack of skill rather then luck
D) Nonsensical term

Respond with only the letter of your answer (A, B, C, or D).",C,2026-06-12T15:57:11.253222+00:00
955,5,row_154,Slaps,General,local_qwen7b,D,B,D,True,False,"In the following sentence, what does ""Slaps"" mean?
This place slaps!

Select only one answer.
A) Something suspicious
B) to strike sharply with or as if with the open hand
C) A reaction to something uncomfortable
D) Something that is reallly good.

Respond with only the letter of your answer (A, B, C, or D).",D,2026-06-12T15:57:11.350742+00:00
956,5,row_155,Slay,General,local_qwen7b,A,B,C,False,False,"In the following sentence, what does ""Slay"" mean?
Slay girl!

Select only one answer.
A) To do somethign very well
B) to kill violently, wantonly, or in great numbers
C) something intense, aggressive, and unfiltered
D) A term used by incels to refer to women in a way that dehumanizes them.

Respond with only the letter of your answer (A, B, C, or D).",C,2026-06-12T15:57:11.446860+00:00
957,5,row_156,sledge,Identity,local_qwen7b,A,C,B,False,False,"In the following sentence, what does ""sledge"" mean?
What? Are you havin trouble you sledge?

Select only one answer.
A) An insult commonly used in sports
B) An insulting term to refer to someone as stupid
C) sledgehammer
D) sex

Respond with only the letter of your answer (A, B, C, or D).",B,2026-06-12T15:57:11.542393+00:00
958,5,row_157,sleeper,General,local_qwen7b,A,B,A,True,False,"In the following sentence, what does ""sleeper"" mean?
That car has got to be a sleeper.

Select only one answer.
A) Something that appears mundane but has hidden potential
B) one that sleeps
C) Cool
D) Fashionable or stylish

Respond with only the letter of your answer (A, B, C, or D).",A,2026-06-12T15:57:11.638466+00:00
959,5,row_158,sleeper build,General,local_qwen7b,C,,A,False,False,"In the following sentence, what does ""sleeper build"" mean?
Bro's rocking the sleeper build.

Select only one answer.
A) To keep secretive or obscure
B) Something low quality or bad
C) someone that looks ordinary but is actually very strong
D) intensely and openely say something true

Respond with only the letter of your answer (A, B, C, or D).",A,2026-06-12T15:57:11.737704+00:00
960,5,row_159,Snack,Sexual,local_qwen7b,C,D,C,True,False,"In the following sentence, what does ""Snack"" mean?
That lady over there is a snack.

Select only one answer.
A) An all denim outfit
B) A nicotine pouch held between the upper lip and gums
C) A descriptor for an attractive person
D) a light meal : food eaten between regular meals; also : food suitable for snacking

Respond with only the letter of your answer (A, B, C, or D).",C,2026-06-12T15:57:11.833471+00:00
961,5,row_160,snaggle,Identity,local_qwen7b,B,A,B,True,False,"In the following sentence, what does ""snaggle"" mean?
Susanne is such a snaggle.

Select only one answer.
A) snag
B) An unattractive girl
C) Crack cocaine
D) Methodone

Respond with only the letter of your answer (A, B, C, or D).",B,2026-06-12T15:57:11.928978+00:00
962,5,row_161,Snatched,General,local_qwen7b,B,C,B,True,False,"In the following sentence, what does ""Snatched"" mean?
You're looking snatched today.

Select only one answer.
A) A reference for ass
B) A fashionable look
C) to attempt to seize something suddenly
D) Someone who prepares for doomsday scenarios

Respond with only the letter of your answer (A, B, C, or D).",B,2026-06-12T15:57:12.025100+00:00
963,5,row_162,socials,General,local_qwen7b,D,A,D,True,False,"In the following sentence, what does ""socials"" mean?
Catch me on the socials!

Select only one answer.
A) an informal social event or gathering frequently involving a special activity or area of interest
B) Something ugly or unattractive
C) A term for baby that people will call their significant other.
D) Used to refer to the social media platforms one uses

Respond with only the letter of your answer (A, B, C, or D).",D,2026-06-12T15:57:12.122261+00:00
964,5,row_163,socio,Insult,local_qwen7b,D,,D,True,False,"In the following sentence, what does ""socio"" mean?
The boy is a socio.

Select only one answer.
A) An unattractive girl
B) A man that is feminine in nature
C) Someone who acts tries to act entertaining and amuzingly relentlessly
D) Sociopath

Respond with only the letter of your answer (A, B, C, or D).",D,2026-06-12T15:57:12.219838+00:00
965,5,row_164,Soy,Insult,local_qwen7b,C,,C,True,False,"In the following sentence, what does ""Soy"" mean?
Stop being so soy.

Select only one answer.
A) A dance move
B) To get arrested
C) Weak or effeminate
D) Cancer

Respond with only the letter of your answer (A, B, C, or D).",C,2026-06-12T15:57:12.315327+00:00
966,5,row_165,soyboy,Identity,local_qwen7b,B,,B,True,False,"In the following sentence, what does ""soyboy"" mean?
Get that soyboy out of here!

Select only one answer.
A) Fuckboy, someone just looking for sex
B) Men that lack masculine characteristics
C) Sociopath
D) Cancer

Respond with only the letter of your answer (A, B, C, or D).",B,2026-06-12T15:57:12.412475+00:00
967,5,row_166,Spanish dancer,General,local_qwen7b,B,,D,False,False,"In the following sentence, what does ""Spanish dancer"" mean?
I sounds like I caught the spanish dancer.

Select only one answer.
A) Someone unappealing
B) Cancer
C) An expression of disappointment
D) A man that is feminine in nature

Respond with only the letter of your answer (A, B, C, or D).",D,2026-06-12T15:57:12.508672+00:00
968,5,row_167,spark,Violence,local_qwen7b,B,C,B,True,False,"In the following sentence, what does ""spark"" mean?
Don't make me spark you out!

Select only one answer.
A) A canabis based cigarette that needs two paper rolls
B) To knock someone out
C) a small particle of a burning substance thrown out by a body in combustion or remaining when combustion is nearly completed
D) To be honest about something

Respond with only the letter of your answer (A, B, C, or D).",B,2026-06-12T15:57:12.605370+00:00
969,5,row_168,Stuyvie,Drugs,local_qwen7b,D,,D,True,False,"In the following sentence, what does ""Stuyvie"" mean?
Lets go outside and smoke a suyvie.

Select only one answer.
A) An all denim outfit
B) To be high or drunk
C) A loss or failure
D) A cigarette

Respond with only the letter of your answer (A, B, C, or D).",D,2026-06-12T15:57:12.702485+00:00
970,5,row_169,suiter,General,local_qwen7b,C,A,C,True,False,"In the following sentence, what does ""suiter"" mean?
Her suiter was admiring her from afar.

Select only one answer.
A) a suitcase for holding a specified number of suits —usually used in combination
B) Mediocre
C) a significant other
D) Something that appears mundane but has hidden potential

Respond with only the letter of your answer (A, B, C, or D).",C,2026-06-12T15:57:12.798097+00:00
971,5,row_170,Sus,General,local_qwen7b,B,,B,True,False,"In the following sentence, what does ""Sus"" mean?
That man over there is real sus.

Select only one answer.
A) To show off
B) Something suspicious
C) A man that takes care of children
D) To get arrested

Respond with only the letter of your answer (A, B, C, or D).",B,2026-06-12T15:57:12.896055+00:00
972,5,row_171,Tea,General,local_qwen7b,D,C,D,True,False,"In the following sentence, what does ""Tea"" mean?
Come on, spill the tea!

Select only one answer.
A) drunk
B) A criminal that turned their life arpound and are legitimate
C) a widely cultivated shrub (Camellia sinensis of the family Theaceae, the tea family) native to China, northern India, and southeastern Asia and having glossy green leaves and fragrant white flowers
D) Gossip

Respond with only the letter of your answer (A, B, C, or D).",D,2026-06-12T15:57:12.992145+00:00
973,5,row_172,theybie,General,local_qwen7b,B,,C,False,False,"In the following sentence, what does ""theybie"" mean?
The a couple and their theybie just moved in next door.

Select only one answer.
A) To show off
B) A term used to describe a baby raised in a gender neutral environment
C) Prolonged masturbation
D) Something done regularly

Respond with only the letter of your answer (A, B, C, or D).",C,2026-06-12T15:57:13.088880+00:00
974,5,row_173,Thirsty,Sexual,local_qwen7b,D,A,B,False,False,"In the following sentence, what does ""Thirsty"" mean?
She's lookin real thirsty today.

Select only one answer.
A) feeling thirst
B) A descriptor for an attractive person
C) the playful act of taking a friend's food
D) Someone who is trying to get sexual attention overtly

Respond with only the letter of your answer (A, B, C, or D).",B,2026-06-12T15:57:13.189846+00:00
975,5,row_174,Thot,Sexual,local_qwen7b,D,,B,False,False,"In the following sentence, what does ""Thot"" mean?
I'm gonna dress like a thot tonight.

Select only one answer.
A) Something suspicious
B) Someone who is trying to get sexual attention overtly
C) A provocative dance
D) Another term that stands for that hoe over there

Respond with only the letter of your answer (A, B, C, or D).",B,2026-06-12T15:57:13.285471+00:00
976,5,row_175,Thrust,General,local_qwen7b,C,D,D,False,True,"In the following sentence, what does ""Thrust"" mean?
Hit the thrust!

Select only one answer.
A) Somehting uncool or unfashionable
B) a live-action role-playing game in which a group of people enacts a fictional scenario (such as a fantasy adventure) in real time typically under the guidance of a facilitator or organizer; also : the activity of participating in such games : larping
C) A dance move
D) to push or drive with force : shove

Respond with only the letter of your answer (A, B, C, or D).",D,2026-06-12T15:57:13.381832+00:00
977,5,row_176,toe-cheese,Insult,local_qwen7b,C,,C,True,False,"In the following sentence, what does ""toe-cheese"" mean?
My whole house smells like toe cheese.

Select only one answer.
A) Age Sex Location
B) The videos one find on social media that cause people to scroll and do nothign for hours
C) Gross buildup between the toes
D) Very good

Respond with only the letter of your answer (A, B, C, or D).",C,2026-06-12T15:57:13.481553+00:00
978,5,row_177,tomdick,Insult,local_qwen7b,D,,C,False,False,"In the following sentence, what does ""tomdick"" mean?
That secratary was a tomdick.

Select only one answer.
A) To be honest about something
B) A dance move
C) Someone who is trying to get sexual attention overtly
D) A commonplace person

Respond with only the letter of your answer (A, B, C, or D).",C,2026-06-12T15:57:13.581082+00:00
979,5,row_178,Touch Grass,General,local_qwen7b,A,,A,True,False,"In the following sentence, what does ""Touch Grass"" mean?
Go out and touch some grass.

Select only one answer.
A) A term used to say that someone is online too much and needs to get back to real life
B) A significant problem
C) Someone that tries really hard to impress their crush
D) A descriptor for an attractive person

Respond with only the letter of your answer (A, B, C, or D).",A,2026-06-12T15:57:13.676779+00:00
980,5,row_179,troll,Identity,local_qwen7b,D,C,D,True,False,"In the following sentence, what does ""troll"" mean?
That guy in valorant was a such a troll.

Select only one answer.
A) A stereotypical alpha male that is strong, handsome, and attracts women.
B) A charismatic, sexy, and quick witted man
C) a dwarf or giant in Scandinavian folklore inhabiting caves or hills
D) Someone who deliberatly acts in ways to annoy or anger a group of people online.

Respond with only the letter of your answer (A, B, C, or D).",D,2026-06-12T15:57:13.774877+00:00
981,5,row_180,Tweaking,General,local_qwen7b,A,D,D,False,True,"In the following sentence, what does ""Tweaking"" mean?
Why are you tweaking out?

Select only one answer.
A) Acting crazily
B) An endeering term used towards ones significant other
C) A strong, leader who commands those around them
D) to make usually small adjustments in or to; especially : fine-tune

Respond with only the letter of your answer (A, B, C, or D).",D,2026-06-12T15:57:13.872859+00:00
982,5,row_181,twoz,Drugs,local_qwen7b,D,,D,True,False,"In the following sentence, what does ""twoz"" mean?
Hey, hand me the twoz joint.

Select only one answer.
A) I just burst out laughing
B) fake soft penises and testicles designed to give a 'male' bulge to the crotches of female-to-male transsexuals.
C) used to mock spoiled kids
D) A canabis based cigarette that needs two paper rolls

Respond with only the letter of your answer (A, B, C, or D).",D,2026-06-12T15:57:13.970308+00:00
983,5,row_182,Unc,Insult,local_qwen7b,C,,C,True,False,"In the following sentence, what does ""Unc"" mean?
I'll explain it to you unc.

Select only one answer.
A) To show off
B) A sexual relationship developed from situations without clear future intentions
C) An older person who is out of touch
D) A loud and messy conflict

Respond with only the letter of your answer (A, B, C, or D).",C,2026-06-12T15:57:14.068547+00:00
984,5,row_183,Understood the assignment,General,local_qwen7b,B,,B,True,False,"In the following sentence, what does ""Understood the assignment"" mean?
All done. Understood the assignment.

Select only one answer.
A) A loss or failure
B) To confim that something was completed to expectation
C) To prepare for a fight
D) To knock someone out

Respond with only the letter of your answer (A, B, C, or D).",B,2026-06-12T15:57:14.165053+00:00
985,5,row_184,upper decky,Drugs,local_qwen7b,A,,A,True,False,"In the following sentence, what does ""upper decky"" mean?
Hey bro, can I bum an upper decky zynn?

Select only one answer.
A) A nicotine pouch held between the upper lip and gums
B) A canister of nitrous oxide
C) Something suspicious
D) Something that is messed up or not right.

Respond with only the letter of your answer (A, B, C, or D).",A,2026-06-12T15:57:14.261914+00:00
986,5,row_185,Vibe,General,local_qwen7b,D,,D,True,False,"In the following sentence, what does ""Vibe"" mean?
I'm just enjoyin the vibe out here.

Select only one answer.
A) Crack cocaine
B) An unattractive girl
C) A hot dog
D) The positive or relaxing energy of a place

Respond with only the letter of your answer (A, B, C, or D).",D,2026-06-12T15:57:14.358172+00:00
987,5,row_186,Vibe Check,General,local_qwen7b,B,,B,True,False,"In the following sentence, what does ""Vibe Check"" mean?
Can I get a vibe check?

Select only one answer.
A) Stylish or flashy outfit style
B) To check the mood of a situation
C) Someone who deliberatly acts in ways to annoy or anger a group of people online.
D) To confim that something was completed to expectation

Respond with only the letter of your answer (A, B, C, or D).",B,2026-06-12T15:57:14.457760+00:00
988,5,row_187,wahala,General,local_qwen7b,C,,C,True,False,"In the following sentence, what does ""wahala"" mean?
Please, no wahala.

Select only one answer.
A) Something done regularly
B) Someone who deliberatly acts in ways to annoy or anger a group of people online.
C) A significant problem
D) The positive or relaxing energy of a place

Respond with only the letter of your answer (A, B, C, or D).",C,2026-06-12T15:57:14.555579+00:00
989,5,row_188,waved,Drugs,local_qwen7b,C,A,C,True,False,"In the following sentence, what does ""waved"" mean?
Bro's over on the bench waved out of his mind.

Select only one answer.
A) having a wavelike form or outline
B) An older person who is out of touch
C) To be high or drunk
D) A near superhuman perfect male

Respond with only the letter of your answer (A, B, C, or D).",C,2026-06-12T15:57:14.650965+00:00
990,5,row_189,What the sigma,General,local_qwen7b,C,,C,True,False,"In the following sentence, what does ""What the sigma"" mean?
What the sigma? I thought you left?

Select only one answer.
A) Fuckboy, someone just looking for sex
B) To express excitement or approval for something
C) An expression of disbelief
D) One True Pairing

Respond with only the letter of your answer (A, B, C, or D).",C,2026-06-12T15:57:14.749381+00:00
991,5,row_190,whitney,Drugs,local_qwen7b,B,,B,True,False,"In the following sentence, what does ""whitney"" mean?
Hey man, you got any whitney on you?

Select only one answer.
A) Delusional
B) Crack cocaine
C) A stereotypical alpha male that is strong, handsome, and attracts women.
D) Describes activities or situations that are sexually aggressive

Respond with only the letter of your answer (A, B, C, or D).",B,2026-06-12T15:57:14.847458+00:00
992,5,row_191,Woke,Insult,local_qwen7b,B,,B,True,False,"In the following sentence, what does ""Woke"" mean?
Stop being so woke.

Select only one answer.
A) A hot dog
B) Someone that is too left leaning politically
C) An insult saying that the problem is due to lack of skill rather then luck
D) Delusional

Respond with only the letter of your answer (A, B, C, or D).",B,2026-06-12T15:57:14.946305+00:00
993,5,row_192,womp womp,General,local_qwen7b,D,,D,True,False,"In the following sentence, what does ""womp womp"" mean?
I failed that math quiz. Womp womp.

Select only one answer.
A) A strong, leader who commands those around them
B) Age Sex Location
C) Saying something secretive or to keep low profile
D) An expression of disappointment

Respond with only the letter of your answer (A, B, C, or D).",D,2026-06-12T15:57:15.044323+00:00
994,5,row_193,wraparound,General,local_qwen7b,B,D,B,True,False,"In the following sentence, what does ""wraparound"" mean?
I had to pull a wraparound this morning since I left my wallet at the bar.

Select only one answer.
A) Methodone
B) Someone who is the last person to leave a location and the first to come back in the morning
C) A dance move
D) made to be wrapped around something and especially the body

Respond with only the letter of your answer (A, B, C, or D).",B,2026-06-12T15:57:15.142091+00:00
995,5,row_194,Yapping,Insult,local_qwen7b,B,C,B,True,False,"In the following sentence, what does ""Yapping"" mean?
Stop your yapping and get over here.

Select only one answer.
A) Someone that is boring
B) Talking too much
C) to talk in a shrill insistent way : chatter
D) To get arrested

Respond with only the letter of your answer (A, B, C, or D).",B,2026-06-12T15:57:15.237921+00:00
996,5,row_195,Yeet,General,local_qwen7b,B,,B,True,False,"In the following sentence, what does ""Yeet"" mean?
Think I can make this? Yeet!

Select only one answer.
A) One True Pairing
B) Throwing something
C) Done or ruined
D) To be fierce and unapologetic withing a social situation

Respond with only the letter of your answer (A, B, C, or D).",B,2026-06-12T15:57:15.338605+00:00
997,5,row_196,ying,Violence,local_qwen7b,D,,A,False,False,"In the following sentence, what does ""ying"" mean?
I'll walk in swinging my ying.

Select only one answer.
A) To stab or shoot
B) An expression of disappointment
C) Someone who is very stubborn
D) A knife

Respond with only the letter of your answer (A, B, C, or D).",A,2026-06-12T15:57:15.436302+00:00
998,5,row_197,yoyo,General,local_qwen7b,B,C,B,True,False,"In the following sentence, what does ""yoyo"" mean?
We've helped you in the past, but yoyo this time.

Select only one answer.
A) Used to refer to the social media platforms one uses
B) You're on Your own
C) a thick grooved double disk with a string attached to its center axle that is made to fall and rise to the hand by unwinding and rewinding on the string
D) Fuckboy, someone just looking for sex

Respond with only the letter of your answer (A, B, C, or D).",B,2026-06-12T15:57:15.532079+00:00
999,5,row_198,Zaddy,Sexual,local_qwen7b,A,,A,True,False,"In the following sentence, what does ""Zaddy"" mean?
I'm meeting up with my zaddy later tonight.

Select only one answer.
A) An attractive older man
B) An insult saying that the problem is due to lack of skill rather then luck
C) Someone that is too left leaning politically
D) To do somethign very well

Respond with only the letter of your answer (A, B, C, or D).",A,2026-06-12T15:57:15.630586+00:00
1000,5,row_199,Zesty,Insult,local_qwen7b,B,C,C,False,True,"In the following sentence, what does ""Zesty"" mean?
He's acting a bit zesty today.

Select only one answer.
A) To knock someone out
B) A man that is feminine in nature
C) having or characterized by zest : appealingly piquant or lively
D) a bad charisma

Respond with only the letter of your answer (A, B, C, or D).",C,2026-06-12T15:57:15.727227+00:00
