run_id,iteration,prompt_id,slang_term,term_type,model,correct_letter,literal_letter,model_answer,is_correct,chose_literal,full_prompt,raw_response,timestamp_utc
1,1,row_000,'done,Drugs,local_phi4,C,,C,True,False,"In the following sentence, what does ""'done"" mean?
Do you have any of the 'done on you?

Select only one answer.
A) A chlid molestor
B) Go in 100% on something
C) Methodone
D) Age Sex Location

Respond with only the letter of your answer (A, B, C, or D).",C) Methadone,2026-06-11T22:37:07.428613+00:00
2,1,row_001,6-6-6,Identity,local_phi4,D,,D,True,False,"In the following sentence, what does ""6-6-6"" mean?
I only date a man who is a 6-6-6.

Select only one answer.
A) To knock someone out
B) Crack cocaine
C) Someone who acts tries to act entertaining and amuzingly relentlessly
D) A rule used by some for dating that refers to someone who is six feet tall, has a 6 figure income, and has six-pack abs

Respond with only the letter of your answer (A, B, C, or D).",D,2026-06-11T22:37:07.689810+00:00
3,1,row_002,AF,General,local_phi4,A,,A,True,False,"In the following sentence, what does ""AF"" mean?
Thats cool AF!

Select only one answer.
A) As Fuck
B) An insult commonly used in sports
C) intensely and openely say something true
D) An unpopular opinion

Respond with only the letter of your answer (A, B, C, or D).",A,2026-06-11T22:37:07.863349+00:00
4,1,row_003,aggy,Violence,local_phi4,D,,D,True,False,"In the following sentence, what does ""aggy"" mean?
Why you so aggy?

Select only one answer.
A) Someone that tries really hard to impress their crush
B) An older person who is out of touch
C) An unpopular opinion
D) to aggrivate

Respond with only the letter of your answer (A, B, C, or D).",D) to aggravate,2026-06-11T22:37:08.110045+00:00
5,1,row_004,Alpha,Identity,local_phi4,C,D,C,True,False,"In the following sentence, what does ""Alpha"" mean?
What an alpha chad.

Select only one answer.
A) Mediocre
B) an expression of surprise
C) A strong, leader who commands those around them
D) the 1st letter of the Greek alphabet

Respond with only the letter of your answer (A, B, C, or D).",C,2026-06-11T22:37:08.282798+00:00
6,1,row_005,ant,Sexual,local_phi4,D,B,B,False,True,"In the following sentence, what does ""ant"" mean?
I came across a real ant at the club earlier.

Select only one answer.
A) Describes activities or situations that are sexually aggressive
B) any of a family (Formicidae) of colonial hymenopterous insects with a complex social organization and various castes performing special duties
C) A sexual relationship developed from situations without clear future intentions
D) A charismatic, sexy, and quick witted man

Respond with only the letter of your answer (A, B, C, or D).",B,2026-06-11T22:37:08.467840+00:00
7,1,row_006,archer,Identity,local_phi4,C,B,C,True,False,"In the following sentence, what does ""archer"" mean?
Jim was an archer with her lies.

Select only one answer.
A) I just burst out laughing
B) a person who uses a bow and arrow
C) A person who is very good at spotting a lie
D) Something that appears mundane but has hidden potential

Respond with only the letter of your answer (A, B, C, or D).",C,2026-06-11T22:37:08.643598+00:00
8,1,row_007,ASL,Sexual,local_phi4,A,,A,True,False,"In the following sentence, what does ""ASL"" mean?
What's your ASL?

Select only one answer.
A) Age Sex Location
B) A cigarette
C) Get to the point
D) an expression of surprise

Respond with only the letter of your answer (A, B, C, or D).",A,2026-06-11T22:37:08.811775+00:00
9,1,row_008,Aura Farming,Identity,local_phi4,C,,A,False,False,"In the following sentence, what does ""Aura Farming"" mean?
That skateboard group is trying really hard to aura farm, but its not working.

Select only one answer.
A) Someone who deliberatly acts in ways to annoy or anger a group of people online.
B) Gossip
C) Activities that involve cultivating ones Aura
D) Delusional

Respond with only the letter of your answer (A, B, C, or D).",A) Someone who deliberately acts in ways to annoy or anger a group of people online.,2026-06-11T22:37:09.297470+00:00
10,1,row_009,babygirl,Sexual,local_phi4,A,,A,True,False,"In the following sentence, what does ""babygirl"" mean?
Hey babygirl, whanna metup tonight?

Select only one answer.
A) An endeering term used towards ones significant other
B) when a reply gets more than the original post
C) Mediocre
D) Activities that involve cultivating ones Aura

Respond with only the letter of your answer (A, B, C, or D).",A,2026-06-11T22:37:09.474700+00:00
11,1,row_010,backoff,Sexual,local_phi4,B,A,B,True,False,"In the following sentence, what does ""backoff"" mean?
That girl has a fat backoff!

Select only one answer.
A) back down
B) A large ass that stands out.
C) Get to the point
D) Main Character - Someone that acts as if they are the star of a story

Respond with only the letter of your answer (A, B, C, or D).",B,2026-06-11T22:37:09.649566+00:00
12,1,row_011,Bae,Sexual,local_phi4,B,,B,True,False,"In the following sentence, what does ""Bae"" mean?
She's my bae.

Select only one answer.
A) To prepare for a fight
B) A significant other
C) To express disbelief
D) Money

Respond with only the letter of your answer (A, B, C, or D).",B,2026-06-11T22:37:09.824322+00:00
13,1,row_012,bareface,Identity,local_phi4,A,B,A,True,False,"In the following sentence, what does ""bareface"" mean?
I saw a group of barefaces at the store this morning, so I won't be going back.

Select only one answer.
A) Someone who refused to wear a mask in covid times.
B) having a clear finish and no nap
C) Poorly dressed
D) Someone that tries really hard to impress their crush

Respond with only the letter of your answer (A, B, C, or D).",A,2026-06-11T22:37:10.003010+00:00
14,1,row_013,based,General,local_phi4,B,C,C,False,True,"In the following sentence, what does ""based"" mean?
That show was based.

Select only one answer.
A) A mauser C96 pistol
B) An unpopular opinion
C) having a specified type of base or basis —often used in combination
D) A term for friends

Respond with only the letter of your answer (A, B, C, or D).",C,2026-06-11T22:37:10.176283+00:00
15,1,row_014,Basic,Identity,local_phi4,D,A,D,True,False,"In the following sentence, what does ""Basic"" mean?
Shes so basic.

Select only one answer.
A) of, relating to, or forming the base or essence : fundamental
B) A canister of nitrous oxide
C) Saying something secretive or to keep low profile
D) Someone that is boring

Respond with only the letter of your answer (A, B, C, or D).",D,2026-06-11T22:37:10.351901+00:00
16,1,row_015,bb,Sexual,local_phi4,D,C,A,False,False,"In the following sentence, what does ""bb"" mean?
Hey bb, lets grab some food.

Select only one answer.
A) sweet talk
B) A rule used by some for dating that refers to someone who is six feet tall, has a 6 figure income, and has six-pack abs
C) a shot pellet 0.18 inch in diameter for use in a shotgun cartridge
D) A term for baby that people will call their significant other.

Respond with only the letter of your answer (A, B, C, or D).",A,2026-06-11T22:37:10.535892+00:00
17,1,row_016,Bet,General,local_phi4,B,C,B,True,False,"In the following sentence, what does ""Bet"" mean?
bet, lets go.

Select only one answer.
A) A term for someone that enjoys watching their wife have sex with another man
B) An affirmative agreement
C) something that is laid, staked, or pledged typically between two parties on the outcome of a contest or a contingent issue : wager —often used figuratively in such phrases as all bets are off to stress the uncertainty of an outcome
D) Age Sex Location

Respond with only the letter of your answer (A, B, C, or D).",B,2026-06-11T22:37:10.721015+00:00
18,1,row_017,Beta,Identity,local_phi4,B,D,C,False,False,"In the following sentence, what does ""Beta"" mean?
The beta's of the world aren't gonna like that.

Select only one answer.
A) A sudden feeling of disguest or repultion towards someone.
B) Someone weak or a follower
C) An incel term meaning kissless, hugless, handholdless virgin
D) the 2nd letter of the Greek alphabet

Respond with only the letter of your answer (A, B, C, or D).","In this context, ""Beta"" is most likely used as an incel term. Thus, the correct answer is:

C) An incel term meaning kissless, hugless, handholdless virgin.",2026-06-11T22:37:11.639809+00:00
19,1,row_018,Bih,General,local_phi4,B,,C,False,False,"In the following sentence, what does ""Bih"" mean?
Bih, what?

Select only one answer.
A) A chlid molestor
B) Short for Bitch
C) To express disappointment dramatically
D) An affirmative agreement

Respond with only the letter of your answer (A, B, C, or D).",C,2026-06-11T22:37:11.810920+00:00
20,1,row_019,bine,Violence,local_phi4,C,A,A,False,True,"In the following sentence, what does ""bine"" mean?
Load the nine with ine and selek it.

Select only one answer.
A) a twining stem or flexible shoot (as of the hop); also : a plant (such as woodbine) whose shoots are bines
B) An unpopular opinion
C) bullets
D) Cool

Respond with only the letter of your answer (A, B, C, or D).",A,2026-06-11T22:37:11.987865+00:00
21,1,row_020,blackup,Violence,local_phi4,D,,D,True,False,"In the following sentence, what does ""blackup"" mean?
We are outnumbered. Call for black up.

Select only one answer.
A) A reaction to something uncomfortable
B) A significant other
C) To shoot ones shot.
D) When you are outnumbered in a fight and call black people for the win

Respond with only the letter of your answer (A, B, C, or D).",D,2026-06-11T22:37:12.164980+00:00
22,1,row_021,Brain Rot,General,local_phi4,B,,B,True,False,"In the following sentence, what does ""Brain Rot"" mean?
Kids these days just sit around and watch brain rot.

Select only one answer.
A) The greatest of all time
B) The videos one find on social media that cause people to scroll and do nothign for hours
C) A sexual relationship developed from situations without clear future intentions
D) A term used to say that someone is online too much and needs to get back to real life

Respond with only the letter of your answer (A, B, C, or D).",B,2026-06-11T22:37:12.349626+00:00
23,1,row_022,brizzy,Drugs,local_phi4,D,,C,False,False,"In the following sentence, what does ""brizzy"" mean?
Quickly, grab the brizzy.

Select only one answer.
A) A homosexual cowboy
B) Men that lack masculine characteristics
C) A nicotine pouch held between the upper lip and gums
D) A kilo of cocaine

Respond with only the letter of your answer (A, B, C, or D).",C) A nicotine pouch held between the upper lip and gums,2026-06-11T22:37:12.722038+00:00
24,1,row_023,broomhandle,Violence,local_phi4,B,,B,True,False,"In the following sentence, what does ""broomhandle"" mean?
Get your broomhandle, we gotta go.

Select only one answer.
A) cocaine
B) A mauser C96 pistol
C) The abandonment of responsibilities
D) A strong, leader who commands those around them

Respond with only the letter of your answer (A, B, C, or D).",B,2026-06-11T22:37:12.897488+00:00
25,1,row_024,bruh!,General,local_phi4,A,D,A,True,False,"In the following sentence, what does ""bruh!"" mean?
Bruh! What was that?

Select only one answer.
A) Used to address friends with exasperation, releif, or disbeleif.
B) A term for friends
C) To manipulated, trick, or fool someone
D) brother

Respond with only the letter of your answer (A, B, C, or D).",A,2026-06-11T22:37:13.074046+00:00
26,1,row_025,Bruzz,General,local_phi4,D,,D,True,False,"In the following sentence, what does ""Bruzz"" mean?
Whats up bruzz?

Select only one answer.
A) Acting crazily
B) Someone that is too much of a fan of something
C) A provocative dance
D) A term for friends

Respond with only the letter of your answer (A, B, C, or D).",D,2026-06-11T22:37:13.247385+00:00
27,1,row_026,Bussin',General,local_phi4,A,,A,True,False,"In the following sentence, what does ""Bussin'"" mean?
This pizza is bussin, on god!

Select only one answer.
A) Very good
B) cocaine
C) A dance move
D) A homosexual cowboy

Respond with only the letter of your answer (A, B, C, or D).",A,2026-06-11T22:37:13.418209+00:00
28,1,row_027,Cake,Sexual,local_phi4,C,D,B,False,False,"In the following sentence, what does ""Cake"" mean?
Shes looking real caked up!

Select only one answer.
A) Ending the discussion on a topic
B) Someone weak or a follower
C) A reference for ass
D) a breadlike food made from a dough or batter that is usually fried or baked in small flat shapes and is often unleavened

Respond with only the letter of your answer (A, B, C, or D).",B,2026-06-11T22:37:13.597167+00:00
29,1,row_028,Cap,General,local_phi4,B,A,B,True,False,"In the following sentence, what does ""Cap"" mean?
You're cappin. No way.

Select only one answer.
A) a head covering especially with a visor and no brim
B) Something untrue or unbeleivable
C) Someone who is the last person to leave a location and the first to come back in the morning
D) Used to address friends with exasperation, releif, or disbeleif.

Respond with only the letter of your answer (A, B, C, or D).",B,2026-06-11T22:37:13.782202+00:00
30,1,row_029,Chad,Identity,local_phi4,D,A,B,False,False,"In the following sentence, what does ""Chad"" mean?
That was a total chad move.

Select only one answer.
A) small pieces of paper or cardboard produced in punching paper tape or data cards; also : a piece of chad.
B) Someone who acts tries to act entertaining and amuzingly relentlessly
C) Saying something secretive or to keep low profile
D) A stereotypical alpha male that is strong, handsome, and attracts women.

Respond with only the letter of your answer (A, B, C, or D).",B,2026-06-11T22:37:13.967556+00:00
31,1,row_030,Chaddam,Identity,local_phi4,D,,B,False,False,"In the following sentence, what does ""Chaddam"" mean?
Did you see the chaddam at the restraunt earlier?

Select only one answer.
A) An endeering term used towards ones significant other
B) Fuckboy, someone just looking for sex
C) A criminal that turned their life arpound and are legitimate
D) An incel term for an attractive middle eastern man

Respond with only the letter of your answer (A, B, C, or D).",B,2026-06-11T22:37:14.149135+00:00
32,1,row_031,Chang,Drugs,local_phi4,C,,C,True,False,"In the following sentence, what does ""Chang"" mean?
Hey , you got a hookup for chang?

Select only one answer.
A) drunk
B) Someone who is the last person to leave a location and the first to come back in the morning
C) cocaine
D) Weak or effeminate

Respond with only the letter of your answer (A, B, C, or D).",C,2026-06-11T22:37:14.324507+00:00
33,1,row_032,Chat,General,local_phi4,C,D,D,False,True,"In the following sentence, what does ""Chat"" mean?
Chat, how does this look?

Select only one answer.
A) Friends with benefits
B) The vagina
C) To refer to ones imaginary audience like an internet steamer
D) chatter, prattle

Respond with only the letter of your answer (A, B, C, or D).",D,2026-06-11T22:37:14.496975+00:00
34,1,row_033,Cheeks,General,local_phi4,C,D,C,True,False,"In the following sentence, what does ""Cheeks"" mean?
That movie was cheeks.

Select only one answer.
A) Someone that is too much of a fan of something
B) An affirmative agreement
C) Somehting that is poor quality
D) the fleshy side of the face below the eye and above and to the side of the mouth

Respond with only the letter of your answer (A, B, C, or D).",C,2026-06-11T22:37:14.676317+00:00
35,1,row_034,chenta,Insult,local_phi4,A,,A,True,False,"In the following sentence, what does ""chenta"" mean?
You are looking really chenta.

Select only one answer.
A) Something ugly or unattractive
B) sex
C) Age Sex Location
D) Someone that is boring

Respond with only the letter of your answer (A, B, C, or D).",A,2026-06-11T22:37:14.848605+00:00
36,1,row_035,cheugy,Insult,local_phi4,D,,D,True,False,"In the following sentence, what does ""cheugy"" mean?
That girl had such a cheugy outfit.

Select only one answer.
A) drunk
B) An older person who is out of touch
C) A large ass that stands out.
D) Somehting uncool or unfashionable

Respond with only the letter of your answer (A, B, C, or D).",D,2026-06-11T22:37:15.024693+00:00
37,1,row_036,chi-mo,Identity,local_phi4,A,,A,True,False,"In the following sentence, what does ""chi-mo"" mean?
Go fuck that chi-mo up.

Select only one answer.
A) A chlid molestor
B) Sociopath
C) Something done regularly
D) To give sympathy or signify a failure

Respond with only the letter of your answer (A, B, C, or D).",A,2026-06-11T22:37:15.196916+00:00
38,1,row_037,Chungus,General,local_phi4,B,,B,True,False,"In the following sentence, what does ""Chungus"" mean?
Thats a very chungus pizza.

Select only one answer.
A) Somehting uncool or unfashionable
B) Something that is adorably and chunky
C) Someone who acts tries to act entertaining and amuzingly relentlessly
D) To be honest about something

Respond with only the letter of your answer (A, B, C, or D).",B,2026-06-11T22:37:15.378486+00:00
39,1,row_038,Clocked,Violence,local_phi4,D,B,D,True,False,"In the following sentence, what does ""Clocked"" mean?
He totally clocked that guy.

Select only one answer.
A) Acting crazily
B) to time with a stopwatch or by an electric timing device
C) a live-action role-playing game in which a group of people enacts a fictional scenario (such as a fantasy adventure) in real time typically under the guidance of a facilitator or organizer; also : the activity of participating in such games : larping
D) When something hidden gets called out

Respond with only the letter of your answer (A, B, C, or D).",D,2026-06-11T22:37:15.568253+00:00
40,1,row_039,Cooked,General,local_phi4,C,B,C,True,False,"In the following sentence, what does ""Cooked"" mean?
You're cooked

Select only one answer.
A) Get to the point
B) past tense and past participle of cook
C) Done or ruined
D) A hot dog

Respond with only the letter of your answer (A, B, C, or D).",C,2026-06-11T22:37:15.741224+00:00
41,1,row_040,coota suit,Identity,local_phi4,A,,D,False,False,"In the following sentence, what does ""coota suit"" mean?
Im gonna hit the town in my coota suit.

Select only one answer.
A) An all denim outfit
B) A hot dog
C) An emotional meltdown
D) Describes activities or situations that are sexually aggressive

Respond with only the letter of your answer (A, B, C, or D).",D,2026-06-11T22:37:15.919039+00:00
42,1,row_041,Crashout,General,local_phi4,B,D,B,True,False,"In the following sentence, what does ""Crashout"" mean?
Jen had a total crashout after her breakup

Select only one answer.
A) A term of endearment for a significant other
B) An emotional meltdown
C) Someone who deliberatly acts in ways to annoy or anger a group of people online.
D) a vehicular crash

Respond with only the letter of your answer (A, B, C, or D).",B,2026-06-11T22:37:16.098557+00:00
43,1,row_042,Cringe,General,local_phi4,D,,D,True,False,"In the following sentence, what does ""Cringe"" mean?
Did you hear that pickup line? It was totally cringe!

Select only one answer.
A) Saying something secretive or to keep low profile
B) To manipulated, trick, or fool someone
C) A term of endearment for a significant other
D) to recoil in distaste

Respond with only the letter of your answer (A, B, C, or D).",D,2026-06-11T22:37:16.277675+00:00
44,1,row_043,crower,Insult,local_phi4,D,,D,True,False,"In the following sentence, what does ""crower"" mean?
Stop sitting around and being a crower

Select only one answer.
A) The videos one find on social media that cause people to scroll and do nothign for hours
B) An emotional meltdown
C) A canabis based cigarette that needs two paper rolls
D) Someone who sitts around commenting about others

Respond with only the letter of your answer (A, B, C, or D).",D,2026-06-11T22:37:16.458672+00:00
45,1,row_044,cuck,Insult,local_phi4,C,D,D,False,True,"In the following sentence, what does ""cuck"" mean?
That guy must be a cuck letting his wife talk to others like that.

Select only one answer.
A) A term used by incels to refer to women in a way that dehumanizes them.
B) An unpopular opinion
C) A term for someone that enjoys watching their wife have sex with another man
D) a man whose wife is unfaithful : cuckold

Respond with only the letter of your answer (A, B, C, or D).",D,2026-06-11T22:37:16.642700+00:00
46,1,row_045,d-low,General,local_phi4,C,,C,True,False,"In the following sentence, what does ""d-low"" mean?
Keep it on the d-low, okay?

Select only one answer.
A) Something that is reallly good.
B) Describes activities or situations that are sexually aggressive
C) To keep secretive or obscure
D) Methodone

Respond with only the letter of your answer (A, B, C, or D).",C,2026-06-11T22:37:16.817419+00:00
47,1,row_046,daggers,General,local_phi4,D,A,D,True,False,"In the following sentence, what does ""daggers"" mean?
Lets hit the dance floor and do the start daggering.

Select only one answer.
A) a sharp pointed knife for stabbing
B) A commonplace person
C) sex
D) A provocative dance

Respond with only the letter of your answer (A, B, C, or D).",D,2026-06-11T22:37:16.991025+00:00
48,1,row_047,Ded,General,local_phi4,A,,A,True,False,"In the following sentence, what does ""Ded"" mean?
I'm ded

Select only one answer.
A) To metaphorically die of laughter
B) An independent, strong person
C) Someone weak or a follower
D) A term for friends

Respond with only the letter of your answer (A, B, C, or D).",A,2026-06-11T22:37:17.165467+00:00
49,1,row_048,Delulu,General,local_phi4,B,,B,True,False,"In the following sentence, what does ""Delulu"" mean?
I'm feeling delulu after that show.

Select only one answer.
A) A sexual relationship developed from situations without clear future intentions
B) Delusional
C) Short for happening
D) A term to discuss sexual experiences

Respond with only the letter of your answer (A, B, C, or D).",B,2026-06-11T22:37:17.339363+00:00
50,1,row_049,Dog water,Insult,local_phi4,A,,A,True,False,"In the following sentence, what does ""Dog water"" mean?
You are playing like dog water.

Select only one answer.
A) Something low quality or bad
B) To show off
C) a significant other
D) Get to the point

Respond with only the letter of your answer (A, B, C, or D).",A,2026-06-11T22:37:17.513066+00:00
51,1,row_050,doommaxxing,Identity,local_phi4,D,,D,True,False,"In the following sentence, what does ""doommaxxing"" mean?
I'm just gonna be doommaxxing all weekend.

Select only one answer.
A) An insulting term to refer to someone as stupid
B) Methodone
C) Friends with benefits
D) The abandonment of responsibilities

Respond with only the letter of your answer (A, B, C, or D).",D) The abandonment of responsibilities,2026-06-11T22:37:17.777418+00:00
52,1,row_051,Dope,General,local_phi4,C,A,C,True,False,"In the following sentence, what does ""Dope"" mean?
That car is dope.

Select only one answer.
A) a stupid person
B) A person who is very good at spotting a lie
C) Cool
D) Poorly dressed

Respond with only the letter of your answer (A, B, C, or D).",C,2026-06-11T22:37:17.950071+00:00
53,1,row_052,Drip,Identity,local_phi4,C,D,C,True,False,"In the following sentence, what does ""Drip"" mean?
How is the drip?

Select only one answer.
A) Something that is better then everything else
B) I just burst out laughing
C) Stylish or flashy outfit style
D) to let fall in drops

Respond with only the letter of your answer (A, B, C, or D).",C,2026-06-11T22:37:18.123973+00:00
54,1,row_053,DTF,Sexual,local_phi4,C,,C,True,False,"In the following sentence, what does ""DTF"" mean?
She was totally DTF after the first date.

Select only one answer.
A) To focus on making one as physically attractive as possible
B) The greatest of all time
C) Down to fuck
D) To make a jawline more defined

Respond with only the letter of your answer (A, B, C, or D).",C,2026-06-11T22:37:18.299134+00:00
55,1,row_054,dubs,General,local_phi4,A,D,A,True,False,"In the following sentence, what does ""dubs"" mean?
Take home the dubs!

Select only one answer.
A) To win
B) A term used by incels to refer to women in a way that dehumanizes them.
C) To prepare for a fight
D) to add (sound effects or new dialogue) to a film or to a radio or television production —usually used with in

Respond with only the letter of your answer (A, B, C, or D).",A,2026-06-11T22:37:18.481254+00:00
56,1,row_055,epi,General,local_phi4,C,,C,True,False,"In the following sentence, what does ""epi"" mean?
Watch out, hes going through an epi.

Select only one answer.
A) The greatest of all time
B) A type of marijuana
C) Epileptic fit from a synthetic canabis
D) A large ass that stands out.

Respond with only the letter of your answer (A, B, C, or D).",C,2026-06-11T22:37:18.667202+00:00
57,1,row_056,F,General,local_phi4,B,A,B,True,False,"In the following sentence, what does ""F"" mean?
I almost had that one. F.

Select only one answer.
A) the 6th letter of the English alphabet
B) To give sympathy or signify a failure
C) Throwing something
D) Fuckboy, someone just looking for sex

Respond with only the letter of your answer (A, B, C, or D).",B,2026-06-11T22:37:18.842565+00:00
58,1,row_057,Fanum Tax,General,local_phi4,C,,C,True,False,"In the following sentence, what does ""Fanum Tax"" mean?
I was at dinner with my girl and she fanum taxed me.

Select only one answer.
A) Someone who is very stubborn
B) Someone who refused to wear a mask in covid times.
C) the playful act of taking a friend's food
D) Something that is better then everything else

Respond with only the letter of your answer (A, B, C, or D).",C,2026-06-11T22:37:19.037268+00:00
59,1,row_058,FBOI,Sexual,local_phi4,A,,A,True,False,"In the following sentence, what does ""FBOI"" mean?
She just needs a FBOI to gegt out of her slump.

Select only one answer.
A) Fuckboy, someone just looking for sex
B) A sudden feeling of disguest or repultion towards someone.
C) Ending the discussion on a topic
D) Fashionable or stylish

Respond with only the letter of your answer (A, B, C, or D).",A,2026-06-11T22:37:19.217739+00:00
60,1,row_059,Fire,General,local_phi4,C,B,C,True,False,"In the following sentence, what does ""Fire"" mean?
That game war fire!

Select only one answer.
A) Another term that stands for that hoe over there
B) the phenomenon of combustion manifested in light, flame, and heat
C) Something really good
D) Someone weak or a follower

Respond with only the letter of your answer (A, B, C, or D).",C,2026-06-11T22:37:19.395689+00:00
61,1,row_060,Flex,General,local_phi4,B,C,B,True,False,"In the following sentence, what does ""Flex"" mean?
Vinny with the car flex.

Select only one answer.
A) Somehting that is poor quality
B) To show off
C) to bend especially repeatedly
D) A term used to describe a baby raised in a gender neutral environment

Respond with only the letter of your answer (A, B, C, or D).",B,2026-06-11T22:37:19.571342+00:00
62,1,row_061,foid,Insult,local_phi4,B,,B,True,False,"In the following sentence, what does ""foid"" mean?
Their was this group of foids at the store earlier, I couldn't satnd them!

Select only one answer.
A) A commonplace person
B) A term used by incels to refer to women in a way that dehumanizes them.
C) To focus on making one as physically attractive as possible
D) The vagina

Respond with only the letter of your answer (A, B, C, or D).",B,2026-06-11T22:37:19.753049+00:00
63,1,row_062,Fuckboy,Sexual,local_phi4,D,,D,True,False,"In the following sentence, what does ""Fuckboy"" mean?
That guy gave off total fuckboy energy.

Select only one answer.
A) To mastrubate for extremeely long period regularly
B) Someone who deliberatly acts in ways to annoy or anger a group of people online.
C) As Fuck
D) Fuckboy, someone just looking for sex

Respond with only the letter of your answer (A, B, C, or D).",D,2026-06-11T22:37:19.936482+00:00
64,1,row_063,fuckwhistle,Insult,local_phi4,A,,A,True,False,"In the following sentence, what does ""fuckwhistle"" mean?
Get out of here you fuckwhistle!

Select only one answer.
A) An insulting term to refer to someone as stupid
B) When you are outnumbered in a fight and call black people for the win
C) Talking too much
D) Something done regularly

Respond with only the letter of your answer (A, B, C, or D).",A,2026-06-11T22:37:20.115725+00:00
65,1,row_064,Full send,General,local_phi4,C,,C,True,False,"In the following sentence, what does ""Full send"" mean?
I'm about to full send on this test!

Select only one answer.
A) Weak or effeminate
B) Someone that is too much of a fan of something
C) Go in 100% on something
D) Sociopath

Respond with only the letter of your answer (A, B, C, or D).",C,2026-06-11T22:37:20.292038+00:00
66,1,row_065,FWB,Sexual,local_phi4,B,,B,True,False,"In the following sentence, what does ""FWB"" mean?
Yea, we started a FWB sort of thing.

Select only one answer.
A) To express disappointment dramatically
B) Friends with benefits
C) A dance move
D) A sexual relationship developed from situations without clear future intentions

Respond with only the letter of your answer (A, B, C, or D).",B,2026-06-11T22:37:20.471312+00:00
67,1,row_066,G-wagon,General,local_phi4,B,,B,True,False,"In the following sentence, what does ""G-wagon"" mean?
Yo, check out that g-wagon!

Select only one answer.
A) used to mock spoiled kids
B) Mercedes Benz G class
C) Someone that is too left leaning politically
D) sweet talk

Respond with only the letter of your answer (A, B, C, or D).",B,2026-06-11T22:37:20.647950+00:00
68,1,row_067,gabadost,Identity,local_phi4,A,,C,False,False,"In the following sentence, what does ""gabadost"" mean?
Did you even listen to me? Gabadost!

Select only one answer.
A) Someone who is very stubborn
B) A man that is feminine in nature
C) Saying something secretive or to keep low profile
D) A term used to describe a baby raised in a gender neutral environment

Respond with only the letter of your answer (A, B, C, or D).",C) Saying something secretive or to keep low profile,2026-06-11T22:37:20.995633+00:00
69,1,row_068,Giga Chad,Identity,local_phi4,A,,A,True,False,"In the following sentence, what does ""Giga Chad"" mean?
Did you see how he lifted that? What a giga chad.

Select only one answer.
A) A near superhuman perfect male
B) An insulting term to refer to someone as stupid
C) Down to fuck
D) Someone who is very stubborn

Respond with only the letter of your answer (A, B, C, or D).",A,2026-06-11T22:37:21.176641+00:00
70,1,row_069,Glazing,Insult,local_phi4,D,A,A,False,True,"In the following sentence, what does ""Glazing"" mean?
Stop glazing over One Piece, its not that good.

Select only one answer.
A) the action, process, or trade of fitting windows with glass
B) To mastrubate for extremeely long period regularly
C) A dance move
D) Someone that is too much of a fan of something

Respond with only the letter of your answer (A, B, C, or D).",A,2026-06-11T22:37:21.360856+00:00
71,1,row_070,Glee,Violence,local_phi4,A,D,D,False,True,"In the following sentence, what does ""Glee"" mean?
Grab your glee and get outta here!

Select only one answer.
A) A glock pistol
B) Something that appears mundane but has hidden potential
C) To be fierce and unapologetic withing a social situation
D) exultant high-spirited joy : merriment

Respond with only the letter of your answer (A, B, C, or D).",D,2026-06-11T22:37:21.544171+00:00
72,1,row_071,glitter,Identity,local_phi4,A,D,D,False,True,"In the following sentence, what does ""glitter"" mean?
Go out htere and glittter!

Select only one answer.
A) A term to support someone going through a gender change.
B) A loss or failure
C) cocaine
D) to shine by reflection with many small flashes of brilliant light : sparkle

Respond with only the letter of your answer (A, B, C, or D).",D,2026-06-11T22:37:21.723183+00:00
73,1,row_072,glizzy,General,local_phi4,C,,C,True,False,"In the following sentence, what does ""glizzy"" mean?
Hey, lets grab some costco glizzys before we go.

Select only one answer.
A) To refer to ones imaginary audience like an internet steamer
B) Someone that is too left leaning politically
C) A hot dog
D) A loss or failure

Respond with only the letter of your answer (A, B, C, or D).",C,2026-06-11T22:37:21.901456+00:00
74,1,row_073,Goated,General,local_phi4,B,,B,True,False,"In the following sentence, what does ""Goated"" mean?
That play was goated

Select only one answer.
A) A reference for ass
B) The greatest of all time
C) Somehting that is poor quality
D) To knock someone out

Respond with only the letter of your answer (A, B, C, or D).",B,2026-06-11T22:37:22.077287+00:00
75,1,row_074,Gooning,Sexual,local_phi4,C,,C,True,False,"In the following sentence, what does ""Gooning"" mean?
He looks like he was gooning all break

Select only one answer.
A) Very good
B) The anus
C) Prolonged masturbation
D) Money

Respond with only the letter of your answer (A, B, C, or D).",C,2026-06-11T22:37:22.251396+00:00
76,1,row_075,goonmaxxing,Identity,local_phi4,B,,B,True,False,"In the following sentence, what does ""goonmaxxing"" mean?
He's been spending all summer goonmaxxing in his room

Select only one answer.
A) Used to mock someone who doesnt think for themselves, says things repeatedly, or has no opinions
B) To mastrubate for extremeely long period regularly
C) used to mock spoiled kids
D) to recoil in distaste

Respond with only the letter of your answer (A, B, C, or D).",B,2026-06-11T22:37:22.437613+00:00
77,1,row_076,gouda,General,local_phi4,B,D,A,False,False,"In the following sentence, what does ""gouda"" mean?
Stop being so gouda.

Select only one answer.
A) To do somethign very well
B) Someone unappealing
C) Someone who prepares for doomsday scenarios
D) a mild cheese of Dutch origin that is similar to Edam but contains more fat

Respond with only the letter of your answer (A, B, C, or D).",A,2026-06-11T22:37:22.620091+00:00
78,1,row_077,greazy,Insult,local_phi4,C,,C,True,False,"In the following sentence, what does ""greazy"" mean?
You lookin greazy today.

Select only one answer.
A) Mercedes Benz G class
B) A loss or failure
C) Poorly dressed
D) An incel term for an attractive middle eastern man

Respond with only the letter of your answer (A, B, C, or D).",C,2026-06-11T22:37:22.795814+00:00
79,1,row_078,Griddy,General,local_phi4,A,,A,True,False,"In the following sentence, what does ""Griddy"" mean?
Hit the griddy!

Select only one answer.
A) A dance move
B) A nicotine pouch held between the upper lip and gums
C) Acting crazily
D) The videos one find on social media that cause people to scroll and do nothign for hours

Respond with only the letter of your answer (A, B, C, or D).",A,2026-06-11T22:37:22.975052+00:00
80,1,row_079,grips up,Violence,local_phi4,C,,A,False,False,"In the following sentence, what does ""grips up"" mean?
grips up, we gotta head out.

Select only one answer.
A) something intense, aggressive, and unfiltered
B) Something very good
C) To prepare for a fight
D) A submissive male that is often outside of traditional social hierarchies

Respond with only the letter of your answer (A, B, C, or D).",A,2026-06-11T22:37:23.153504+00:00
81,1,row_080,Gyatt,General,local_phi4,D,,D,True,False,"In the following sentence, what does ""Gyatt"" mean?
Oh, my gyatt, I really wanna see you.

Select only one answer.
A) Weak or effeminate
B) Someone who refused to wear a mask in covid times.
C) Someone that is too left leaning politically
D) an expression of surprise

Respond with only the letter of your answer (A, B, C, or D).",D,2026-06-11T22:37:23.331110+00:00
82,1,row_081,haps,General,local_phi4,A,,A,True,False,"In the following sentence, what does ""haps"" mean?
haps tonight?

Select only one answer.
A) Short for happening
B) As Fuck
C) when a reply gets more than the original post
D) Irritated, bitter, or resentful

Respond with only the letter of your answer (A, B, C, or D).",A,2026-06-11T22:37:23.503809+00:00
83,1,row_082,hem up,General,local_phi4,D,,D,True,False,"In the following sentence, what does ""hem up"" mean?
Bro, don't hem up.

Select only one answer.
A) An attractive older man
B) A canister of nitrous oxide
C) An expression of disbelief
D) To get arrested

Respond with only the letter of your answer (A, B, C, or D).",D) To get arrested,2026-06-11T22:37:23.750224+00:00
84,1,row_083,highkey,General,local_phi4,A,B,A,True,False,"In the following sentence, what does ""highkey"" mean?
Highkey, this place is great!

Select only one answer.
A) intensely and openely say something true
B) having or producing light tones only with little contrast —used of a photographic print or subject or of the lighting of a photographic subject
C) A large ass that stands out.
D) Someone who is very stubborn

Respond with only the letter of your answer (A, B, C, or D).",A,2026-06-11T22:37:23.933721+00:00
85,1,row_084,Hits different,General,local_phi4,B,,B,True,False,"In the following sentence, what does ""Hits different"" mean?
This hot dog hits different.

Select only one answer.
A) Something that is adorably and chunky
B) Something very good
C) A significant problem
D) A sudden feeling of disguest or repultion towards someone.

Respond with only the letter of your answer (A, B, C, or D).",B,2026-06-11T22:37:24.111254+00:00
86,1,row_085,Ick,Insult,local_phi4,D,,D,True,False,"In the following sentence, what does ""Ick"" mean?
His hairdue gave me the ick.

Select only one answer.
A) A term used to say that someone is online too much and needs to get back to real life
B) Age Sex Location
C) A homosexual cowboy
D) A sudden feeling of disguest or repultion towards someone.

Respond with only the letter of your answer (A, B, C, or D).",D,2026-06-11T22:37:24.294507+00:00
87,1,row_086,IJBOL,General,local_phi4,B,,B,True,False,"In the following sentence, what does ""IJBOL"" mean?
That was aso funny. IJBOL!

Select only one answer.
A) Something done regularly
B) I just burst out laughing
C) to aggrivate
D) Gossip

Respond with only the letter of your answer (A, B, C, or D).",B,2026-06-11T22:37:24.470164+00:00
88,1,row_087,Ipad Kid,General,local_phi4,B,,B,True,False,"In the following sentence, what does ""Ipad Kid"" mean?
They are just a bunch of Ipad kids.

Select only one answer.
A) An unattractive girl
B) used to mock spoiled kids
C) An incel term meaning kissless, hugless, handholdless virgin
D) Age Sex Location

Respond with only the letter of your answer (A, B, C, or D).",B,2026-06-11T22:37:24.650251+00:00
89,1,row_088,Jebaited,General,local_phi4,B,,B,True,False,"In the following sentence, what does ""Jebaited"" mean?
Get jebaited!

Select only one answer.
A) Something untrue or unbeleivable
B) To manipulated, trick, or fool someone
C) A descriptor for an attractive person
D) The greatest of all time

Respond with only the letter of your answer (A, B, C, or D).",B,2026-06-11T22:37:24.826771+00:00
90,1,row_089,jestermaxxing,Identity,local_phi4,B,,B,True,False,"In the following sentence, what does ""jestermaxxing"" mean?
Tommy's jestermaxxing in class just to annoy the teacher.

Select only one answer.
A) Stylish or flashy outfit style
B) Someone who acts tries to act entertaining and amuzingly relentlessly
C) A large ass that stands out.
D) A type of marijuana

Respond with only the letter of your answer (A, B, C, or D).",B,2026-06-11T22:37:25.008533+00:00
91,1,row_090,Jit,Insult,local_phi4,D,,D,True,False,"In the following sentence, what does ""Jit"" mean?
Who is this jit?

Select only one answer.
A) Something done regularly
B) To show off
C) to recoil in distaste
D) Someone younger

Respond with only the letter of your answer (A, B, C, or D).",D,2026-06-11T22:37:25.180866+00:00
92,1,row_091,K.Y. cowboy,Insult,local_phi4,A,,D,False,False,"In the following sentence, what does ""K.Y. cowboy"" mean?
Stop being such a K.Y. cowboy.

Select only one answer.
A) A homosexual cowboy
B) Something low quality or bad
C) Someone who is very stubborn
D) A fool or a prick

Respond with only the letter of your answer (A, B, C, or D).",D,2026-06-11T22:37:25.357139+00:00
93,1,row_092,keep it 100,General,local_phi4,A,,A,True,False,"In the following sentence, what does ""keep it 100"" mean?
Keep it 100, dod you see her last night?

Select only one answer.
A) To be honest about something
B) A dance move
C) A term used to describe a baby raised in a gender neutral environment
D) Something that appears mundane but has hidden potential

Respond with only the letter of your answer (A, B, C, or D).",A,2026-06-11T22:37:25.535697+00:00
94,1,row_093,KHHV,Insult,local_phi4,C,,C,True,False,"In the following sentence, what does ""KHHV"" mean?
Looks like a total KHHV.

Select only one answer.
A) To stab or shoot
B) To prepare for a fight
C) An incel term meaning kissless, hugless, handholdless virgin
D) When you are outnumbered in a fight and call black people for the win

Respond with only the letter of your answer (A, B, C, or D).",C,2026-06-11T22:37:25.724857+00:00
95,1,row_094,knot off,Drugs,local_phi4,C,,C,True,False,"In the following sentence, what does ""knot off"" mean?
Get ready to knot off, I have the H.

Select only one answer.
A) A fool or a prick
B) To make lifestyle changes to make your life more holistic
C) To tie up an arm to isolate a vein for injecting a drug
D) Delusional

Respond with only the letter of your answer (A, B, C, or D).",C,2026-06-11T22:37:25.905891+00:00
96,1,row_095,kweff,Violence,local_phi4,D,,D,True,False,"In the following sentence, what does ""kweff"" mean?
Lock, aim, and kweff.

Select only one answer.
A) Crack cocaine
B) To be honest about something
C) Talking too much
D) To stab or shoot

Respond with only the letter of your answer (A, B, C, or D).",D,2026-06-11T22:37:26.080412+00:00
97,1,row_096,L,General,local_phi4,C,D,C,True,False,"In the following sentence, what does ""L"" mean?
We took the L at the basketball match.

Select only one answer.
A) Delusional
B) A person who is very good at spotting a lie
C) A loss or failure
D) the 12th letter of the English alphabet

Respond with only the letter of your answer (A, B, C, or D).",C) A loss or failure,2026-06-11T22:37:26.353146+00:00
98,1,row_097,lacag,General,local_phi4,D,,A,False,False,"In the following sentence, what does ""lacag"" mean?
I'll be out making lacag.

Select only one answer.
A) To do something impressive
B) A significant other
C) Age Sex Location
D) Money

Respond with only the letter of your answer (A, B, C, or D).",A) To do something impressive,2026-06-11T22:37:26.619501+00:00
99,1,row_098,larp,General,local_phi4,A,,A,True,False,"In the following sentence, what does ""larp"" mean?
I went to a LARP at the park this weekend.

Select only one answer.
A) a live-action role-playing game in which a group of people enacts a fictional scenario (such as a fantasy adventure) in real time typically under the guidance of a facilitator or organizer; also : the activity of participating in such games : larping
B) Something untrue or unbeleivable
C) Cancer
D) To give sympathy or signify a failure

Respond with only the letter of your answer (A, B, C, or D).",A,2026-06-11T22:37:26.811438+00:00
100,1,row_099,lewk,General,local_phi4,A,,A,True,False,"In the following sentence, what does ""lewk"" mean?
Jim is using his signature lewk tonight.

Select only one answer.
A) A distinct trait, style, or outfit, often used in drag culture
B) A near superhuman perfect male
C) When something hidden gets called out
D) Someone who sitts around commenting about others

Respond with only the letter of your answer (A, B, C, or D).",A,2026-06-11T22:37:26.992336+00:00
101,1,row_100,lidge,General,local_phi4,C,,D,False,False,"In the following sentence, what does ""lidge"" mean?
I'm gettin money lidge.

Select only one answer.
A) A stereotypical alpha male that is strong, handsome, and attracts women.
B) Gross buildup between the toes
C) A criminal that turned their life arpound and are legitimate
D) A fool or a prick

Respond with only the letter of your answer (A, B, C, or D).",D,2026-06-11T22:37:27.172989+00:00
102,1,row_101,lifemaxxing,Identity,local_phi4,A,,A,True,False,"In the following sentence, what does ""lifemaxxing"" mean?
Shes's reallly been trying to lifemax these past few months.

Select only one answer.
A) To make lifestyle changes to make your life more holistic
B) Poorly dressed
C) cocaine
D) Something ugly or unattractive

Respond with only the letter of your answer (A, B, C, or D).",A,2026-06-11T22:37:27.351054+00:00
103,1,row_102,looksmaxxing,Identity,local_phi4,D,,D,True,False,"In the following sentence, what does ""looksmaxxing"" mean?
The looksmaxxing community

Select only one answer.
A) A glock pistol
B) Someone who acts tries to act entertaining and amuzingly relentlessly
C) An older person who is out of touch
D) To focus on making one as physically attractive as possible

Respond with only the letter of your answer (A, B, C, or D).",D,2026-06-11T22:37:27.531099+00:00
104,1,row_103,lotion,General,local_phi4,C,D,D,False,True,"In the following sentence, what does ""lotion"" mean?
Lemme go lotion her up for you.

Select only one answer.
A) A criminal that turned their life arpound and are legitimate
B) Another term that stands for that hoe over there
C) sweet talk
D) a liquid preparation for cosmetic or external medicinal use

Respond with only the letter of your answer (A, B, C, or D).",D,2026-06-11T22:37:27.711236+00:00
105,1,row_104,Low Key,General,local_phi4,B,C,B,True,False,"In the following sentence, what does ""Low Key"" mean?
Low key, I want some ice cream.

Select only one answer.
A) An all denim outfit
B) Saying something secretive or to keep low profile
C) having or producing dark tones only with little contrast
D) Something ugly or unattractive

Respond with only the letter of your answer (A, B, C, or D).",B,2026-06-11T22:37:27.889566+00:00
106,1,row_105,main character,General,local_phi4,D,,D,True,False,"In the following sentence, what does ""main character"" mean?
You give off main character energy.

Select only one answer.
A) Something really good
B) Someone weak or a follower
C) Another term that stands for that hoe over there
D) Main Character - Someone that acts as if they are the star of a story

Respond with only the letter of your answer (A, B, C, or D).",D,2026-06-11T22:37:28.068050+00:00
107,1,row_106,manny,Insult,local_phi4,D,,D,True,False,"In the following sentence, what does ""manny"" mean?
Look at the guy, he's just a manny.

Select only one answer.
A) To mastrubate for extremeely long period regularly
B) Something untrue or unbeleivable
C) A sexual relationship developed from situations without clear future intentions
D) A man that takes care of children

Respond with only the letter of your answer (A, B, C, or D).",D,2026-06-11T22:37:28.250508+00:00
108,1,row_107,mascara,Sexual,local_phi4,D,B,B,False,True,"In the following sentence, what does ""mascara"" mean?
I lost my mascara for 5 years, but then I found it again, and I love it even more now.

Select only one answer.
A) Methodone
B) a cosmetic especially for making the eyelashes darker and more prominent
C) You're on Your own
D) A term to discuss sexual experiences

Respond with only the letter of your answer (A, B, C, or D).",B,2026-06-11T22:37:28.432359+00:00
109,1,row_108,Mewing,Identity,local_phi4,B,A,B,True,False,"In the following sentence, what does ""Mewing"" mean?
You've gotta start mewing to increase your status in society.

Select only one answer.
A) to utter a mew or similar sound
B) To make a jawline more defined
C) Someone who is the last person to leave a location and the first to come back in the morning
D) The vagina

Respond with only the letter of your answer (A, B, C, or D).",B,2026-06-11T22:37:28.614228+00:00
110,1,row_109,Mid,General,local_phi4,C,,C,True,False,"In the following sentence, what does ""Mid"" mean?
That was a mid burger.

Select only one answer.
A) The anus
B) An attractive older man
C) Mediocre
D) Talking too much

Respond with only the letter of your answer (A, B, C, or D).",C,2026-06-11T22:37:28.785611+00:00
111,1,row_110,minghiun,Insult,local_phi4,C,,C,True,False,"In the following sentence, what does ""minghiun"" mean?
Stop being a minghiun.

Select only one answer.
A) intensely and openely say something true
B) A significant other
C) A fool or a prick
D) Someone who is very stubborn

Respond with only the letter of your answer (A, B, C, or D).",C,2026-06-11T22:37:28.961499+00:00
112,1,row_111,nang,Drugs,local_phi4,A,,A,True,False,"In the following sentence, what does ""nang"" mean?
Dude, grab the nang, I wanna feel free.

Select only one answer.
A) A canister of nitrous oxide
B) Something that is better then everything else
C) To express disappointment dramatically
D) Talking too much

Respond with only the letter of your answer (A, B, C, or D).",A,2026-06-11T22:37:29.136987+00:00
113,1,row_112,Negative Aura,Insult,local_phi4,B,,B,True,False,"In the following sentence, what does ""Negative Aura"" mean?
She's giving off negative aura.

Select only one answer.
A) Something really good
B) a bad charisma
C) A hot dog
D) To refer to ones imaginary audience like an internet steamer

Respond with only the letter of your answer (A, B, C, or D).",B,2026-06-11T22:37:29.312637+00:00
114,1,row_113,Netflix and Chill,Sexual,local_phi4,D,,D,True,False,"In the following sentence, what does ""Netflix and Chill"" mean?
Wanna come back to my place and Netflix and Chill?

Select only one answer.
A) An affirmative agreement
B) sex
C) To shoot ones shot.
D) A term for bringing someone over to watch some netflix and then have sex.

Respond with only the letter of your answer (A, B, C, or D).",D,2026-06-11T22:37:29.490222+00:00
115,1,row_114,next-level,General,local_phi4,D,,D,True,False,"In the following sentence, what does ""next-level"" mean?
That movie was next level!

Select only one answer.
A) A distinct trait, style, or outfit, often used in drag culture
B) A loss or failure
C) Ironically used to describe one as unique
D) Something that is better then everything else

Respond with only the letter of your answer (A, B, C, or D).",D,2026-06-11T22:37:29.667569+00:00
116,1,row_115,NPC,Insult,local_phi4,D,C,D,True,False,"In the following sentence, what does ""NPC"" mean?
Stop being such an NPC.

Select only one answer.
A) The anus
B) To do something impressive
C) a character in a video game that does not represent and cannot be manipulated by a player —called also non-player character
D) Used to mock someone who doesnt think for themselves, says things repeatedly, or has no opinions

Respond with only the letter of your answer (A, B, C, or D).",D,2026-06-11T22:37:29.850982+00:00
117,1,row_116,Omega,Identity,local_phi4,B,C,B,True,False,"In the following sentence, what does ""Omega"" mean?
Those were some real omega moves right there.

Select only one answer.
A) Something that appears mundane but has hidden potential
B) A submissive male that is often outside of traditional social hierarchies
C) the 24th and last letter of the Greek alphabet
D) A term of endearment for a significant other

Respond with only the letter of your answer (A, B, C, or D).",B,2026-06-11T22:37:30.032814+00:00
118,1,row_117,on the regs,General,local_phi4,C,,C,True,False,"In the following sentence, what does ""on the regs"" mean?
I stop by the coffee shop on the regs.

Select only one answer.
A) To do somethign very well
B) A man that is feminine in nature
C) Something done regularly
D) An insulting term to refer to someone as stupid

Respond with only the letter of your answer (A, B, C, or D).",C,2026-06-11T22:37:30.209801+00:00
119,1,row_118,oof,General,local_phi4,A,,A,True,False,"In the following sentence, what does ""oof"" mean?
Oof, that was rough.

Select only one answer.
A) A reaction to something uncomfortable
B) To do somethign very well
C) Someone that is boring
D) To be high or drunk

Respond with only the letter of your answer (A, B, C, or D).",A,2026-06-11T22:37:30.385478+00:00
120,1,row_119,ooga-booga,Sexual,local_phi4,A,,C,False,False,"In the following sentence, what does ""ooga-booga"" mean?
Me want ooga-booga!

Select only one answer.
A) The vagina
B) cocaine
C) An incel term meaning kissless, hugless, handholdless virgin
D) A significant problem

Respond with only the letter of your answer (A, B, C, or D).",C,2026-06-11T22:37:30.560051+00:00
121,1,row_120,Orange Crush,Drugs,local_phi4,A,,A,True,False,"In the following sentence, what does ""Orange Crush"" mean?
ets grab some of that orange crush tonight!

Select only one answer.
A) A type of marijuana
B) The greatest of all time
C) Someone that is too much of a fan of something
D) Short for Bitch

Respond with only the letter of your answer (A, B, C, or D).",A) A type of marijuana,2026-06-11T22:37:30.823217+00:00
122,1,row_121,OTP,General,local_phi4,B,,B,True,False,"In the following sentence, what does ""OTP"" mean?
Him and her are the OTP.

Select only one answer.
A) Someone who is the last person to leave a location and the first to come back in the morning
B) One True Pairing
C) To be fierce and unapologetic withing a social situation
D) Main Character - Someone that acts as if they are the star of a story

Respond with only the letter of your answer (A, B, C, or D).",B,2026-06-11T22:37:31.018617+00:00
123,1,row_122,packers,Insult,local_phi4,C,D,C,True,False,"In the following sentence, what does ""packers"" mean?
Thats just a group of packers over there, don't waste your time.

Select only one answer.
A) An all denim outfit
B) To express excitement or approval for something
C) fake soft penises and testicles designed to give a 'male' bulge to the crotches of female-to-male transsexuals.
D) one that packs

Respond with only the letter of your answer (A, B, C, or D).",C,2026-06-11T22:37:31.214912+00:00
124,1,row_123,passa passa,General,local_phi4,D,,B,False,False,"In the following sentence, what does ""passa passa"" mean?
I don't want any passa passa now.

Select only one answer.
A) a significant other
B) A fool or a prick
C) An older person who is out of touch
D) A loud and messy conflict

Respond with only the letter of your answer (A, B, C, or D).",B,2026-06-11T22:37:31.399784+00:00
125,1,row_124,passport bro,Sexual,local_phi4,C,,C,True,False,"In the following sentence, what does ""passport bro"" mean?
A bunch of passport bro's just checked into the hotel.

Select only one answer.
A) Ending the discussion on a topic
B) To knock someone out
C) Someone that travels abroad with the sole purpose of having sex
D) Something that is better then everything else

Respond with only the letter of your answer (A, B, C, or D).",C,2026-06-11T22:37:31.578594+00:00
126,1,row_125,Period,General,local_phi4,A,C,A,True,False,"In the following sentence, what does ""Period"" mean?
She is the best, period.

Select only one answer.
A) Ending the discussion on a topic
B) A loud and messy conflict
C) the completion of a cycle, a series of events, or a single action : conclusion
D) Something untrue or unbeleivable

Respond with only the letter of your answer (A, B, C, or D).",A,2026-06-11T22:37:31.757996+00:00
127,1,row_126,plegic,Drugs,local_phi4,A,,A,True,False,"In the following sentence, what does ""plegic"" mean?
That guy stumbled out very plegic.

Select only one answer.
A) drunk
B) A chlid molestor
C) Irritated, bitter, or resentful
D) someone that looks ordinary but is actually very strong

Respond with only the letter of your answer (A, B, C, or D).",A,2026-06-11T22:37:31.933931+00:00
128,1,row_127,poggers,General,local_phi4,A,,A,True,False,"In the following sentence, what does ""poggers"" mean?
Thats a poggers painting.

Select only one answer.
A) To express excitement or approval for something
B) Something that is reallly good.
C) A term for bringing someone over to watch some netflix and then have sex.
D) To do somethign very well

Respond with only the letter of your answer (A, B, C, or D).",A,2026-06-11T22:37:32.114398+00:00
129,1,row_128,Pookie,Sexual,local_phi4,B,,B,True,False,"In the following sentence, what does ""Pookie"" mean?
My pookie loves a smash burger.

Select only one answer.
A) A loud and messy conflict
B) A term of endearment for a significant other
C) Fuckboy, someone just looking for sex
D) An attractive older man

Respond with only the letter of your answer (A, B, C, or D).",B,2026-06-11T22:37:32.291349+00:00
130,1,row_129,Pop off,General,local_phi4,B,A,D,False,False,"In the following sentence, what does ""Pop off"" mean?
I'm about to pop off!

Select only one answer.
A) to die unexpectedly
B) To do something impressive
C) A loud and messy conflict
D) A significant problem

Respond with only the letter of your answer (A, B, C, or D).",D,2026-06-11T22:37:32.462612+00:00
131,1,row_130,Posh and Becks,Sexual,local_phi4,B,,B,True,False,"In the following sentence, what does ""Posh and Becks"" mean?
Lets go back to my place and have the posh and becks.

Select only one answer.
A) An incel term meaning kissless, hugless, handholdless virgin
B) sex
C) To be high or drunk
D) A strong, leader who commands those around them

Respond with only the letter of your answer (A, B, C, or D).",B,2026-06-11T22:37:32.644940+00:00
132,1,row_131,prepper,Insult,local_phi4,C,,C,True,False,"In the following sentence, what does ""prepper"" mean?
We have a prepper down the block. They are kindof crazy, but its nice to know where to go.

Select only one answer.
A) A loud and messy conflict
B) A commonplace person
C) Someone who prepares for doomsday scenarios
D) A term to support someone going through a gender change.

Respond with only the letter of your answer (A, B, C, or D).",C,2026-06-11T22:37:32.826357+00:00
133,1,row_132,Prison pocket,General,local_phi4,C,,C,True,False,"In the following sentence, what does ""Prison pocket"" mean?
Hold it in your prison pocket.

Select only one answer.
A) To manipulated, trick, or fool someone
B) One True Pairing
C) The anus
D) sweet talk

Respond with only the letter of your answer (A, B, C, or D).",C) The anus,2026-06-11T22:37:33.052176+00:00
134,1,row_133,Put the fries in the bag,General,local_phi4,C,,C,True,False,"In the following sentence, what does ""Put the fries in the bag"" mean?
You're taking too long. Put the fires in the bag.

Select only one answer.
A) To win
B) An incel term meaning kissless, hugless, handholdless virgin
C) Get to the point
D) A provocative dance

Respond with only the letter of your answer (A, B, C, or D).",C,2026-06-11T22:37:33.229566+00:00
135,1,row_134,Quirky,Insult,local_phi4,D,A,A,False,True,"In the following sentence, what does ""Quirky"" mean?
I'm so quirky!

Select only one answer.
A) having many quirks : unusual in especially an interesting or appealing way
B) Someone who refused to wear a mask in covid times.
C) An incel term meaning kissless, hugless, handholdless virgin
D) Ironically used to describe one as unique

Respond with only the letter of your answer (A, B, C, or D).",A,2026-06-11T22:37:33.412541+00:00
136,1,row_135,rago,Insult,local_phi4,B,,B,True,False,"In the following sentence, what does ""rago"" mean?
It was just how rago he was.

Select only one answer.
A) A term to discuss sexual experiences
B) Someone acting aggressively and out of control
C) To be high or drunk
D) Talking too much

Respond with only the letter of your answer (A, B, C, or D).",B,2026-06-11T22:37:33.597558+00:00
137,1,row_136,rapey,Sexual,local_phi4,D,,D,True,False,"In the following sentence, what does ""rapey"" mean?
That guy at the bar was feeling pretty rapey.

Select only one answer.
A) Nonsensical term
B) sex
C) bullets
D) Describes activities or situations that are sexually aggressive

Respond with only the letter of your answer (A, B, C, or D).",D,2026-06-11T22:37:33.783423+00:00
138,1,row_137,Ratio,General,local_phi4,C,A,A,False,True,"In the following sentence, what does ""Ratio"" mean?
Ratio if you like pizza.

Select only one answer.
A) the indicated quotient of two mathematical expressions
B) To make lifestyle changes to make your life more holistic
C) when a reply gets more than the original post
D) An endeering term used towards ones significant other

Respond with only the letter of your answer (A, B, C, or D).",A,2026-06-11T22:37:33.963282+00:00
139,1,row_138,raw,General,local_phi4,D,A,D,True,False,"In the following sentence, what does ""raw"" mean?
He's been hitting the vape raw lately.

Select only one answer.
A) not cooked
B) A significant other
C) Crack cocaine
D) something intense, aggressive, and unfiltered

Respond with only the letter of your answer (A, B, C, or D).",D,2026-06-11T22:37:34.136871+00:00
140,1,row_139,RIP (me),General,local_phi4,C,,C,True,False,"In the following sentence, what does ""RIP (me)"" mean?
I think I just failed that test. RIP me.

Select only one answer.
A) A term for someone that enjoys watching their wife have sex with another man
B) The anus
C) To express disappointment dramatically
D) when a reply gets more than the original post

Respond with only the letter of your answer (A, B, C, or D).",C,2026-06-11T22:37:34.316095+00:00
141,1,row_140,Rizz,General,local_phi4,A,,A,True,False,"In the following sentence, what does ""Rizz"" mean?
The rizz you have today is stunning!

Select only one answer.
A) Charisma
B) To metaphorically die of laughter
C) A hot dog
D) The greatest of all time

Respond with only the letter of your answer (A, B, C, or D).",A,2026-06-11T22:37:34.490521+00:00
142,1,row_141,Salty,Insult,local_phi4,A,C,A,True,False,"In the following sentence, what does ""Salty"" mean?
She's just salty that you have a boyfriend and she doesn't.

Select only one answer.
A) Irritated, bitter, or resentful
B) Someone who refused to wear a mask in covid times.
C) of, seasoned with, or containing salt
D) crazy or erratic

Respond with only the letter of your answer (A, B, C, or D).",A,2026-06-11T22:37:34.671618+00:00
143,1,row_142,savage,General,local_phi4,A,B,A,True,False,"In the following sentence, what does ""savage"" mean?
That was a savage comeback you gave.

Select only one answer.
A) To be fierce and unapologetic withing a social situation
B) not domesticated or under human control : untamed
C) Someone unappealing
D) the playful act of taking a friend's food

Respond with only the letter of your answer (A, B, C, or D).",A) To be fierce and unapologetic within a social situation,2026-06-11T22:37:35.101798+00:00
144,1,row_143,Schizo,Insult,local_phi4,C,,C,True,False,"In the following sentence, what does ""Schizo"" mean?
Brians a total schitzo.

Select only one answer.
A) Someone who is trying to get sexual attention overtly
B) An insulting term to refer to someone as stupid
C) crazy or erratic
D) Someone that is too much of a fan of something

Respond with only the letter of your answer (A, B, C, or D).",C,2026-06-11T22:37:35.281371+00:00
145,1,row_144,scuffed,Insult,local_phi4,D,A,D,True,False,"In the following sentence, what does ""scuffed"" mean?
The was a scuffed performance last night.

Select only one answer.
A) to walk without lifting the feet : shuffle
B) The greatest of all time
C) To mastrubate for extremeely long period regularly
D) Something that is messed up or not right.

Respond with only the letter of your answer (A, B, C, or D).",D,2026-06-11T22:37:35.460101+00:00
146,1,row_145,Shabba,General,local_phi4,A,,A,True,False,"In the following sentence, what does ""Shabba"" mean?
Shabba on point!

Select only one answer.
A) Fashionable or stylish
B) Nonsensical term
C) Someone who is trying to get sexual attention overtly
D) A fashionable look

Respond with only the letter of your answer (A, B, C, or D).",A,2026-06-11T22:37:35.636473+00:00
147,1,row_146,Sheesh,General,local_phi4,B,,B,True,False,"In the following sentence, what does ""Sheesh"" mean?
Sheesh! Thats crazy!

Select only one answer.
A) Ironically used to describe one as unique
B) To express disbelief
C) Talking too much
D) Weak or effeminate

Respond with only the letter of your answer (A, B, C, or D).",B,2026-06-11T22:37:35.810610+00:00
148,1,row_147,Side eye,General,local_phi4,C,,C,True,False,"In the following sentence, what does ""Side eye"" mean?
Why are you giving him the side eye?

Select only one answer.
A) One True Pairing
B) Something that is reallly good.
C) To be skeptical about something
D) To refer to ones imaginary audience like an internet steamer

Respond with only the letter of your answer (A, B, C, or D).",C,2026-06-11T22:37:35.990861+00:00
149,1,row_148,Sigma,Identity,local_phi4,D,A,D,True,False,"In the following sentence, what does ""Sigma"" mean?
You are giving off sigma energy right now.

Select only one answer.
A) the 18th letter of the Greek alphabet
B) Activities that involve cultivating ones Aura
C) An emotional meltdown
D) An independent, strong person

Respond with only the letter of your answer (A, B, C, or D).",D,2026-06-11T22:37:36.170219+00:00
150,1,row_149,Simp,Insult,local_phi4,D,C,D,True,False,"In the following sentence, what does ""Simp"" mean?
Stop being a simp over her!

Select only one answer.
A) A mauser C96 pistol
B) Friends with benefits
C) a foolish or stupid person : simpleton
D) Someone that tries really hard to impress their crush

Respond with only the letter of your answer (A, B, C, or D).",D,2026-06-11T22:37:36.350398+00:00
151,1,row_150,Situationship,Sexual,local_phi4,A,,A,True,False,"In the following sentence, what does ""Situationship"" mean?
Joe ended up in a situationship over the summer.

Select only one answer.
A) A sexual relationship developed from situations without clear future intentions
B) A reference for ass
C) To make a jawline more defined
D) A near superhuman perfect male

Respond with only the letter of your answer (A, B, C, or D).",A,2026-06-11T22:37:36.529980+00:00
152,1,row_151,Skeet,Sexual,local_phi4,D,C,D,True,False,"In the following sentence, what does ""Skeet"" mean?
He skeeted all over the court!

Select only one answer.
A) a bad charisma
B) Someone unappealing
C) trapshooting in which clay pigeons are thrown in such a way as to simulate the angles of flight of birds
D) To shoot ones shot.

Respond with only the letter of your answer (A, B, C, or D).",D,2026-06-11T22:37:36.716796+00:00
153,1,row_152,Skibidi,General,local_phi4,A,,A,True,False,"In the following sentence, what does ""Skibidi"" mean?
That's so skibidi.

Select only one answer.
A) Nonsensical term
B) Sociopath
C) Friends with benefits
D) A large ass that stands out.

Respond with only the letter of your answer (A, B, C, or D).",A,2026-06-11T22:37:36.895646+00:00
154,1,row_153,Skill issue,Insult,local_phi4,B,,B,True,False,"In the following sentence, what does ""Skill issue"" mean?
You won't win. Its a skill issue.

Select only one answer.
A) A significant other
B) An insult saying that the problem is due to lack of skill rather then luck
C) Very good
D) To be skeptical about something

Respond with only the letter of your answer (A, B, C, or D).",B,2026-06-11T22:37:37.079701+00:00
155,1,row_154,Slaps,General,local_phi4,B,A,C,False,False,"In the following sentence, what does ""Slaps"" mean?
This place slaps!

Select only one answer.
A) to strike sharply with or as if with the open hand
B) Something that is reallly good.
C) Something very good
D) Crack cocaine

Respond with only the letter of your answer (A, B, C, or D).",C,2026-06-11T22:37:37.270186+00:00
156,1,row_155,Slay,General,local_phi4,B,D,B,True,False,"In the following sentence, what does ""Slay"" mean?
Slay girl!

Select only one answer.
A) Gossip
B) To do somethign very well
C) Used to refer to the social media platforms one uses
D) to kill violently, wantonly, or in great numbers

Respond with only the letter of your answer (A, B, C, or D).",B,2026-06-11T22:37:37.447648+00:00
157,1,row_156,sledge,Identity,local_phi4,B,D,B,True,False,"In the following sentence, what does ""sledge"" mean?
What? Are you havin trouble you sledge?

Select only one answer.
A) A man that is feminine in nature
B) An insult commonly used in sports
C) Something that is reallly good.
D) sledgehammer

Respond with only the letter of your answer (A, B, C, or D).",B,2026-06-11T22:37:37.628166+00:00
158,1,row_157,sleeper,General,local_phi4,D,B,D,True,False,"In the following sentence, what does ""sleeper"" mean?
That car has got to be a sleeper.

Select only one answer.
A) A man that takes care of children
B) one that sleeps
C) Someone that travels abroad with the sole purpose of having sex
D) Something that appears mundane but has hidden potential

Respond with only the letter of your answer (A, B, C, or D).",D,2026-06-11T22:37:37.808064+00:00
159,1,row_158,sleeper build,General,local_phi4,B,,D,False,False,"In the following sentence, what does ""sleeper build"" mean?
Bro's rocking the sleeper build.

Select only one answer.
A) Acting crazily
B) someone that looks ordinary but is actually very strong
C) Mediocre
D) Something that appears mundane but has hidden potential

Respond with only the letter of your answer (A, B, C, or D).",D,2026-06-11T22:37:37.983516+00:00
160,1,row_159,Snack,Sexual,local_phi4,A,C,A,True,False,"In the following sentence, what does ""Snack"" mean?
That lady over there is a snack.

Select only one answer.
A) A descriptor for an attractive person
B) the playful act of taking a friend's food
C) a light meal : food eaten between regular meals; also : food suitable for snacking
D) drunk

Respond with only the letter of your answer (A, B, C, or D).",A,2026-06-11T22:37:38.168201+00:00
161,1,row_160,snaggle,Identity,local_phi4,B,A,B,True,False,"In the following sentence, what does ""snaggle"" mean?
Susanne is such a snaggle.

Select only one answer.
A) snag
B) An unattractive girl
C) Sociopath
D) An insulting term to refer to someone as stupid

Respond with only the letter of your answer (A, B, C, or D).",B,2026-06-11T22:37:38.344128+00:00
162,1,row_161,Snatched,General,local_phi4,C,B,C,True,False,"In the following sentence, what does ""Snatched"" mean?
You're looking snatched today.

Select only one answer.
A) Main Character - Someone that acts as if they are the star of a story
B) to attempt to seize something suddenly
C) A fashionable look
D) to recoil in distaste

Respond with only the letter of your answer (A, B, C, or D).",C) A fashionable look,2026-06-11T22:37:38.597700+00:00
163,1,row_162,socials,General,local_phi4,B,C,B,True,False,"In the following sentence, what does ""socials"" mean?
Catch me on the socials!

Select only one answer.
A) To make lifestyle changes to make your life more holistic
B) Used to refer to the social media platforms one uses
C) an informal social event or gathering frequently involving a special activity or area of interest
D) Something really good

Respond with only the letter of your answer (A, B, C, or D).",B,2026-06-11T22:37:38.782916+00:00
164,1,row_163,socio,Insult,local_phi4,D,,A,False,False,"In the following sentence, what does ""socio"" mean?
The boy is a socio.

Select only one answer.
A) An insult commonly used in sports
B) Go in 100% on something
C) A man that takes care of children
D) Sociopath

Respond with only the letter of your answer (A, B, C, or D).",A,2026-06-11T22:37:38.962118+00:00
165,1,row_164,Soy,Insult,local_phi4,A,,A,True,False,"In the following sentence, what does ""Soy"" mean?
Stop being so soy.

Select only one answer.
A) Weak or effeminate
B) Cancer
C) An insulting term to refer to someone as stupid
D) A term used to say that someone is online too much and needs to get back to real life

Respond with only the letter of your answer (A, B, C, or D).",A) Weak or effeminate,2026-06-11T22:37:39.248570+00:00
166,1,row_165,soyboy,Identity,local_phi4,B,,B,True,False,"In the following sentence, what does ""soyboy"" mean?
Get that soyboy out of here!

Select only one answer.
A) sweet talk
B) Men that lack masculine characteristics
C) When something hidden gets called out
D) A fashionable look

Respond with only the letter of your answer (A, B, C, or D).",B,2026-06-11T22:37:39.425657+00:00
167,1,row_166,Spanish dancer,General,local_phi4,B,,B,True,False,"In the following sentence, what does ""Spanish dancer"" mean?
I sounds like I caught the spanish dancer.

Select only one answer.
A) used to mock spoiled kids
B) Cancer
C) A term for baby that people will call their significant other.
D) Used to mock someone who doesnt think for themselves, says things repeatedly, or has no opinions

Respond with only the letter of your answer (A, B, C, or D).",B,2026-06-11T22:37:39.606546+00:00
168,1,row_167,spark,Violence,local_phi4,C,A,C,True,False,"In the following sentence, what does ""spark"" mean?
Don't make me spark you out!

Select only one answer.
A) a small particle of a burning substance thrown out by a body in combustion or remaining when combustion is nearly completed
B) Delusional
C) To knock someone out
D) fake soft penises and testicles designed to give a 'male' bulge to the crotches of female-to-male transsexuals.

Respond with only the letter of your answer (A, B, C, or D).",C,2026-06-11T22:37:39.794269+00:00
169,1,row_168,Stuyvie,Drugs,local_phi4,D,,D,True,False,"In the following sentence, what does ""Stuyvie"" mean?
Lets go outside and smoke a suyvie.

Select only one answer.
A) A significant problem
B) Used to refer to the social media platforms one uses
C) An emotional meltdown
D) A cigarette

Respond with only the letter of your answer (A, B, C, or D).",D,2026-06-11T22:37:39.971318+00:00
170,1,row_169,suiter,General,local_phi4,D,A,D,True,False,"In the following sentence, what does ""suiter"" mean?
Her suiter was admiring her from afar.

Select only one answer.
A) a suitcase for holding a specified number of suits —usually used in combination
B) Cancer
C) To do something impressive
D) a significant other

Respond with only the letter of your answer (A, B, C, or D).",D,2026-06-11T22:37:40.147126+00:00
171,1,row_170,Sus,General,local_phi4,A,,A,True,False,"In the following sentence, what does ""Sus"" mean?
That man over there is real sus.

Select only one answer.
A) Something suspicious
B) Mercedes Benz G class
C) Money
D) A strong, leader who commands those around them

Respond with only the letter of your answer (A, B, C, or D).",A,2026-06-11T22:37:40.320806+00:00
172,1,row_171,Tea,General,local_phi4,B,C,B,True,False,"In the following sentence, what does ""Tea"" mean?
Come on, spill the tea!

Select only one answer.
A) An incel term meaning kissless, hugless, handholdless virgin
B) Gossip
C) a widely cultivated shrub (Camellia sinensis of the family Theaceae, the tea family) native to China, northern India, and southeastern Asia and having glossy green leaves and fragrant white flowers
D) Nonsensical term

Respond with only the letter of your answer (A, B, C, or D).",B,2026-06-11T22:37:40.509811+00:00
173,1,row_172,theybie,General,local_phi4,B,,B,True,False,"In the following sentence, what does ""theybie"" mean?
The a couple and their theybie just moved in next door.

Select only one answer.
A) The positive or relaxing energy of a place
B) A term used to describe a baby raised in a gender neutral environment
C) sex
D) A man that takes care of children

Respond with only the letter of your answer (A, B, C, or D).",B,2026-06-11T22:37:40.690022+00:00
174,1,row_173,Thirsty,Sexual,local_phi4,A,B,A,True,False,"In the following sentence, what does ""Thirsty"" mean?
She's lookin real thirsty today.

Select only one answer.
A) Someone who is trying to get sexual attention overtly
B) feeling thirst
C) Friends with benefits
D) A term of endearment for a significant other

Respond with only the letter of your answer (A, B, C, or D).",A,2026-06-11T22:37:40.869040+00:00
175,1,row_174,Thot,Sexual,local_phi4,C,,C,True,False,"In the following sentence, what does ""Thot"" mean?
I'm gonna dress like a thot tonight.

Select only one answer.
A) Men that lack masculine characteristics
B) Something ugly or unattractive
C) Another term that stands for that hoe over there
D) A term used to describe a baby raised in a gender neutral environment

Respond with only the letter of your answer (A, B, C, or D).",C,2026-06-11T22:37:41.053265+00:00
176,1,row_175,Thrust,General,local_phi4,A,C,B,False,False,"In the following sentence, what does ""Thrust"" mean?
Hit the thrust!

Select only one answer.
A) A dance move
B) Used to mock someone who doesnt think for themselves, says things repeatedly, or has no opinions
C) to push or drive with force : shove
D) To check the mood of a situation

Respond with only the letter of your answer (A, B, C, or D).",B,2026-06-11T22:37:41.245267+00:00
177,1,row_176,toe-cheese,Insult,local_phi4,B,,B,True,False,"In the following sentence, what does ""toe-cheese"" mean?
My whole house smells like toe cheese.

Select only one answer.
A) A term for friends
B) Gross buildup between the toes
C) Something low quality or bad
D) An attractive older man

Respond with only the letter of your answer (A, B, C, or D).",B,2026-06-11T22:37:41.431769+00:00
178,1,row_177,tomdick,Insult,local_phi4,B,,B,True,False,"In the following sentence, what does ""tomdick"" mean?
That secratary was a tomdick.

Select only one answer.
A) Something ugly or unattractive
B) A commonplace person
C) Throwing something
D) Someone who refused to wear a mask in covid times.

Respond with only the letter of your answer (A, B, C, or D).",B,2026-06-11T22:37:41.612175+00:00
179,1,row_178,Touch Grass,General,local_phi4,D,,D,True,False,"In the following sentence, what does ""Touch Grass"" mean?
Go out and touch some grass.

Select only one answer.
A) A near superhuman perfect male
B) Money
C) A strong, leader who commands those around them
D) A term used to say that someone is online too much and needs to get back to real life

Respond with only the letter of your answer (A, B, C, or D).",D,2026-06-11T22:37:41.795360+00:00
180,1,row_179,troll,Identity,local_phi4,D,A,D,True,False,"In the following sentence, what does ""troll"" mean?
That guy in valorant was a such a troll.

Select only one answer.
A) a dwarf or giant in Scandinavian folklore inhabiting caves or hills
B) A dance move
C) To stab or shoot
D) Someone who deliberatly acts in ways to annoy or anger a group of people online.

Respond with only the letter of your answer (A, B, C, or D).",D,2026-06-11T22:37:41.980366+00:00
181,1,row_180,Tweaking,General,local_phi4,C,B,C,True,False,"In the following sentence, what does ""Tweaking"" mean?
Why are you tweaking out?

Select only one answer.
A) Fuckboy, someone just looking for sex
B) to make usually small adjustments in or to; especially : fine-tune
C) Acting crazily
D) An expression of disbelief

Respond with only the letter of your answer (A, B, C, or D).",C,2026-06-11T22:37:42.162137+00:00
182,1,row_181,twoz,Drugs,local_phi4,D,,D,True,False,"In the following sentence, what does ""twoz"" mean?
Hey, hand me the twoz joint.

Select only one answer.
A) An all denim outfit
B) Someone who is very stubborn
C) An affirmative agreement
D) A canabis based cigarette that needs two paper rolls

Respond with only the letter of your answer (A, B, C, or D).",D,2026-06-11T22:37:42.340124+00:00
183,1,row_182,Unc,Insult,local_phi4,D,,C,False,False,"In the following sentence, what does ""Unc"" mean?
I'll explain it to you unc.

Select only one answer.
A) Another term that stands for that hoe over there
B) A term for friends
C) Describes activities or situations that are sexually aggressive
D) An older person who is out of touch

Respond with only the letter of your answer (A, B, C, or D).",C,2026-06-11T22:37:42.520433+00:00
184,1,row_183,Understood the assignment,General,local_phi4,B,,B,True,False,"In the following sentence, what does ""Understood the assignment"" mean?
All done. Understood the assignment.

Select only one answer.
A) Someone weak or a follower
B) To confim that something was completed to expectation
C) Something that is messed up or not right.
D) To focus on making one as physically attractive as possible

Respond with only the letter of your answer (A, B, C, or D).",B,2026-06-11T22:37:42.702150+00:00
185,1,row_184,upper decky,Drugs,local_phi4,D,,D,True,False,"In the following sentence, what does ""upper decky"" mean?
Hey bro, can I bum an upper decky zynn?

Select only one answer.
A) An expression of disappointment
B) fake soft penises and testicles designed to give a 'male' bulge to the crotches of female-to-male transsexuals.
C) To get arrested
D) A nicotine pouch held between the upper lip and gums

Respond with only the letter of your answer (A, B, C, or D).",D,2026-06-11T22:37:42.891360+00:00
186,1,row_185,Vibe,General,local_phi4,D,,D,True,False,"In the following sentence, what does ""Vibe"" mean?
I'm just enjoyin the vibe out here.

Select only one answer.
A) Describes activities or situations that are sexually aggressive
B) As Fuck
C) To be skeptical about something
D) The positive or relaxing energy of a place

Respond with only the letter of your answer (A, B, C, or D).",D,2026-06-11T22:37:43.068360+00:00
187,1,row_186,Vibe Check,General,local_phi4,D,,D,True,False,"In the following sentence, what does ""Vibe Check"" mean?
Can I get a vibe check?

Select only one answer.
A) To prepare for a fight
B) To express excitement or approval for something
C) Something that is adorably and chunky
D) To check the mood of a situation

Respond with only the letter of your answer (A, B, C, or D).",D,2026-06-11T22:37:43.250486+00:00
188,1,row_187,wahala,General,local_phi4,D,,D,True,False,"In the following sentence, what does ""wahala"" mean?
Please, no wahala.

Select only one answer.
A) To be honest about something
B) Someone who is trying to get sexual attention overtly
C) An unpopular opinion
D) A significant problem

Respond with only the letter of your answer (A, B, C, or D).",D,2026-06-11T22:37:43.425829+00:00
189,1,row_188,waved,Drugs,local_phi4,B,A,B,True,False,"In the following sentence, what does ""waved"" mean?
Bro's over on the bench waved out of his mind.

Select only one answer.
A) having a wavelike form or outline
B) To be high or drunk
C) Prolonged masturbation
D) A submissive male that is often outside of traditional social hierarchies

Respond with only the letter of your answer (A, B, C, or D).",B,2026-06-11T22:37:43.605281+00:00
190,1,row_189,What the sigma,General,local_phi4,D,,D,True,False,"In the following sentence, what does ""What the sigma"" mean?
What the sigma? I thought you left?

Select only one answer.
A) Stylish or flashy outfit style
B) Activities that involve cultivating ones Aura
C) A man that is feminine in nature
D) An expression of disbelief

Respond with only the letter of your answer (A, B, C, or D).",D,2026-06-11T22:37:43.785089+00:00
191,1,row_190,whitney,Drugs,local_phi4,B,,B,True,False,"In the following sentence, what does ""whitney"" mean?
Hey man, you got any whitney on you?

Select only one answer.
A) intensely and openely say something true
B) Crack cocaine
C) Someone younger
D) An insult commonly used in sports

Respond with only the letter of your answer (A, B, C, or D).",B,2026-06-11T22:37:43.962257+00:00
192,1,row_191,Woke,Insult,local_phi4,C,,C,True,False,"In the following sentence, what does ""Woke"" mean?
Stop being so woke.

Select only one answer.
A) Somehting that is poor quality
B) Another term that stands for that hoe over there
C) Someone that is too left leaning politically
D) An all denim outfit

Respond with only the letter of your answer (A, B, C, or D).",C) Someone that is too left-leaning politically.,2026-06-11T22:37:44.302691+00:00
193,1,row_192,womp womp,General,local_phi4,A,,A,True,False,"In the following sentence, what does ""womp womp"" mean?
I failed that math quiz. Womp womp.

Select only one answer.
A) An expression of disappointment
B) to recoil in distaste
C) Something that is better then everything else
D) Ending the discussion on a topic

Respond with only the letter of your answer (A, B, C, or D).",A,2026-06-11T22:37:44.483997+00:00
194,1,row_193,wraparound,General,local_phi4,C,D,C,True,False,"In the following sentence, what does ""wraparound"" mean?
I had to pull a wraparound this morning since I left my wallet at the bar.

Select only one answer.
A) To be high or drunk
B) I just burst out laughing
C) Someone who is the last person to leave a location and the first to come back in the morning
D) made to be wrapped around something and especially the body

Respond with only the letter of your answer (A, B, C, or D).",C,2026-06-11T22:37:44.671198+00:00
195,1,row_194,Yapping,Insult,local_phi4,D,C,C,False,True,"In the following sentence, what does ""Yapping"" mean?
Stop your yapping and get over here.

Select only one answer.
A) A charismatic, sexy, and quick witted man
B) a live-action role-playing game in which a group of people enacts a fictional scenario (such as a fantasy adventure) in real time typically under the guidance of a facilitator or organizer; also : the activity of participating in such games : larping
C) to talk in a shrill insistent way : chatter
D) Talking too much

Respond with only the letter of your answer (A, B, C, or D).",C,2026-06-11T22:37:44.914521+00:00
196,1,row_195,Yeet,General,local_phi4,C,,C,True,False,"In the following sentence, what does ""Yeet"" mean?
Think I can make this? Yeet!

Select only one answer.
A) Somehting uncool or unfashionable
B) Someone who refused to wear a mask in covid times.
C) Throwing something
D) Something really good

Respond with only the letter of your answer (A, B, C, or D).",C,2026-06-11T22:37:45.096395+00:00
197,1,row_196,ying,Violence,local_phi4,D,,B,False,False,"In the following sentence, what does ""ying"" mean?
I'll walk in swinging my ying.

Select only one answer.
A) Someone unappealing
B) sex
C) Something that appears mundane but has hidden potential
D) A knife

Respond with only the letter of your answer (A, B, C, or D).",B,2026-06-11T22:37:45.275660+00:00
198,1,row_197,yoyo,General,local_phi4,D,B,D,True,False,"In the following sentence, what does ""yoyo"" mean?
We've helped you in the past, but yoyo this time.

Select only one answer.
A) Cool
B) a thick grooved double disk with a string attached to its center axle that is made to fall and rise to the hand by unwinding and rewinding on the string
C) Money
D) You're on Your own

Respond with only the letter of your answer (A, B, C, or D).",D,2026-06-11T22:37:45.462627+00:00
199,1,row_198,Zaddy,Sexual,local_phi4,A,,A,True,False,"In the following sentence, what does ""Zaddy"" mean?
I'm meeting up with my zaddy later tonight.

Select only one answer.
A) An attractive older man
B) An older person who is out of touch
C) As Fuck
D) Mercedes Benz G class

Respond with only the letter of your answer (A, B, C, or D).",A,2026-06-11T22:37:45.638129+00:00
200,1,row_199,Zesty,Insult,local_phi4,D,A,A,False,True,"In the following sentence, what does ""Zesty"" mean?
He's acting a bit zesty today.

Select only one answer.
A) having or characterized by zest : appealingly piquant or lively
B) To win
C) To check the mood of a situation
D) A man that is feminine in nature

Respond with only the letter of your answer (A, B, C, or D).",A,2026-06-11T22:37:45.818693+00:00
201,2,row_000,'done,Drugs,local_phi4,C,,D,False,False,"In the following sentence, what does ""'done"" mean?
Do you have any of the 'done on you?

Select only one answer.
A) A chlid molestor
B) Go in 100% on something
C) Methodone
D) Age Sex Location

Respond with only the letter of your answer (A, B, C, or D).","D) Age Sex Location

In this context, ""'done"" is a contraction of ""detailed,"" and it's a slang term referring to someone who shares their age, sex, and location. The sentence is asking if they have any details about the listener's personal information.",2026-06-11T22:37:46.911921+00:00
202,2,row_001,6-6-6,Identity,local_phi4,D,,D,True,False,"In the following sentence, what does ""6-6-6"" mean?
I only date a man who is a 6-6-6.

Select only one answer.
A) To knock someone out
B) Crack cocaine
C) Someone who acts tries to act entertaining and amuzingly relentlessly
D) A rule used by some for dating that refers to someone who is six feet tall, has a 6 figure income, and has six-pack abs

Respond with only the letter of your answer (A, B, C, or D).",D,2026-06-11T22:37:47.009129+00:00
203,2,row_002,AF,General,local_phi4,A,,A,True,False,"In the following sentence, what does ""AF"" mean?
Thats cool AF!

Select only one answer.
A) As Fuck
B) An insult commonly used in sports
C) intensely and openely say something true
D) An unpopular opinion

Respond with only the letter of your answer (A, B, C, or D).",A,2026-06-11T22:37:47.103644+00:00
204,2,row_003,aggy,Violence,local_phi4,D,,D,True,False,"In the following sentence, what does ""aggy"" mean?
Why you so aggy?

Select only one answer.
A) Someone that tries really hard to impress their crush
B) An older person who is out of touch
C) An unpopular opinion
D) to aggrivate

Respond with only the letter of your answer (A, B, C, or D).",D,2026-06-11T22:37:47.197956+00:00
205,2,row_004,Alpha,Identity,local_phi4,C,D,C,True,False,"In the following sentence, what does ""Alpha"" mean?
What an alpha chad.

Select only one answer.
A) Mediocre
B) an expression of surprise
C) A strong, leader who commands those around them
D) the 1st letter of the Greek alphabet

Respond with only the letter of your answer (A, B, C, or D).",C,2026-06-11T22:37:47.293314+00:00
206,2,row_005,ant,Sexual,local_phi4,D,B,B,False,True,"In the following sentence, what does ""ant"" mean?
I came across a real ant at the club earlier.

Select only one answer.
A) Describes activities or situations that are sexually aggressive
B) any of a family (Formicidae) of colonial hymenopterous insects with a complex social organization and various castes performing special duties
C) A sexual relationship developed from situations without clear future intentions
D) A charismatic, sexy, and quick witted man

Respond with only the letter of your answer (A, B, C, or D).",B,2026-06-11T22:37:47.386166+00:00
207,2,row_006,archer,Identity,local_phi4,C,B,C,True,False,"In the following sentence, what does ""archer"" mean?
Jim was an archer with her lies.

Select only one answer.
A) I just burst out laughing
B) a person who uses a bow and arrow
C) A person who is very good at spotting a lie
D) Something that appears mundane but has hidden potential

Respond with only the letter of your answer (A, B, C, or D).",C,2026-06-11T22:37:47.482152+00:00
208,2,row_007,ASL,Sexual,local_phi4,A,,A,True,False,"In the following sentence, what does ""ASL"" mean?
What's your ASL?

Select only one answer.
A) Age Sex Location
B) A cigarette
C) Get to the point
D) an expression of surprise

Respond with only the letter of your answer (A, B, C, or D).",A,2026-06-11T22:37:47.574754+00:00
209,2,row_008,Aura Farming,Identity,local_phi4,C,,A,False,False,"In the following sentence, what does ""Aura Farming"" mean?
That skateboard group is trying really hard to aura farm, but its not working.

Select only one answer.
A) Someone who deliberatly acts in ways to annoy or anger a group of people online.
B) Gossip
C) Activities that involve cultivating ones Aura
D) Delusional

Respond with only the letter of your answer (A, B, C, or D).",A) Someone who deliberately acts in ways to annoy or anger a group of people online.,2026-06-11T22:37:47.976026+00:00
210,2,row_009,babygirl,Sexual,local_phi4,A,,A,True,False,"In the following sentence, what does ""babygirl"" mean?
Hey babygirl, whanna metup tonight?

Select only one answer.
A) An endeering term used towards ones significant other
B) when a reply gets more than the original post
C) Mediocre
D) Activities that involve cultivating ones Aura

Respond with only the letter of your answer (A, B, C, or D).",A,2026-06-11T22:37:48.068767+00:00
211,2,row_010,backoff,Sexual,local_phi4,B,A,B,True,False,"In the following sentence, what does ""backoff"" mean?
That girl has a fat backoff!

Select only one answer.
A) back down
B) A large ass that stands out.
C) Get to the point
D) Main Character - Someone that acts as if they are the star of a story

Respond with only the letter of your answer (A, B, C, or D).",B,2026-06-11T22:37:48.160647+00:00
212,2,row_011,Bae,Sexual,local_phi4,B,,B,True,False,"In the following sentence, what does ""Bae"" mean?
She's my bae.

Select only one answer.
A) To prepare for a fight
B) A significant other
C) To express disbelief
D) Money

Respond with only the letter of your answer (A, B, C, or D).",B,2026-06-11T22:37:48.250403+00:00
213,2,row_012,bareface,Identity,local_phi4,A,B,A,True,False,"In the following sentence, what does ""bareface"" mean?
I saw a group of barefaces at the store this morning, so I won't be going back.

Select only one answer.
A) Someone who refused to wear a mask in covid times.
B) having a clear finish and no nap
C) Poorly dressed
D) Someone that tries really hard to impress their crush

Respond with only the letter of your answer (A, B, C, or D).",A,2026-06-11T22:37:48.341343+00:00
214,2,row_013,based,General,local_phi4,B,C,C,False,True,"In the following sentence, what does ""based"" mean?
That show was based.

Select only one answer.
A) A mauser C96 pistol
B) An unpopular opinion
C) having a specified type of base or basis —often used in combination
D) A term for friends

Respond with only the letter of your answer (A, B, C, or D).",C,2026-06-11T22:37:48.430408+00:00
215,2,row_014,Basic,Identity,local_phi4,D,A,D,True,False,"In the following sentence, what does ""Basic"" mean?
Shes so basic.

Select only one answer.
A) of, relating to, or forming the base or essence : fundamental
B) A canister of nitrous oxide
C) Saying something secretive or to keep low profile
D) Someone that is boring

Respond with only the letter of your answer (A, B, C, or D).",D,2026-06-11T22:37:48.531015+00:00
216,2,row_015,bb,Sexual,local_phi4,D,C,A,False,False,"In the following sentence, what does ""bb"" mean?
Hey bb, lets grab some food.

Select only one answer.
A) sweet talk
B) A rule used by some for dating that refers to someone who is six feet tall, has a 6 figure income, and has six-pack abs
C) a shot pellet 0.18 inch in diameter for use in a shotgun cartridge
D) A term for baby that people will call their significant other.

Respond with only the letter of your answer (A, B, C, or D).",A,2026-06-11T22:37:48.627622+00:00
217,2,row_016,Bet,General,local_phi4,B,C,B,True,False,"In the following sentence, what does ""Bet"" mean?
bet, lets go.

Select only one answer.
A) A term for someone that enjoys watching their wife have sex with another man
B) An affirmative agreement
C) something that is laid, staked, or pledged typically between two parties on the outcome of a contest or a contingent issue : wager —often used figuratively in such phrases as all bets are off to stress the uncertainty of an outcome
D) Age Sex Location

Respond with only the letter of your answer (A, B, C, or D).",B) An affirmative agreement,2026-06-11T22:37:48.794303+00:00
218,2,row_017,Beta,Identity,local_phi4,B,D,C,False,False,"In the following sentence, what does ""Beta"" mean?
The beta's of the world aren't gonna like that.

Select only one answer.
A) A sudden feeling of disguest or repultion towards someone.
B) Someone weak or a follower
C) An incel term meaning kissless, hugless, handholdless virgin
D) the 2nd letter of the Greek alphabet

Respond with only the letter of your answer (A, B, C, or D).",C,2026-06-11T22:37:48.887640+00:00
219,2,row_018,Bih,General,local_phi4,B,,C,False,False,"In the following sentence, what does ""Bih"" mean?
Bih, what?

Select only one answer.
A) A chlid molestor
B) Short for Bitch
C) To express disappointment dramatically
D) An affirmative agreement

Respond with only the letter of your answer (A, B, C, or D).",C,2026-06-11T22:37:48.986980+00:00
220,2,row_019,bine,Violence,local_phi4,C,A,C,True,False,"In the following sentence, what does ""bine"" mean?
Load the nine with ine and selek it.

Select only one answer.
A) a twining stem or flexible shoot (as of the hop); also : a plant (such as woodbine) whose shoots are bines
B) An unpopular opinion
C) bullets
D) Cool

Respond with only the letter of your answer (A, B, C, or D).",C,2026-06-11T22:37:49.079614+00:00
221,2,row_020,blackup,Violence,local_phi4,D,,D,True,False,"In the following sentence, what does ""blackup"" mean?
We are outnumbered. Call for black up.

Select only one answer.
A) A reaction to something uncomfortable
B) A significant other
C) To shoot ones shot.
D) When you are outnumbered in a fight and call black people for the win

Respond with only the letter of your answer (A, B, C, or D).",D,2026-06-11T22:37:49.171525+00:00
222,2,row_021,Brain Rot,General,local_phi4,B,,B,True,False,"In the following sentence, what does ""Brain Rot"" mean?
Kids these days just sit around and watch brain rot.

Select only one answer.
A) The greatest of all time
B) The videos one find on social media that cause people to scroll and do nothign for hours
C) A sexual relationship developed from situations without clear future intentions
D) A term used to say that someone is online too much and needs to get back to real life

Respond with only the letter of your answer (A, B, C, or D).",B,2026-06-11T22:37:49.265221+00:00
223,2,row_022,brizzy,Drugs,local_phi4,D,,C,False,False,"In the following sentence, what does ""brizzy"" mean?
Quickly, grab the brizzy.

Select only one answer.
A) A homosexual cowboy
B) Men that lack masculine characteristics
C) A nicotine pouch held between the upper lip and gums
D) A kilo of cocaine

Respond with only the letter of your answer (A, B, C, or D).",C,2026-06-11T22:37:49.365531+00:00
224,2,row_023,broomhandle,Violence,local_phi4,B,,A,False,False,"In the following sentence, what does ""broomhandle"" mean?
Get your broomhandle, we gotta go.

Select only one answer.
A) cocaine
B) A mauser C96 pistol
C) The abandonment of responsibilities
D) A strong, leader who commands those around them

Respond with only the letter of your answer (A, B, C, or D).",A,2026-06-11T22:37:49.456815+00:00
225,2,row_024,bruh!,General,local_phi4,A,D,A,True,False,"In the following sentence, what does ""bruh!"" mean?
Bruh! What was that?

Select only one answer.
A) Used to address friends with exasperation, releif, or disbeleif.
B) A term for friends
C) To manipulated, trick, or fool someone
D) brother

Respond with only the letter of your answer (A, B, C, or D).",A,2026-06-11T22:37:49.548300+00:00
226,2,row_025,Bruzz,General,local_phi4,D,,D,True,False,"In the following sentence, what does ""Bruzz"" mean?
Whats up bruzz?

Select only one answer.
A) Acting crazily
B) Someone that is too much of a fan of something
C) A provocative dance
D) A term for friends

Respond with only the letter of your answer (A, B, C, or D).",D,2026-06-11T22:37:49.649353+00:00
227,2,row_026,Bussin',General,local_phi4,A,,A,True,False,"In the following sentence, what does ""Bussin'"" mean?
This pizza is bussin, on god!

Select only one answer.
A) Very good
B) cocaine
C) A dance move
D) A homosexual cowboy

Respond with only the letter of your answer (A, B, C, or D).",A,2026-06-11T22:37:49.746216+00:00
228,2,row_027,Cake,Sexual,local_phi4,C,D,C,True,False,"In the following sentence, what does ""Cake"" mean?
Shes looking real caked up!

Select only one answer.
A) Ending the discussion on a topic
B) Someone weak or a follower
C) A reference for ass
D) a breadlike food made from a dough or batter that is usually fried or baked in small flat shapes and is often unleavened

Respond with only the letter of your answer (A, B, C, or D).","C) A reference for ass. 

In slang, ""caked up"" typically refers to someone being heavily made-up or ""slutty.""",2026-06-11T22:37:50.369213+00:00
229,2,row_028,Cap,General,local_phi4,B,A,B,True,False,"In the following sentence, what does ""Cap"" mean?
You're cappin. No way.

Select only one answer.
A) a head covering especially with a visor and no brim
B) Something untrue or unbeleivable
C) Someone who is the last person to leave a location and the first to come back in the morning
D) Used to address friends with exasperation, releif, or disbeleif.

Respond with only the letter of your answer (A, B, C, or D).",B,2026-06-11T22:37:50.472259+00:00
230,2,row_029,Chad,Identity,local_phi4,D,A,B,False,False,"In the following sentence, what does ""Chad"" mean?
That was a total chad move.

Select only one answer.
A) small pieces of paper or cardboard produced in punching paper tape or data cards; also : a piece of chad.
B) Someone who acts tries to act entertaining and amuzingly relentlessly
C) Saying something secretive or to keep low profile
D) A stereotypical alpha male that is strong, handsome, and attracts women.

Respond with only the letter of your answer (A, B, C, or D).",B,2026-06-11T22:37:50.591292+00:00
231,2,row_030,Chaddam,Identity,local_phi4,D,,B,False,False,"In the following sentence, what does ""Chaddam"" mean?
Did you see the chaddam at the restraunt earlier?

Select only one answer.
A) An endeering term used towards ones significant other
B) Fuckboy, someone just looking for sex
C) A criminal that turned their life arpound and are legitimate
D) An incel term for an attractive middle eastern man

Respond with only the letter of your answer (A, B, C, or D).",B,2026-06-11T22:37:50.694278+00:00
232,2,row_031,Chang,Drugs,local_phi4,C,,C,True,False,"In the following sentence, what does ""Chang"" mean?
Hey , you got a hookup for chang?

Select only one answer.
A) drunk
B) Someone who is the last person to leave a location and the first to come back in the morning
C) cocaine
D) Weak or effeminate

Respond with only the letter of your answer (A, B, C, or D).",C,2026-06-11T22:37:50.791304+00:00
233,2,row_032,Chat,General,local_phi4,C,D,D,False,True,"In the following sentence, what does ""Chat"" mean?
Chat, how does this look?

Select only one answer.
A) Friends with benefits
B) The vagina
C) To refer to ones imaginary audience like an internet steamer
D) chatter, prattle

Respond with only the letter of your answer (A, B, C, or D).",D,2026-06-11T22:37:50.891788+00:00
234,2,row_033,Cheeks,General,local_phi4,C,D,C,True,False,"In the following sentence, what does ""Cheeks"" mean?
That movie was cheeks.

Select only one answer.
A) Someone that is too much of a fan of something
B) An affirmative agreement
C) Somehting that is poor quality
D) the fleshy side of the face below the eye and above and to the side of the mouth

Respond with only the letter of your answer (A, B, C, or D).",C,2026-06-11T22:37:50.988791+00:00
235,2,row_034,chenta,Insult,local_phi4,A,,D,False,False,"In the following sentence, what does ""chenta"" mean?
You are looking really chenta.

Select only one answer.
A) Something ugly or unattractive
B) sex
C) Age Sex Location
D) Someone that is boring

Respond with only the letter of your answer (A, B, C, or D).",D,2026-06-11T22:37:51.086236+00:00
236,2,row_035,cheugy,Insult,local_phi4,D,,D,True,False,"In the following sentence, what does ""cheugy"" mean?
That girl had such a cheugy outfit.

Select only one answer.
A) drunk
B) An older person who is out of touch
C) A large ass that stands out.
D) Somehting uncool or unfashionable

Respond with only the letter of your answer (A, B, C, or D).",D,2026-06-11T22:37:51.183234+00:00
237,2,row_036,chi-mo,Identity,local_phi4,A,,A,True,False,"In the following sentence, what does ""chi-mo"" mean?
Go fuck that chi-mo up.

Select only one answer.
A) A chlid molestor
B) Sociopath
C) Something done regularly
D) To give sympathy or signify a failure

Respond with only the letter of your answer (A, B, C, or D).",A,2026-06-11T22:37:51.283736+00:00
238,2,row_037,Chungus,General,local_phi4,B,,B,True,False,"In the following sentence, what does ""Chungus"" mean?
Thats a very chungus pizza.

Select only one answer.
A) Somehting uncool or unfashionable
B) Something that is adorably and chunky
C) Someone who acts tries to act entertaining and amuzingly relentlessly
D) To be honest about something

Respond with only the letter of your answer (A, B, C, or D).",B,2026-06-11T22:37:51.386056+00:00
239,2,row_038,Clocked,Violence,local_phi4,D,B,D,True,False,"In the following sentence, what does ""Clocked"" mean?
He totally clocked that guy.

Select only one answer.
A) Acting crazily
B) to time with a stopwatch or by an electric timing device
C) a live-action role-playing game in which a group of people enacts a fictional scenario (such as a fantasy adventure) in real time typically under the guidance of a facilitator or organizer; also : the activity of participating in such games : larping
D) When something hidden gets called out

Respond with only the letter of your answer (A, B, C, or D).",D,2026-06-11T22:37:51.490638+00:00
240,2,row_039,Cooked,General,local_phi4,C,B,C,True,False,"In the following sentence, what does ""Cooked"" mean?
You're cooked

Select only one answer.
A) Get to the point
B) past tense and past participle of cook
C) Done or ruined
D) A hot dog

Respond with only the letter of your answer (A, B, C, or D).",C,2026-06-11T22:37:51.583550+00:00
241,2,row_040,coota suit,Identity,local_phi4,A,,A,True,False,"In the following sentence, what does ""coota suit"" mean?
Im gonna hit the town in my coota suit.

Select only one answer.
A) An all denim outfit
B) A hot dog
C) An emotional meltdown
D) Describes activities or situations that are sexually aggressive

Respond with only the letter of your answer (A, B, C, or D).",A,2026-06-11T22:37:51.676314+00:00
242,2,row_041,Crashout,General,local_phi4,B,D,B,True,False,"In the following sentence, what does ""Crashout"" mean?
Jen had a total crashout after her breakup

Select only one answer.
A) A term of endearment for a significant other
B) An emotional meltdown
C) Someone who deliberatly acts in ways to annoy or anger a group of people online.
D) a vehicular crash

Respond with only the letter of your answer (A, B, C, or D).",B,2026-06-11T22:37:51.768534+00:00
243,2,row_042,Cringe,General,local_phi4,D,,D,True,False,"In the following sentence, what does ""Cringe"" mean?
Did you hear that pickup line? It was totally cringe!

Select only one answer.
A) Saying something secretive or to keep low profile
B) To manipulated, trick, or fool someone
C) A term of endearment for a significant other
D) to recoil in distaste

Respond with only the letter of your answer (A, B, C, or D).",D,2026-06-11T22:37:51.861170+00:00
244,2,row_043,crower,Insult,local_phi4,D,,D,True,False,"In the following sentence, what does ""crower"" mean?
Stop sitting around and being a crower

Select only one answer.
A) The videos one find on social media that cause people to scroll and do nothign for hours
B) An emotional meltdown
C) A canabis based cigarette that needs two paper rolls
D) Someone who sitts around commenting about others

Respond with only the letter of your answer (A, B, C, or D).",D,2026-06-11T22:37:51.952824+00:00
245,2,row_044,cuck,Insult,local_phi4,C,D,D,False,True,"In the following sentence, what does ""cuck"" mean?
That guy must be a cuck letting his wife talk to others like that.

Select only one answer.
A) A term used by incels to refer to women in a way that dehumanizes them.
B) An unpopular opinion
C) A term for someone that enjoys watching their wife have sex with another man
D) a man whose wife is unfaithful : cuckold

Respond with only the letter of your answer (A, B, C, or D).",D,2026-06-11T22:37:52.051561+00:00
246,2,row_045,d-low,General,local_phi4,C,,C,True,False,"In the following sentence, what does ""d-low"" mean?
Keep it on the d-low, okay?

Select only one answer.
A) Something that is reallly good.
B) Describes activities or situations that are sexually aggressive
C) To keep secretive or obscure
D) Methodone

Respond with only the letter of your answer (A, B, C, or D).",C,2026-06-11T22:37:52.147636+00:00
247,2,row_046,daggers,General,local_phi4,D,A,D,True,False,"In the following sentence, what does ""daggers"" mean?
Lets hit the dance floor and do the start daggering.

Select only one answer.
A) a sharp pointed knife for stabbing
B) A commonplace person
C) sex
D) A provocative dance

Respond with only the letter of your answer (A, B, C, or D).",D,2026-06-11T22:37:52.241843+00:00
248,2,row_047,Ded,General,local_phi4,A,,A,True,False,"In the following sentence, what does ""Ded"" mean?
I'm ded

Select only one answer.
A) To metaphorically die of laughter
B) An independent, strong person
C) Someone weak or a follower
D) A term for friends

Respond with only the letter of your answer (A, B, C, or D).",A,2026-06-11T22:37:52.334658+00:00
249,2,row_048,Delulu,General,local_phi4,B,,B,True,False,"In the following sentence, what does ""Delulu"" mean?
I'm feeling delulu after that show.

Select only one answer.
A) A sexual relationship developed from situations without clear future intentions
B) Delusional
C) Short for happening
D) A term to discuss sexual experiences

Respond with only the letter of your answer (A, B, C, or D).",B,2026-06-11T22:37:52.427887+00:00
250,2,row_049,Dog water,Insult,local_phi4,A,,A,True,False,"In the following sentence, what does ""Dog water"" mean?
You are playing like dog water.

Select only one answer.
A) Something low quality or bad
B) To show off
C) a significant other
D) Get to the point

Respond with only the letter of your answer (A, B, C, or D).",A,2026-06-11T22:37:52.519423+00:00
251,2,row_050,doommaxxing,Identity,local_phi4,D,,D,True,False,"In the following sentence, what does ""doommaxxing"" mean?
I'm just gonna be doommaxxing all weekend.

Select only one answer.
A) An insulting term to refer to someone as stupid
B) Methodone
C) Friends with benefits
D) The abandonment of responsibilities

Respond with only the letter of your answer (A, B, C, or D).",D,2026-06-11T22:37:52.611304+00:00
252,2,row_051,Dope,General,local_phi4,C,A,C,True,False,"In the following sentence, what does ""Dope"" mean?
That car is dope.

Select only one answer.
A) a stupid person
B) A person who is very good at spotting a lie
C) Cool
D) Poorly dressed

Respond with only the letter of your answer (A, B, C, or D).",C,2026-06-11T22:37:52.703570+00:00
253,2,row_052,Drip,Identity,local_phi4,C,D,C,True,False,"In the following sentence, what does ""Drip"" mean?
How is the drip?

Select only one answer.
A) Something that is better then everything else
B) I just burst out laughing
C) Stylish or flashy outfit style
D) to let fall in drops

Respond with only the letter of your answer (A, B, C, or D).",C) Stylish or flashy outfit style,2026-06-11T22:37:52.931447+00:00
254,2,row_053,DTF,Sexual,local_phi4,C,,C,True,False,"In the following sentence, what does ""DTF"" mean?
She was totally DTF after the first date.

Select only one answer.
A) To focus on making one as physically attractive as possible
B) The greatest of all time
C) Down to fuck
D) To make a jawline more defined

Respond with only the letter of your answer (A, B, C, or D).",C,2026-06-11T22:37:53.027177+00:00
255,2,row_054,dubs,General,local_phi4,A,D,A,True,False,"In the following sentence, what does ""dubs"" mean?
Take home the dubs!

Select only one answer.
A) To win
B) A term used by incels to refer to women in a way that dehumanizes them.
C) To prepare for a fight
D) to add (sound effects or new dialogue) to a film or to a radio or television production —usually used with in

Respond with only the letter of your answer (A, B, C, or D).",A,2026-06-11T22:37:53.121262+00:00
256,2,row_055,epi,General,local_phi4,C,,C,True,False,"In the following sentence, what does ""epi"" mean?
Watch out, hes going through an epi.

Select only one answer.
A) The greatest of all time
B) A type of marijuana
C) Epileptic fit from a synthetic canabis
D) A large ass that stands out.

Respond with only the letter of your answer (A, B, C, or D).",C,2026-06-11T22:37:53.213633+00:00
257,2,row_056,F,General,local_phi4,B,A,B,True,False,"In the following sentence, what does ""F"" mean?
I almost had that one. F.

Select only one answer.
A) the 6th letter of the English alphabet
B) To give sympathy or signify a failure
C) Throwing something
D) Fuckboy, someone just looking for sex

Respond with only the letter of your answer (A, B, C, or D).",B,2026-06-11T22:37:53.305830+00:00
258,2,row_057,Fanum Tax,General,local_phi4,C,,C,True,False,"In the following sentence, what does ""Fanum Tax"" mean?
I was at dinner with my girl and she fanum taxed me.

Select only one answer.
A) Someone who is very stubborn
B) Someone who refused to wear a mask in covid times.
C) the playful act of taking a friend's food
D) Something that is better then everything else

Respond with only the letter of your answer (A, B, C, or D).",C,2026-06-11T22:37:53.397155+00:00
259,2,row_058,FBOI,Sexual,local_phi4,A,,A,True,False,"In the following sentence, what does ""FBOI"" mean?
She just needs a FBOI to gegt out of her slump.

Select only one answer.
A) Fuckboy, someone just looking for sex
B) A sudden feeling of disguest or repultion towards someone.
C) Ending the discussion on a topic
D) Fashionable or stylish

Respond with only the letter of your answer (A, B, C, or D).",A,2026-06-11T22:37:53.498725+00:00
260,2,row_059,Fire,General,local_phi4,C,B,C,True,False,"In the following sentence, what does ""Fire"" mean?
That game war fire!

Select only one answer.
A) Another term that stands for that hoe over there
B) the phenomenon of combustion manifested in light, flame, and heat
C) Something really good
D) Someone weak or a follower

Respond with only the letter of your answer (A, B, C, or D).",C,2026-06-11T22:37:53.604118+00:00
261,2,row_060,Flex,General,local_phi4,B,C,B,True,False,"In the following sentence, what does ""Flex"" mean?
Vinny with the car flex.

Select only one answer.
A) Somehting that is poor quality
B) To show off
C) to bend especially repeatedly
D) A term used to describe a baby raised in a gender neutral environment

Respond with only the letter of your answer (A, B, C, or D).",B,2026-06-11T22:37:53.707318+00:00
262,2,row_061,foid,Insult,local_phi4,B,,B,True,False,"In the following sentence, what does ""foid"" mean?
Their was this group of foids at the store earlier, I couldn't satnd them!

Select only one answer.
A) A commonplace person
B) A term used by incels to refer to women in a way that dehumanizes them.
C) To focus on making one as physically attractive as possible
D) The vagina

Respond with only the letter of your answer (A, B, C, or D).",B,2026-06-11T22:37:53.812815+00:00
263,2,row_062,Fuckboy,Sexual,local_phi4,D,,D,True,False,"In the following sentence, what does ""Fuckboy"" mean?
That guy gave off total fuckboy energy.

Select only one answer.
A) To mastrubate for extremeely long period regularly
B) Someone who deliberatly acts in ways to annoy or anger a group of people online.
C) As Fuck
D) Fuckboy, someone just looking for sex

Respond with only the letter of your answer (A, B, C, or D).",D,2026-06-11T22:37:53.918684+00:00
264,2,row_063,fuckwhistle,Insult,local_phi4,A,,A,True,False,"In the following sentence, what does ""fuckwhistle"" mean?
Get out of here you fuckwhistle!

Select only one answer.
A) An insulting term to refer to someone as stupid
B) When you are outnumbered in a fight and call black people for the win
C) Talking too much
D) Something done regularly

Respond with only the letter of your answer (A, B, C, or D).",A,2026-06-11T22:37:54.018317+00:00
265,2,row_064,Full send,General,local_phi4,C,,C,True,False,"In the following sentence, what does ""Full send"" mean?
I'm about to full send on this test!

Select only one answer.
A) Weak or effeminate
B) Someone that is too much of a fan of something
C) Go in 100% on something
D) Sociopath

Respond with only the letter of your answer (A, B, C, or D).",C,2026-06-11T22:37:54.126157+00:00
266,2,row_065,FWB,Sexual,local_phi4,B,,B,True,False,"In the following sentence, what does ""FWB"" mean?
Yea, we started a FWB sort of thing.

Select only one answer.
A) To express disappointment dramatically
B) Friends with benefits
C) A dance move
D) A sexual relationship developed from situations without clear future intentions

Respond with only the letter of your answer (A, B, C, or D).",B,2026-06-11T22:37:54.227713+00:00
267,2,row_066,G-wagon,General,local_phi4,B,,B,True,False,"In the following sentence, what does ""G-wagon"" mean?
Yo, check out that g-wagon!

Select only one answer.
A) used to mock spoiled kids
B) Mercedes Benz G class
C) Someone that is too left leaning politically
D) sweet talk

Respond with only the letter of your answer (A, B, C, or D).",B,2026-06-11T22:37:54.328890+00:00
268,2,row_067,gabadost,Identity,local_phi4,A,,C,False,False,"In the following sentence, what does ""gabadost"" mean?
Did you even listen to me? Gabadost!

Select only one answer.
A) Someone who is very stubborn
B) A man that is feminine in nature
C) Saying something secretive or to keep low profile
D) A term used to describe a baby raised in a gender neutral environment

Respond with only the letter of your answer (A, B, C, or D).",C,2026-06-11T22:37:54.430978+00:00
269,2,row_068,Giga Chad,Identity,local_phi4,A,,A,True,False,"In the following sentence, what does ""Giga Chad"" mean?
Did you see how he lifted that? What a giga chad.

Select only one answer.
A) A near superhuman perfect male
B) An insulting term to refer to someone as stupid
C) Down to fuck
D) Someone who is very stubborn

Respond with only the letter of your answer (A, B, C, or D).",A,2026-06-11T22:37:54.529786+00:00
270,2,row_069,Glazing,Insult,local_phi4,D,A,A,False,True,"In the following sentence, what does ""Glazing"" mean?
Stop glazing over One Piece, its not that good.

Select only one answer.
A) the action, process, or trade of fitting windows with glass
B) To mastrubate for extremeely long period regularly
C) A dance move
D) Someone that is too much of a fan of something

Respond with only the letter of your answer (A, B, C, or D).",A,2026-06-11T22:37:54.631711+00:00
271,2,row_070,Glee,Violence,local_phi4,A,D,D,False,True,"In the following sentence, what does ""Glee"" mean?
Grab your glee and get outta here!

Select only one answer.
A) A glock pistol
B) Something that appears mundane but has hidden potential
C) To be fierce and unapologetic withing a social situation
D) exultant high-spirited joy : merriment

Respond with only the letter of your answer (A, B, C, or D).",D,2026-06-11T22:37:54.727247+00:00
272,2,row_071,glitter,Identity,local_phi4,A,D,D,False,True,"In the following sentence, what does ""glitter"" mean?
Go out htere and glittter!

Select only one answer.
A) A term to support someone going through a gender change.
B) A loss or failure
C) cocaine
D) to shine by reflection with many small flashes of brilliant light : sparkle

Respond with only the letter of your answer (A, B, C, or D).",D,2026-06-11T22:37:54.821272+00:00
273,2,row_072,glizzy,General,local_phi4,C,,C,True,False,"In the following sentence, what does ""glizzy"" mean?
Hey, lets grab some costco glizzys before we go.

Select only one answer.
A) To refer to ones imaginary audience like an internet steamer
B) Someone that is too left leaning politically
C) A hot dog
D) A loss or failure

Respond with only the letter of your answer (A, B, C, or D).",C,2026-06-11T22:37:54.915019+00:00
274,2,row_073,Goated,General,local_phi4,B,,B,True,False,"In the following sentence, what does ""Goated"" mean?
That play was goated

Select only one answer.
A) A reference for ass
B) The greatest of all time
C) Somehting that is poor quality
D) To knock someone out

Respond with only the letter of your answer (A, B, C, or D).",B,2026-06-11T22:37:55.007319+00:00
275,2,row_074,Gooning,Sexual,local_phi4,C,,C,True,False,"In the following sentence, what does ""Gooning"" mean?
He looks like he was gooning all break

Select only one answer.
A) Very good
B) The anus
C) Prolonged masturbation
D) Money

Respond with only the letter of your answer (A, B, C, or D).",C,2026-06-11T22:37:55.109403+00:00
276,2,row_075,goonmaxxing,Identity,local_phi4,B,,B,True,False,"In the following sentence, what does ""goonmaxxing"" mean?
He's been spending all summer goonmaxxing in his room

Select only one answer.
A) Used to mock someone who doesnt think for themselves, says things repeatedly, or has no opinions
B) To mastrubate for extremeely long period regularly
C) used to mock spoiled kids
D) to recoil in distaste

Respond with only the letter of your answer (A, B, C, or D).",B,2026-06-11T22:37:55.210008+00:00
277,2,row_076,gouda,General,local_phi4,B,D,A,False,False,"In the following sentence, what does ""gouda"" mean?
Stop being so gouda.

Select only one answer.
A) To do somethign very well
B) Someone unappealing
C) Someone who prepares for doomsday scenarios
D) a mild cheese of Dutch origin that is similar to Edam but contains more fat

Respond with only the letter of your answer (A, B, C, or D).",A,2026-06-11T22:37:55.306845+00:00
278,2,row_077,greazy,Insult,local_phi4,C,,C,True,False,"In the following sentence, what does ""greazy"" mean?
You lookin greazy today.

Select only one answer.
A) Mercedes Benz G class
B) A loss or failure
C) Poorly dressed
D) An incel term for an attractive middle eastern man

Respond with only the letter of your answer (A, B, C, or D).",C,2026-06-11T22:37:55.402761+00:00
279,2,row_078,Griddy,General,local_phi4,A,,B,False,False,"In the following sentence, what does ""Griddy"" mean?
Hit the griddy!

Select only one answer.
A) A dance move
B) A nicotine pouch held between the upper lip and gums
C) Acting crazily
D) The videos one find on social media that cause people to scroll and do nothign for hours

Respond with only the letter of your answer (A, B, C, or D).",B,2026-06-11T22:37:55.497501+00:00
280,2,row_079,grips up,Violence,local_phi4,C,,C,True,False,"In the following sentence, what does ""grips up"" mean?
grips up, we gotta head out.

Select only one answer.
A) something intense, aggressive, and unfiltered
B) Something very good
C) To prepare for a fight
D) A submissive male that is often outside of traditional social hierarchies

Respond with only the letter of your answer (A, B, C, or D).",C,2026-06-11T22:37:55.593634+00:00
281,2,row_080,Gyatt,General,local_phi4,D,,D,True,False,"In the following sentence, what does ""Gyatt"" mean?
Oh, my gyatt, I really wanna see you.

Select only one answer.
A) Weak or effeminate
B) Someone who refused to wear a mask in covid times.
C) Someone that is too left leaning politically
D) an expression of surprise

Respond with only the letter of your answer (A, B, C, or D).",D,2026-06-11T22:37:55.691398+00:00
282,2,row_081,haps,General,local_phi4,A,,A,True,False,"In the following sentence, what does ""haps"" mean?
haps tonight?

Select only one answer.
A) Short for happening
B) As Fuck
C) when a reply gets more than the original post
D) Irritated, bitter, or resentful

Respond with only the letter of your answer (A, B, C, or D).",A,2026-06-11T22:37:55.787842+00:00
283,2,row_082,hem up,General,local_phi4,D,,D,True,False,"In the following sentence, what does ""hem up"" mean?
Bro, don't hem up.

Select only one answer.
A) An attractive older man
B) A canister of nitrous oxide
C) An expression of disbelief
D) To get arrested

Respond with only the letter of your answer (A, B, C, or D).",D) To get arrested,2026-06-11T22:37:55.954052+00:00
284,2,row_083,highkey,General,local_phi4,A,B,A,True,False,"In the following sentence, what does ""highkey"" mean?
Highkey, this place is great!

Select only one answer.
A) intensely and openely say something true
B) having or producing light tones only with little contrast —used of a photographic print or subject or of the lighting of a photographic subject
C) A large ass that stands out.
D) Someone who is very stubborn

Respond with only the letter of your answer (A, B, C, or D).",A,2026-06-11T22:37:56.051143+00:00
285,2,row_084,Hits different,General,local_phi4,B,,B,True,False,"In the following sentence, what does ""Hits different"" mean?
This hot dog hits different.

Select only one answer.
A) Something that is adorably and chunky
B) Something very good
C) A significant problem
D) A sudden feeling of disguest or repultion towards someone.

Respond with only the letter of your answer (A, B, C, or D).",B,2026-06-11T22:37:56.145453+00:00
286,2,row_085,Ick,Insult,local_phi4,D,,D,True,False,"In the following sentence, what does ""Ick"" mean?
His hairdue gave me the ick.

Select only one answer.
A) A term used to say that someone is online too much and needs to get back to real life
B) Age Sex Location
C) A homosexual cowboy
D) A sudden feeling of disguest or repultion towards someone.

Respond with only the letter of your answer (A, B, C, or D).",D,2026-06-11T22:37:56.245014+00:00
287,2,row_086,IJBOL,General,local_phi4,B,,B,True,False,"In the following sentence, what does ""IJBOL"" mean?
That was aso funny. IJBOL!

Select only one answer.
A) Something done regularly
B) I just burst out laughing
C) to aggrivate
D) Gossip

Respond with only the letter of your answer (A, B, C, or D).",B,2026-06-11T22:37:56.353065+00:00
288,2,row_087,Ipad Kid,General,local_phi4,B,,B,True,False,"In the following sentence, what does ""Ipad Kid"" mean?
They are just a bunch of Ipad kids.

Select only one answer.
A) An unattractive girl
B) used to mock spoiled kids
C) An incel term meaning kissless, hugless, handholdless virgin
D) Age Sex Location

Respond with only the letter of your answer (A, B, C, or D).",B,2026-06-11T22:37:56.459513+00:00
289,2,row_088,Jebaited,General,local_phi4,B,,B,True,False,"In the following sentence, what does ""Jebaited"" mean?
Get jebaited!

Select only one answer.
A) Something untrue or unbeleivable
B) To manipulated, trick, or fool someone
C) A descriptor for an attractive person
D) The greatest of all time

Respond with only the letter of your answer (A, B, C, or D).",B,2026-06-11T22:37:56.559456+00:00
290,2,row_089,jestermaxxing,Identity,local_phi4,B,,B,True,False,"In the following sentence, what does ""jestermaxxing"" mean?
Tommy's jestermaxxing in class just to annoy the teacher.

Select only one answer.
A) Stylish or flashy outfit style
B) Someone who acts tries to act entertaining and amuzingly relentlessly
C) A large ass that stands out.
D) A type of marijuana

Respond with only the letter of your answer (A, B, C, or D).",B,2026-06-11T22:37:56.657808+00:00
291,2,row_090,Jit,Insult,local_phi4,D,,D,True,False,"In the following sentence, what does ""Jit"" mean?
Who is this jit?

Select only one answer.
A) Something done regularly
B) To show off
C) to recoil in distaste
D) Someone younger

Respond with only the letter of your answer (A, B, C, or D).",D,2026-06-11T22:37:56.754814+00:00
292,2,row_091,K.Y. cowboy,Insult,local_phi4,A,,D,False,False,"In the following sentence, what does ""K.Y. cowboy"" mean?
Stop being such a K.Y. cowboy.

Select only one answer.
A) A homosexual cowboy
B) Something low quality or bad
C) Someone who is very stubborn
D) A fool or a prick

Respond with only the letter of your answer (A, B, C, or D).",D,2026-06-11T22:37:56.849370+00:00
293,2,row_092,keep it 100,General,local_phi4,A,,A,True,False,"In the following sentence, what does ""keep it 100"" mean?
Keep it 100, dod you see her last night?

Select only one answer.
A) To be honest about something
B) A dance move
C) A term used to describe a baby raised in a gender neutral environment
D) Something that appears mundane but has hidden potential

Respond with only the letter of your answer (A, B, C, or D).",A,2026-06-11T22:37:56.952826+00:00
294,2,row_093,KHHV,Insult,local_phi4,C,,C,True,False,"In the following sentence, what does ""KHHV"" mean?
Looks like a total KHHV.

Select only one answer.
A) To stab or shoot
B) To prepare for a fight
C) An incel term meaning kissless, hugless, handholdless virgin
D) When you are outnumbered in a fight and call black people for the win

Respond with only the letter of your answer (A, B, C, or D).",C,2026-06-11T22:37:57.054685+00:00
295,2,row_094,knot off,Drugs,local_phi4,C,,C,True,False,"In the following sentence, what does ""knot off"" mean?
Get ready to knot off, I have the H.

Select only one answer.
A) A fool or a prick
B) To make lifestyle changes to make your life more holistic
C) To tie up an arm to isolate a vein for injecting a drug
D) Delusional

Respond with only the letter of your answer (A, B, C, or D).",C,2026-06-11T22:37:57.152845+00:00
296,2,row_095,kweff,Violence,local_phi4,D,,D,True,False,"In the following sentence, what does ""kweff"" mean?
Lock, aim, and kweff.

Select only one answer.
A) Crack cocaine
B) To be honest about something
C) Talking too much
D) To stab or shoot

Respond with only the letter of your answer (A, B, C, or D).",D,2026-06-11T22:37:57.247439+00:00
297,2,row_096,L,General,local_phi4,C,D,C,True,False,"In the following sentence, what does ""L"" mean?
We took the L at the basketball match.

Select only one answer.
A) Delusional
B) A person who is very good at spotting a lie
C) A loss or failure
D) the 12th letter of the English alphabet

Respond with only the letter of your answer (A, B, C, or D).",C) A loss or failure,2026-06-11T22:37:57.432922+00:00
298,2,row_097,lacag,General,local_phi4,D,,D,True,False,"In the following sentence, what does ""lacag"" mean?
I'll be out making lacag.

Select only one answer.
A) To do something impressive
B) A significant other
C) Age Sex Location
D) Money

Respond with only the letter of your answer (A, B, C, or D).",D,2026-06-11T22:37:57.526127+00:00
299,2,row_098,larp,General,local_phi4,A,,A,True,False,"In the following sentence, what does ""larp"" mean?
I went to a LARP at the park this weekend.

Select only one answer.
A) a live-action role-playing game in which a group of people enacts a fictional scenario (such as a fantasy adventure) in real time typically under the guidance of a facilitator or organizer; also : the activity of participating in such games : larping
B) Something untrue or unbeleivable
C) Cancer
D) To give sympathy or signify a failure

Respond with only the letter of your answer (A, B, C, or D).",A,2026-06-11T22:37:57.620463+00:00
300,2,row_099,lewk,General,local_phi4,A,,A,True,False,"In the following sentence, what does ""lewk"" mean?
Jim is using his signature lewk tonight.

Select only one answer.
A) A distinct trait, style, or outfit, often used in drag culture
B) A near superhuman perfect male
C) When something hidden gets called out
D) Someone who sitts around commenting about others

Respond with only the letter of your answer (A, B, C, or D).",A,2026-06-11T22:37:57.711692+00:00
301,2,row_100,lidge,General,local_phi4,C,,C,True,False,"In the following sentence, what does ""lidge"" mean?
I'm gettin money lidge.

Select only one answer.
A) A stereotypical alpha male that is strong, handsome, and attracts women.
B) Gross buildup between the toes
C) A criminal that turned their life arpound and are legitimate
D) A fool or a prick

Respond with only the letter of your answer (A, B, C, or D).",C,2026-06-11T22:37:57.802703+00:00
302,2,row_101,lifemaxxing,Identity,local_phi4,A,,A,True,False,"In the following sentence, what does ""lifemaxxing"" mean?
Shes's reallly been trying to lifemax these past few months.

Select only one answer.
A) To make lifestyle changes to make your life more holistic
B) Poorly dressed
C) cocaine
D) Something ugly or unattractive

Respond with only the letter of your answer (A, B, C, or D).",A,2026-06-11T22:37:57.892986+00:00
303,2,row_102,looksmaxxing,Identity,local_phi4,D,,D,True,False,"In the following sentence, what does ""looksmaxxing"" mean?
The looksmaxxing community

Select only one answer.
A) A glock pistol
B) Someone who acts tries to act entertaining and amuzingly relentlessly
C) An older person who is out of touch
D) To focus on making one as physically attractive as possible

Respond with only the letter of your answer (A, B, C, or D).",D,2026-06-11T22:37:57.984430+00:00
304,2,row_103,lotion,General,local_phi4,C,D,D,False,True,"In the following sentence, what does ""lotion"" mean?
Lemme go lotion her up for you.

Select only one answer.
A) A criminal that turned their life arpound and are legitimate
B) Another term that stands for that hoe over there
C) sweet talk
D) a liquid preparation for cosmetic or external medicinal use

Respond with only the letter of your answer (A, B, C, or D).",D,2026-06-11T22:37:58.079575+00:00
305,2,row_104,Low Key,General,local_phi4,B,C,B,True,False,"In the following sentence, what does ""Low Key"" mean?
Low key, I want some ice cream.

Select only one answer.
A) An all denim outfit
B) Saying something secretive or to keep low profile
C) having or producing dark tones only with little contrast
D) Something ugly or unattractive

Respond with only the letter of your answer (A, B, C, or D).",B,2026-06-11T22:37:58.171563+00:00
306,2,row_105,main character,General,local_phi4,D,,D,True,False,"In the following sentence, what does ""main character"" mean?
You give off main character energy.

Select only one answer.
A) Something really good
B) Someone weak or a follower
C) Another term that stands for that hoe over there
D) Main Character - Someone that acts as if they are the star of a story

Respond with only the letter of your answer (A, B, C, or D).",D,2026-06-11T22:37:58.263351+00:00
307,2,row_106,manny,Insult,local_phi4,D,,D,True,False,"In the following sentence, what does ""manny"" mean?
Look at the guy, he's just a manny.

Select only one answer.
A) To mastrubate for extremeely long period regularly
B) Something untrue or unbeleivable
C) A sexual relationship developed from situations without clear future intentions
D) A man that takes care of children

Respond with only the letter of your answer (A, B, C, or D).",D,2026-06-11T22:37:58.356459+00:00
308,2,row_107,mascara,Sexual,local_phi4,D,B,B,False,True,"In the following sentence, what does ""mascara"" mean?
I lost my mascara for 5 years, but then I found it again, and I love it even more now.

Select only one answer.
A) Methodone
B) a cosmetic especially for making the eyelashes darker and more prominent
C) You're on Your own
D) A term to discuss sexual experiences

Respond with only the letter of your answer (A, B, C, or D).",B,2026-06-11T22:37:58.449426+00:00
309,2,row_108,Mewing,Identity,local_phi4,B,A,B,True,False,"In the following sentence, what does ""Mewing"" mean?
You've gotta start mewing to increase your status in society.

Select only one answer.
A) to utter a mew or similar sound
B) To make a jawline more defined
C) Someone who is the last person to leave a location and the first to come back in the morning
D) The vagina

Respond with only the letter of your answer (A, B, C, or D).",B,2026-06-11T22:37:58.543211+00:00
310,2,row_109,Mid,General,local_phi4,C,,C,True,False,"In the following sentence, what does ""Mid"" mean?
That was a mid burger.

Select only one answer.
A) The anus
B) An attractive older man
C) Mediocre
D) Talking too much

Respond with only the letter of your answer (A, B, C, or D).",C,2026-06-11T22:37:58.637864+00:00
311,2,row_110,minghiun,Insult,local_phi4,C,,C,True,False,"In the following sentence, what does ""minghiun"" mean?
Stop being a minghiun.

Select only one answer.
A) intensely and openely say something true
B) A significant other
C) A fool or a prick
D) Someone who is very stubborn

Respond with only the letter of your answer (A, B, C, or D).",C,2026-06-11T22:37:58.732458+00:00
312,2,row_111,nang,Drugs,local_phi4,A,,A,True,False,"In the following sentence, what does ""nang"" mean?
Dude, grab the nang, I wanna feel free.

Select only one answer.
A) A canister of nitrous oxide
B) Something that is better then everything else
C) To express disappointment dramatically
D) Talking too much

Respond with only the letter of your answer (A, B, C, or D).",A,2026-06-11T22:37:58.825959+00:00
313,2,row_112,Negative Aura,Insult,local_phi4,B,,B,True,False,"In the following sentence, what does ""Negative Aura"" mean?
She's giving off negative aura.

Select only one answer.
A) Something really good
B) a bad charisma
C) A hot dog
D) To refer to ones imaginary audience like an internet steamer

Respond with only the letter of your answer (A, B, C, or D).",B,2026-06-11T22:37:58.925928+00:00
314,2,row_113,Netflix and Chill,Sexual,local_phi4,D,,D,True,False,"In the following sentence, what does ""Netflix and Chill"" mean?
Wanna come back to my place and Netflix and Chill?

Select only one answer.
A) An affirmative agreement
B) sex
C) To shoot ones shot.
D) A term for bringing someone over to watch some netflix and then have sex.

Respond with only the letter of your answer (A, B, C, or D).",D,2026-06-11T22:37:59.020950+00:00
315,2,row_114,next-level,General,local_phi4,D,,D,True,False,"In the following sentence, what does ""next-level"" mean?
That movie was next level!

Select only one answer.
A) A distinct trait, style, or outfit, often used in drag culture
B) A loss or failure
C) Ironically used to describe one as unique
D) Something that is better then everything else

Respond with only the letter of your answer (A, B, C, or D).",D,2026-06-11T22:37:59.114129+00:00
316,2,row_115,NPC,Insult,local_phi4,D,C,D,True,False,"In the following sentence, what does ""NPC"" mean?
Stop being such an NPC.

Select only one answer.
A) The anus
B) To do something impressive
C) a character in a video game that does not represent and cannot be manipulated by a player —called also non-player character
D) Used to mock someone who doesnt think for themselves, says things repeatedly, or has no opinions

Respond with only the letter of your answer (A, B, C, or D).",D,2026-06-11T22:37:59.205944+00:00
317,2,row_116,Omega,Identity,local_phi4,B,C,B,True,False,"In the following sentence, what does ""Omega"" mean?
Those were some real omega moves right there.

Select only one answer.
A) Something that appears mundane but has hidden potential
B) A submissive male that is often outside of traditional social hierarchies
C) the 24th and last letter of the Greek alphabet
D) A term of endearment for a significant other

Respond with only the letter of your answer (A, B, C, or D).",B,2026-06-11T22:37:59.297697+00:00
318,2,row_117,on the regs,General,local_phi4,C,,C,True,False,"In the following sentence, what does ""on the regs"" mean?
I stop by the coffee shop on the regs.

Select only one answer.
A) To do somethign very well
B) A man that is feminine in nature
C) Something done regularly
D) An insulting term to refer to someone as stupid

Respond with only the letter of your answer (A, B, C, or D).",C,2026-06-11T22:37:59.393075+00:00
319,2,row_118,oof,General,local_phi4,A,,A,True,False,"In the following sentence, what does ""oof"" mean?
Oof, that was rough.

Select only one answer.
A) A reaction to something uncomfortable
B) To do somethign very well
C) Someone that is boring
D) To be high or drunk

Respond with only the letter of your answer (A, B, C, or D).",A,2026-06-11T22:37:59.490287+00:00
320,2,row_119,ooga-booga,Sexual,local_phi4,A,,D,False,False,"In the following sentence, what does ""ooga-booga"" mean?
Me want ooga-booga!

Select only one answer.
A) The vagina
B) cocaine
C) An incel term meaning kissless, hugless, handholdless virgin
D) A significant problem

Respond with only the letter of your answer (A, B, C, or D).",D,2026-06-11T22:37:59.584833+00:00
321,2,row_120,Orange Crush,Drugs,local_phi4,A,,A,True,False,"In the following sentence, what does ""Orange Crush"" mean?
ets grab some of that orange crush tonight!

Select only one answer.
A) A type of marijuana
B) The greatest of all time
C) Someone that is too much of a fan of something
D) Short for Bitch

Respond with only the letter of your answer (A, B, C, or D).",A,2026-06-11T22:37:59.689484+00:00
322,2,row_121,OTP,General,local_phi4,B,,B,True,False,"In the following sentence, what does ""OTP"" mean?
Him and her are the OTP.

Select only one answer.
A) Someone who is the last person to leave a location and the first to come back in the morning
B) One True Pairing
C) To be fierce and unapologetic withing a social situation
D) Main Character - Someone that acts as if they are the star of a story

Respond with only the letter of your answer (A, B, C, or D).",B,2026-06-11T22:37:59.790507+00:00
323,2,row_122,packers,Insult,local_phi4,C,D,C,True,False,"In the following sentence, what does ""packers"" mean?
Thats just a group of packers over there, don't waste your time.

Select only one answer.
A) An all denim outfit
B) To express excitement or approval for something
C) fake soft penises and testicles designed to give a 'male' bulge to the crotches of female-to-male transsexuals.
D) one that packs

Respond with only the letter of your answer (A, B, C, or D).",C) fake soft penises and testicles designed to give a 'male' bulge to the crotches of female-to-male transsexuals.,2026-06-11T22:38:00.476324+00:00
324,2,row_123,passa passa,General,local_phi4,D,,B,False,False,"In the following sentence, what does ""passa passa"" mean?
I don't want any passa passa now.

Select only one answer.
A) a significant other
B) A fool or a prick
C) An older person who is out of touch
D) A loud and messy conflict

Respond with only the letter of your answer (A, B, C, or D).",B,2026-06-11T22:38:00.586377+00:00
325,2,row_124,passport bro,Sexual,local_phi4,C,,C,True,False,"In the following sentence, what does ""passport bro"" mean?
A bunch of passport bro's just checked into the hotel.

Select only one answer.
A) Ending the discussion on a topic
B) To knock someone out
C) Someone that travels abroad with the sole purpose of having sex
D) Something that is better then everything else

Respond with only the letter of your answer (A, B, C, or D).",C) Someone that travels abroad with the sole purpose of having sex,2026-06-11T22:38:00.967062+00:00
326,2,row_125,Period,General,local_phi4,A,C,A,True,False,"In the following sentence, what does ""Period"" mean?
She is the best, period.

Select only one answer.
A) Ending the discussion on a topic
B) A loud and messy conflict
C) the completion of a cycle, a series of events, or a single action : conclusion
D) Something untrue or unbeleivable

Respond with only the letter of your answer (A, B, C, or D).",A,2026-06-11T22:38:01.065742+00:00
327,2,row_126,plegic,Drugs,local_phi4,A,,A,True,False,"In the following sentence, what does ""plegic"" mean?
That guy stumbled out very plegic.

Select only one answer.
A) drunk
B) A chlid molestor
C) Irritated, bitter, or resentful
D) someone that looks ordinary but is actually very strong

Respond with only the letter of your answer (A, B, C, or D).",A,2026-06-11T22:38:01.158178+00:00
328,2,row_127,poggers,General,local_phi4,A,,A,True,False,"In the following sentence, what does ""poggers"" mean?
Thats a poggers painting.

Select only one answer.
A) To express excitement or approval for something
B) Something that is reallly good.
C) A term for bringing someone over to watch some netflix and then have sex.
D) To do somethign very well

Respond with only the letter of your answer (A, B, C, or D).",A,2026-06-11T22:38:01.256356+00:00
329,2,row_128,Pookie,Sexual,local_phi4,B,,B,True,False,"In the following sentence, what does ""Pookie"" mean?
My pookie loves a smash burger.

Select only one answer.
A) A loud and messy conflict
B) A term of endearment for a significant other
C) Fuckboy, someone just looking for sex
D) An attractive older man

Respond with only the letter of your answer (A, B, C, or D).",B,2026-06-11T22:38:01.362091+00:00
330,2,row_129,Pop off,General,local_phi4,B,A,B,True,False,"In the following sentence, what does ""Pop off"" mean?
I'm about to pop off!

Select only one answer.
A) to die unexpectedly
B) To do something impressive
C) A loud and messy conflict
D) A significant problem

Respond with only the letter of your answer (A, B, C, or D).",B,2026-06-11T22:38:01.464694+00:00
331,2,row_130,Posh and Becks,Sexual,local_phi4,B,,B,True,False,"In the following sentence, what does ""Posh and Becks"" mean?
Lets go back to my place and have the posh and becks.

Select only one answer.
A) An incel term meaning kissless, hugless, handholdless virgin
B) sex
C) To be high or drunk
D) A strong, leader who commands those around them

Respond with only the letter of your answer (A, B, C, or D).",B,2026-06-11T22:38:01.568472+00:00
332,2,row_131,prepper,Insult,local_phi4,C,,C,True,False,"In the following sentence, what does ""prepper"" mean?
We have a prepper down the block. They are kindof crazy, but its nice to know where to go.

Select only one answer.
A) A loud and messy conflict
B) A commonplace person
C) Someone who prepares for doomsday scenarios
D) A term to support someone going through a gender change.

Respond with only the letter of your answer (A, B, C, or D).",C,2026-06-11T22:38:01.667152+00:00
333,2,row_132,Prison pocket,General,local_phi4,C,,C,True,False,"In the following sentence, what does ""Prison pocket"" mean?
Hold it in your prison pocket.

Select only one answer.
A) To manipulated, trick, or fool someone
B) One True Pairing
C) The anus
D) sweet talk

Respond with only the letter of your answer (A, B, C, or D).",C,2026-06-11T22:38:01.768782+00:00
334,2,row_133,Put the fries in the bag,General,local_phi4,C,,B,False,False,"In the following sentence, what does ""Put the fries in the bag"" mean?
You're taking too long. Put the fires in the bag.

Select only one answer.
A) To win
B) An incel term meaning kissless, hugless, handholdless virgin
C) Get to the point
D) A provocative dance

Respond with only the letter of your answer (A, B, C, or D).",B,2026-06-11T22:38:01.874124+00:00
335,2,row_134,Quirky,Insult,local_phi4,D,A,A,False,True,"In the following sentence, what does ""Quirky"" mean?
I'm so quirky!

Select only one answer.
A) having many quirks : unusual in especially an interesting or appealing way
B) Someone who refused to wear a mask in covid times.
C) An incel term meaning kissless, hugless, handholdless virgin
D) Ironically used to describe one as unique

Respond with only the letter of your answer (A, B, C, or D).",A,2026-06-11T22:38:01.979994+00:00
336,2,row_135,rago,Insult,local_phi4,B,,B,True,False,"In the following sentence, what does ""rago"" mean?
It was just how rago he was.

Select only one answer.
A) A term to discuss sexual experiences
B) Someone acting aggressively and out of control
C) To be high or drunk
D) Talking too much

Respond with only the letter of your answer (A, B, C, or D).",B,2026-06-11T22:38:02.086090+00:00
337,2,row_136,rapey,Sexual,local_phi4,D,,D,True,False,"In the following sentence, what does ""rapey"" mean?
That guy at the bar was feeling pretty rapey.

Select only one answer.
A) Nonsensical term
B) sex
C) bullets
D) Describes activities or situations that are sexually aggressive

Respond with only the letter of your answer (A, B, C, or D).",D,2026-06-11T22:38:02.183495+00:00
338,2,row_137,Ratio,General,local_phi4,C,A,A,False,True,"In the following sentence, what does ""Ratio"" mean?
Ratio if you like pizza.

Select only one answer.
A) the indicated quotient of two mathematical expressions
B) To make lifestyle changes to make your life more holistic
C) when a reply gets more than the original post
D) An endeering term used towards ones significant other

Respond with only the letter of your answer (A, B, C, or D).",A,2026-06-11T22:38:02.281374+00:00
339,2,row_138,raw,General,local_phi4,D,A,D,True,False,"In the following sentence, what does ""raw"" mean?
He's been hitting the vape raw lately.

Select only one answer.
A) not cooked
B) A significant other
C) Crack cocaine
D) something intense, aggressive, and unfiltered

Respond with only the letter of your answer (A, B, C, or D).",D,2026-06-11T22:38:02.376254+00:00
340,2,row_139,RIP (me),General,local_phi4,C,,C,True,False,"In the following sentence, what does ""RIP (me)"" mean?
I think I just failed that test. RIP me.

Select only one answer.
A) A term for someone that enjoys watching their wife have sex with another man
B) The anus
C) To express disappointment dramatically
D) when a reply gets more than the original post

Respond with only the letter of your answer (A, B, C, or D).",C,2026-06-11T22:38:02.480075+00:00
341,2,row_140,Rizz,General,local_phi4,A,,A,True,False,"In the following sentence, what does ""Rizz"" mean?
The rizz you have today is stunning!

Select only one answer.
A) Charisma
B) To metaphorically die of laughter
C) A hot dog
D) The greatest of all time

Respond with only the letter of your answer (A, B, C, or D).",A,2026-06-11T22:38:02.582304+00:00
342,2,row_141,Salty,Insult,local_phi4,A,C,A,True,False,"In the following sentence, what does ""Salty"" mean?
She's just salty that you have a boyfriend and she doesn't.

Select only one answer.
A) Irritated, bitter, or resentful
B) Someone who refused to wear a mask in covid times.
C) of, seasoned with, or containing salt
D) crazy or erratic

Respond with only the letter of your answer (A, B, C, or D).",A,2026-06-11T22:38:02.691056+00:00
343,2,row_142,savage,General,local_phi4,A,B,A,True,False,"In the following sentence, what does ""savage"" mean?
That was a savage comeback you gave.

Select only one answer.
A) To be fierce and unapologetic withing a social situation
B) not domesticated or under human control : untamed
C) Someone unappealing
D) the playful act of taking a friend's food

Respond with only the letter of your answer (A, B, C, or D).",A,2026-06-11T22:38:02.793772+00:00
344,2,row_143,Schizo,Insult,local_phi4,C,,C,True,False,"In the following sentence, what does ""Schizo"" mean?
Brians a total schitzo.

Select only one answer.
A) Someone who is trying to get sexual attention overtly
B) An insulting term to refer to someone as stupid
C) crazy or erratic
D) Someone that is too much of a fan of something

Respond with only the letter of your answer (A, B, C, or D).",C,2026-06-11T22:38:02.898241+00:00
345,2,row_144,scuffed,Insult,local_phi4,D,A,D,True,False,"In the following sentence, what does ""scuffed"" mean?
The was a scuffed performance last night.

Select only one answer.
A) to walk without lifting the feet : shuffle
B) The greatest of all time
C) To mastrubate for extremeely long period regularly
D) Something that is messed up or not right.

Respond with only the letter of your answer (A, B, C, or D).",D,2026-06-11T22:38:02.994072+00:00
346,2,row_145,Shabba,General,local_phi4,A,,A,True,False,"In the following sentence, what does ""Shabba"" mean?
Shabba on point!

Select only one answer.
A) Fashionable or stylish
B) Nonsensical term
C) Someone who is trying to get sexual attention overtly
D) A fashionable look

Respond with only the letter of your answer (A, B, C, or D).",A,2026-06-11T22:38:03.100720+00:00
347,2,row_146,Sheesh,General,local_phi4,B,,B,True,False,"In the following sentence, what does ""Sheesh"" mean?
Sheesh! Thats crazy!

Select only one answer.
A) Ironically used to describe one as unique
B) To express disbelief
C) Talking too much
D) Weak or effeminate

Respond with only the letter of your answer (A, B, C, or D).",B,2026-06-11T22:38:03.202276+00:00
348,2,row_147,Side eye,General,local_phi4,C,,C,True,False,"In the following sentence, what does ""Side eye"" mean?
Why are you giving him the side eye?

Select only one answer.
A) One True Pairing
B) Something that is reallly good.
C) To be skeptical about something
D) To refer to ones imaginary audience like an internet steamer

Respond with only the letter of your answer (A, B, C, or D).",C,2026-06-11T22:38:03.298598+00:00
349,2,row_148,Sigma,Identity,local_phi4,D,A,D,True,False,"In the following sentence, what does ""Sigma"" mean?
You are giving off sigma energy right now.

Select only one answer.
A) the 18th letter of the Greek alphabet
B) Activities that involve cultivating ones Aura
C) An emotional meltdown
D) An independent, strong person

Respond with only the letter of your answer (A, B, C, or D).","D) An independent, strong person",2026-06-11T22:38:03.527507+00:00
350,2,row_149,Simp,Insult,local_phi4,D,C,D,True,False,"In the following sentence, what does ""Simp"" mean?
Stop being a simp over her!

Select only one answer.
A) A mauser C96 pistol
B) Friends with benefits
C) a foolish or stupid person : simpleton
D) Someone that tries really hard to impress their crush

Respond with only the letter of your answer (A, B, C, or D).",D,2026-06-11T22:38:03.616643+00:00
351,2,row_150,Situationship,Sexual,local_phi4,A,,A,True,False,"In the following sentence, what does ""Situationship"" mean?
Joe ended up in a situationship over the summer.

Select only one answer.
A) A sexual relationship developed from situations without clear future intentions
B) A reference for ass
C) To make a jawline more defined
D) A near superhuman perfect male

Respond with only the letter of your answer (A, B, C, or D).",A,2026-06-11T22:38:03.712004+00:00
352,2,row_151,Skeet,Sexual,local_phi4,D,C,D,True,False,"In the following sentence, what does ""Skeet"" mean?
He skeeted all over the court!

Select only one answer.
A) a bad charisma
B) Someone unappealing
C) trapshooting in which clay pigeons are thrown in such a way as to simulate the angles of flight of birds
D) To shoot ones shot.

Respond with only the letter of your answer (A, B, C, or D).",D,2026-06-11T22:38:03.810184+00:00
353,2,row_152,Skibidi,General,local_phi4,A,,D,False,False,"In the following sentence, what does ""Skibidi"" mean?
That's so skibidi.

Select only one answer.
A) Nonsensical term
B) Sociopath
C) Friends with benefits
D) A large ass that stands out.

Respond with only the letter of your answer (A, B, C, or D).",D,2026-06-11T22:38:03.909511+00:00
354,2,row_153,Skill issue,Insult,local_phi4,B,,B,True,False,"In the following sentence, what does ""Skill issue"" mean?
You won't win. Its a skill issue.

Select only one answer.
A) A significant other
B) An insult saying that the problem is due to lack of skill rather then luck
C) Very good
D) To be skeptical about something

Respond with only the letter of your answer (A, B, C, or D).",B,2026-06-11T22:38:04.005619+00:00
355,2,row_154,Slaps,General,local_phi4,B,A,C,False,False,"In the following sentence, what does ""Slaps"" mean?
This place slaps!

Select only one answer.
A) to strike sharply with or as if with the open hand
B) Something that is reallly good.
C) Something very good
D) Crack cocaine

Respond with only the letter of your answer (A, B, C, or D).",C) Something very good,2026-06-11T22:38:04.171456+00:00
356,2,row_155,Slay,General,local_phi4,B,D,B,True,False,"In the following sentence, what does ""Slay"" mean?
Slay girl!

Select only one answer.
A) Gossip
B) To do somethign very well
C) Used to refer to the social media platforms one uses
D) to kill violently, wantonly, or in great numbers

Respond with only the letter of your answer (A, B, C, or D).",B) To do something very well.,2026-06-11T22:38:04.392101+00:00
357,2,row_156,sledge,Identity,local_phi4,B,D,A,False,False,"In the following sentence, what does ""sledge"" mean?
What? Are you havin trouble you sledge?

Select only one answer.
A) A man that is feminine in nature
B) An insult commonly used in sports
C) Something that is reallly good.
D) sledgehammer

Respond with only the letter of your answer (A, B, C, or D).",A,2026-06-11T22:38:04.494166+00:00
358,2,row_157,sleeper,General,local_phi4,D,B,D,True,False,"In the following sentence, what does ""sleeper"" mean?
That car has got to be a sleeper.

Select only one answer.
A) A man that takes care of children
B) one that sleeps
C) Someone that travels abroad with the sole purpose of having sex
D) Something that appears mundane but has hidden potential

Respond with only the letter of your answer (A, B, C, or D).",D,2026-06-11T22:38:04.588427+00:00
359,2,row_158,sleeper build,General,local_phi4,B,,D,False,False,"In the following sentence, what does ""sleeper build"" mean?
Bro's rocking the sleeper build.

Select only one answer.
A) Acting crazily
B) someone that looks ordinary but is actually very strong
C) Mediocre
D) Something that appears mundane but has hidden potential

Respond with only the letter of your answer (A, B, C, or D).",D,2026-06-11T22:38:04.697422+00:00
360,2,row_159,Snack,Sexual,local_phi4,A,C,A,True,False,"In the following sentence, what does ""Snack"" mean?
That lady over there is a snack.

Select only one answer.
A) A descriptor for an attractive person
B) the playful act of taking a friend's food
C) a light meal : food eaten between regular meals; also : food suitable for snacking
D) drunk

Respond with only the letter of your answer (A, B, C, or D).",A,2026-06-11T22:38:04.801990+00:00
361,2,row_160,snaggle,Identity,local_phi4,B,A,D,False,False,"In the following sentence, what does ""snaggle"" mean?
Susanne is such a snaggle.

Select only one answer.
A) snag
B) An unattractive girl
C) Sociopath
D) An insulting term to refer to someone as stupid

Respond with only the letter of your answer (A, B, C, or D).",D,2026-06-11T22:38:04.903701+00:00
362,2,row_161,Snatched,General,local_phi4,C,B,C,True,False,"In the following sentence, what does ""Snatched"" mean?
You're looking snatched today.

Select only one answer.
A) Main Character - Someone that acts as if they are the star of a story
B) to attempt to seize something suddenly
C) A fashionable look
D) to recoil in distaste

Respond with only the letter of your answer (A, B, C, or D).",C,2026-06-11T22:38:05.009418+00:00
363,2,row_162,socials,General,local_phi4,B,C,B,True,False,"In the following sentence, what does ""socials"" mean?
Catch me on the socials!

Select only one answer.
A) To make lifestyle changes to make your life more holistic
B) Used to refer to the social media platforms one uses
C) an informal social event or gathering frequently involving a special activity or area of interest
D) Something really good

Respond with only the letter of your answer (A, B, C, or D).",B,2026-06-11T22:38:05.103284+00:00
364,2,row_163,socio,Insult,local_phi4,D,,D,True,False,"In the following sentence, what does ""socio"" mean?
The boy is a socio.

Select only one answer.
A) An insult commonly used in sports
B) Go in 100% on something
C) A man that takes care of children
D) Sociopath

Respond with only the letter of your answer (A, B, C, or D).",D,2026-06-11T22:38:05.195511+00:00
365,2,row_164,Soy,Insult,local_phi4,A,,A,True,False,"In the following sentence, what does ""Soy"" mean?
Stop being so soy.

Select only one answer.
A) Weak or effeminate
B) Cancer
C) An insulting term to refer to someone as stupid
D) A term used to say that someone is online too much and needs to get back to real life

Respond with only the letter of your answer (A, B, C, or D).",A) Weak or effeminate,2026-06-11T22:38:05.394781+00:00
366,2,row_165,soyboy,Identity,local_phi4,B,,B,True,False,"In the following sentence, what does ""soyboy"" mean?
Get that soyboy out of here!

Select only one answer.
A) sweet talk
B) Men that lack masculine characteristics
C) When something hidden gets called out
D) A fashionable look

Respond with only the letter of your answer (A, B, C, or D).",B,2026-06-11T22:38:05.492801+00:00
367,2,row_166,Spanish dancer,General,local_phi4,B,,B,True,False,"In the following sentence, what does ""Spanish dancer"" mean?
I sounds like I caught the spanish dancer.

Select only one answer.
A) used to mock spoiled kids
B) Cancer
C) A term for baby that people will call their significant other.
D) Used to mock someone who doesnt think for themselves, says things repeatedly, or has no opinions

Respond with only the letter of your answer (A, B, C, or D).",B,2026-06-11T22:38:05.594209+00:00
368,2,row_167,spark,Violence,local_phi4,C,A,C,True,False,"In the following sentence, what does ""spark"" mean?
Don't make me spark you out!

Select only one answer.
A) a small particle of a burning substance thrown out by a body in combustion or remaining when combustion is nearly completed
B) Delusional
C) To knock someone out
D) fake soft penises and testicles designed to give a 'male' bulge to the crotches of female-to-male transsexuals.

Respond with only the letter of your answer (A, B, C, or D).",C,2026-06-11T22:38:05.692253+00:00
369,2,row_168,Stuyvie,Drugs,local_phi4,D,,D,True,False,"In the following sentence, what does ""Stuyvie"" mean?
Lets go outside and smoke a suyvie.

Select only one answer.
A) A significant problem
B) Used to refer to the social media platforms one uses
C) An emotional meltdown
D) A cigarette

Respond with only the letter of your answer (A, B, C, or D).",D,2026-06-11T22:38:05.794648+00:00
370,2,row_169,suiter,General,local_phi4,D,A,D,True,False,"In the following sentence, what does ""suiter"" mean?
Her suiter was admiring her from afar.

Select only one answer.
A) a suitcase for holding a specified number of suits —usually used in combination
B) Cancer
C) To do something impressive
D) a significant other

Respond with only the letter of your answer (A, B, C, or D).",D,2026-06-11T22:38:05.895169+00:00
371,2,row_170,Sus,General,local_phi4,A,,A,True,False,"In the following sentence, what does ""Sus"" mean?
That man over there is real sus.

Select only one answer.
A) Something suspicious
B) Mercedes Benz G class
C) Money
D) A strong, leader who commands those around them

Respond with only the letter of your answer (A, B, C, or D).",A,2026-06-11T22:38:06.001015+00:00
372,2,row_171,Tea,General,local_phi4,B,C,B,True,False,"In the following sentence, what does ""Tea"" mean?
Come on, spill the tea!

Select only one answer.
A) An incel term meaning kissless, hugless, handholdless virgin
B) Gossip
C) a widely cultivated shrub (Camellia sinensis of the family Theaceae, the tea family) native to China, northern India, and southeastern Asia and having glossy green leaves and fragrant white flowers
D) Nonsensical term

Respond with only the letter of your answer (A, B, C, or D).",B,2026-06-11T22:38:06.100215+00:00
373,2,row_172,theybie,General,local_phi4,B,,B,True,False,"In the following sentence, what does ""theybie"" mean?
The a couple and their theybie just moved in next door.

Select only one answer.
A) The positive or relaxing energy of a place
B) A term used to describe a baby raised in a gender neutral environment
C) sex
D) A man that takes care of children

Respond with only the letter of your answer (A, B, C, or D).",B,2026-06-11T22:38:06.200695+00:00
374,2,row_173,Thirsty,Sexual,local_phi4,A,B,A,True,False,"In the following sentence, what does ""Thirsty"" mean?
She's lookin real thirsty today.

Select only one answer.
A) Someone who is trying to get sexual attention overtly
B) feeling thirst
C) Friends with benefits
D) A term of endearment for a significant other

Respond with only the letter of your answer (A, B, C, or D).",A,2026-06-11T22:38:06.301947+00:00
375,2,row_174,Thot,Sexual,local_phi4,C,,C,True,False,"In the following sentence, what does ""Thot"" mean?
I'm gonna dress like a thot tonight.

Select only one answer.
A) Men that lack masculine characteristics
B) Something ugly or unattractive
C) Another term that stands for that hoe over there
D) A term used to describe a baby raised in a gender neutral environment

Respond with only the letter of your answer (A, B, C, or D).",C,2026-06-11T22:38:06.406263+00:00
376,2,row_175,Thrust,General,local_phi4,A,C,B,False,False,"In the following sentence, what does ""Thrust"" mean?
Hit the thrust!

Select only one answer.
A) A dance move
B) Used to mock someone who doesnt think for themselves, says things repeatedly, or has no opinions
C) to push or drive with force : shove
D) To check the mood of a situation

Respond with only the letter of your answer (A, B, C, or D).",B,2026-06-11T22:38:06.510713+00:00
377,2,row_176,toe-cheese,Insult,local_phi4,B,,B,True,False,"In the following sentence, what does ""toe-cheese"" mean?
My whole house smells like toe cheese.

Select only one answer.
A) A term for friends
B) Gross buildup between the toes
C) Something low quality or bad
D) An attractive older man

Respond with only the letter of your answer (A, B, C, or D).",B,2026-06-11T22:38:06.601926+00:00
378,2,row_177,tomdick,Insult,local_phi4,B,,B,True,False,"In the following sentence, what does ""tomdick"" mean?
That secratary was a tomdick.

Select only one answer.
A) Something ugly or unattractive
B) A commonplace person
C) Throwing something
D) Someone who refused to wear a mask in covid times.

Respond with only the letter of your answer (A, B, C, or D).",B,2026-06-11T22:38:06.692496+00:00
379,2,row_178,Touch Grass,General,local_phi4,D,,D,True,False,"In the following sentence, what does ""Touch Grass"" mean?
Go out and touch some grass.

Select only one answer.
A) A near superhuman perfect male
B) Money
C) A strong, leader who commands those around them
D) A term used to say that someone is online too much and needs to get back to real life

Respond with only the letter of your answer (A, B, C, or D).",D,2026-06-11T22:38:06.782725+00:00
380,2,row_179,troll,Identity,local_phi4,D,A,D,True,False,"In the following sentence, what does ""troll"" mean?
That guy in valorant was a such a troll.

Select only one answer.
A) a dwarf or giant in Scandinavian folklore inhabiting caves or hills
B) A dance move
C) To stab or shoot
D) Someone who deliberatly acts in ways to annoy or anger a group of people online.

Respond with only the letter of your answer (A, B, C, or D).",D,2026-06-11T22:38:06.872701+00:00
381,2,row_180,Tweaking,General,local_phi4,C,B,C,True,False,"In the following sentence, what does ""Tweaking"" mean?
Why are you tweaking out?

Select only one answer.
A) Fuckboy, someone just looking for sex
B) to make usually small adjustments in or to; especially : fine-tune
C) Acting crazily
D) An expression of disbelief

Respond with only the letter of your answer (A, B, C, or D).",C) Acting crazily,2026-06-11T22:38:07.033977+00:00
382,2,row_181,twoz,Drugs,local_phi4,D,,D,True,False,"In the following sentence, what does ""twoz"" mean?
Hey, hand me the twoz joint.

Select only one answer.
A) An all denim outfit
B) Someone who is very stubborn
C) An affirmative agreement
D) A canabis based cigarette that needs two paper rolls

Respond with only the letter of your answer (A, B, C, or D).",D,2026-06-11T22:38:07.133658+00:00
383,2,row_182,Unc,Insult,local_phi4,D,,B,False,False,"In the following sentence, what does ""Unc"" mean?
I'll explain it to you unc.

Select only one answer.
A) Another term that stands for that hoe over there
B) A term for friends
C) Describes activities or situations that are sexually aggressive
D) An older person who is out of touch

Respond with only the letter of your answer (A, B, C, or D).",B,2026-06-11T22:38:07.237596+00:00
384,2,row_183,Understood the assignment,General,local_phi4,B,,B,True,False,"In the following sentence, what does ""Understood the assignment"" mean?
All done. Understood the assignment.

Select only one answer.
A) Someone weak or a follower
B) To confim that something was completed to expectation
C) Something that is messed up or not right.
D) To focus on making one as physically attractive as possible

Respond with only the letter of your answer (A, B, C, or D).",B,2026-06-11T22:38:07.340012+00:00
385,2,row_184,upper decky,Drugs,local_phi4,D,,D,True,False,"In the following sentence, what does ""upper decky"" mean?
Hey bro, can I bum an upper decky zynn?

Select only one answer.
A) An expression of disappointment
B) fake soft penises and testicles designed to give a 'male' bulge to the crotches of female-to-male transsexuals.
C) To get arrested
D) A nicotine pouch held between the upper lip and gums

Respond with only the letter of your answer (A, B, C, or D).",D,2026-06-11T22:38:07.433305+00:00
386,2,row_185,Vibe,General,local_phi4,D,,D,True,False,"In the following sentence, what does ""Vibe"" mean?
I'm just enjoyin the vibe out here.

Select only one answer.
A) Describes activities or situations that are sexually aggressive
B) As Fuck
C) To be skeptical about something
D) The positive or relaxing energy of a place

Respond with only the letter of your answer (A, B, C, or D).",D,2026-06-11T22:38:07.534605+00:00
387,2,row_186,Vibe Check,General,local_phi4,D,,D,True,False,"In the following sentence, what does ""Vibe Check"" mean?
Can I get a vibe check?

Select only one answer.
A) To prepare for a fight
B) To express excitement or approval for something
C) Something that is adorably and chunky
D) To check the mood of a situation

Respond with only the letter of your answer (A, B, C, or D).",D,2026-06-11T22:38:07.635756+00:00
388,2,row_187,wahala,General,local_phi4,D,,D,True,False,"In the following sentence, what does ""wahala"" mean?
Please, no wahala.

Select only one answer.
A) To be honest about something
B) Someone who is trying to get sexual attention overtly
C) An unpopular opinion
D) A significant problem

Respond with only the letter of your answer (A, B, C, or D).",D,2026-06-11T22:38:07.737504+00:00
389,2,row_188,waved,Drugs,local_phi4,B,A,B,True,False,"In the following sentence, what does ""waved"" mean?
Bro's over on the bench waved out of his mind.

Select only one answer.
A) having a wavelike form or outline
B) To be high or drunk
C) Prolonged masturbation
D) A submissive male that is often outside of traditional social hierarchies

Respond with only the letter of your answer (A, B, C, or D).",B,2026-06-11T22:38:07.843795+00:00
390,2,row_189,What the sigma,General,local_phi4,D,,D,True,False,"In the following sentence, what does ""What the sigma"" mean?
What the sigma? I thought you left?

Select only one answer.
A) Stylish or flashy outfit style
B) Activities that involve cultivating ones Aura
C) A man that is feminine in nature
D) An expression of disbelief

Respond with only the letter of your answer (A, B, C, or D).",D,2026-06-11T22:38:07.942132+00:00
391,2,row_190,whitney,Drugs,local_phi4,B,,B,True,False,"In the following sentence, what does ""whitney"" mean?
Hey man, you got any whitney on you?

Select only one answer.
A) intensely and openely say something true
B) Crack cocaine
C) Someone younger
D) An insult commonly used in sports

Respond with only the letter of your answer (A, B, C, or D).",B,2026-06-11T22:38:08.043589+00:00
392,2,row_191,Woke,Insult,local_phi4,C,,C,True,False,"In the following sentence, what does ""Woke"" mean?
Stop being so woke.

Select only one answer.
A) Somehting that is poor quality
B) Another term that stands for that hoe over there
C) Someone that is too left leaning politically
D) An all denim outfit

Respond with only the letter of your answer (A, B, C, or D).",C,2026-06-11T22:38:08.137615+00:00
393,2,row_192,womp womp,General,local_phi4,A,,A,True,False,"In the following sentence, what does ""womp womp"" mean?
I failed that math quiz. Womp womp.

Select only one answer.
A) An expression of disappointment
B) to recoil in distaste
C) Something that is better then everything else
D) Ending the discussion on a topic

Respond with only the letter of your answer (A, B, C, or D).",A,2026-06-11T22:38:08.227551+00:00
394,2,row_193,wraparound,General,local_phi4,C,D,C,True,False,"In the following sentence, what does ""wraparound"" mean?
I had to pull a wraparound this morning since I left my wallet at the bar.

Select only one answer.
A) To be high or drunk
B) I just burst out laughing
C) Someone who is the last person to leave a location and the first to come back in the morning
D) made to be wrapped around something and especially the body

Respond with only the letter of your answer (A, B, C, or D).",C,2026-06-11T22:38:08.319284+00:00
395,2,row_194,Yapping,Insult,local_phi4,D,C,C,False,True,"In the following sentence, what does ""Yapping"" mean?
Stop your yapping and get over here.

Select only one answer.
A) A charismatic, sexy, and quick witted man
B) a live-action role-playing game in which a group of people enacts a fictional scenario (such as a fantasy adventure) in real time typically under the guidance of a facilitator or organizer; also : the activity of participating in such games : larping
C) to talk in a shrill insistent way : chatter
D) Talking too much

Respond with only the letter of your answer (A, B, C, or D).",C) to talk in a shrill insistent way: chatter,2026-06-11T22:38:08.626813+00:00
396,2,row_195,Yeet,General,local_phi4,C,,C,True,False,"In the following sentence, what does ""Yeet"" mean?
Think I can make this? Yeet!

Select only one answer.
A) Somehting uncool or unfashionable
B) Someone who refused to wear a mask in covid times.
C) Throwing something
D) Something really good

Respond with only the letter of your answer (A, B, C, or D).",C,2026-06-11T22:38:08.730142+00:00
397,2,row_196,ying,Violence,local_phi4,D,,C,False,False,"In the following sentence, what does ""ying"" mean?
I'll walk in swinging my ying.

Select only one answer.
A) Someone unappealing
B) sex
C) Something that appears mundane but has hidden potential
D) A knife

Respond with only the letter of your answer (A, B, C, or D).",C,2026-06-11T22:38:08.824440+00:00
398,2,row_197,yoyo,General,local_phi4,D,B,D,True,False,"In the following sentence, what does ""yoyo"" mean?
We've helped you in the past, but yoyo this time.

Select only one answer.
A) Cool
B) a thick grooved double disk with a string attached to its center axle that is made to fall and rise to the hand by unwinding and rewinding on the string
C) Money
D) You're on Your own

Respond with only the letter of your answer (A, B, C, or D).",D) You're on Your own,2026-06-11T22:38:09.022218+00:00
399,2,row_198,Zaddy,Sexual,local_phi4,A,,A,True,False,"In the following sentence, what does ""Zaddy"" mean?
I'm meeting up with my zaddy later tonight.

Select only one answer.
A) An attractive older man
B) An older person who is out of touch
C) As Fuck
D) Mercedes Benz G class

Respond with only the letter of your answer (A, B, C, or D).",A,2026-06-11T22:38:09.123821+00:00
400,2,row_199,Zesty,Insult,local_phi4,D,A,A,False,True,"In the following sentence, what does ""Zesty"" mean?
He's acting a bit zesty today.

Select only one answer.
A) having or characterized by zest : appealingly piquant or lively
B) To win
C) To check the mood of a situation
D) A man that is feminine in nature

Respond with only the letter of your answer (A, B, C, or D).",A,2026-06-11T22:38:09.225223+00:00
401,3,row_000,'done,Drugs,local_phi4,C,,C,True,False,"In the following sentence, what does ""'done"" mean?
Do you have any of the 'done on you?

Select only one answer.
A) A chlid molestor
B) Go in 100% on something
C) Methodone
D) Age Sex Location

Respond with only the letter of your answer (A, B, C, or D).",C) METHADONE,2026-06-11T22:38:09.398839+00:00
402,3,row_001,6-6-6,Identity,local_phi4,D,,D,True,False,"In the following sentence, what does ""6-6-6"" mean?
I only date a man who is a 6-6-6.

Select only one answer.
A) To knock someone out
B) Crack cocaine
C) Someone who acts tries to act entertaining and amuzingly relentlessly
D) A rule used by some for dating that refers to someone who is six feet tall, has a 6 figure income, and has six-pack abs

Respond with only the letter of your answer (A, B, C, or D).",D,2026-06-11T22:38:09.503357+00:00
403,3,row_002,AF,General,local_phi4,A,,A,True,False,"In the following sentence, what does ""AF"" mean?
Thats cool AF!

Select only one answer.
A) As Fuck
B) An insult commonly used in sports
C) intensely and openely say something true
D) An unpopular opinion

Respond with only the letter of your answer (A, B, C, or D).",A,2026-06-11T22:38:09.597485+00:00
404,3,row_003,aggy,Violence,local_phi4,D,,D,True,False,"In the following sentence, what does ""aggy"" mean?
Why you so aggy?

Select only one answer.
A) Someone that tries really hard to impress their crush
B) An older person who is out of touch
C) An unpopular opinion
D) to aggrivate

Respond with only the letter of your answer (A, B, C, or D).",D) to aggrivate,2026-06-11T22:38:09.794812+00:00
405,3,row_004,Alpha,Identity,local_phi4,C,D,C,True,False,"In the following sentence, what does ""Alpha"" mean?
What an alpha chad.

Select only one answer.
A) Mediocre
B) an expression of surprise
C) A strong, leader who commands those around them
D) the 1st letter of the Greek alphabet

Respond with only the letter of your answer (A, B, C, or D).",C,2026-06-11T22:38:09.901318+00:00
406,3,row_005,ant,Sexual,local_phi4,D,B,B,False,True,"In the following sentence, what does ""ant"" mean?
I came across a real ant at the club earlier.

Select only one answer.
A) Describes activities or situations that are sexually aggressive
B) any of a family (Formicidae) of colonial hymenopterous insects with a complex social organization and various castes performing special duties
C) A sexual relationship developed from situations without clear future intentions
D) A charismatic, sexy, and quick witted man

Respond with only the letter of your answer (A, B, C, or D).",B,2026-06-11T22:38:10.006845+00:00
407,3,row_006,archer,Identity,local_phi4,C,B,C,True,False,"In the following sentence, what does ""archer"" mean?
Jim was an archer with her lies.

Select only one answer.
A) I just burst out laughing
B) a person who uses a bow and arrow
C) A person who is very good at spotting a lie
D) Something that appears mundane but has hidden potential

Respond with only the letter of your answer (A, B, C, or D).",C) A person who is very good at spotting a lie,2026-06-11T22:38:10.342500+00:00
408,3,row_007,ASL,Sexual,local_phi4,A,,A,True,False,"In the following sentence, what does ""ASL"" mean?
What's your ASL?

Select only one answer.
A) Age Sex Location
B) A cigarette
C) Get to the point
D) an expression of surprise

Respond with only the letter of your answer (A, B, C, or D).",A,2026-06-11T22:38:10.437815+00:00
409,3,row_008,Aura Farming,Identity,local_phi4,C,,D,False,False,"In the following sentence, what does ""Aura Farming"" mean?
That skateboard group is trying really hard to aura farm, but its not working.

Select only one answer.
A) Someone who deliberatly acts in ways to annoy or anger a group of people online.
B) Gossip
C) Activities that involve cultivating ones Aura
D) Delusional

Respond with only the letter of your answer (A, B, C, or D).",D,2026-06-11T22:38:10.543603+00:00
410,3,row_009,babygirl,Sexual,local_phi4,A,,A,True,False,"In the following sentence, what does ""babygirl"" mean?
Hey babygirl, whanna metup tonight?

Select only one answer.
A) An endeering term used towards ones significant other
B) when a reply gets more than the original post
C) Mediocre
D) Activities that involve cultivating ones Aura

Respond with only the letter of your answer (A, B, C, or D).",A,2026-06-11T22:38:10.644145+00:00
411,3,row_010,backoff,Sexual,local_phi4,B,A,B,True,False,"In the following sentence, what does ""backoff"" mean?
That girl has a fat backoff!

Select only one answer.
A) back down
B) A large ass that stands out.
C) Get to the point
D) Main Character - Someone that acts as if they are the star of a story

Respond with only the letter of your answer (A, B, C, or D).",B,2026-06-11T22:38:10.742865+00:00
412,3,row_011,Bae,Sexual,local_phi4,B,,B,True,False,"In the following sentence, what does ""Bae"" mean?
She's my bae.

Select only one answer.
A) To prepare for a fight
B) A significant other
C) To express disbelief
D) Money

Respond with only the letter of your answer (A, B, C, or D).",B,2026-06-11T22:38:10.844890+00:00
413,3,row_012,bareface,Identity,local_phi4,A,B,A,True,False,"In the following sentence, what does ""bareface"" mean?
I saw a group of barefaces at the store this morning, so I won't be going back.

Select only one answer.
A) Someone who refused to wear a mask in covid times.
B) having a clear finish and no nap
C) Poorly dressed
D) Someone that tries really hard to impress their crush

Respond with only the letter of your answer (A, B, C, or D).",A,2026-06-11T22:38:10.943088+00:00
414,3,row_013,based,General,local_phi4,B,C,C,False,True,"In the following sentence, what does ""based"" mean?
That show was based.

Select only one answer.
A) A mauser C96 pistol
B) An unpopular opinion
C) having a specified type of base or basis —often used in combination
D) A term for friends

Respond with only the letter of your answer (A, B, C, or D).",C,2026-06-11T22:38:11.047445+00:00
415,3,row_014,Basic,Identity,local_phi4,D,A,D,True,False,"In the following sentence, what does ""Basic"" mean?
Shes so basic.

Select only one answer.
A) of, relating to, or forming the base or essence : fundamental
B) A canister of nitrous oxide
C) Saying something secretive or to keep low profile
D) Someone that is boring

Respond with only the letter of your answer (A, B, C, or D).",D,2026-06-11T22:38:11.150024+00:00
416,3,row_015,bb,Sexual,local_phi4,D,C,A,False,False,"In the following sentence, what does ""bb"" mean?
Hey bb, lets grab some food.

Select only one answer.
A) sweet talk
B) A rule used by some for dating that refers to someone who is six feet tall, has a 6 figure income, and has six-pack abs
C) a shot pellet 0.18 inch in diameter for use in a shotgun cartridge
D) A term for baby that people will call their significant other.

Respond with only the letter of your answer (A, B, C, or D).",A,2026-06-11T22:38:11.255053+00:00
417,3,row_016,Bet,General,local_phi4,B,C,B,True,False,"In the following sentence, what does ""Bet"" mean?
bet, lets go.

Select only one answer.
A) A term for someone that enjoys watching their wife have sex with another man
B) An affirmative agreement
C) something that is laid, staked, or pledged typically between two parties on the outcome of a contest or a contingent issue : wager —often used figuratively in such phrases as all bets are off to stress the uncertainty of an outcome
D) Age Sex Location

Respond with only the letter of your answer (A, B, C, or D).",B,2026-06-11T22:38:11.355869+00:00
418,3,row_017,Beta,Identity,local_phi4,B,D,B,True,False,"In the following sentence, what does ""Beta"" mean?
The beta's of the world aren't gonna like that.

Select only one answer.
A) A sudden feeling of disguest or repultion towards someone.
B) Someone weak or a follower
C) An incel term meaning kissless, hugless, handholdless virgin
D) the 2nd letter of the Greek alphabet

Respond with only the letter of your answer (A, B, C, or D).",B,2026-06-11T22:38:11.449616+00:00
419,3,row_018,Bih,General,local_phi4,B,,C,False,False,"In the following sentence, what does ""Bih"" mean?
Bih, what?

Select only one answer.
A) A chlid molestor
B) Short for Bitch
C) To express disappointment dramatically
D) An affirmative agreement

Respond with only the letter of your answer (A, B, C, or D).",C,2026-06-11T22:38:11.552603+00:00
420,3,row_019,bine,Violence,local_phi4,C,A,A,False,True,"In the following sentence, what does ""bine"" mean?
Load the nine with ine and selek it.

Select only one answer.
A) a twining stem or flexible shoot (as of the hop); also : a plant (such as woodbine) whose shoots are bines
B) An unpopular opinion
C) bullets
D) Cool

Respond with only the letter of your answer (A, B, C, or D).",A,2026-06-11T22:38:11.650563+00:00
421,3,row_020,blackup,Violence,local_phi4,D,,D,True,False,"In the following sentence, what does ""blackup"" mean?
We are outnumbered. Call for black up.

Select only one answer.
A) A reaction to something uncomfortable
B) A significant other
C) To shoot ones shot.
D) When you are outnumbered in a fight and call black people for the win

Respond with only the letter of your answer (A, B, C, or D).",D,2026-06-11T22:38:11.745298+00:00
422,3,row_021,Brain Rot,General,local_phi4,B,,D,False,False,"In the following sentence, what does ""Brain Rot"" mean?
Kids these days just sit around and watch brain rot.

Select only one answer.
A) The greatest of all time
B) The videos one find on social media that cause people to scroll and do nothign for hours
C) A sexual relationship developed from situations without clear future intentions
D) A term used to say that someone is online too much and needs to get back to real life

Respond with only the letter of your answer (A, B, C, or D).",D,2026-06-11T22:38:11.852789+00:00
423,3,row_022,brizzy,Drugs,local_phi4,D,,C,False,False,"In the following sentence, what does ""brizzy"" mean?
Quickly, grab the brizzy.

Select only one answer.
A) A homosexual cowboy
B) Men that lack masculine characteristics
C) A nicotine pouch held between the upper lip and gums
D) A kilo of cocaine

Respond with only the letter of your answer (A, B, C, or D).",C,2026-06-11T22:38:11.951240+00:00
424,3,row_023,broomhandle,Violence,local_phi4,B,,A,False,False,"In the following sentence, what does ""broomhandle"" mean?
Get your broomhandle, we gotta go.

Select only one answer.
A) cocaine
B) A mauser C96 pistol
C) The abandonment of responsibilities
D) A strong, leader who commands those around them

Respond with only the letter of your answer (A, B, C, or D).",A) cocaine,2026-06-11T22:38:12.094243+00:00
425,3,row_024,bruh!,General,local_phi4,A,D,A,True,False,"In the following sentence, what does ""bruh!"" mean?
Bruh! What was that?

Select only one answer.
A) Used to address friends with exasperation, releif, or disbeleif.
B) A term for friends
C) To manipulated, trick, or fool someone
D) brother

Respond with only the letter of your answer (A, B, C, or D).",A,2026-06-11T22:38:12.194937+00:00
426,3,row_025,Bruzz,General,local_phi4,D,,D,True,False,"In the following sentence, what does ""Bruzz"" mean?
Whats up bruzz?

Select only one answer.
A) Acting crazily
B) Someone that is too much of a fan of something
C) A provocative dance
D) A term for friends

Respond with only the letter of your answer (A, B, C, or D).",D,2026-06-11T22:38:12.299562+00:00
427,3,row_026,Bussin',General,local_phi4,A,,A,True,False,"In the following sentence, what does ""Bussin'"" mean?
This pizza is bussin, on god!

Select only one answer.
A) Very good
B) cocaine
C) A dance move
D) A homosexual cowboy

Respond with only the letter of your answer (A, B, C, or D).",A,2026-06-11T22:38:12.405512+00:00
428,3,row_027,Cake,Sexual,local_phi4,C,D,B,False,False,"In the following sentence, what does ""Cake"" mean?
Shes looking real caked up!

Select only one answer.
A) Ending the discussion on a topic
B) Someone weak or a follower
C) A reference for ass
D) a breadlike food made from a dough or batter that is usually fried or baked in small flat shapes and is often unleavened

Respond with only the letter of your answer (A, B, C, or D).","B) Someone weak or a follower

In the context given, ""caked up"" means looking messy or unappealing, often implying someone appears disorganized or not put together. However, in slang usage, it can sometimes refer to being perceived as weak or a follower, which fits option B more closely than the others in casual contexts.",2026-06-11T22:38:13.756520+00:00
429,3,row_028,Cap,General,local_phi4,B,A,B,True,False,"In the following sentence, what does ""Cap"" mean?
You're cappin. No way.

Select only one answer.
A) a head covering especially with a visor and no brim
B) Something untrue or unbeleivable
C) Someone who is the last person to leave a location and the first to come back in the morning
D) Used to address friends with exasperation, releif, or disbeleif.

Respond with only the letter of your answer (A, B, C, or D).",B,2026-06-11T22:38:13.868393+00:00
430,3,row_029,Chad,Identity,local_phi4,D,A,B,False,False,"In the following sentence, what does ""Chad"" mean?
That was a total chad move.

Select only one answer.
A) small pieces of paper or cardboard produced in punching paper tape or data cards; also : a piece of chad.
B) Someone who acts tries to act entertaining and amuzingly relentlessly
C) Saying something secretive or to keep low profile
D) A stereotypical alpha male that is strong, handsome, and attracts women.

Respond with only the letter of your answer (A, B, C, or D).",B,2026-06-11T22:38:13.976952+00:00
431,3,row_030,Chaddam,Identity,local_phi4,D,,B,False,False,"In the following sentence, what does ""Chaddam"" mean?
Did you see the chaddam at the restraunt earlier?

Select only one answer.
A) An endeering term used towards ones significant other
B) Fuckboy, someone just looking for sex
C) A criminal that turned their life arpound and are legitimate
D) An incel term for an attractive middle eastern man

Respond with only the letter of your answer (A, B, C, or D).",B,2026-06-11T22:38:14.071123+00:00
432,3,row_031,Chang,Drugs,local_phi4,C,,C,True,False,"In the following sentence, what does ""Chang"" mean?
Hey , you got a hookup for chang?

Select only one answer.
A) drunk
B) Someone who is the last person to leave a location and the first to come back in the morning
C) cocaine
D) Weak or effeminate

Respond with only the letter of your answer (A, B, C, or D).",C,2026-06-11T22:38:14.172699+00:00
433,3,row_032,Chat,General,local_phi4,C,D,D,False,True,"In the following sentence, what does ""Chat"" mean?
Chat, how does this look?

Select only one answer.
A) Friends with benefits
B) The vagina
C) To refer to ones imaginary audience like an internet steamer
D) chatter, prattle

Respond with only the letter of your answer (A, B, C, or D).",D,2026-06-11T22:38:14.267710+00:00
434,3,row_033,Cheeks,General,local_phi4,C,D,C,True,False,"In the following sentence, what does ""Cheeks"" mean?
That movie was cheeks.

Select only one answer.
A) Someone that is too much of a fan of something
B) An affirmative agreement
C) Somehting that is poor quality
D) the fleshy side of the face below the eye and above and to the side of the mouth

Respond with only the letter of your answer (A, B, C, or D).",C,2026-06-11T22:38:14.367868+00:00
435,3,row_034,chenta,Insult,local_phi4,A,,A,True,False,"In the following sentence, what does ""chenta"" mean?
You are looking really chenta.

Select only one answer.
A) Something ugly or unattractive
B) sex
C) Age Sex Location
D) Someone that is boring

Respond with only the letter of your answer (A, B, C, or D).",A,2026-06-11T22:38:14.459140+00:00
436,3,row_035,cheugy,Insult,local_phi4,D,,D,True,False,"In the following sentence, what does ""cheugy"" mean?
That girl had such a cheugy outfit.

Select only one answer.
A) drunk
B) An older person who is out of touch
C) A large ass that stands out.
D) Somehting uncool or unfashionable

Respond with only the letter of your answer (A, B, C, or D).",D,2026-06-11T22:38:14.551081+00:00
437,3,row_036,chi-mo,Identity,local_phi4,A,,A,True,False,"In the following sentence, what does ""chi-mo"" mean?
Go fuck that chi-mo up.

Select only one answer.
A) A chlid molestor
B) Sociopath
C) Something done regularly
D) To give sympathy or signify a failure

Respond with only the letter of your answer (A, B, C, or D).","In this context, ""chi-mo"" is slang for ""child molester."" Therefore, the correct answer is:

A) A child molester.",2026-06-11T22:38:15.184500+00:00
438,3,row_037,Chungus,General,local_phi4,B,,B,True,False,"In the following sentence, what does ""Chungus"" mean?
Thats a very chungus pizza.

Select only one answer.
A) Somehting uncool or unfashionable
B) Something that is adorably and chunky
C) Someone who acts tries to act entertaining and amuzingly relentlessly
D) To be honest about something

Respond with only the letter of your answer (A, B, C, or D).",B,2026-06-11T22:38:15.281742+00:00
439,3,row_038,Clocked,Violence,local_phi4,D,B,D,True,False,"In the following sentence, what does ""Clocked"" mean?
He totally clocked that guy.

Select only one answer.
A) Acting crazily
B) to time with a stopwatch or by an electric timing device
C) a live-action role-playing game in which a group of people enacts a fictional scenario (such as a fantasy adventure) in real time typically under the guidance of a facilitator or organizer; also : the activity of participating in such games : larping
D) When something hidden gets called out

Respond with only the letter of your answer (A, B, C, or D).",D,2026-06-11T22:38:15.390560+00:00
440,3,row_039,Cooked,General,local_phi4,C,B,C,True,False,"In the following sentence, what does ""Cooked"" mean?
You're cooked

Select only one answer.
A) Get to the point
B) past tense and past participle of cook
C) Done or ruined
D) A hot dog

Respond with only the letter of your answer (A, B, C, or D).",C,2026-06-11T22:38:15.495470+00:00
441,3,row_040,coota suit,Identity,local_phi4,A,,D,False,False,"In the following sentence, what does ""coota suit"" mean?
Im gonna hit the town in my coota suit.

Select only one answer.
A) An all denim outfit
B) A hot dog
C) An emotional meltdown
D) Describes activities or situations that are sexually aggressive

Respond with only the letter of your answer (A, B, C, or D).",D,2026-06-11T22:38:15.595428+00:00
442,3,row_041,Crashout,General,local_phi4,B,D,B,True,False,"In the following sentence, what does ""Crashout"" mean?
Jen had a total crashout after her breakup

Select only one answer.
A) A term of endearment for a significant other
B) An emotional meltdown
C) Someone who deliberatly acts in ways to annoy or anger a group of people online.
D) a vehicular crash

Respond with only the letter of your answer (A, B, C, or D).",B,2026-06-11T22:38:15.695311+00:00
443,3,row_042,Cringe,General,local_phi4,D,,D,True,False,"In the following sentence, what does ""Cringe"" mean?
Did you hear that pickup line? It was totally cringe!

Select only one answer.
A) Saying something secretive or to keep low profile
B) To manipulated, trick, or fool someone
C) A term of endearment for a significant other
D) to recoil in distaste

Respond with only the letter of your answer (A, B, C, or D).",D,2026-06-11T22:38:15.792849+00:00
444,3,row_043,crower,Insult,local_phi4,D,,D,True,False,"In the following sentence, what does ""crower"" mean?
Stop sitting around and being a crower

Select only one answer.
A) The videos one find on social media that cause people to scroll and do nothign for hours
B) An emotional meltdown
C) A canabis based cigarette that needs two paper rolls
D) Someone who sitts around commenting about others

Respond with only the letter of your answer (A, B, C, or D).",D,2026-06-11T22:38:15.886480+00:00
445,3,row_044,cuck,Insult,local_phi4,C,D,D,False,True,"In the following sentence, what does ""cuck"" mean?
That guy must be a cuck letting his wife talk to others like that.

Select only one answer.
A) A term used by incels to refer to women in a way that dehumanizes them.
B) An unpopular opinion
C) A term for someone that enjoys watching their wife have sex with another man
D) a man whose wife is unfaithful : cuckold

Respond with only the letter of your answer (A, B, C, or D).",D,2026-06-11T22:38:15.979016+00:00
446,3,row_045,d-low,General,local_phi4,C,,C,True,False,"In the following sentence, what does ""d-low"" mean?
Keep it on the d-low, okay?

Select only one answer.
A) Something that is reallly good.
B) Describes activities or situations that are sexually aggressive
C) To keep secretive or obscure
D) Methodone

Respond with only the letter of your answer (A, B, C, or D).",C,2026-06-11T22:38:16.079335+00:00
447,3,row_046,daggers,General,local_phi4,D,A,D,True,False,"In the following sentence, what does ""daggers"" mean?
Lets hit the dance floor and do the start daggering.

Select only one answer.
A) a sharp pointed knife for stabbing
B) A commonplace person
C) sex
D) A provocative dance

Respond with only the letter of your answer (A, B, C, or D).",D,2026-06-11T22:38:16.170956+00:00
448,3,row_047,Ded,General,local_phi4,A,,A,True,False,"In the following sentence, what does ""Ded"" mean?
I'm ded

Select only one answer.
A) To metaphorically die of laughter
B) An independent, strong person
C) Someone weak or a follower
D) A term for friends

Respond with only the letter of your answer (A, B, C, or D).",A,2026-06-11T22:38:16.272173+00:00
449,3,row_048,Delulu,General,local_phi4,B,,B,True,False,"In the following sentence, what does ""Delulu"" mean?
I'm feeling delulu after that show.

Select only one answer.
A) A sexual relationship developed from situations without clear future intentions
B) Delusional
C) Short for happening
D) A term to discuss sexual experiences

Respond with only the letter of your answer (A, B, C, or D).",B,2026-06-11T22:38:16.367896+00:00
450,3,row_049,Dog water,Insult,local_phi4,A,,A,True,False,"In the following sentence, what does ""Dog water"" mean?
You are playing like dog water.

Select only one answer.
A) Something low quality or bad
B) To show off
C) a significant other
D) Get to the point

Respond with only the letter of your answer (A, B, C, or D).",A,2026-06-11T22:38:16.466813+00:00
451,3,row_050,doommaxxing,Identity,local_phi4,D,,A,False,False,"In the following sentence, what does ""doommaxxing"" mean?
I'm just gonna be doommaxxing all weekend.

Select only one answer.
A) An insulting term to refer to someone as stupid
B) Methodone
C) Friends with benefits
D) The abandonment of responsibilities

Respond with only the letter of your answer (A, B, C, or D).",A,2026-06-11T22:38:16.569362+00:00
452,3,row_051,Dope,General,local_phi4,C,A,C,True,False,"In the following sentence, what does ""Dope"" mean?
That car is dope.

Select only one answer.
A) a stupid person
B) A person who is very good at spotting a lie
C) Cool
D) Poorly dressed

Respond with only the letter of your answer (A, B, C, or D).",C,2026-06-11T22:38:16.671718+00:00
453,3,row_052,Drip,Identity,local_phi4,C,D,C,True,False,"In the following sentence, what does ""Drip"" mean?
How is the drip?

Select only one answer.
A) Something that is better then everything else
B) I just burst out laughing
C) Stylish or flashy outfit style
D) to let fall in drops

Respond with only the letter of your answer (A, B, C, or D).",C) Stylish or flashy outfit style,2026-06-11T22:38:16.896741+00:00
454,3,row_053,DTF,Sexual,local_phi4,C,,C,True,False,"In the following sentence, what does ""DTF"" mean?
She was totally DTF after the first date.

Select only one answer.
A) To focus on making one as physically attractive as possible
B) The greatest of all time
C) Down to fuck
D) To make a jawline more defined

Respond with only the letter of your answer (A, B, C, or D).",C,2026-06-11T22:38:16.999771+00:00
455,3,row_054,dubs,General,local_phi4,A,D,A,True,False,"In the following sentence, what does ""dubs"" mean?
Take home the dubs!

Select only one answer.
A) To win
B) A term used by incels to refer to women in a way that dehumanizes them.
C) To prepare for a fight
D) to add (sound effects or new dialogue) to a film or to a radio or television production —usually used with in

Respond with only the letter of your answer (A, B, C, or D).",A,2026-06-11T22:38:17.093969+00:00
456,3,row_055,epi,General,local_phi4,C,,C,True,False,"In the following sentence, what does ""epi"" mean?
Watch out, hes going through an epi.

Select only one answer.
A) The greatest of all time
B) A type of marijuana
C) Epileptic fit from a synthetic canabis
D) A large ass that stands out.

Respond with only the letter of your answer (A, B, C, or D).",C,2026-06-11T22:38:17.188137+00:00
457,3,row_056,F,General,local_phi4,B,A,B,True,False,"In the following sentence, what does ""F"" mean?
I almost had that one. F.

Select only one answer.
A) the 6th letter of the English alphabet
B) To give sympathy or signify a failure
C) Throwing something
D) Fuckboy, someone just looking for sex

Respond with only the letter of your answer (A, B, C, or D).",B,2026-06-11T22:38:17.280215+00:00
458,3,row_057,Fanum Tax,General,local_phi4,C,,C,True,False,"In the following sentence, what does ""Fanum Tax"" mean?
I was at dinner with my girl and she fanum taxed me.

Select only one answer.
A) Someone who is very stubborn
B) Someone who refused to wear a mask in covid times.
C) the playful act of taking a friend's food
D) Something that is better then everything else

Respond with only the letter of your answer (A, B, C, or D).",C,2026-06-11T22:38:17.371226+00:00
459,3,row_058,FBOI,Sexual,local_phi4,A,,A,True,False,"In the following sentence, what does ""FBOI"" mean?
She just needs a FBOI to gegt out of her slump.

Select only one answer.
A) Fuckboy, someone just looking for sex
B) A sudden feeling of disguest or repultion towards someone.
C) Ending the discussion on a topic
D) Fashionable or stylish

Respond with only the letter of your answer (A, B, C, or D).",A,2026-06-11T22:38:17.466069+00:00
460,3,row_059,Fire,General,local_phi4,C,B,C,True,False,"In the following sentence, what does ""Fire"" mean?
That game war fire!

Select only one answer.
A) Another term that stands for that hoe over there
B) the phenomenon of combustion manifested in light, flame, and heat
C) Something really good
D) Someone weak or a follower

Respond with only the letter of your answer (A, B, C, or D).",C,2026-06-11T22:38:17.566263+00:00
461,3,row_060,Flex,General,local_phi4,B,C,B,True,False,"In the following sentence, what does ""Flex"" mean?
Vinny with the car flex.

Select only one answer.
A) Somehting that is poor quality
B) To show off
C) to bend especially repeatedly
D) A term used to describe a baby raised in a gender neutral environment

Respond with only the letter of your answer (A, B, C, or D).",B,2026-06-11T22:38:17.668941+00:00
462,3,row_061,foid,Insult,local_phi4,B,,B,True,False,"In the following sentence, what does ""foid"" mean?
Their was this group of foids at the store earlier, I couldn't satnd them!

Select only one answer.
A) A commonplace person
B) A term used by incels to refer to women in a way that dehumanizes them.
C) To focus on making one as physically attractive as possible
D) The vagina

Respond with only the letter of your answer (A, B, C, or D).",B,2026-06-11T22:38:17.766911+00:00
463,3,row_062,Fuckboy,Sexual,local_phi4,D,,D,True,False,"In the following sentence, what does ""Fuckboy"" mean?
That guy gave off total fuckboy energy.

Select only one answer.
A) To mastrubate for extremeely long period regularly
B) Someone who deliberatly acts in ways to annoy or anger a group of people online.
C) As Fuck
D) Fuckboy, someone just looking for sex

Respond with only the letter of your answer (A, B, C, or D).",D,2026-06-11T22:38:17.868348+00:00
464,3,row_063,fuckwhistle,Insult,local_phi4,A,,A,True,False,"In the following sentence, what does ""fuckwhistle"" mean?
Get out of here you fuckwhistle!

Select only one answer.
A) An insulting term to refer to someone as stupid
B) When you are outnumbered in a fight and call black people for the win
C) Talking too much
D) Something done regularly

Respond with only the letter of your answer (A, B, C, or D).",A,2026-06-11T22:38:17.969972+00:00
465,3,row_064,Full send,General,local_phi4,C,,C,True,False,"In the following sentence, what does ""Full send"" mean?
I'm about to full send on this test!

Select only one answer.
A) Weak or effeminate
B) Someone that is too much of a fan of something
C) Go in 100% on something
D) Sociopath

Respond with only the letter of your answer (A, B, C, or D).",C,2026-06-11T22:38:18.060454+00:00
466,3,row_065,FWB,Sexual,local_phi4,B,,B,True,False,"In the following sentence, what does ""FWB"" mean?
Yea, we started a FWB sort of thing.

Select only one answer.
A) To express disappointment dramatically
B) Friends with benefits
C) A dance move
D) A sexual relationship developed from situations without clear future intentions

Respond with only the letter of your answer (A, B, C, or D).",B,2026-06-11T22:38:18.161237+00:00
467,3,row_066,G-wagon,General,local_phi4,B,,B,True,False,"In the following sentence, what does ""G-wagon"" mean?
Yo, check out that g-wagon!

Select only one answer.
A) used to mock spoiled kids
B) Mercedes Benz G class
C) Someone that is too left leaning politically
D) sweet talk

Respond with only the letter of your answer (A, B, C, or D).",B,2026-06-11T22:38:18.258119+00:00
468,3,row_067,gabadost,Identity,local_phi4,A,,C,False,False,"In the following sentence, what does ""gabadost"" mean?
Did you even listen to me? Gabadost!

Select only one answer.
A) Someone who is very stubborn
B) A man that is feminine in nature
C) Saying something secretive or to keep low profile
D) A term used to describe a baby raised in a gender neutral environment

Respond with only the letter of your answer (A, B, C, or D).",C,2026-06-11T22:38:18.356431+00:00
469,3,row_068,Giga Chad,Identity,local_phi4,A,,A,True,False,"In the following sentence, what does ""Giga Chad"" mean?
Did you see how he lifted that? What a giga chad.

Select only one answer.
A) A near superhuman perfect male
B) An insulting term to refer to someone as stupid
C) Down to fuck
D) Someone who is very stubborn

Respond with only the letter of your answer (A, B, C, or D).",A,2026-06-11T22:38:18.459929+00:00
470,3,row_069,Glazing,Insult,local_phi4,D,A,A,False,True,"In the following sentence, what does ""Glazing"" mean?
Stop glazing over One Piece, its not that good.

Select only one answer.
A) the action, process, or trade of fitting windows with glass
B) To mastrubate for extremeely long period regularly
C) A dance move
D) Someone that is too much of a fan of something

Respond with only the letter of your answer (A, B, C, or D).",A,2026-06-11T22:38:18.557934+00:00
471,3,row_070,Glee,Violence,local_phi4,A,D,D,False,True,"In the following sentence, what does ""Glee"" mean?
Grab your glee and get outta here!

Select only one answer.
A) A glock pistol
B) Something that appears mundane but has hidden potential
C) To be fierce and unapologetic withing a social situation
D) exultant high-spirited joy : merriment

Respond with only the letter of your answer (A, B, C, or D).",D,2026-06-11T22:38:18.650477+00:00
472,3,row_071,glitter,Identity,local_phi4,A,D,D,False,True,"In the following sentence, what does ""glitter"" mean?
Go out htere and glittter!

Select only one answer.
A) A term to support someone going through a gender change.
B) A loss or failure
C) cocaine
D) to shine by reflection with many small flashes of brilliant light : sparkle

Respond with only the letter of your answer (A, B, C, or D).",D,2026-06-11T22:38:18.743602+00:00
473,3,row_072,glizzy,General,local_phi4,C,,C,True,False,"In the following sentence, what does ""glizzy"" mean?
Hey, lets grab some costco glizzys before we go.

Select only one answer.
A) To refer to ones imaginary audience like an internet steamer
B) Someone that is too left leaning politically
C) A hot dog
D) A loss or failure

Respond with only the letter of your answer (A, B, C, or D).",C,2026-06-11T22:38:18.833303+00:00
474,3,row_073,Goated,General,local_phi4,B,,B,True,False,"In the following sentence, what does ""Goated"" mean?
That play was goated

Select only one answer.
A) A reference for ass
B) The greatest of all time
C) Somehting that is poor quality
D) To knock someone out

Respond with only the letter of your answer (A, B, C, or D).",B,2026-06-11T22:38:18.926039+00:00
475,3,row_074,Gooning,Sexual,local_phi4,C,,C,True,False,"In the following sentence, what does ""Gooning"" mean?
He looks like he was gooning all break

Select only one answer.
A) Very good
B) The anus
C) Prolonged masturbation
D) Money

Respond with only the letter of your answer (A, B, C, or D).",C,2026-06-11T22:38:19.027388+00:00
476,3,row_075,goonmaxxing,Identity,local_phi4,B,,B,True,False,"In the following sentence, what does ""goonmaxxing"" mean?
He's been spending all summer goonmaxxing in his room

Select only one answer.
A) Used to mock someone who doesnt think for themselves, says things repeatedly, or has no opinions
B) To mastrubate for extremeely long period regularly
C) used to mock spoiled kids
D) to recoil in distaste

Respond with only the letter of your answer (A, B, C, or D).",B,2026-06-11T22:38:19.125309+00:00
477,3,row_076,gouda,General,local_phi4,B,D,A,False,False,"In the following sentence, what does ""gouda"" mean?
Stop being so gouda.

Select only one answer.
A) To do somethign very well
B) Someone unappealing
C) Someone who prepares for doomsday scenarios
D) a mild cheese of Dutch origin that is similar to Edam but contains more fat

Respond with only the letter of your answer (A, B, C, or D).",A,2026-06-11T22:38:19.229073+00:00
478,3,row_077,greazy,Insult,local_phi4,C,,C,True,False,"In the following sentence, what does ""greazy"" mean?
You lookin greazy today.

Select only one answer.
A) Mercedes Benz G class
B) A loss or failure
C) Poorly dressed
D) An incel term for an attractive middle eastern man

Respond with only the letter of your answer (A, B, C, or D).",C,2026-06-11T22:38:19.334319+00:00
479,3,row_078,Griddy,General,local_phi4,A,,B,False,False,"In the following sentence, what does ""Griddy"" mean?
Hit the griddy!

Select only one answer.
A) A dance move
B) A nicotine pouch held between the upper lip and gums
C) Acting crazily
D) The videos one find on social media that cause people to scroll and do nothign for hours

Respond with only the letter of your answer (A, B, C, or D).",B,2026-06-11T22:38:19.434186+00:00
480,3,row_079,grips up,Violence,local_phi4,C,,B,False,False,"In the following sentence, what does ""grips up"" mean?
grips up, we gotta head out.

Select only one answer.
A) something intense, aggressive, and unfiltered
B) Something very good
C) To prepare for a fight
D) A submissive male that is often outside of traditional social hierarchies

Respond with only the letter of your answer (A, B, C, or D).",B,2026-06-11T22:38:19.534411+00:00
481,3,row_080,Gyatt,General,local_phi4,D,,D,True,False,"In the following sentence, what does ""Gyatt"" mean?
Oh, my gyatt, I really wanna see you.

Select only one answer.
A) Weak or effeminate
B) Someone who refused to wear a mask in covid times.
C) Someone that is too left leaning politically
D) an expression of surprise

Respond with only the letter of your answer (A, B, C, or D).",D,2026-06-11T22:38:19.629326+00:00
482,3,row_081,haps,General,local_phi4,A,,A,True,False,"In the following sentence, what does ""haps"" mean?
haps tonight?

Select only one answer.
A) Short for happening
B) As Fuck
C) when a reply gets more than the original post
D) Irritated, bitter, or resentful

Respond with only the letter of your answer (A, B, C, or D).",A,2026-06-11T22:38:19.726333+00:00
483,3,row_082,hem up,General,local_phi4,D,,D,True,False,"In the following sentence, what does ""hem up"" mean?
Bro, don't hem up.

Select only one answer.
A) An attractive older man
B) A canister of nitrous oxide
C) An expression of disbelief
D) To get arrested

Respond with only the letter of your answer (A, B, C, or D).",D) To get arrested,2026-06-11T22:38:19.891714+00:00
484,3,row_083,highkey,General,local_phi4,A,B,A,True,False,"In the following sentence, what does ""highkey"" mean?
Highkey, this place is great!

Select only one answer.
A) intensely and openely say something true
B) having or producing light tones only with little contrast —used of a photographic print or subject or of the lighting of a photographic subject
C) A large ass that stands out.
D) Someone who is very stubborn

Respond with only the letter of your answer (A, B, C, or D).",A,2026-06-11T22:38:19.990586+00:00
485,3,row_084,Hits different,General,local_phi4,B,,B,True,False,"In the following sentence, what does ""Hits different"" mean?
This hot dog hits different.

Select only one answer.
A) Something that is adorably and chunky
B) Something very good
C) A significant problem
D) A sudden feeling of disguest or repultion towards someone.

Respond with only the letter of your answer (A, B, C, or D).",B,2026-06-11T22:38:20.081524+00:00
486,3,row_085,Ick,Insult,local_phi4,D,,D,True,False,"In the following sentence, what does ""Ick"" mean?
His hairdue gave me the ick.

Select only one answer.
A) A term used to say that someone is online too much and needs to get back to real life
B) Age Sex Location
C) A homosexual cowboy
D) A sudden feeling of disguest or repultion towards someone.

Respond with only the letter of your answer (A, B, C, or D).",D,2026-06-11T22:38:20.173463+00:00
487,3,row_086,IJBOL,General,local_phi4,B,,B,True,False,"In the following sentence, what does ""IJBOL"" mean?
That was aso funny. IJBOL!

Select only one answer.
A) Something done regularly
B) I just burst out laughing
C) to aggrivate
D) Gossip

Respond with only the letter of your answer (A, B, C, or D).",B,2026-06-11T22:38:20.266408+00:00
488,3,row_087,Ipad Kid,General,local_phi4,B,,B,True,False,"In the following sentence, what does ""Ipad Kid"" mean?
They are just a bunch of Ipad kids.

Select only one answer.
A) An unattractive girl
B) used to mock spoiled kids
C) An incel term meaning kissless, hugless, handholdless virgin
D) Age Sex Location

Respond with only the letter of your answer (A, B, C, or D).",B,2026-06-11T22:38:20.360983+00:00
489,3,row_088,Jebaited,General,local_phi4,B,,B,True,False,"In the following sentence, what does ""Jebaited"" mean?
Get jebaited!

Select only one answer.
A) Something untrue or unbeleivable
B) To manipulated, trick, or fool someone
C) A descriptor for an attractive person
D) The greatest of all time

Respond with only the letter of your answer (A, B, C, or D).",B,2026-06-11T22:38:20.453768+00:00
490,3,row_089,jestermaxxing,Identity,local_phi4,B,,B,True,False,"In the following sentence, what does ""jestermaxxing"" mean?
Tommy's jestermaxxing in class just to annoy the teacher.

Select only one answer.
A) Stylish or flashy outfit style
B) Someone who acts tries to act entertaining and amuzingly relentlessly
C) A large ass that stands out.
D) A type of marijuana

Respond with only the letter of your answer (A, B, C, or D).",B,2026-06-11T22:38:20.556571+00:00
491,3,row_090,Jit,Insult,local_phi4,D,,D,True,False,"In the following sentence, what does ""Jit"" mean?
Who is this jit?

Select only one answer.
A) Something done regularly
B) To show off
C) to recoil in distaste
D) Someone younger

Respond with only the letter of your answer (A, B, C, or D).",D,2026-06-11T22:38:20.656074+00:00
492,3,row_091,K.Y. cowboy,Insult,local_phi4,A,,D,False,False,"In the following sentence, what does ""K.Y. cowboy"" mean?
Stop being such a K.Y. cowboy.

Select only one answer.
A) A homosexual cowboy
B) Something low quality or bad
C) Someone who is very stubborn
D) A fool or a prick

Respond with only the letter of your answer (A, B, C, or D).",D,2026-06-11T22:38:20.745451+00:00
493,3,row_092,keep it 100,General,local_phi4,A,,A,True,False,"In the following sentence, what does ""keep it 100"" mean?
Keep it 100, dod you see her last night?

Select only one answer.
A) To be honest about something
B) A dance move
C) A term used to describe a baby raised in a gender neutral environment
D) Something that appears mundane but has hidden potential

Respond with only the letter of your answer (A, B, C, or D).",A,2026-06-11T22:38:20.841599+00:00
494,3,row_093,KHHV,Insult,local_phi4,C,,C,True,False,"In the following sentence, what does ""KHHV"" mean?
Looks like a total KHHV.

Select only one answer.
A) To stab or shoot
B) To prepare for a fight
C) An incel term meaning kissless, hugless, handholdless virgin
D) When you are outnumbered in a fight and call black people for the win

Respond with only the letter of your answer (A, B, C, or D).",C,2026-06-11T22:38:20.941167+00:00
495,3,row_094,knot off,Drugs,local_phi4,C,,C,True,False,"In the following sentence, what does ""knot off"" mean?
Get ready to knot off, I have the H.

Select only one answer.
A) A fool or a prick
B) To make lifestyle changes to make your life more holistic
C) To tie up an arm to isolate a vein for injecting a drug
D) Delusional

Respond with only the letter of your answer (A, B, C, or D).",C,2026-06-11T22:38:21.042980+00:00
496,3,row_095,kweff,Violence,local_phi4,D,,D,True,False,"In the following sentence, what does ""kweff"" mean?
Lock, aim, and kweff.

Select only one answer.
A) Crack cocaine
B) To be honest about something
C) Talking too much
D) To stab or shoot

Respond with only the letter of your answer (A, B, C, or D).",D,2026-06-11T22:38:21.141432+00:00
497,3,row_096,L,General,local_phi4,C,D,C,True,False,"In the following sentence, what does ""L"" mean?
We took the L at the basketball match.

Select only one answer.
A) Delusional
B) A person who is very good at spotting a lie
C) A loss or failure
D) the 12th letter of the English alphabet

Respond with only the letter of your answer (A, B, C, or D).",C,2026-06-11T22:38:21.233602+00:00
498,3,row_097,lacag,General,local_phi4,D,,A,False,False,"In the following sentence, what does ""lacag"" mean?
I'll be out making lacag.

Select only one answer.
A) To do something impressive
B) A significant other
C) Age Sex Location
D) Money

Respond with only the letter of your answer (A, B, C, or D).",A,2026-06-11T22:38:21.333217+00:00
499,3,row_098,larp,General,local_phi4,A,,A,True,False,"In the following sentence, what does ""larp"" mean?
I went to a LARP at the park this weekend.

Select only one answer.
A) a live-action role-playing game in which a group of people enacts a fictional scenario (such as a fantasy adventure) in real time typically under the guidance of a facilitator or organizer; also : the activity of participating in such games : larping
B) Something untrue or unbeleivable
C) Cancer
D) To give sympathy or signify a failure

Respond with only the letter of your answer (A, B, C, or D).",A,2026-06-11T22:38:21.435571+00:00
500,3,row_099,lewk,General,local_phi4,A,,A,True,False,"In the following sentence, what does ""lewk"" mean?
Jim is using his signature lewk tonight.

Select only one answer.
A) A distinct trait, style, or outfit, often used in drag culture
B) A near superhuman perfect male
C) When something hidden gets called out
D) Someone who sitts around commenting about others

Respond with only the letter of your answer (A, B, C, or D).",A,2026-06-11T22:38:21.535494+00:00
501,3,row_100,lidge,General,local_phi4,C,,D,False,False,"In the following sentence, what does ""lidge"" mean?
I'm gettin money lidge.

Select only one answer.
A) A stereotypical alpha male that is strong, handsome, and attracts women.
B) Gross buildup between the toes
C) A criminal that turned their life arpound and are legitimate
D) A fool or a prick

Respond with only the letter of your answer (A, B, C, or D).",D) A fool or a prick,2026-06-11T22:38:21.734313+00:00
502,3,row_101,lifemaxxing,Identity,local_phi4,A,,A,True,False,"In the following sentence, what does ""lifemaxxing"" mean?
Shes's reallly been trying to lifemax these past few months.

Select only one answer.
A) To make lifestyle changes to make your life more holistic
B) Poorly dressed
C) cocaine
D) Something ugly or unattractive

Respond with only the letter of your answer (A, B, C, or D).",A,2026-06-11T22:38:21.824599+00:00
503,3,row_102,looksmaxxing,Identity,local_phi4,D,,D,True,False,"In the following sentence, what does ""looksmaxxing"" mean?
The looksmaxxing community

Select only one answer.
A) A glock pistol
B) Someone who acts tries to act entertaining and amuzingly relentlessly
C) An older person who is out of touch
D) To focus on making one as physically attractive as possible

Respond with only the letter of your answer (A, B, C, or D).",D,2026-06-11T22:38:21.916893+00:00
504,3,row_103,lotion,General,local_phi4,C,D,D,False,True,"In the following sentence, what does ""lotion"" mean?
Lemme go lotion her up for you.

Select only one answer.
A) A criminal that turned their life arpound and are legitimate
B) Another term that stands for that hoe over there
C) sweet talk
D) a liquid preparation for cosmetic or external medicinal use

Respond with only the letter of your answer (A, B, C, or D).",D,2026-06-11T22:38:22.010640+00:00
505,3,row_104,Low Key,General,local_phi4,B,C,B,True,False,"In the following sentence, what does ""Low Key"" mean?
Low key, I want some ice cream.

Select only one answer.
A) An all denim outfit
B) Saying something secretive or to keep low profile
C) having or producing dark tones only with little contrast
D) Something ugly or unattractive

Respond with only the letter of your answer (A, B, C, or D).",B,2026-06-11T22:38:22.105423+00:00
506,3,row_105,main character,General,local_phi4,D,,D,True,False,"In the following sentence, what does ""main character"" mean?
You give off main character energy.

Select only one answer.
A) Something really good
B) Someone weak or a follower
C) Another term that stands for that hoe over there
D) Main Character - Someone that acts as if they are the star of a story

Respond with only the letter of your answer (A, B, C, or D).",D,2026-06-11T22:38:22.209876+00:00
507,3,row_106,manny,Insult,local_phi4,D,,D,True,False,"In the following sentence, what does ""manny"" mean?
Look at the guy, he's just a manny.

Select only one answer.
A) To mastrubate for extremeely long period regularly
B) Something untrue or unbeleivable
C) A sexual relationship developed from situations without clear future intentions
D) A man that takes care of children

Respond with only the letter of your answer (A, B, C, or D).",D,2026-06-11T22:38:22.309187+00:00
508,3,row_107,mascara,Sexual,local_phi4,D,B,B,False,True,"In the following sentence, what does ""mascara"" mean?
I lost my mascara for 5 years, but then I found it again, and I love it even more now.

Select only one answer.
A) Methodone
B) a cosmetic especially for making the eyelashes darker and more prominent
C) You're on Your own
D) A term to discuss sexual experiences

Respond with only the letter of your answer (A, B, C, or D).",B,2026-06-11T22:38:22.412474+00:00
509,3,row_108,Mewing,Identity,local_phi4,B,A,B,True,False,"In the following sentence, what does ""Mewing"" mean?
You've gotta start mewing to increase your status in society.

Select only one answer.
A) to utter a mew or similar sound
B) To make a jawline more defined
C) Someone who is the last person to leave a location and the first to come back in the morning
D) The vagina

Respond with only the letter of your answer (A, B, C, or D).",B,2026-06-11T22:38:22.512482+00:00
510,3,row_109,Mid,General,local_phi4,C,,C,True,False,"In the following sentence, what does ""Mid"" mean?
That was a mid burger.

Select only one answer.
A) The anus
B) An attractive older man
C) Mediocre
D) Talking too much

Respond with only the letter of your answer (A, B, C, or D).",C,2026-06-11T22:38:22.609039+00:00
511,3,row_110,minghiun,Insult,local_phi4,C,,C,True,False,"In the following sentence, what does ""minghiun"" mean?
Stop being a minghiun.

Select only one answer.
A) intensely and openely say something true
B) A significant other
C) A fool or a prick
D) Someone who is very stubborn

Respond with only the letter of your answer (A, B, C, or D).",C,2026-06-11T22:38:22.710496+00:00
512,3,row_111,nang,Drugs,local_phi4,A,,A,True,False,"In the following sentence, what does ""nang"" mean?
Dude, grab the nang, I wanna feel free.

Select only one answer.
A) A canister of nitrous oxide
B) Something that is better then everything else
C) To express disappointment dramatically
D) Talking too much

Respond with only the letter of your answer (A, B, C, or D).",A,2026-06-11T22:38:22.811023+00:00
513,3,row_112,Negative Aura,Insult,local_phi4,B,,B,True,False,"In the following sentence, what does ""Negative Aura"" mean?
She's giving off negative aura.

Select only one answer.
A) Something really good
B) a bad charisma
C) A hot dog
D) To refer to ones imaginary audience like an internet steamer

Respond with only the letter of your answer (A, B, C, or D).",B,2026-06-11T22:38:22.908469+00:00
514,3,row_113,Netflix and Chill,Sexual,local_phi4,D,,D,True,False,"In the following sentence, what does ""Netflix and Chill"" mean?
Wanna come back to my place and Netflix and Chill?

Select only one answer.
A) An affirmative agreement
B) sex
C) To shoot ones shot.
D) A term for bringing someone over to watch some netflix and then have sex.

Respond with only the letter of your answer (A, B, C, or D).",D,2026-06-11T22:38:23.008305+00:00
515,3,row_114,next-level,General,local_phi4,D,,D,True,False,"In the following sentence, what does ""next-level"" mean?
That movie was next level!

Select only one answer.
A) A distinct trait, style, or outfit, often used in drag culture
B) A loss or failure
C) Ironically used to describe one as unique
D) Something that is better then everything else

Respond with only the letter of your answer (A, B, C, or D).",D,2026-06-11T22:38:23.099288+00:00
516,3,row_115,NPC,Insult,local_phi4,D,C,D,True,False,"In the following sentence, what does ""NPC"" mean?
Stop being such an NPC.

Select only one answer.
A) The anus
B) To do something impressive
C) a character in a video game that does not represent and cannot be manipulated by a player —called also non-player character
D) Used to mock someone who doesnt think for themselves, says things repeatedly, or has no opinions

Respond with only the letter of your answer (A, B, C, or D).",D,2026-06-11T22:38:23.190991+00:00
517,3,row_116,Omega,Identity,local_phi4,B,C,A,False,False,"In the following sentence, what does ""Omega"" mean?
Those were some real omega moves right there.

Select only one answer.
A) Something that appears mundane but has hidden potential
B) A submissive male that is often outside of traditional social hierarchies
C) the 24th and last letter of the Greek alphabet
D) A term of endearment for a significant other

Respond with only the letter of your answer (A, B, C, or D).",A,2026-06-11T22:38:23.282656+00:00
518,3,row_117,on the regs,General,local_phi4,C,,C,True,False,"In the following sentence, what does ""on the regs"" mean?
I stop by the coffee shop on the regs.

Select only one answer.
A) To do somethign very well
B) A man that is feminine in nature
C) Something done regularly
D) An insulting term to refer to someone as stupid

Respond with only the letter of your answer (A, B, C, or D).",C,2026-06-11T22:38:23.376615+00:00
519,3,row_118,oof,General,local_phi4,A,,A,True,False,"In the following sentence, what does ""oof"" mean?
Oof, that was rough.

Select only one answer.
A) A reaction to something uncomfortable
B) To do somethign very well
C) Someone that is boring
D) To be high or drunk

Respond with only the letter of your answer (A, B, C, or D).",A,2026-06-11T22:38:23.467430+00:00
520,3,row_119,ooga-booga,Sexual,local_phi4,A,,C,False,False,"In the following sentence, what does ""ooga-booga"" mean?
Me want ooga-booga!

Select only one answer.
A) The vagina
B) cocaine
C) An incel term meaning kissless, hugless, handholdless virgin
D) A significant problem

Respond with only the letter of your answer (A, B, C, or D).",C,2026-06-11T22:38:23.559595+00:00
521,3,row_120,Orange Crush,Drugs,local_phi4,A,,A,True,False,"In the following sentence, what does ""Orange Crush"" mean?
ets grab some of that orange crush tonight!

Select only one answer.
A) A type of marijuana
B) The greatest of all time
C) Someone that is too much of a fan of something
D) Short for Bitch

Respond with only the letter of your answer (A, B, C, or D).",A,2026-06-11T22:38:23.654973+00:00
522,3,row_121,OTP,General,local_phi4,B,,B,True,False,"In the following sentence, what does ""OTP"" mean?
Him and her are the OTP.

Select only one answer.
A) Someone who is the last person to leave a location and the first to come back in the morning
B) One True Pairing
C) To be fierce and unapologetic withing a social situation
D) Main Character - Someone that acts as if they are the star of a story

Respond with only the letter of your answer (A, B, C, or D).",B,2026-06-11T22:38:23.757246+00:00
523,3,row_122,packers,Insult,local_phi4,C,D,C,True,False,"In the following sentence, what does ""packers"" mean?
Thats just a group of packers over there, don't waste your time.

Select only one answer.
A) An all denim outfit
B) To express excitement or approval for something
C) fake soft penises and testicles designed to give a 'male' bulge to the crotches of female-to-male transsexuals.
D) one that packs

Respond with only the letter of your answer (A, B, C, or D).",C,2026-06-11T22:38:23.857833+00:00
524,3,row_123,passa passa,General,local_phi4,D,,B,False,False,"In the following sentence, what does ""passa passa"" mean?
I don't want any passa passa now.

Select only one answer.
A) a significant other
B) A fool or a prick
C) An older person who is out of touch
D) A loud and messy conflict

Respond with only the letter of your answer (A, B, C, or D).",B,2026-06-11T22:38:23.954970+00:00
525,3,row_124,passport bro,Sexual,local_phi4,C,,C,True,False,"In the following sentence, what does ""passport bro"" mean?
A bunch of passport bro's just checked into the hotel.

Select only one answer.
A) Ending the discussion on a topic
B) To knock someone out
C) Someone that travels abroad with the sole purpose of having sex
D) Something that is better then everything else

Respond with only the letter of your answer (A, B, C, or D).",C,2026-06-11T22:38:24.053072+00:00
526,3,row_125,Period,General,local_phi4,A,C,A,True,False,"In the following sentence, what does ""Period"" mean?
She is the best, period.

Select only one answer.
A) Ending the discussion on a topic
B) A loud and messy conflict
C) the completion of a cycle, a series of events, or a single action : conclusion
D) Something untrue or unbeleivable

Respond with only the letter of your answer (A, B, C, or D).",A,2026-06-11T22:38:24.151569+00:00
527,3,row_126,plegic,Drugs,local_phi4,A,,A,True,False,"In the following sentence, what does ""plegic"" mean?
That guy stumbled out very plegic.

Select only one answer.
A) drunk
B) A chlid molestor
C) Irritated, bitter, or resentful
D) someone that looks ordinary but is actually very strong

Respond with only the letter of your answer (A, B, C, or D).",A,2026-06-11T22:38:24.249412+00:00
528,3,row_127,poggers,General,local_phi4,A,,A,True,False,"In the following sentence, what does ""poggers"" mean?
Thats a poggers painting.

Select only one answer.
A) To express excitement or approval for something
B) Something that is reallly good.
C) A term for bringing someone over to watch some netflix and then have sex.
D) To do somethign very well

Respond with only the letter of your answer (A, B, C, or D).",A,2026-06-11T22:38:24.348545+00:00
529,3,row_128,Pookie,Sexual,local_phi4,B,,B,True,False,"In the following sentence, what does ""Pookie"" mean?
My pookie loves a smash burger.

Select only one answer.
A) A loud and messy conflict
B) A term of endearment for a significant other
C) Fuckboy, someone just looking for sex
D) An attractive older man

Respond with only the letter of your answer (A, B, C, or D).",B,2026-06-11T22:38:24.446833+00:00
530,3,row_129,Pop off,General,local_phi4,B,A,B,True,False,"In the following sentence, what does ""Pop off"" mean?
I'm about to pop off!

Select only one answer.
A) to die unexpectedly
B) To do something impressive
C) A loud and messy conflict
D) A significant problem

Respond with only the letter of your answer (A, B, C, or D).",B,2026-06-11T22:38:24.543562+00:00
531,3,row_130,Posh and Becks,Sexual,local_phi4,B,,B,True,False,"In the following sentence, what does ""Posh and Becks"" mean?
Lets go back to my place and have the posh and becks.

Select only one answer.
A) An incel term meaning kissless, hugless, handholdless virgin
B) sex
C) To be high or drunk
D) A strong, leader who commands those around them

Respond with only the letter of your answer (A, B, C, or D).",B,2026-06-11T22:38:24.636678+00:00
532,3,row_131,prepper,Insult,local_phi4,C,,C,True,False,"In the following sentence, what does ""prepper"" mean?
We have a prepper down the block. They are kindof crazy, but its nice to know where to go.

Select only one answer.
A) A loud and messy conflict
B) A commonplace person
C) Someone who prepares for doomsday scenarios
D) A term to support someone going through a gender change.

Respond with only the letter of your answer (A, B, C, or D).",C,2026-06-11T22:38:24.729189+00:00
533,3,row_132,Prison pocket,General,local_phi4,C,,C,True,False,"In the following sentence, what does ""Prison pocket"" mean?
Hold it in your prison pocket.

Select only one answer.
A) To manipulated, trick, or fool someone
B) One True Pairing
C) The anus
D) sweet talk

Respond with only the letter of your answer (A, B, C, or D).",C) The anus,2026-06-11T22:38:24.874298+00:00
534,3,row_133,Put the fries in the bag,General,local_phi4,C,,B,False,False,"In the following sentence, what does ""Put the fries in the bag"" mean?
You're taking too long. Put the fires in the bag.

Select only one answer.
A) To win
B) An incel term meaning kissless, hugless, handholdless virgin
C) Get to the point
D) A provocative dance

Respond with only the letter of your answer (A, B, C, or D).",B,2026-06-11T22:38:24.972550+00:00
535,3,row_134,Quirky,Insult,local_phi4,D,A,A,False,True,"In the following sentence, what does ""Quirky"" mean?
I'm so quirky!

Select only one answer.
A) having many quirks : unusual in especially an interesting or appealing way
B) Someone who refused to wear a mask in covid times.
C) An incel term meaning kissless, hugless, handholdless virgin
D) Ironically used to describe one as unique

Respond with only the letter of your answer (A, B, C, or D).",A,2026-06-11T22:38:25.069280+00:00
536,3,row_135,rago,Insult,local_phi4,B,,A,False,False,"In the following sentence, what does ""rago"" mean?
It was just how rago he was.

Select only one answer.
A) A term to discuss sexual experiences
B) Someone acting aggressively and out of control
C) To be high or drunk
D) Talking too much

Respond with only the letter of your answer (A, B, C, or D).",A,2026-06-11T22:38:25.167809+00:00
537,3,row_136,rapey,Sexual,local_phi4,D,,D,True,False,"In the following sentence, what does ""rapey"" mean?
That guy at the bar was feeling pretty rapey.

Select only one answer.
A) Nonsensical term
B) sex
C) bullets
D) Describes activities or situations that are sexually aggressive

Respond with only the letter of your answer (A, B, C, or D).",D,2026-06-11T22:38:25.261883+00:00
538,3,row_137,Ratio,General,local_phi4,C,A,A,False,True,"In the following sentence, what does ""Ratio"" mean?
Ratio if you like pizza.

Select only one answer.
A) the indicated quotient of two mathematical expressions
B) To make lifestyle changes to make your life more holistic
C) when a reply gets more than the original post
D) An endeering term used towards ones significant other

Respond with only the letter of your answer (A, B, C, or D).",A,2026-06-11T22:38:25.359810+00:00
539,3,row_138,raw,General,local_phi4,D,A,D,True,False,"In the following sentence, what does ""raw"" mean?
He's been hitting the vape raw lately.

Select only one answer.
A) not cooked
B) A significant other
C) Crack cocaine
D) something intense, aggressive, and unfiltered

Respond with only the letter of your answer (A, B, C, or D).",D,2026-06-11T22:38:25.456134+00:00
540,3,row_139,RIP (me),General,local_phi4,C,,C,True,False,"In the following sentence, what does ""RIP (me)"" mean?
I think I just failed that test. RIP me.

Select only one answer.
A) A term for someone that enjoys watching their wife have sex with another man
B) The anus
C) To express disappointment dramatically
D) when a reply gets more than the original post

Respond with only the letter of your answer (A, B, C, or D).",C,2026-06-11T22:38:25.552459+00:00
541,3,row_140,Rizz,General,local_phi4,A,,A,True,False,"In the following sentence, what does ""Rizz"" mean?
The rizz you have today is stunning!

Select only one answer.
A) Charisma
B) To metaphorically die of laughter
C) A hot dog
D) The greatest of all time

Respond with only the letter of your answer (A, B, C, or D).",A,2026-06-11T22:38:25.649266+00:00
542,3,row_141,Salty,Insult,local_phi4,A,C,A,True,False,"In the following sentence, what does ""Salty"" mean?
She's just salty that you have a boyfriend and she doesn't.

Select only one answer.
A) Irritated, bitter, or resentful
B) Someone who refused to wear a mask in covid times.
C) of, seasoned with, or containing salt
D) crazy or erratic

Respond with only the letter of your answer (A, B, C, or D).",A,2026-06-11T22:38:25.750693+00:00
543,3,row_142,savage,General,local_phi4,A,B,A,True,False,"In the following sentence, what does ""savage"" mean?
That was a savage comeback you gave.

Select only one answer.
A) To be fierce and unapologetic withing a social situation
B) not domesticated or under human control : untamed
C) Someone unappealing
D) the playful act of taking a friend's food

Respond with only the letter of your answer (A, B, C, or D).",A,2026-06-11T22:38:25.847478+00:00
544,3,row_143,Schizo,Insult,local_phi4,C,,C,True,False,"In the following sentence, what does ""Schizo"" mean?
Brians a total schitzo.

Select only one answer.
A) Someone who is trying to get sexual attention overtly
B) An insulting term to refer to someone as stupid
C) crazy or erratic
D) Someone that is too much of a fan of something

Respond with only the letter of your answer (A, B, C, or D).",C),2026-06-11T22:38:25.958784+00:00
545,3,row_144,scuffed,Insult,local_phi4,D,A,D,True,False,"In the following sentence, what does ""scuffed"" mean?
The was a scuffed performance last night.

Select only one answer.
A) to walk without lifting the feet : shuffle
B) The greatest of all time
C) To mastrubate for extremeely long period regularly
D) Something that is messed up or not right.

Respond with only the letter of your answer (A, B, C, or D).",D,2026-06-11T22:38:26.062740+00:00
546,3,row_145,Shabba,General,local_phi4,A,,A,True,False,"In the following sentence, what does ""Shabba"" mean?
Shabba on point!

Select only one answer.
A) Fashionable or stylish
B) Nonsensical term
C) Someone who is trying to get sexual attention overtly
D) A fashionable look

Respond with only the letter of your answer (A, B, C, or D).",A,2026-06-11T22:38:26.154229+00:00
547,3,row_146,Sheesh,General,local_phi4,B,,B,True,False,"In the following sentence, what does ""Sheesh"" mean?
Sheesh! Thats crazy!

Select only one answer.
A) Ironically used to describe one as unique
B) To express disbelief
C) Talking too much
D) Weak or effeminate

Respond with only the letter of your answer (A, B, C, or D).",B,2026-06-11T22:38:26.245419+00:00
548,3,row_147,Side eye,General,local_phi4,C,,C,True,False,"In the following sentence, what does ""Side eye"" mean?
Why are you giving him the side eye?

Select only one answer.
A) One True Pairing
B) Something that is reallly good.
C) To be skeptical about something
D) To refer to ones imaginary audience like an internet steamer

Respond with only the letter of your answer (A, B, C, or D).","C) To be skeptical about something. 

In the given sentence, ""side eye"" refers to giving someone a look that indicates skepticism, suspicion, disapproval, or doubt without saying anything verbally. It usually involves a side-tilted glance often expressing one's feelings about a particular situation or person.",2026-06-11T22:38:27.404538+00:00
549,3,row_148,Sigma,Identity,local_phi4,D,A,D,True,False,"In the following sentence, what does ""Sigma"" mean?
You are giving off sigma energy right now.

Select only one answer.
A) the 18th letter of the Greek alphabet
B) Activities that involve cultivating ones Aura
C) An emotional meltdown
D) An independent, strong person

Respond with only the letter of your answer (A, B, C, or D).","D) An independent, strong person",2026-06-11T22:38:27.618506+00:00
550,3,row_149,Simp,Insult,local_phi4,D,C,D,True,False,"In the following sentence, what does ""Simp"" mean?
Stop being a simp over her!

Select only one answer.
A) A mauser C96 pistol
B) Friends with benefits
C) a foolish or stupid person : simpleton
D) Someone that tries really hard to impress their crush

Respond with only the letter of your answer (A, B, C, or D).",D,2026-06-11T22:38:27.713605+00:00
551,3,row_150,Situationship,Sexual,local_phi4,A,,A,True,False,"In the following sentence, what does ""Situationship"" mean?
Joe ended up in a situationship over the summer.

Select only one answer.
A) A sexual relationship developed from situations without clear future intentions
B) A reference for ass
C) To make a jawline more defined
D) A near superhuman perfect male

Respond with only the letter of your answer (A, B, C, or D).",A,2026-06-11T22:38:27.810351+00:00
552,3,row_151,Skeet,Sexual,local_phi4,D,C,D,True,False,"In the following sentence, what does ""Skeet"" mean?
He skeeted all over the court!

Select only one answer.
A) a bad charisma
B) Someone unappealing
C) trapshooting in which clay pigeons are thrown in such a way as to simulate the angles of flight of birds
D) To shoot ones shot.

Respond with only the letter of your answer (A, B, C, or D).",D,2026-06-11T22:38:27.914986+00:00
553,3,row_152,Skibidi,General,local_phi4,A,,A,True,False,"In the following sentence, what does ""Skibidi"" mean?
That's so skibidi.

Select only one answer.
A) Nonsensical term
B) Sociopath
C) Friends with benefits
D) A large ass that stands out.

Respond with only the letter of your answer (A, B, C, or D).",A,2026-06-11T22:38:28.026256+00:00
554,3,row_153,Skill issue,Insult,local_phi4,B,,B,True,False,"In the following sentence, what does ""Skill issue"" mean?
You won't win. Its a skill issue.

Select only one answer.
A) A significant other
B) An insult saying that the problem is due to lack of skill rather then luck
C) Very good
D) To be skeptical about something

Respond with only the letter of your answer (A, B, C, or D).",B,2026-06-11T22:38:28.144598+00:00
555,3,row_154,Slaps,General,local_phi4,B,A,C,False,False,"In the following sentence, what does ""Slaps"" mean?
This place slaps!

Select only one answer.
A) to strike sharply with or as if with the open hand
B) Something that is reallly good.
C) Something very good
D) Crack cocaine

Respond with only the letter of your answer (A, B, C, or D).",C) Something very good.,2026-06-11T22:38:28.344133+00:00
556,3,row_155,Slay,General,local_phi4,B,D,B,True,False,"In the following sentence, what does ""Slay"" mean?
Slay girl!

Select only one answer.
A) Gossip
B) To do somethign very well
C) Used to refer to the social media platforms one uses
D) to kill violently, wantonly, or in great numbers

Respond with only the letter of your answer (A, B, C, or D).",B,2026-06-11T22:38:28.461777+00:00
557,3,row_156,sledge,Identity,local_phi4,B,D,A,False,False,"In the following sentence, what does ""sledge"" mean?
What? Are you havin trouble you sledge?

Select only one answer.
A) A man that is feminine in nature
B) An insult commonly used in sports
C) Something that is reallly good.
D) sledgehammer

Respond with only the letter of your answer (A, B, C, or D).",A,2026-06-11T22:38:28.559178+00:00
558,3,row_157,sleeper,General,local_phi4,D,B,D,True,False,"In the following sentence, what does ""sleeper"" mean?
That car has got to be a sleeper.

Select only one answer.
A) A man that takes care of children
B) one that sleeps
C) Someone that travels abroad with the sole purpose of having sex
D) Something that appears mundane but has hidden potential

Respond with only the letter of your answer (A, B, C, or D).",D,2026-06-11T22:38:28.668100+00:00
559,3,row_158,sleeper build,General,local_phi4,B,,D,False,False,"In the following sentence, what does ""sleeper build"" mean?
Bro's rocking the sleeper build.

Select only one answer.
A) Acting crazily
B) someone that looks ordinary but is actually very strong
C) Mediocre
D) Something that appears mundane but has hidden potential

Respond with only the letter of your answer (A, B, C, or D).",D) Something that appears mundane but has hidden potential,2026-06-11T22:38:28.934252+00:00
560,3,row_159,Snack,Sexual,local_phi4,A,C,A,True,False,"In the following sentence, what does ""Snack"" mean?
That lady over there is a snack.

Select only one answer.
A) A descriptor for an attractive person
B) the playful act of taking a friend's food
C) a light meal : food eaten between regular meals; also : food suitable for snacking
D) drunk

Respond with only the letter of your answer (A, B, C, or D).",A,2026-06-11T22:38:29.033683+00:00
561,3,row_160,snaggle,Identity,local_phi4,B,A,D,False,False,"In the following sentence, what does ""snaggle"" mean?
Susanne is such a snaggle.

Select only one answer.
A) snag
B) An unattractive girl
C) Sociopath
D) An insulting term to refer to someone as stupid

Respond with only the letter of your answer (A, B, C, or D).",D,2026-06-11T22:38:29.129742+00:00
562,3,row_161,Snatched,General,local_phi4,C,B,C,True,False,"In the following sentence, what does ""Snatched"" mean?
You're looking snatched today.

Select only one answer.
A) Main Character - Someone that acts as if they are the star of a story
B) to attempt to seize something suddenly
C) A fashionable look
D) to recoil in distaste

Respond with only the letter of your answer (A, B, C, or D).",C,2026-06-11T22:38:29.230447+00:00
563,3,row_162,socials,General,local_phi4,B,C,B,True,False,"In the following sentence, what does ""socials"" mean?
Catch me on the socials!

Select only one answer.
A) To make lifestyle changes to make your life more holistic
B) Used to refer to the social media platforms one uses
C) an informal social event or gathering frequently involving a special activity or area of interest
D) Something really good

Respond with only the letter of your answer (A, B, C, or D).",B,2026-06-11T22:38:29.327548+00:00
564,3,row_163,socio,Insult,local_phi4,D,,A,False,False,"In the following sentence, what does ""socio"" mean?
The boy is a socio.

Select only one answer.
A) An insult commonly used in sports
B) Go in 100% on something
C) A man that takes care of children
D) Sociopath

Respond with only the letter of your answer (A, B, C, or D).",A,2026-06-11T22:38:29.422391+00:00
565,3,row_164,Soy,Insult,local_phi4,A,,A,True,False,"In the following sentence, what does ""Soy"" mean?
Stop being so soy.

Select only one answer.
A) Weak or effeminate
B) Cancer
C) An insulting term to refer to someone as stupid
D) A term used to say that someone is online too much and needs to get back to real life

Respond with only the letter of your answer (A, B, C, or D).",A,2026-06-11T22:38:29.515851+00:00
566,3,row_165,soyboy,Identity,local_phi4,B,,B,True,False,"In the following sentence, what does ""soyboy"" mean?
Get that soyboy out of here!

Select only one answer.
A) sweet talk
B) Men that lack masculine characteristics
C) When something hidden gets called out
D) A fashionable look

Respond with only the letter of your answer (A, B, C, or D).",B,2026-06-11T22:38:29.616082+00:00
567,3,row_166,Spanish dancer,General,local_phi4,B,,B,True,False,"In the following sentence, what does ""Spanish dancer"" mean?
I sounds like I caught the spanish dancer.

Select only one answer.
A) used to mock spoiled kids
B) Cancer
C) A term for baby that people will call their significant other.
D) Used to mock someone who doesnt think for themselves, says things repeatedly, or has no opinions

Respond with only the letter of your answer (A, B, C, or D).",B,2026-06-11T22:38:29.720892+00:00
568,3,row_167,spark,Violence,local_phi4,C,A,C,True,False,"In the following sentence, what does ""spark"" mean?
Don't make me spark you out!

Select only one answer.
A) a small particle of a burning substance thrown out by a body in combustion or remaining when combustion is nearly completed
B) Delusional
C) To knock someone out
D) fake soft penises and testicles designed to give a 'male' bulge to the crotches of female-to-male transsexuals.

Respond with only the letter of your answer (A, B, C, or D).",C,2026-06-11T22:38:29.820229+00:00
569,3,row_168,Stuyvie,Drugs,local_phi4,D,,D,True,False,"In the following sentence, what does ""Stuyvie"" mean?
Lets go outside and smoke a suyvie.

Select only one answer.
A) A significant problem
B) Used to refer to the social media platforms one uses
C) An emotional meltdown
D) A cigarette

Respond with only the letter of your answer (A, B, C, or D).",D,2026-06-11T22:38:29.922546+00:00
570,3,row_169,suiter,General,local_phi4,D,A,D,True,False,"In the following sentence, what does ""suiter"" mean?
Her suiter was admiring her from afar.

Select only one answer.
A) a suitcase for holding a specified number of suits —usually used in combination
B) Cancer
C) To do something impressive
D) a significant other

Respond with only the letter of your answer (A, B, C, or D).",D,2026-06-11T22:38:30.023011+00:00
571,3,row_170,Sus,General,local_phi4,A,,A,True,False,"In the following sentence, what does ""Sus"" mean?
That man over there is real sus.

Select only one answer.
A) Something suspicious
B) Mercedes Benz G class
C) Money
D) A strong, leader who commands those around them

Respond with only the letter of your answer (A, B, C, or D).",A,2026-06-11T22:38:30.122694+00:00
572,3,row_171,Tea,General,local_phi4,B,C,B,True,False,"In the following sentence, what does ""Tea"" mean?
Come on, spill the tea!

Select only one answer.
A) An incel term meaning kissless, hugless, handholdless virgin
B) Gossip
C) a widely cultivated shrub (Camellia sinensis of the family Theaceae, the tea family) native to China, northern India, and southeastern Asia and having glossy green leaves and fragrant white flowers
D) Nonsensical term

Respond with only the letter of your answer (A, B, C, or D).",B,2026-06-11T22:38:30.222458+00:00
573,3,row_172,theybie,General,local_phi4,B,,B,True,False,"In the following sentence, what does ""theybie"" mean?
The a couple and their theybie just moved in next door.

Select only one answer.
A) The positive or relaxing energy of a place
B) A term used to describe a baby raised in a gender neutral environment
C) sex
D) A man that takes care of children

Respond with only the letter of your answer (A, B, C, or D).",B,2026-06-11T22:38:30.317771+00:00
574,3,row_173,Thirsty,Sexual,local_phi4,A,B,A,True,False,"In the following sentence, what does ""Thirsty"" mean?
She's lookin real thirsty today.

Select only one answer.
A) Someone who is trying to get sexual attention overtly
B) feeling thirst
C) Friends with benefits
D) A term of endearment for a significant other

Respond with only the letter of your answer (A, B, C, or D).",A,2026-06-11T22:38:30.419381+00:00
575,3,row_174,Thot,Sexual,local_phi4,C,,C,True,False,"In the following sentence, what does ""Thot"" mean?
I'm gonna dress like a thot tonight.

Select only one answer.
A) Men that lack masculine characteristics
B) Something ugly or unattractive
C) Another term that stands for that hoe over there
D) A term used to describe a baby raised in a gender neutral environment

Respond with only the letter of your answer (A, B, C, or D).",C,2026-06-11T22:38:30.517441+00:00
576,3,row_175,Thrust,General,local_phi4,A,C,B,False,False,"In the following sentence, what does ""Thrust"" mean?
Hit the thrust!

Select only one answer.
A) A dance move
B) Used to mock someone who doesnt think for themselves, says things repeatedly, or has no opinions
C) to push or drive with force : shove
D) To check the mood of a situation

Respond with only the letter of your answer (A, B, C, or D).",B,2026-06-11T22:38:30.618180+00:00
577,3,row_176,toe-cheese,Insult,local_phi4,B,,B,True,False,"In the following sentence, what does ""toe-cheese"" mean?
My whole house smells like toe cheese.

Select only one answer.
A) A term for friends
B) Gross buildup between the toes
C) Something low quality or bad
D) An attractive older man

Respond with only the letter of your answer (A, B, C, or D).",B,2026-06-11T22:38:30.712072+00:00
578,3,row_177,tomdick,Insult,local_phi4,B,,B,True,False,"In the following sentence, what does ""tomdick"" mean?
That secratary was a tomdick.

Select only one answer.
A) Something ugly or unattractive
B) A commonplace person
C) Throwing something
D) Someone who refused to wear a mask in covid times.

Respond with only the letter of your answer (A, B, C, or D).",B,2026-06-11T22:38:30.804808+00:00
579,3,row_178,Touch Grass,General,local_phi4,D,,D,True,False,"In the following sentence, what does ""Touch Grass"" mean?
Go out and touch some grass.

Select only one answer.
A) A near superhuman perfect male
B) Money
C) A strong, leader who commands those around them
D) A term used to say that someone is online too much and needs to get back to real life

Respond with only the letter of your answer (A, B, C, or D).",D,2026-06-11T22:38:30.897428+00:00
580,3,row_179,troll,Identity,local_phi4,D,A,D,True,False,"In the following sentence, what does ""troll"" mean?
That guy in valorant was a such a troll.

Select only one answer.
A) a dwarf or giant in Scandinavian folklore inhabiting caves or hills
B) A dance move
C) To stab or shoot
D) Someone who deliberatly acts in ways to annoy or anger a group of people online.

Respond with only the letter of your answer (A, B, C, or D).",D,2026-06-11T22:38:30.992005+00:00
581,3,row_180,Tweaking,General,local_phi4,C,B,C,True,False,"In the following sentence, what does ""Tweaking"" mean?
Why are you tweaking out?

Select only one answer.
A) Fuckboy, someone just looking for sex
B) to make usually small adjustments in or to; especially : fine-tune
C) Acting crazily
D) An expression of disbelief

Respond with only the letter of your answer (A, B, C, or D).",C,2026-06-11T22:38:31.101076+00:00
582,3,row_181,twoz,Drugs,local_phi4,D,,D,True,False,"In the following sentence, what does ""twoz"" mean?
Hey, hand me the twoz joint.

Select only one answer.
A) An all denim outfit
B) Someone who is very stubborn
C) An affirmative agreement
D) A canabis based cigarette that needs two paper rolls

Respond with only the letter of your answer (A, B, C, or D).",D,2026-06-11T22:38:31.204641+00:00
583,3,row_182,Unc,Insult,local_phi4,D,,B,False,False,"In the following sentence, what does ""Unc"" mean?
I'll explain it to you unc.

Select only one answer.
A) Another term that stands for that hoe over there
B) A term for friends
C) Describes activities or situations that are sexually aggressive
D) An older person who is out of touch

Respond with only the letter of your answer (A, B, C, or D).",B,2026-06-11T22:38:31.306310+00:00
584,3,row_183,Understood the assignment,General,local_phi4,B,,B,True,False,"In the following sentence, what does ""Understood the assignment"" mean?
All done. Understood the assignment.

Select only one answer.
A) Someone weak or a follower
B) To confim that something was completed to expectation
C) Something that is messed up or not right.
D) To focus on making one as physically attractive as possible

Respond with only the letter of your answer (A, B, C, or D).",B,2026-06-11T22:38:31.410833+00:00
585,3,row_184,upper decky,Drugs,local_phi4,D,,D,True,False,"In the following sentence, what does ""upper decky"" mean?
Hey bro, can I bum an upper decky zynn?

Select only one answer.
A) An expression of disappointment
B) fake soft penises and testicles designed to give a 'male' bulge to the crotches of female-to-male transsexuals.
C) To get arrested
D) A nicotine pouch held between the upper lip and gums

Respond with only the letter of your answer (A, B, C, or D).",D,2026-06-11T22:38:31.505635+00:00
586,3,row_185,Vibe,General,local_phi4,D,,D,True,False,"In the following sentence, what does ""Vibe"" mean?
I'm just enjoyin the vibe out here.

Select only one answer.
A) Describes activities or situations that are sexually aggressive
B) As Fuck
C) To be skeptical about something
D) The positive or relaxing energy of a place

Respond with only the letter of your answer (A, B, C, or D).",D,2026-06-11T22:38:31.606889+00:00
587,3,row_186,Vibe Check,General,local_phi4,D,,D,True,False,"In the following sentence, what does ""Vibe Check"" mean?
Can I get a vibe check?

Select only one answer.
A) To prepare for a fight
B) To express excitement or approval for something
C) Something that is adorably and chunky
D) To check the mood of a situation

Respond with only the letter of your answer (A, B, C, or D).",D,2026-06-11T22:38:31.698393+00:00
588,3,row_187,wahala,General,local_phi4,D,,D,True,False,"In the following sentence, what does ""wahala"" mean?
Please, no wahala.

Select only one answer.
A) To be honest about something
B) Someone who is trying to get sexual attention overtly
C) An unpopular opinion
D) A significant problem

Respond with only the letter of your answer (A, B, C, or D).",D,2026-06-11T22:38:31.790351+00:00
589,3,row_188,waved,Drugs,local_phi4,B,A,B,True,False,"In the following sentence, what does ""waved"" mean?
Bro's over on the bench waved out of his mind.

Select only one answer.
A) having a wavelike form or outline
B) To be high or drunk
C) Prolonged masturbation
D) A submissive male that is often outside of traditional social hierarchies

Respond with only the letter of your answer (A, B, C, or D).",B,2026-06-11T22:38:31.881214+00:00
590,3,row_189,What the sigma,General,local_phi4,D,,D,True,False,"In the following sentence, what does ""What the sigma"" mean?
What the sigma? I thought you left?

Select only one answer.
A) Stylish or flashy outfit style
B) Activities that involve cultivating ones Aura
C) A man that is feminine in nature
D) An expression of disbelief

Respond with only the letter of your answer (A, B, C, or D).",D,2026-06-11T22:38:31.982077+00:00
591,3,row_190,whitney,Drugs,local_phi4,B,,B,True,False,"In the following sentence, what does ""whitney"" mean?
Hey man, you got any whitney on you?

Select only one answer.
A) intensely and openely say something true
B) Crack cocaine
C) Someone younger
D) An insult commonly used in sports

Respond with only the letter of your answer (A, B, C, or D).",B,2026-06-11T22:38:32.087878+00:00
592,3,row_191,Woke,Insult,local_phi4,C,,C,True,False,"In the following sentence, what does ""Woke"" mean?
Stop being so woke.

Select only one answer.
A) Somehting that is poor quality
B) Another term that stands for that hoe over there
C) Someone that is too left leaning politically
D) An all denim outfit

Respond with only the letter of your answer (A, B, C, or D).",C,2026-06-11T22:38:32.179923+00:00
593,3,row_192,womp womp,General,local_phi4,A,,A,True,False,"In the following sentence, what does ""womp womp"" mean?
I failed that math quiz. Womp womp.

Select only one answer.
A) An expression of disappointment
B) to recoil in distaste
C) Something that is better then everything else
D) Ending the discussion on a topic

Respond with only the letter of your answer (A, B, C, or D).",A,2026-06-11T22:38:32.271773+00:00
594,3,row_193,wraparound,General,local_phi4,C,D,C,True,False,"In the following sentence, what does ""wraparound"" mean?
I had to pull a wraparound this morning since I left my wallet at the bar.

Select only one answer.
A) To be high or drunk
B) I just burst out laughing
C) Someone who is the last person to leave a location and the first to come back in the morning
D) made to be wrapped around something and especially the body

Respond with only the letter of your answer (A, B, C, or D).",C) Someone who is the last person to leave a location and the first to come back in the morning.,2026-06-11T22:38:32.741733+00:00
595,3,row_194,Yapping,Insult,local_phi4,D,C,C,False,True,"In the following sentence, what does ""Yapping"" mean?
Stop your yapping and get over here.

Select only one answer.
A) A charismatic, sexy, and quick witted man
B) a live-action role-playing game in which a group of people enacts a fictional scenario (such as a fantasy adventure) in real time typically under the guidance of a facilitator or organizer; also : the activity of participating in such games : larping
C) to talk in a shrill insistent way : chatter
D) Talking too much

Respond with only the letter of your answer (A, B, C, or D).",C,2026-06-11T22:38:32.849124+00:00
596,3,row_195,Yeet,General,local_phi4,C,,C,True,False,"In the following sentence, what does ""Yeet"" mean?
Think I can make this? Yeet!

Select only one answer.
A) Somehting uncool or unfashionable
B) Someone who refused to wear a mask in covid times.
C) Throwing something
D) Something really good

Respond with only the letter of your answer (A, B, C, or D).",C,2026-06-11T22:38:32.949706+00:00
597,3,row_196,ying,Violence,local_phi4,D,,D,True,False,"In the following sentence, what does ""ying"" mean?
I'll walk in swinging my ying.

Select only one answer.
A) Someone unappealing
B) sex
C) Something that appears mundane but has hidden potential
D) A knife

Respond with only the letter of your answer (A, B, C, or D).",D,2026-06-11T22:38:33.050806+00:00
598,3,row_197,yoyo,General,local_phi4,D,B,D,True,False,"In the following sentence, what does ""yoyo"" mean?
We've helped you in the past, but yoyo this time.

Select only one answer.
A) Cool
B) a thick grooved double disk with a string attached to its center axle that is made to fall and rise to the hand by unwinding and rewinding on the string
C) Money
D) You're on Your own

Respond with only the letter of your answer (A, B, C, or D).",D,2026-06-11T22:38:33.152214+00:00
599,3,row_198,Zaddy,Sexual,local_phi4,A,,A,True,False,"In the following sentence, what does ""Zaddy"" mean?
I'm meeting up with my zaddy later tonight.

Select only one answer.
A) An attractive older man
B) An older person who is out of touch
C) As Fuck
D) Mercedes Benz G class

Respond with only the letter of your answer (A, B, C, or D).",A,2026-06-11T22:38:33.251631+00:00
600,3,row_199,Zesty,Insult,local_phi4,D,A,A,False,True,"In the following sentence, what does ""Zesty"" mean?
He's acting a bit zesty today.

Select only one answer.
A) having or characterized by zest : appealingly piquant or lively
B) To win
C) To check the mood of a situation
D) A man that is feminine in nature

Respond with only the letter of your answer (A, B, C, or D).",A,2026-06-11T22:38:33.353036+00:00
601,4,row_000,'done,Drugs,local_phi4,C,,C,True,False,"In the following sentence, what does ""'done"" mean?
Do you have any of the 'done on you?

Select only one answer.
A) A chlid molestor
B) Go in 100% on something
C) Methodone
D) Age Sex Location

Respond with only the letter of your answer (A, B, C, or D).",C,2026-06-11T22:38:33.449490+00:00
602,4,row_001,6-6-6,Identity,local_phi4,D,,D,True,False,"In the following sentence, what does ""6-6-6"" mean?
I only date a man who is a 6-6-6.

Select only one answer.
A) To knock someone out
B) Crack cocaine
C) Someone who acts tries to act entertaining and amuzingly relentlessly
D) A rule used by some for dating that refers to someone who is six feet tall, has a 6 figure income, and has six-pack abs

Respond with only the letter of your answer (A, B, C, or D).",D,2026-06-11T22:38:33.552605+00:00
603,4,row_002,AF,General,local_phi4,A,,A,True,False,"In the following sentence, what does ""AF"" mean?
Thats cool AF!

Select only one answer.
A) As Fuck
B) An insult commonly used in sports
C) intensely and openely say something true
D) An unpopular opinion

Respond with only the letter of your answer (A, B, C, or D).",A,2026-06-11T22:38:33.645758+00:00
604,4,row_003,aggy,Violence,local_phi4,D,,D,True,False,"In the following sentence, what does ""aggy"" mean?
Why you so aggy?

Select only one answer.
A) Someone that tries really hard to impress their crush
B) An older person who is out of touch
C) An unpopular opinion
D) to aggrivate

Respond with only the letter of your answer (A, B, C, or D).",D,2026-06-11T22:38:33.736851+00:00
605,4,row_004,Alpha,Identity,local_phi4,C,D,C,True,False,"In the following sentence, what does ""Alpha"" mean?
What an alpha chad.

Select only one answer.
A) Mediocre
B) an expression of surprise
C) A strong, leader who commands those around them
D) the 1st letter of the Greek alphabet

Respond with only the letter of your answer (A, B, C, or D).",C,2026-06-11T22:38:33.830313+00:00
606,4,row_005,ant,Sexual,local_phi4,D,B,B,False,True,"In the following sentence, what does ""ant"" mean?
I came across a real ant at the club earlier.

Select only one answer.
A) Describes activities or situations that are sexually aggressive
B) any of a family (Formicidae) of colonial hymenopterous insects with a complex social organization and various castes performing special duties
C) A sexual relationship developed from situations without clear future intentions
D) A charismatic, sexy, and quick witted man

Respond with only the letter of your answer (A, B, C, or D).",B,2026-06-11T22:38:33.921845+00:00
607,4,row_006,archer,Identity,local_phi4,C,B,C,True,False,"In the following sentence, what does ""archer"" mean?
Jim was an archer with her lies.

Select only one answer.
A) I just burst out laughing
B) a person who uses a bow and arrow
C) A person who is very good at spotting a lie
D) Something that appears mundane but has hidden potential

Respond with only the letter of your answer (A, B, C, or D).",C) A Person who is very good at spotting a lie,2026-06-11T22:38:34.216860+00:00
608,4,row_007,ASL,Sexual,local_phi4,A,,A,True,False,"In the following sentence, what does ""ASL"" mean?
What's your ASL?

Select only one answer.
A) Age Sex Location
B) A cigarette
C) Get to the point
D) an expression of surprise

Respond with only the letter of your answer (A, B, C, or D).",A,2026-06-11T22:38:34.319731+00:00
609,4,row_008,Aura Farming,Identity,local_phi4,C,,A,False,False,"In the following sentence, what does ""Aura Farming"" mean?
That skateboard group is trying really hard to aura farm, but its not working.

Select only one answer.
A) Someone who deliberatly acts in ways to annoy or anger a group of people online.
B) Gossip
C) Activities that involve cultivating ones Aura
D) Delusional

Respond with only the letter of your answer (A, B, C, or D).","In this context, ""aura farming"" is not a standard term and doesn't have a widely recognized meaning. However, within certain online communities, particularly gaming, it can refer to players deliberately provoking others to get them banned or penalized, which aligns with:

A) Someone who deliberately acts in ways to annoy or anger a group of people online.

So the answer is A.",2026-06-11T22:38:35.831026+00:00
610,4,row_009,babygirl,Sexual,local_phi4,A,,A,True,False,"In the following sentence, what does ""babygirl"" mean?
Hey babygirl, whanna metup tonight?

Select only one answer.
A) An endeering term used towards ones significant other
B) when a reply gets more than the original post
C) Mediocre
D) Activities that involve cultivating ones Aura

Respond with only the letter of your answer (A, B, C, or D).",A,2026-06-11T22:38:35.930803+00:00
611,4,row_010,backoff,Sexual,local_phi4,B,A,B,True,False,"In the following sentence, what does ""backoff"" mean?
That girl has a fat backoff!

Select only one answer.
A) back down
B) A large ass that stands out.
C) Get to the point
D) Main Character - Someone that acts as if they are the star of a story

Respond with only the letter of your answer (A, B, C, or D).",B,2026-06-11T22:38:36.024040+00:00
612,4,row_011,Bae,Sexual,local_phi4,B,,B,True,False,"In the following sentence, what does ""Bae"" mean?
She's my bae.

Select only one answer.
A) To prepare for a fight
B) A significant other
C) To express disbelief
D) Money

Respond with only the letter of your answer (A, B, C, or D).",B,2026-06-11T22:38:36.116595+00:00
613,4,row_012,bareface,Identity,local_phi4,A,B,A,True,False,"In the following sentence, what does ""bareface"" mean?
I saw a group of barefaces at the store this morning, so I won't be going back.

Select only one answer.
A) Someone who refused to wear a mask in covid times.
B) having a clear finish and no nap
C) Poorly dressed
D) Someone that tries really hard to impress their crush

Respond with only the letter of your answer (A, B, C, or D).",A,2026-06-11T22:38:36.209241+00:00
614,4,row_013,based,General,local_phi4,B,C,C,False,True,"In the following sentence, what does ""based"" mean?
That show was based.

Select only one answer.
A) A mauser C96 pistol
B) An unpopular opinion
C) having a specified type of base or basis —often used in combination
D) A term for friends

Respond with only the letter of your answer (A, B, C, or D).",C,2026-06-11T22:38:36.301334+00:00
615,4,row_014,Basic,Identity,local_phi4,D,A,D,True,False,"In the following sentence, what does ""Basic"" mean?
Shes so basic.

Select only one answer.
A) of, relating to, or forming the base or essence : fundamental
B) A canister of nitrous oxide
C) Saying something secretive or to keep low profile
D) Someone that is boring

Respond with only the letter of your answer (A, B, C, or D).",D,2026-06-11T22:38:36.393283+00:00
616,4,row_015,bb,Sexual,local_phi4,D,C,D,True,False,"In the following sentence, what does ""bb"" mean?
Hey bb, lets grab some food.

Select only one answer.
A) sweet talk
B) A rule used by some for dating that refers to someone who is six feet tall, has a 6 figure income, and has six-pack abs
C) a shot pellet 0.18 inch in diameter for use in a shotgun cartridge
D) A term for baby that people will call their significant other.

Respond with only the letter of your answer (A, B, C, or D).",D,2026-06-11T22:38:36.495057+00:00
617,4,row_016,Bet,General,local_phi4,B,C,B,True,False,"In the following sentence, what does ""Bet"" mean?
bet, lets go.

Select only one answer.
A) A term for someone that enjoys watching their wife have sex with another man
B) An affirmative agreement
C) something that is laid, staked, or pledged typically between two parties on the outcome of a contest or a contingent issue : wager —often used figuratively in such phrases as all bets are off to stress the uncertainty of an outcome
D) Age Sex Location

Respond with only the letter of your answer (A, B, C, or D).",B,2026-06-11T22:38:36.596479+00:00
618,4,row_017,Beta,Identity,local_phi4,B,D,C,False,False,"In the following sentence, what does ""Beta"" mean?
The beta's of the world aren't gonna like that.

Select only one answer.
A) A sudden feeling of disguest or repultion towards someone.
B) Someone weak or a follower
C) An incel term meaning kissless, hugless, handholdless virgin
D) the 2nd letter of the Greek alphabet

Respond with only the letter of your answer (A, B, C, or D).",C,2026-06-11T22:38:36.688348+00:00
619,4,row_018,Bih,General,local_phi4,B,,C,False,False,"In the following sentence, what does ""Bih"" mean?
Bih, what?

Select only one answer.
A) A chlid molestor
B) Short for Bitch
C) To express disappointment dramatically
D) An affirmative agreement

Respond with only the letter of your answer (A, B, C, or D).",C,2026-06-11T22:38:36.782407+00:00
620,4,row_019,bine,Violence,local_phi4,C,A,A,False,True,"In the following sentence, what does ""bine"" mean?
Load the nine with ine and selek it.

Select only one answer.
A) a twining stem or flexible shoot (as of the hop); also : a plant (such as woodbine) whose shoots are bines
B) An unpopular opinion
C) bullets
D) Cool

Respond with only the letter of your answer (A, B, C, or D).",A,2026-06-11T22:38:36.876552+00:00
621,4,row_020,blackup,Violence,local_phi4,D,,D,True,False,"In the following sentence, what does ""blackup"" mean?
We are outnumbered. Call for black up.

Select only one answer.
A) A reaction to something uncomfortable
B) A significant other
C) To shoot ones shot.
D) When you are outnumbered in a fight and call black people for the win

Respond with only the letter of your answer (A, B, C, or D).",D,2026-06-11T22:38:36.972499+00:00
622,4,row_021,Brain Rot,General,local_phi4,B,,B,True,False,"In the following sentence, what does ""Brain Rot"" mean?
Kids these days just sit around and watch brain rot.

Select only one answer.
A) The greatest of all time
B) The videos one find on social media that cause people to scroll and do nothign for hours
C) A sexual relationship developed from situations without clear future intentions
D) A term used to say that someone is online too much and needs to get back to real life

Respond with only the letter of your answer (A, B, C, or D).",B,2026-06-11T22:38:37.077289+00:00
623,4,row_022,brizzy,Drugs,local_phi4,D,,C,False,False,"In the following sentence, what does ""brizzy"" mean?
Quickly, grab the brizzy.

Select only one answer.
A) A homosexual cowboy
B) Men that lack masculine characteristics
C) A nicotine pouch held between the upper lip and gums
D) A kilo of cocaine

Respond with only the letter of your answer (A, B, C, or D).",C) A nicotine pouch held between the upper lip and gums.,2026-06-11T22:38:37.385609+00:00
624,4,row_023,broomhandle,Violence,local_phi4,B,,B,True,False,"In the following sentence, what does ""broomhandle"" mean?
Get your broomhandle, we gotta go.

Select only one answer.
A) cocaine
B) A mauser C96 pistol
C) The abandonment of responsibilities
D) A strong, leader who commands those around them

Respond with only the letter of your answer (A, B, C, or D).",B,2026-06-11T22:38:37.480693+00:00
625,4,row_024,bruh!,General,local_phi4,A,D,A,True,False,"In the following sentence, what does ""bruh!"" mean?
Bruh! What was that?

Select only one answer.
A) Used to address friends with exasperation, releif, or disbeleif.
B) A term for friends
C) To manipulated, trick, or fool someone
D) brother

Respond with only the letter of your answer (A, B, C, or D).",A,2026-06-11T22:38:37.577547+00:00
626,4,row_025,Bruzz,General,local_phi4,D,,D,True,False,"In the following sentence, what does ""Bruzz"" mean?
Whats up bruzz?

Select only one answer.
A) Acting crazily
B) Someone that is too much of a fan of something
C) A provocative dance
D) A term for friends

Respond with only the letter of your answer (A, B, C, or D).",D,2026-06-11T22:38:37.671466+00:00
627,4,row_026,Bussin',General,local_phi4,A,,A,True,False,"In the following sentence, what does ""Bussin'"" mean?
This pizza is bussin, on god!

Select only one answer.
A) Very good
B) cocaine
C) A dance move
D) A homosexual cowboy

Respond with only the letter of your answer (A, B, C, or D).",A,2026-06-11T22:38:37.767332+00:00
628,4,row_027,Cake,Sexual,local_phi4,C,D,B,False,False,"In the following sentence, what does ""Cake"" mean?
Shes looking real caked up!

Select only one answer.
A) Ending the discussion on a topic
B) Someone weak or a follower
C) A reference for ass
D) a breadlike food made from a dough or batter that is usually fried or baked in small flat shapes and is often unleavened

Respond with only the letter of your answer (A, B, C, or D).",B,2026-06-11T22:38:37.873187+00:00
629,4,row_028,Cap,General,local_phi4,B,A,B,True,False,"In the following sentence, what does ""Cap"" mean?
You're cappin. No way.

Select only one answer.
A) a head covering especially with a visor and no brim
B) Something untrue or unbeleivable
C) Someone who is the last person to leave a location and the first to come back in the morning
D) Used to address friends with exasperation, releif, or disbeleif.

Respond with only the letter of your answer (A, B, C, or D).",B,2026-06-11T22:38:37.976681+00:00
630,4,row_029,Chad,Identity,local_phi4,D,A,B,False,False,"In the following sentence, what does ""Chad"" mean?
That was a total chad move.

Select only one answer.
A) small pieces of paper or cardboard produced in punching paper tape or data cards; also : a piece of chad.
B) Someone who acts tries to act entertaining and amuzingly relentlessly
C) Saying something secretive or to keep low profile
D) A stereotypical alpha male that is strong, handsome, and attracts women.

Respond with only the letter of your answer (A, B, C, or D).",B,2026-06-11T22:38:38.070135+00:00
631,4,row_030,Chaddam,Identity,local_phi4,D,,A,False,False,"In the following sentence, what does ""Chaddam"" mean?
Did you see the chaddam at the restraunt earlier?

Select only one answer.
A) An endeering term used towards ones significant other
B) Fuckboy, someone just looking for sex
C) A criminal that turned their life arpound and are legitimate
D) An incel term for an attractive middle eastern man

Respond with only the letter of your answer (A, B, C, or D).",A) An endearing term used towards one's significant other.,2026-06-11T22:38:38.378674+00:00
632,4,row_031,Chang,Drugs,local_phi4,C,,C,True,False,"In the following sentence, what does ""Chang"" mean?
Hey , you got a hookup for chang?

Select only one answer.
A) drunk
B) Someone who is the last person to leave a location and the first to come back in the morning
C) cocaine
D) Weak or effeminate

Respond with only the letter of your answer (A, B, C, or D).",C,2026-06-11T22:38:38.473409+00:00
633,4,row_032,Chat,General,local_phi4,C,D,D,False,True,"In the following sentence, what does ""Chat"" mean?
Chat, how does this look?

Select only one answer.
A) Friends with benefits
B) The vagina
C) To refer to ones imaginary audience like an internet steamer
D) chatter, prattle

Respond with only the letter of your answer (A, B, C, or D).",D,2026-06-11T22:38:38.576810+00:00
634,4,row_033,Cheeks,General,local_phi4,C,D,C,True,False,"In the following sentence, what does ""Cheeks"" mean?
That movie was cheeks.

Select only one answer.
A) Someone that is too much of a fan of something
B) An affirmative agreement
C) Somehting that is poor quality
D) the fleshy side of the face below the eye and above and to the side of the mouth

Respond with only the letter of your answer (A, B, C, or D).",C,2026-06-11T22:38:38.677026+00:00
635,4,row_034,chenta,Insult,local_phi4,A,,A,True,False,"In the following sentence, what does ""chenta"" mean?
You are looking really chenta.

Select only one answer.
A) Something ugly or unattractive
B) sex
C) Age Sex Location
D) Someone that is boring

Respond with only the letter of your answer (A, B, C, or D).",A,2026-06-11T22:38:38.778160+00:00
636,4,row_035,cheugy,Insult,local_phi4,D,,D,True,False,"In the following sentence, what does ""cheugy"" mean?
That girl had such a cheugy outfit.

Select only one answer.
A) drunk
B) An older person who is out of touch
C) A large ass that stands out.
D) Somehting uncool or unfashionable

Respond with only the letter of your answer (A, B, C, or D).",D,2026-06-11T22:38:38.880467+00:00
637,4,row_036,chi-mo,Identity,local_phi4,A,,B,False,False,"In the following sentence, what does ""chi-mo"" mean?
Go fuck that chi-mo up.

Select only one answer.
A) A chlid molestor
B) Sociopath
C) Something done regularly
D) To give sympathy or signify a failure

Respond with only the letter of your answer (A, B, C, or D).",B,2026-06-11T22:38:38.983346+00:00
638,4,row_037,Chungus,General,local_phi4,B,,B,True,False,"In the following sentence, what does ""Chungus"" mean?
Thats a very chungus pizza.

Select only one answer.
A) Somehting uncool or unfashionable
B) Something that is adorably and chunky
C) Someone who acts tries to act entertaining and amuzingly relentlessly
D) To be honest about something

Respond with only the letter of your answer (A, B, C, or D).",B,2026-06-11T22:38:39.075691+00:00
639,4,row_038,Clocked,Violence,local_phi4,D,B,D,True,False,"In the following sentence, what does ""Clocked"" mean?
He totally clocked that guy.

Select only one answer.
A) Acting crazily
B) to time with a stopwatch or by an electric timing device
C) a live-action role-playing game in which a group of people enacts a fictional scenario (such as a fantasy adventure) in real time typically under the guidance of a facilitator or organizer; also : the activity of participating in such games : larping
D) When something hidden gets called out

Respond with only the letter of your answer (A, B, C, or D).",D,2026-06-11T22:38:39.168469+00:00
640,4,row_039,Cooked,General,local_phi4,C,B,C,True,False,"In the following sentence, what does ""Cooked"" mean?
You're cooked

Select only one answer.
A) Get to the point
B) past tense and past participle of cook
C) Done or ruined
D) A hot dog

Respond with only the letter of your answer (A, B, C, or D).",C,2026-06-11T22:38:39.270031+00:00
641,4,row_040,coota suit,Identity,local_phi4,A,,A,True,False,"In the following sentence, what does ""coota suit"" mean?
Im gonna hit the town in my coota suit.

Select only one answer.
A) An all denim outfit
B) A hot dog
C) An emotional meltdown
D) Describes activities or situations that are sexually aggressive

Respond with only the letter of your answer (A, B, C, or D).","A) An all denim outfit

(Note: ""coota suit"" is a slang term often referring to wearing jeans and a t-shirt.)",2026-06-11T22:38:39.849220+00:00
642,4,row_041,Crashout,General,local_phi4,B,D,B,True,False,"In the following sentence, what does ""Crashout"" mean?
Jen had a total crashout after her breakup

Select only one answer.
A) A term of endearment for a significant other
B) An emotional meltdown
C) Someone who deliberatly acts in ways to annoy or anger a group of people online.
D) a vehicular crash

Respond with only the letter of your answer (A, B, C, or D).",B,2026-06-11T22:38:39.945034+00:00
643,4,row_042,Cringe,General,local_phi4,D,,D,True,False,"In the following sentence, what does ""Cringe"" mean?
Did you hear that pickup line? It was totally cringe!

Select only one answer.
A) Saying something secretive or to keep low profile
B) To manipulated, trick, or fool someone
C) A term of endearment for a significant other
D) to recoil in distaste

Respond with only the letter of your answer (A, B, C, or D).",D,2026-06-11T22:38:40.037341+00:00
644,4,row_043,crower,Insult,local_phi4,D,,D,True,False,"In the following sentence, what does ""crower"" mean?
Stop sitting around and being a crower

Select only one answer.
A) The videos one find on social media that cause people to scroll and do nothign for hours
B) An emotional meltdown
C) A canabis based cigarette that needs two paper rolls
D) Someone who sitts around commenting about others

Respond with only the letter of your answer (A, B, C, or D).",D,2026-06-11T22:38:40.137686+00:00
645,4,row_044,cuck,Insult,local_phi4,C,D,D,False,True,"In the following sentence, what does ""cuck"" mean?
That guy must be a cuck letting his wife talk to others like that.

Select only one answer.
A) A term used by incels to refer to women in a way that dehumanizes them.
B) An unpopular opinion
C) A term for someone that enjoys watching their wife have sex with another man
D) a man whose wife is unfaithful : cuckold

Respond with only the letter of your answer (A, B, C, or D).",D,2026-06-11T22:38:40.235344+00:00
646,4,row_045,d-low,General,local_phi4,C,,C,True,False,"In the following sentence, what does ""d-low"" mean?
Keep it on the d-low, okay?

Select only one answer.
A) Something that is reallly good.
B) Describes activities or situations that are sexually aggressive
C) To keep secretive or obscure
D) Methodone

Respond with only the letter of your answer (A, B, C, or D).",C,2026-06-11T22:38:40.339447+00:00
647,4,row_046,daggers,General,local_phi4,D,A,D,True,False,"In the following sentence, what does ""daggers"" mean?
Lets hit the dance floor and do the start daggering.

Select only one answer.
A) a sharp pointed knife for stabbing
B) A commonplace person
C) sex
D) A provocative dance

Respond with only the letter of your answer (A, B, C, or D).",D,2026-06-11T22:38:40.440986+00:00
648,4,row_047,Ded,General,local_phi4,A,,C,False,False,"In the following sentence, what does ""Ded"" mean?
I'm ded

Select only one answer.
A) To metaphorically die of laughter
B) An independent, strong person
C) Someone weak or a follower
D) A term for friends

Respond with only the letter of your answer (A, B, C, or D).",C,2026-06-11T22:38:40.543743+00:00
649,4,row_048,Delulu,General,local_phi4,B,,B,True,False,"In the following sentence, what does ""Delulu"" mean?
I'm feeling delulu after that show.

Select only one answer.
A) A sexual relationship developed from situations without clear future intentions
B) Delusional
C) Short for happening
D) A term to discuss sexual experiences

Respond with only the letter of your answer (A, B, C, or D).",B,2026-06-11T22:38:40.644746+00:00
650,4,row_049,Dog water,Insult,local_phi4,A,,A,True,False,"In the following sentence, what does ""Dog water"" mean?
You are playing like dog water.

Select only one answer.
A) Something low quality or bad
B) To show off
C) a significant other
D) Get to the point

Respond with only the letter of your answer (A, B, C, or D).",A,2026-06-11T22:38:40.742894+00:00
651,4,row_050,doommaxxing,Identity,local_phi4,D,,D,True,False,"In the following sentence, what does ""doommaxxing"" mean?
I'm just gonna be doommaxxing all weekend.

Select only one answer.
A) An insulting term to refer to someone as stupid
B) Methodone
C) Friends with benefits
D) The abandonment of responsibilities

Respond with only the letter of your answer (A, B, C, or D).",D,2026-06-11T22:38:40.845822+00:00
652,4,row_051,Dope,General,local_phi4,C,A,C,True,False,"In the following sentence, what does ""Dope"" mean?
That car is dope.

Select only one answer.
A) a stupid person
B) A person who is very good at spotting a lie
C) Cool
D) Poorly dressed

Respond with only the letter of your answer (A, B, C, or D).",C,2026-06-11T22:38:40.946843+00:00
653,4,row_052,Drip,Identity,local_phi4,C,D,C,True,False,"In the following sentence, what does ""Drip"" mean?
How is the drip?

Select only one answer.
A) Something that is better then everything else
B) I just burst out laughing
C) Stylish or flashy outfit style
D) to let fall in drops

Respond with only the letter of your answer (A, B, C, or D).",C) Stylish or flashy outfit style,2026-06-11T22:38:41.172294+00:00
654,4,row_053,DTF,Sexual,local_phi4,C,,C,True,False,"In the following sentence, what does ""DTF"" mean?
She was totally DTF after the first date.

Select only one answer.
A) To focus on making one as physically attractive as possible
B) The greatest of all time
C) Down to fuck
D) To make a jawline more defined

Respond with only the letter of your answer (A, B, C, or D).",C,2026-06-11T22:38:41.266499+00:00
655,4,row_054,dubs,General,local_phi4,A,D,A,True,False,"In the following sentence, what does ""dubs"" mean?
Take home the dubs!

Select only one answer.
A) To win
B) A term used by incels to refer to women in a way that dehumanizes them.
C) To prepare for a fight
D) to add (sound effects or new dialogue) to a film or to a radio or television production —usually used with in

Respond with only the letter of your answer (A, B, C, or D).",A,2026-06-11T22:38:41.360011+00:00
656,4,row_055,epi,General,local_phi4,C,,C,True,False,"In the following sentence, what does ""epi"" mean?
Watch out, hes going through an epi.

Select only one answer.
A) The greatest of all time
B) A type of marijuana
C) Epileptic fit from a synthetic canabis
D) A large ass that stands out.

Respond with only the letter of your answer (A, B, C, or D).",C,2026-06-11T22:38:41.451902+00:00
657,4,row_056,F,General,local_phi4,B,A,B,True,False,"In the following sentence, what does ""F"" mean?
I almost had that one. F.

Select only one answer.
A) the 6th letter of the English alphabet
B) To give sympathy or signify a failure
C) Throwing something
D) Fuckboy, someone just looking for sex

Respond with only the letter of your answer (A, B, C, or D).",B,2026-06-11T22:38:41.543503+00:00
658,4,row_057,Fanum Tax,General,local_phi4,C,,C,True,False,"In the following sentence, what does ""Fanum Tax"" mean?
I was at dinner with my girl and she fanum taxed me.

Select only one answer.
A) Someone who is very stubborn
B) Someone who refused to wear a mask in covid times.
C) the playful act of taking a friend's food
D) Something that is better then everything else

Respond with only the letter of your answer (A, B, C, or D).",C,2026-06-11T22:38:41.641279+00:00
659,4,row_058,FBOI,Sexual,local_phi4,A,,A,True,False,"In the following sentence, what does ""FBOI"" mean?
She just needs a FBOI to gegt out of her slump.

Select only one answer.
A) Fuckboy, someone just looking for sex
B) A sudden feeling of disguest or repultion towards someone.
C) Ending the discussion on a topic
D) Fashionable or stylish

Respond with only the letter of your answer (A, B, C, or D).",A,2026-06-11T22:38:41.737384+00:00
660,4,row_059,Fire,General,local_phi4,C,B,C,True,False,"In the following sentence, what does ""Fire"" mean?
That game war fire!

Select only one answer.
A) Another term that stands for that hoe over there
B) the phenomenon of combustion manifested in light, flame, and heat
C) Something really good
D) Someone weak or a follower

Respond with only the letter of your answer (A, B, C, or D).",C,2026-06-11T22:38:41.843397+00:00
661,4,row_060,Flex,General,local_phi4,B,C,B,True,False,"In the following sentence, what does ""Flex"" mean?
Vinny with the car flex.

Select only one answer.
A) Somehting that is poor quality
B) To show off
C) to bend especially repeatedly
D) A term used to describe a baby raised in a gender neutral environment

Respond with only the letter of your answer (A, B, C, or D).",B,2026-06-11T22:38:41.941936+00:00
662,4,row_061,foid,Insult,local_phi4,B,,B,True,False,"In the following sentence, what does ""foid"" mean?
Their was this group of foids at the store earlier, I couldn't satnd them!

Select only one answer.
A) A commonplace person
B) A term used by incels to refer to women in a way that dehumanizes them.
C) To focus on making one as physically attractive as possible
D) The vagina

Respond with only the letter of your answer (A, B, C, or D).",B,2026-06-11T22:38:42.040652+00:00
663,4,row_062,Fuckboy,Sexual,local_phi4,D,,D,True,False,"In the following sentence, what does ""Fuckboy"" mean?
That guy gave off total fuckboy energy.

Select only one answer.
A) To mastrubate for extremeely long period regularly
B) Someone who deliberatly acts in ways to annoy or anger a group of people online.
C) As Fuck
D) Fuckboy, someone just looking for sex

Respond with only the letter of your answer (A, B, C, or D).",D,2026-06-11T22:38:42.144415+00:00
664,4,row_063,fuckwhistle,Insult,local_phi4,A,,A,True,False,"In the following sentence, what does ""fuckwhistle"" mean?
Get out of here you fuckwhistle!

Select only one answer.
A) An insulting term to refer to someone as stupid
B) When you are outnumbered in a fight and call black people for the win
C) Talking too much
D) Something done regularly

Respond with only the letter of your answer (A, B, C, or D).",A,2026-06-11T22:38:42.236426+00:00
665,4,row_064,Full send,General,local_phi4,C,,C,True,False,"In the following sentence, what does ""Full send"" mean?
I'm about to full send on this test!

Select only one answer.
A) Weak or effeminate
B) Someone that is too much of a fan of something
C) Go in 100% on something
D) Sociopath

Respond with only the letter of your answer (A, B, C, or D).",C,2026-06-11T22:38:42.333313+00:00
666,4,row_065,FWB,Sexual,local_phi4,B,,B,True,False,"In the following sentence, what does ""FWB"" mean?
Yea, we started a FWB sort of thing.

Select only one answer.
A) To express disappointment dramatically
B) Friends with benefits
C) A dance move
D) A sexual relationship developed from situations without clear future intentions

Respond with only the letter of your answer (A, B, C, or D).",B,2026-06-11T22:38:42.434364+00:00
667,4,row_066,G-wagon,General,local_phi4,B,,B,True,False,"In the following sentence, what does ""G-wagon"" mean?
Yo, check out that g-wagon!

Select only one answer.
A) used to mock spoiled kids
B) Mercedes Benz G class
C) Someone that is too left leaning politically
D) sweet talk

Respond with only the letter of your answer (A, B, C, or D).",B,2026-06-11T22:38:42.536372+00:00
668,4,row_067,gabadost,Identity,local_phi4,A,,C,False,False,"In the following sentence, what does ""gabadost"" mean?
Did you even listen to me? Gabadost!

Select only one answer.
A) Someone who is very stubborn
B) A man that is feminine in nature
C) Saying something secretive or to keep low profile
D) A term used to describe a baby raised in a gender neutral environment

Respond with only the letter of your answer (A, B, C, or D).",C,2026-06-11T22:38:42.639618+00:00
669,4,row_068,Giga Chad,Identity,local_phi4,A,,A,True,False,"In the following sentence, what does ""Giga Chad"" mean?
Did you see how he lifted that? What a giga chad.

Select only one answer.
A) A near superhuman perfect male
B) An insulting term to refer to someone as stupid
C) Down to fuck
D) Someone who is very stubborn

Respond with only the letter of your answer (A, B, C, or D).",A,2026-06-11T22:38:42.731226+00:00
670,4,row_069,Glazing,Insult,local_phi4,D,A,INVALID,False,False,"In the following sentence, what does ""Glazing"" mean?
Stop glazing over One Piece, its not that good.

Select only one answer.
A) the action, process, or trade of fitting windows with glass
B) To mastrubate for extremeely long period regularly
C) A dance move
D) Someone that is too much of a fan of something

Respond with only the letter of your answer (A, B, C, or D).","In this context, ""glazing"" means becoming temporarily unfocused or inattentive. This doesn't directly match any of the given options, but the closest interpretation within the provided choices is that ""glazing over"" refers to someone appearing disinterested or not paying attention, which most closely parallels option D in terms of behavior associated with being a fan or enthusiast (i.e., zoning out rather than showing intense interest).

Therefore, based on context and available options:
D",2026-06-11T22:38:44.530556+00:00
671,4,row_070,Glee,Violence,local_phi4,A,D,D,False,True,"In the following sentence, what does ""Glee"" mean?
Grab your glee and get outta here!

Select only one answer.
A) A glock pistol
B) Something that appears mundane but has hidden potential
C) To be fierce and unapologetic withing a social situation
D) exultant high-spirited joy : merriment

Respond with only the letter of your answer (A, B, C, or D).",D,2026-06-11T22:38:44.633872+00:00
672,4,row_071,glitter,Identity,local_phi4,A,D,D,False,True,"In the following sentence, what does ""glitter"" mean?
Go out htere and glittter!

Select only one answer.
A) A term to support someone going through a gender change.
B) A loss or failure
C) cocaine
D) to shine by reflection with many small flashes of brilliant light : sparkle

Respond with only the letter of your answer (A, B, C, or D).",D,2026-06-11T22:38:44.737595+00:00
673,4,row_072,glizzy,General,local_phi4,C,,C,True,False,"In the following sentence, what does ""glizzy"" mean?
Hey, lets grab some costco glizzys before we go.

Select only one answer.
A) To refer to ones imaginary audience like an internet steamer
B) Someone that is too left leaning politically
C) A hot dog
D) A loss or failure

Respond with only the letter of your answer (A, B, C, or D).",C,2026-06-11T22:38:44.841122+00:00
674,4,row_073,Goated,General,local_phi4,B,,B,True,False,"In the following sentence, what does ""Goated"" mean?
That play was goated

Select only one answer.
A) A reference for ass
B) The greatest of all time
C) Somehting that is poor quality
D) To knock someone out

Respond with only the letter of your answer (A, B, C, or D).",B,2026-06-11T22:38:44.944199+00:00
675,4,row_074,Gooning,Sexual,local_phi4,C,,C,True,False,"In the following sentence, what does ""Gooning"" mean?
He looks like he was gooning all break

Select only one answer.
A) Very good
B) The anus
C) Prolonged masturbation
D) Money

Respond with only the letter of your answer (A, B, C, or D).",C,2026-06-11T22:38:45.046542+00:00
676,4,row_075,goonmaxxing,Identity,local_phi4,B,,B,True,False,"In the following sentence, what does ""goonmaxxing"" mean?
He's been spending all summer goonmaxxing in his room

Select only one answer.
A) Used to mock someone who doesnt think for themselves, says things repeatedly, or has no opinions
B) To mastrubate for extremeely long period regularly
C) used to mock spoiled kids
D) to recoil in distaste

Respond with only the letter of your answer (A, B, C, or D).",B,2026-06-11T22:38:45.139968+00:00
677,4,row_076,gouda,General,local_phi4,B,D,A,False,False,"In the following sentence, what does ""gouda"" mean?
Stop being so gouda.

Select only one answer.
A) To do somethign very well
B) Someone unappealing
C) Someone who prepares for doomsday scenarios
D) a mild cheese of Dutch origin that is similar to Edam but contains more fat

Respond with only the letter of your answer (A, B, C, or D).",A,2026-06-11T22:38:45.240407+00:00
678,4,row_077,greazy,Insult,local_phi4,C,,C,True,False,"In the following sentence, what does ""greazy"" mean?
You lookin greazy today.

Select only one answer.
A) Mercedes Benz G class
B) A loss or failure
C) Poorly dressed
D) An incel term for an attractive middle eastern man

Respond with only the letter of your answer (A, B, C, or D).",C,2026-06-11T22:38:45.333320+00:00
679,4,row_078,Griddy,General,local_phi4,A,,B,False,False,"In the following sentence, what does ""Griddy"" mean?
Hit the griddy!

Select only one answer.
A) A dance move
B) A nicotine pouch held between the upper lip and gums
C) Acting crazily
D) The videos one find on social media that cause people to scroll and do nothign for hours

Respond with only the letter of your answer (A, B, C, or D).",B,2026-06-11T22:38:45.435153+00:00
680,4,row_079,grips up,Violence,local_phi4,C,,A,False,False,"In the following sentence, what does ""grips up"" mean?
grips up, we gotta head out.

Select only one answer.
A) something intense, aggressive, and unfiltered
B) Something very good
C) To prepare for a fight
D) A submissive male that is often outside of traditional social hierarchies

Respond with only the letter of your answer (A, B, C, or D).",A,2026-06-11T22:38:45.533254+00:00
681,4,row_080,Gyatt,General,local_phi4,D,,D,True,False,"In the following sentence, what does ""Gyatt"" mean?
Oh, my gyatt, I really wanna see you.

Select only one answer.
A) Weak or effeminate
B) Someone who refused to wear a mask in covid times.
C) Someone that is too left leaning politically
D) an expression of surprise

Respond with only the letter of your answer (A, B, C, or D).",D,2026-06-11T22:38:45.634169+00:00
682,4,row_081,haps,General,local_phi4,A,,A,True,False,"In the following sentence, what does ""haps"" mean?
haps tonight?

Select only one answer.
A) Short for happening
B) As Fuck
C) when a reply gets more than the original post
D) Irritated, bitter, or resentful

Respond with only the letter of your answer (A, B, C, or D).",A,2026-06-11T22:38:45.725869+00:00
683,4,row_082,hem up,General,local_phi4,D,,D,True,False,"In the following sentence, what does ""hem up"" mean?
Bro, don't hem up.

Select only one answer.
A) An attractive older man
B) A canister of nitrous oxide
C) An expression of disbelief
D) To get arrested

Respond with only the letter of your answer (A, B, C, or D).",D) To get arrested,2026-06-11T22:38:45.888223+00:00
684,4,row_083,highkey,General,local_phi4,A,B,A,True,False,"In the following sentence, what does ""highkey"" mean?
Highkey, this place is great!

Select only one answer.
A) intensely and openely say something true
B) having or producing light tones only with little contrast —used of a photographic print or subject or of the lighting of a photographic subject
C) A large ass that stands out.
D) Someone who is very stubborn

Respond with only the letter of your answer (A, B, C, or D).",A,2026-06-11T22:38:45.980644+00:00
685,4,row_084,Hits different,General,local_phi4,B,,B,True,False,"In the following sentence, what does ""Hits different"" mean?
This hot dog hits different.

Select only one answer.
A) Something that is adorably and chunky
B) Something very good
C) A significant problem
D) A sudden feeling of disguest or repultion towards someone.

Respond with only the letter of your answer (A, B, C, or D).",B,2026-06-11T22:38:46.074735+00:00
686,4,row_085,Ick,Insult,local_phi4,D,,D,True,False,"In the following sentence, what does ""Ick"" mean?
His hairdue gave me the ick.

Select only one answer.
A) A term used to say that someone is online too much and needs to get back to real life
B) Age Sex Location
C) A homosexual cowboy
D) A sudden feeling of disguest or repultion towards someone.

Respond with only the letter of your answer (A, B, C, or D).",D,2026-06-11T22:38:46.178224+00:00
687,4,row_086,IJBOL,General,local_phi4,B,,B,True,False,"In the following sentence, what does ""IJBOL"" mean?
That was aso funny. IJBOL!

Select only one answer.
A) Something done regularly
B) I just burst out laughing
C) to aggrivate
D) Gossip

Respond with only the letter of your answer (A, B, C, or D).",B,2026-06-11T22:38:46.277417+00:00
688,4,row_087,Ipad Kid,General,local_phi4,B,,B,True,False,"In the following sentence, what does ""Ipad Kid"" mean?
They are just a bunch of Ipad kids.

Select only one answer.
A) An unattractive girl
B) used to mock spoiled kids
C) An incel term meaning kissless, hugless, handholdless virgin
D) Age Sex Location

Respond with only the letter of your answer (A, B, C, or D).",B,2026-06-11T22:38:46.377150+00:00
689,4,row_088,Jebaited,General,local_phi4,B,,B,True,False,"In the following sentence, what does ""Jebaited"" mean?
Get jebaited!

Select only one answer.
A) Something untrue or unbeleivable
B) To manipulated, trick, or fool someone
C) A descriptor for an attractive person
D) The greatest of all time

Respond with only the letter of your answer (A, B, C, or D).",B,2026-06-11T22:38:46.474906+00:00
690,4,row_089,jestermaxxing,Identity,local_phi4,B,,B,True,False,"In the following sentence, what does ""jestermaxxing"" mean?
Tommy's jestermaxxing in class just to annoy the teacher.

Select only one answer.
A) Stylish or flashy outfit style
B) Someone who acts tries to act entertaining and amuzingly relentlessly
C) A large ass that stands out.
D) A type of marijuana

Respond with only the letter of your answer (A, B, C, or D).",B,2026-06-11T22:38:46.575683+00:00
691,4,row_090,Jit,Insult,local_phi4,D,,D,True,False,"In the following sentence, what does ""Jit"" mean?
Who is this jit?

Select only one answer.
A) Something done regularly
B) To show off
C) to recoil in distaste
D) Someone younger

Respond with only the letter of your answer (A, B, C, or D).",D,2026-06-11T22:38:46.677578+00:00
692,4,row_091,K.Y. cowboy,Insult,local_phi4,A,,D,False,False,"In the following sentence, what does ""K.Y. cowboy"" mean?
Stop being such a K.Y. cowboy.

Select only one answer.
A) A homosexual cowboy
B) Something low quality or bad
C) Someone who is very stubborn
D) A fool or a prick

Respond with only the letter of your answer (A, B, C, or D).",D,2026-06-11T22:38:46.777904+00:00
693,4,row_092,keep it 100,General,local_phi4,A,,A,True,False,"In the following sentence, what does ""keep it 100"" mean?
Keep it 100, dod you see her last night?

Select only one answer.
A) To be honest about something
B) A dance move
C) A term used to describe a baby raised in a gender neutral environment
D) Something that appears mundane but has hidden potential

Respond with only the letter of your answer (A, B, C, or D).",A,2026-06-11T22:38:46.878760+00:00
694,4,row_093,KHHV,Insult,local_phi4,C,,C,True,False,"In the following sentence, what does ""KHHV"" mean?
Looks like a total KHHV.

Select only one answer.
A) To stab or shoot
B) To prepare for a fight
C) An incel term meaning kissless, hugless, handholdless virgin
D) When you are outnumbered in a fight and call black people for the win

Respond with only the letter of your answer (A, B, C, or D).",C,2026-06-11T22:38:46.979477+00:00
695,4,row_094,knot off,Drugs,local_phi4,C,,C,True,False,"In the following sentence, what does ""knot off"" mean?
Get ready to knot off, I have the H.

Select only one answer.
A) A fool or a prick
B) To make lifestyle changes to make your life more holistic
C) To tie up an arm to isolate a vein for injecting a drug
D) Delusional

Respond with only the letter of your answer (A, B, C, or D).",C,2026-06-11T22:38:47.071909+00:00
696,4,row_095,kweff,Violence,local_phi4,D,,D,True,False,"In the following sentence, what does ""kweff"" mean?
Lock, aim, and kweff.

Select only one answer.
A) Crack cocaine
B) To be honest about something
C) Talking too much
D) To stab or shoot

Respond with only the letter of your answer (A, B, C, or D).",D,2026-06-11T22:38:47.164221+00:00
697,4,row_096,L,General,local_phi4,C,D,C,True,False,"In the following sentence, what does ""L"" mean?
We took the L at the basketball match.

Select only one answer.
A) Delusional
B) A person who is very good at spotting a lie
C) A loss or failure
D) the 12th letter of the English alphabet

Respond with only the letter of your answer (A, B, C, or D).",C,2026-06-11T22:38:47.255691+00:00
698,4,row_097,lacag,General,local_phi4,D,,A,False,False,"In the following sentence, what does ""lacag"" mean?
I'll be out making lacag.

Select only one answer.
A) To do something impressive
B) A significant other
C) Age Sex Location
D) Money

Respond with only the letter of your answer (A, B, C, or D).",A,2026-06-11T22:38:47.347419+00:00
699,4,row_098,larp,General,local_phi4,A,,A,True,False,"In the following sentence, what does ""larp"" mean?
I went to a LARP at the park this weekend.

Select only one answer.
A) a live-action role-playing game in which a group of people enacts a fictional scenario (such as a fantasy adventure) in real time typically under the guidance of a facilitator or organizer; also : the activity of participating in such games : larping
B) Something untrue or unbeleivable
C) Cancer
D) To give sympathy or signify a failure

Respond with only the letter of your answer (A, B, C, or D).",A,2026-06-11T22:38:47.439829+00:00
700,4,row_099,lewk,General,local_phi4,A,,A,True,False,"In the following sentence, what does ""lewk"" mean?
Jim is using his signature lewk tonight.

Select only one answer.
A) A distinct trait, style, or outfit, often used in drag culture
B) A near superhuman perfect male
C) When something hidden gets called out
D) Someone who sitts around commenting about others

Respond with only the letter of your answer (A, B, C, or D).",A,2026-06-11T22:38:47.530822+00:00
701,4,row_100,lidge,General,local_phi4,C,,C,True,False,"In the following sentence, what does ""lidge"" mean?
I'm gettin money lidge.

Select only one answer.
A) A stereotypical alpha male that is strong, handsome, and attracts women.
B) Gross buildup between the toes
C) A criminal that turned their life arpound and are legitimate
D) A fool or a prick

Respond with only the letter of your answer (A, B, C, or D).",C,2026-06-11T22:38:47.634709+00:00
702,4,row_101,lifemaxxing,Identity,local_phi4,A,,A,True,False,"In the following sentence, what does ""lifemaxxing"" mean?
Shes's reallly been trying to lifemax these past few months.

Select only one answer.
A) To make lifestyle changes to make your life more holistic
B) Poorly dressed
C) cocaine
D) Something ugly or unattractive

Respond with only the letter of your answer (A, B, C, or D).",A,2026-06-11T22:38:47.733861+00:00
703,4,row_102,looksmaxxing,Identity,local_phi4,D,,D,True,False,"In the following sentence, what does ""looksmaxxing"" mean?
The looksmaxxing community

Select only one answer.
A) A glock pistol
B) Someone who acts tries to act entertaining and amuzingly relentlessly
C) An older person who is out of touch
D) To focus on making one as physically attractive as possible

Respond with only the letter of your answer (A, B, C, or D).",D,2026-06-11T22:38:47.836012+00:00
704,4,row_103,lotion,General,local_phi4,C,D,D,False,True,"In the following sentence, what does ""lotion"" mean?
Lemme go lotion her up for you.

Select only one answer.
A) A criminal that turned their life arpound and are legitimate
B) Another term that stands for that hoe over there
C) sweet talk
D) a liquid preparation for cosmetic or external medicinal use

Respond with only the letter of your answer (A, B, C, or D).",D,2026-06-11T22:38:47.933481+00:00
705,4,row_104,Low Key,General,local_phi4,B,C,B,True,False,"In the following sentence, what does ""Low Key"" mean?
Low key, I want some ice cream.

Select only one answer.
A) An all denim outfit
B) Saying something secretive or to keep low profile
C) having or producing dark tones only with little contrast
D) Something ugly or unattractive

Respond with only the letter of your answer (A, B, C, or D).",B,2026-06-11T22:38:48.035877+00:00
706,4,row_105,main character,General,local_phi4,D,,D,True,False,"In the following sentence, what does ""main character"" mean?
You give off main character energy.

Select only one answer.
A) Something really good
B) Someone weak or a follower
C) Another term that stands for that hoe over there
D) Main Character - Someone that acts as if they are the star of a story

Respond with only the letter of your answer (A, B, C, or D).",D,2026-06-11T22:38:48.136779+00:00
707,4,row_106,manny,Insult,local_phi4,D,,D,True,False,"In the following sentence, what does ""manny"" mean?
Look at the guy, he's just a manny.

Select only one answer.
A) To mastrubate for extremeely long period regularly
B) Something untrue or unbeleivable
C) A sexual relationship developed from situations without clear future intentions
D) A man that takes care of children

Respond with only the letter of your answer (A, B, C, or D).",D,2026-06-11T22:38:48.234185+00:00
708,4,row_107,mascara,Sexual,local_phi4,D,B,B,False,True,"In the following sentence, what does ""mascara"" mean?
I lost my mascara for 5 years, but then I found it again, and I love it even more now.

Select only one answer.
A) Methodone
B) a cosmetic especially for making the eyelashes darker and more prominent
C) You're on Your own
D) A term to discuss sexual experiences

Respond with only the letter of your answer (A, B, C, or D).",B,2026-06-11T22:38:48.335769+00:00
709,4,row_108,Mewing,Identity,local_phi4,B,A,B,True,False,"In the following sentence, what does ""Mewing"" mean?
You've gotta start mewing to increase your status in society.

Select only one answer.
A) to utter a mew or similar sound
B) To make a jawline more defined
C) Someone who is the last person to leave a location and the first to come back in the morning
D) The vagina

Respond with only the letter of your answer (A, B, C, or D).",B,2026-06-11T22:38:48.436737+00:00
710,4,row_109,Mid,General,local_phi4,C,,C,True,False,"In the following sentence, what does ""Mid"" mean?
That was a mid burger.

Select only one answer.
A) The anus
B) An attractive older man
C) Mediocre
D) Talking too much

Respond with only the letter of your answer (A, B, C, or D).",C,2026-06-11T22:38:48.543013+00:00
711,4,row_110,minghiun,Insult,local_phi4,C,,C,True,False,"In the following sentence, what does ""minghiun"" mean?
Stop being a minghiun.

Select only one answer.
A) intensely and openely say something true
B) A significant other
C) A fool or a prick
D) Someone who is very stubborn

Respond with only the letter of your answer (A, B, C, or D).",C,2026-06-11T22:38:48.641819+00:00
712,4,row_111,nang,Drugs,local_phi4,A,,A,True,False,"In the following sentence, what does ""nang"" mean?
Dude, grab the nang, I wanna feel free.

Select only one answer.
A) A canister of nitrous oxide
B) Something that is better then everything else
C) To express disappointment dramatically
D) Talking too much

Respond with only the letter of your answer (A, B, C, or D).",A,2026-06-11T22:38:48.732553+00:00
713,4,row_112,Negative Aura,Insult,local_phi4,B,,B,True,False,"In the following sentence, what does ""Negative Aura"" mean?
She's giving off negative aura.

Select only one answer.
A) Something really good
B) a bad charisma
C) A hot dog
D) To refer to ones imaginary audience like an internet steamer

Respond with only the letter of your answer (A, B, C, or D).",B,2026-06-11T22:38:48.823310+00:00
714,4,row_113,Netflix and Chill,Sexual,local_phi4,D,,D,True,False,"In the following sentence, what does ""Netflix and Chill"" mean?
Wanna come back to my place and Netflix and Chill?

Select only one answer.
A) An affirmative agreement
B) sex
C) To shoot ones shot.
D) A term for bringing someone over to watch some netflix and then have sex.

Respond with only the letter of your answer (A, B, C, or D).",D,2026-06-11T22:38:48.915155+00:00
715,4,row_114,next-level,General,local_phi4,D,,D,True,False,"In the following sentence, what does ""next-level"" mean?
That movie was next level!

Select only one answer.
A) A distinct trait, style, or outfit, often used in drag culture
B) A loss or failure
C) Ironically used to describe one as unique
D) Something that is better then everything else

Respond with only the letter of your answer (A, B, C, or D).",D,2026-06-11T22:38:49.006555+00:00
716,4,row_115,NPC,Insult,local_phi4,D,C,D,True,False,"In the following sentence, what does ""NPC"" mean?
Stop being such an NPC.

Select only one answer.
A) The anus
B) To do something impressive
C) a character in a video game that does not represent and cannot be manipulated by a player —called also non-player character
D) Used to mock someone who doesnt think for themselves, says things repeatedly, or has no opinions

Respond with only the letter of your answer (A, B, C, or D).",D,2026-06-11T22:38:49.098182+00:00
717,4,row_116,Omega,Identity,local_phi4,B,C,B,True,False,"In the following sentence, what does ""Omega"" mean?
Those were some real omega moves right there.

Select only one answer.
A) Something that appears mundane but has hidden potential
B) A submissive male that is often outside of traditional social hierarchies
C) the 24th and last letter of the Greek alphabet
D) A term of endearment for a significant other

Respond with only the letter of your answer (A, B, C, or D).",B,2026-06-11T22:38:49.190811+00:00
718,4,row_117,on the regs,General,local_phi4,C,,C,True,False,"In the following sentence, what does ""on the regs"" mean?
I stop by the coffee shop on the regs.

Select only one answer.
A) To do somethign very well
B) A man that is feminine in nature
C) Something done regularly
D) An insulting term to refer to someone as stupid

Respond with only the letter of your answer (A, B, C, or D).",C,2026-06-11T22:38:49.292502+00:00
719,4,row_118,oof,General,local_phi4,A,,A,True,False,"In the following sentence, what does ""oof"" mean?
Oof, that was rough.

Select only one answer.
A) A reaction to something uncomfortable
B) To do somethign very well
C) Someone that is boring
D) To be high or drunk

Respond with only the letter of your answer (A, B, C, or D).",A,2026-06-11T22:38:49.394077+00:00
720,4,row_119,ooga-booga,Sexual,local_phi4,A,,D,False,False,"In the following sentence, what does ""ooga-booga"" mean?
Me want ooga-booga!

Select only one answer.
A) The vagina
B) cocaine
C) An incel term meaning kissless, hugless, handholdless virgin
D) A significant problem

Respond with only the letter of your answer (A, B, C, or D).",D,2026-06-11T22:38:49.494406+00:00
721,4,row_120,Orange Crush,Drugs,local_phi4,A,,A,True,False,"In the following sentence, what does ""Orange Crush"" mean?
ets grab some of that orange crush tonight!

Select only one answer.
A) A type of marijuana
B) The greatest of all time
C) Someone that is too much of a fan of something
D) Short for Bitch

Respond with only the letter of your answer (A, B, C, or D).",A,2026-06-11T22:38:49.597916+00:00
722,4,row_121,OTP,General,local_phi4,B,,B,True,False,"In the following sentence, what does ""OTP"" mean?
Him and her are the OTP.

Select only one answer.
A) Someone who is the last person to leave a location and the first to come back in the morning
B) One True Pairing
C) To be fierce and unapologetic withing a social situation
D) Main Character - Someone that acts as if they are the star of a story

Respond with only the letter of your answer (A, B, C, or D).",B,2026-06-11T22:38:49.701677+00:00
723,4,row_122,packers,Insult,local_phi4,C,D,C,True,False,"In the following sentence, what does ""packers"" mean?
Thats just a group of packers over there, don't waste your time.

Select only one answer.
A) An all denim outfit
B) To express excitement or approval for something
C) fake soft penises and testicles designed to give a 'male' bulge to the crotches of female-to-male transsexuals.
D) one that packs

Respond with only the letter of your answer (A, B, C, or D).",C) fake soft penises and testicles designed to give a 'male' bulge to the crotches of female-to-male transsexuals.,2026-06-11T22:38:50.353767+00:00
724,4,row_123,passa passa,General,local_phi4,D,,B,False,False,"In the following sentence, what does ""passa passa"" mean?
I don't want any passa passa now.

Select only one answer.
A) a significant other
B) A fool or a prick
C) An older person who is out of touch
D) A loud and messy conflict

Respond with only the letter of your answer (A, B, C, or D).",B,2026-06-11T22:38:50.448101+00:00
725,4,row_124,passport bro,Sexual,local_phi4,C,,C,True,False,"In the following sentence, what does ""passport bro"" mean?
A bunch of passport bro's just checked into the hotel.

Select only one answer.
A) Ending the discussion on a topic
B) To knock someone out
C) Someone that travels abroad with the sole purpose of having sex
D) Something that is better then everything else

Respond with only the letter of your answer (A, B, C, or D).",C,2026-06-11T22:38:50.539142+00:00
726,4,row_125,Period,General,local_phi4,A,C,A,True,False,"In the following sentence, what does ""Period"" mean?
She is the best, period.

Select only one answer.
A) Ending the discussion on a topic
B) A loud and messy conflict
C) the completion of a cycle, a series of events, or a single action : conclusion
D) Something untrue or unbeleivable

Respond with only the letter of your answer (A, B, C, or D).",A,2026-06-11T22:38:50.642256+00:00
727,4,row_126,plegic,Drugs,local_phi4,A,,A,True,False,"In the following sentence, what does ""plegic"" mean?
That guy stumbled out very plegic.

Select only one answer.
A) drunk
B) A chlid molestor
C) Irritated, bitter, or resentful
D) someone that looks ordinary but is actually very strong

Respond with only the letter of your answer (A, B, C, or D).",A,2026-06-11T22:38:50.750647+00:00
728,4,row_127,poggers,General,local_phi4,A,,A,True,False,"In the following sentence, what does ""poggers"" mean?
Thats a poggers painting.

Select only one answer.
A) To express excitement or approval for something
B) Something that is reallly good.
C) A term for bringing someone over to watch some netflix and then have sex.
D) To do somethign very well

Respond with only the letter of your answer (A, B, C, or D).",A,2026-06-11T22:38:50.850016+00:00
729,4,row_128,Pookie,Sexual,local_phi4,B,,B,True,False,"In the following sentence, what does ""Pookie"" mean?
My pookie loves a smash burger.

Select only one answer.
A) A loud and messy conflict
B) A term of endearment for a significant other
C) Fuckboy, someone just looking for sex
D) An attractive older man

Respond with only the letter of your answer (A, B, C, or D).",B,2026-06-11T22:38:50.951113+00:00
730,4,row_129,Pop off,General,local_phi4,B,A,B,True,False,"In the following sentence, what does ""Pop off"" mean?
I'm about to pop off!

Select only one answer.
A) to die unexpectedly
B) To do something impressive
C) A loud and messy conflict
D) A significant problem

Respond with only the letter of your answer (A, B, C, or D).",B,2026-06-11T22:38:51.052817+00:00
731,4,row_130,Posh and Becks,Sexual,local_phi4,B,,B,True,False,"In the following sentence, what does ""Posh and Becks"" mean?
Lets go back to my place and have the posh and becks.

Select only one answer.
A) An incel term meaning kissless, hugless, handholdless virgin
B) sex
C) To be high or drunk
D) A strong, leader who commands those around them

Respond with only the letter of your answer (A, B, C, or D).",B,2026-06-11T22:38:51.151140+00:00
732,4,row_131,prepper,Insult,local_phi4,C,,C,True,False,"In the following sentence, what does ""prepper"" mean?
We have a prepper down the block. They are kindof crazy, but its nice to know where to go.

Select only one answer.
A) A loud and messy conflict
B) A commonplace person
C) Someone who prepares for doomsday scenarios
D) A term to support someone going through a gender change.

Respond with only the letter of your answer (A, B, C, or D).",C,2026-06-11T22:38:51.254227+00:00
733,4,row_132,Prison pocket,General,local_phi4,C,,C,True,False,"In the following sentence, what does ""Prison pocket"" mean?
Hold it in your prison pocket.

Select only one answer.
A) To manipulated, trick, or fool someone
B) One True Pairing
C) The anus
D) sweet talk

Respond with only the letter of your answer (A, B, C, or D).",C,2026-06-11T22:38:51.355418+00:00
734,4,row_133,Put the fries in the bag,General,local_phi4,C,,B,False,False,"In the following sentence, what does ""Put the fries in the bag"" mean?
You're taking too long. Put the fires in the bag.

Select only one answer.
A) To win
B) An incel term meaning kissless, hugless, handholdless virgin
C) Get to the point
D) A provocative dance

Respond with only the letter of your answer (A, B, C, or D).",B,2026-06-11T22:38:51.458473+00:00
735,4,row_134,Quirky,Insult,local_phi4,D,A,A,False,True,"In the following sentence, what does ""Quirky"" mean?
I'm so quirky!

Select only one answer.
A) having many quirks : unusual in especially an interesting or appealing way
B) Someone who refused to wear a mask in covid times.
C) An incel term meaning kissless, hugless, handholdless virgin
D) Ironically used to describe one as unique

Respond with only the letter of your answer (A, B, C, or D).",A,2026-06-11T22:38:51.558319+00:00
736,4,row_135,rago,Insult,local_phi4,B,,B,True,False,"In the following sentence, what does ""rago"" mean?
It was just how rago he was.

Select only one answer.
A) A term to discuss sexual experiences
B) Someone acting aggressively and out of control
C) To be high or drunk
D) Talking too much

Respond with only the letter of your answer (A, B, C, or D).",B,2026-06-11T22:38:51.660971+00:00
737,4,row_136,rapey,Sexual,local_phi4,D,,D,True,False,"In the following sentence, what does ""rapey"" mean?
That guy at the bar was feeling pretty rapey.

Select only one answer.
A) Nonsensical term
B) sex
C) bullets
D) Describes activities or situations that are sexually aggressive

Respond with only the letter of your answer (A, B, C, or D).",D,2026-06-11T22:38:51.751541+00:00
738,4,row_137,Ratio,General,local_phi4,C,A,A,False,True,"In the following sentence, what does ""Ratio"" mean?
Ratio if you like pizza.

Select only one answer.
A) the indicated quotient of two mathematical expressions
B) To make lifestyle changes to make your life more holistic
C) when a reply gets more than the original post
D) An endeering term used towards ones significant other

Respond with only the letter of your answer (A, B, C, or D).",A,2026-06-11T22:38:51.842161+00:00
739,4,row_138,raw,General,local_phi4,D,A,D,True,False,"In the following sentence, what does ""raw"" mean?
He's been hitting the vape raw lately.

Select only one answer.
A) not cooked
B) A significant other
C) Crack cocaine
D) something intense, aggressive, and unfiltered

Respond with only the letter of your answer (A, B, C, or D).",D,2026-06-11T22:38:51.933047+00:00
740,4,row_139,RIP (me),General,local_phi4,C,,C,True,False,"In the following sentence, what does ""RIP (me)"" mean?
I think I just failed that test. RIP me.

Select only one answer.
A) A term for someone that enjoys watching their wife have sex with another man
B) The anus
C) To express disappointment dramatically
D) when a reply gets more than the original post

Respond with only the letter of your answer (A, B, C, or D).",C,2026-06-11T22:38:52.023404+00:00
741,4,row_140,Rizz,General,local_phi4,A,,A,True,False,"In the following sentence, what does ""Rizz"" mean?
The rizz you have today is stunning!

Select only one answer.
A) Charisma
B) To metaphorically die of laughter
C) A hot dog
D) The greatest of all time

Respond with only the letter of your answer (A, B, C, or D).",A,2026-06-11T22:38:52.114942+00:00
742,4,row_141,Salty,Insult,local_phi4,A,C,A,True,False,"In the following sentence, what does ""Salty"" mean?
She's just salty that you have a boyfriend and she doesn't.

Select only one answer.
A) Irritated, bitter, or resentful
B) Someone who refused to wear a mask in covid times.
C) of, seasoned with, or containing salt
D) crazy or erratic

Respond with only the letter of your answer (A, B, C, or D).",A,2026-06-11T22:38:52.215439+00:00
743,4,row_142,savage,General,local_phi4,A,B,A,True,False,"In the following sentence, what does ""savage"" mean?
That was a savage comeback you gave.

Select only one answer.
A) To be fierce and unapologetic withing a social situation
B) not domesticated or under human control : untamed
C) Someone unappealing
D) the playful act of taking a friend's food

Respond with only the letter of your answer (A, B, C, or D).",A,2026-06-11T22:38:52.315082+00:00
744,4,row_143,Schizo,Insult,local_phi4,C,,C,True,False,"In the following sentence, what does ""Schizo"" mean?
Brians a total schitzo.

Select only one answer.
A) Someone who is trying to get sexual attention overtly
B) An insulting term to refer to someone as stupid
C) crazy or erratic
D) Someone that is too much of a fan of something

Respond with only the letter of your answer (A, B, C, or D).",C,2026-06-11T22:38:52.417434+00:00
745,4,row_144,scuffed,Insult,local_phi4,D,A,D,True,False,"In the following sentence, what does ""scuffed"" mean?
The was a scuffed performance last night.

Select only one answer.
A) to walk without lifting the feet : shuffle
B) The greatest of all time
C) To mastrubate for extremeely long period regularly
D) Something that is messed up or not right.

Respond with only the letter of your answer (A, B, C, or D).",D,2026-06-11T22:38:52.516349+00:00
746,4,row_145,Shabba,General,local_phi4,A,,C,False,False,"In the following sentence, what does ""Shabba"" mean?
Shabba on point!

Select only one answer.
A) Fashionable or stylish
B) Nonsensical term
C) Someone who is trying to get sexual attention overtly
D) A fashionable look

Respond with only the letter of your answer (A, B, C, or D).",C,2026-06-11T22:38:52.619209+00:00
747,4,row_146,Sheesh,General,local_phi4,B,,B,True,False,"In the following sentence, what does ""Sheesh"" mean?
Sheesh! Thats crazy!

Select only one answer.
A) Ironically used to describe one as unique
B) To express disbelief
C) Talking too much
D) Weak or effeminate

Respond with only the letter of your answer (A, B, C, or D).",B,2026-06-11T22:38:52.719305+00:00
748,4,row_147,Side eye,General,local_phi4,C,,C,True,False,"In the following sentence, what does ""Side eye"" mean?
Why are you giving him the side eye?

Select only one answer.
A) One True Pairing
B) Something that is reallly good.
C) To be skeptical about something
D) To refer to ones imaginary audience like an internet steamer

Respond with only the letter of your answer (A, B, C, or D).",C,2026-06-11T22:38:52.826384+00:00
749,4,row_148,Sigma,Identity,local_phi4,D,A,D,True,False,"In the following sentence, what does ""Sigma"" mean?
You are giving off sigma energy right now.

Select only one answer.
A) the 18th letter of the Greek alphabet
B) Activities that involve cultivating ones Aura
C) An emotional meltdown
D) An independent, strong person

Respond with only the letter of your answer (A, B, C, or D).","D) An independent, strong person",2026-06-11T22:38:53.031160+00:00
750,4,row_149,Simp,Insult,local_phi4,D,C,D,True,False,"In the following sentence, what does ""Simp"" mean?
Stop being a simp over her!

Select only one answer.
A) A mauser C96 pistol
B) Friends with benefits
C) a foolish or stupid person : simpleton
D) Someone that tries really hard to impress their crush

Respond with only the letter of your answer (A, B, C, or D).",D,2026-06-11T22:38:53.125271+00:00
751,4,row_150,Situationship,Sexual,local_phi4,A,,A,True,False,"In the following sentence, what does ""Situationship"" mean?
Joe ended up in a situationship over the summer.

Select only one answer.
A) A sexual relationship developed from situations without clear future intentions
B) A reference for ass
C) To make a jawline more defined
D) A near superhuman perfect male

Respond with only the letter of your answer (A, B, C, or D).",A,2026-06-11T22:38:53.217738+00:00
752,4,row_151,Skeet,Sexual,local_phi4,D,C,D,True,False,"In the following sentence, what does ""Skeet"" mean?
He skeeted all over the court!

Select only one answer.
A) a bad charisma
B) Someone unappealing
C) trapshooting in which clay pigeons are thrown in such a way as to simulate the angles of flight of birds
D) To shoot ones shot.

Respond with only the letter of your answer (A, B, C, or D).",D,2026-06-11T22:38:53.309081+00:00
753,4,row_152,Skibidi,General,local_phi4,A,,A,True,False,"In the following sentence, what does ""Skibidi"" mean?
That's so skibidi.

Select only one answer.
A) Nonsensical term
B) Sociopath
C) Friends with benefits
D) A large ass that stands out.

Respond with only the letter of your answer (A, B, C, or D).",A,2026-06-11T22:38:53.399329+00:00
754,4,row_153,Skill issue,Insult,local_phi4,B,,B,True,False,"In the following sentence, what does ""Skill issue"" mean?
You won't win. Its a skill issue.

Select only one answer.
A) A significant other
B) An insult saying that the problem is due to lack of skill rather then luck
C) Very good
D) To be skeptical about something

Respond with only the letter of your answer (A, B, C, or D).",B,2026-06-11T22:38:53.491016+00:00
755,4,row_154,Slaps,General,local_phi4,B,A,C,False,False,"In the following sentence, what does ""Slaps"" mean?
This place slaps!

Select only one answer.
A) to strike sharply with or as if with the open hand
B) Something that is reallly good.
C) Something very good
D) Crack cocaine

Respond with only the letter of your answer (A, B, C, or D).",C) Something very good,2026-06-11T22:38:53.651160+00:00
756,4,row_155,Slay,General,local_phi4,B,D,B,True,False,"In the following sentence, what does ""Slay"" mean?
Slay girl!

Select only one answer.
A) Gossip
B) To do somethign very well
C) Used to refer to the social media platforms one uses
D) to kill violently, wantonly, or in great numbers

Respond with only the letter of your answer (A, B, C, or D).",B,2026-06-11T22:38:53.752338+00:00
757,4,row_156,sledge,Identity,local_phi4,B,D,B,True,False,"In the following sentence, what does ""sledge"" mean?
What? Are you havin trouble you sledge?

Select only one answer.
A) A man that is feminine in nature
B) An insult commonly used in sports
C) Something that is reallly good.
D) sledgehammer

Respond with only the letter of your answer (A, B, C, or D).",B) An insult commonly used in sports.,2026-06-11T22:38:53.996185+00:00
758,4,row_157,sleeper,General,local_phi4,D,B,D,True,False,"In the following sentence, what does ""sleeper"" mean?
That car has got to be a sleeper.

Select only one answer.
A) A man that takes care of children
B) one that sleeps
C) Someone that travels abroad with the sole purpose of having sex
D) Something that appears mundane but has hidden potential

Respond with only the letter of your answer (A, B, C, or D).",D,2026-06-11T22:38:54.093054+00:00
759,4,row_158,sleeper build,General,local_phi4,B,,D,False,False,"In the following sentence, what does ""sleeper build"" mean?
Bro's rocking the sleeper build.

Select only one answer.
A) Acting crazily
B) someone that looks ordinary but is actually very strong
C) Mediocre
D) Something that appears mundane but has hidden potential

Respond with only the letter of your answer (A, B, C, or D).",D,2026-06-11T22:38:54.193357+00:00
760,4,row_159,Snack,Sexual,local_phi4,A,C,A,True,False,"In the following sentence, what does ""Snack"" mean?
That lady over there is a snack.

Select only one answer.
A) A descriptor for an attractive person
B) the playful act of taking a friend's food
C) a light meal : food eaten between regular meals; also : food suitable for snacking
D) drunk

Respond with only the letter of your answer (A, B, C, or D).",A,2026-06-11T22:38:54.293769+00:00
761,4,row_160,snaggle,Identity,local_phi4,B,A,B,True,False,"In the following sentence, what does ""snaggle"" mean?
Susanne is such a snaggle.

Select only one answer.
A) snag
B) An unattractive girl
C) Sociopath
D) An insulting term to refer to someone as stupid

Respond with only the letter of your answer (A, B, C, or D).",B,2026-06-11T22:38:54.391328+00:00
762,4,row_161,Snatched,General,local_phi4,C,B,C,True,False,"In the following sentence, what does ""Snatched"" mean?
You're looking snatched today.

Select only one answer.
A) Main Character - Someone that acts as if they are the star of a story
B) to attempt to seize something suddenly
C) A fashionable look
D) to recoil in distaste

Respond with only the letter of your answer (A, B, C, or D).",C,2026-06-11T22:38:54.493579+00:00
763,4,row_162,socials,General,local_phi4,B,C,B,True,False,"In the following sentence, what does ""socials"" mean?
Catch me on the socials!

Select only one answer.
A) To make lifestyle changes to make your life more holistic
B) Used to refer to the social media platforms one uses
C) an informal social event or gathering frequently involving a special activity or area of interest
D) Something really good

Respond with only the letter of your answer (A, B, C, or D).",B,2026-06-11T22:38:54.589980+00:00
764,4,row_163,socio,Insult,local_phi4,D,,A,False,False,"In the following sentence, what does ""socio"" mean?
The boy is a socio.

Select only one answer.
A) An insult commonly used in sports
B) Go in 100% on something
C) A man that takes care of children
D) Sociopath

Respond with only the letter of your answer (A, B, C, or D).",A) An insult commonly used in sports.,2026-06-11T22:38:54.827732+00:00
765,4,row_164,Soy,Insult,local_phi4,A,,D,False,False,"In the following sentence, what does ""Soy"" mean?
Stop being so soy.

Select only one answer.
A) Weak or effeminate
B) Cancer
C) An insulting term to refer to someone as stupid
D) A term used to say that someone is online too much and needs to get back to real life

Respond with only the letter of your answer (A, B, C, or D).",D,2026-06-11T22:38:54.920268+00:00
766,4,row_165,soyboy,Identity,local_phi4,B,,B,True,False,"In the following sentence, what does ""soyboy"" mean?
Get that soyboy out of here!

Select only one answer.
A) sweet talk
B) Men that lack masculine characteristics
C) When something hidden gets called out
D) A fashionable look

Respond with only the letter of your answer (A, B, C, or D).",B,2026-06-11T22:38:55.011642+00:00
767,4,row_166,Spanish dancer,General,local_phi4,B,,B,True,False,"In the following sentence, what does ""Spanish dancer"" mean?
I sounds like I caught the spanish dancer.

Select only one answer.
A) used to mock spoiled kids
B) Cancer
C) A term for baby that people will call their significant other.
D) Used to mock someone who doesnt think for themselves, says things repeatedly, or has no opinions

Respond with only the letter of your answer (A, B, C, or D).",B,2026-06-11T22:38:55.103382+00:00
768,4,row_167,spark,Violence,local_phi4,C,A,C,True,False,"In the following sentence, what does ""spark"" mean?
Don't make me spark you out!

Select only one answer.
A) a small particle of a burning substance thrown out by a body in combustion or remaining when combustion is nearly completed
B) Delusional
C) To knock someone out
D) fake soft penises and testicles designed to give a 'male' bulge to the crotches of female-to-male transsexuals.

Respond with only the letter of your answer (A, B, C, or D).",C,2026-06-11T22:38:55.205642+00:00
769,4,row_168,Stuyvie,Drugs,local_phi4,D,,D,True,False,"In the following sentence, what does ""Stuyvie"" mean?
Lets go outside and smoke a suyvie.

Select only one answer.
A) A significant problem
B) Used to refer to the social media platforms one uses
C) An emotional meltdown
D) A cigarette

Respond with only the letter of your answer (A, B, C, or D).",D,2026-06-11T22:38:55.309547+00:00
770,4,row_169,suiter,General,local_phi4,D,A,D,True,False,"In the following sentence, what does ""suiter"" mean?
Her suiter was admiring her from afar.

Select only one answer.
A) a suitcase for holding a specified number of suits —usually used in combination
B) Cancer
C) To do something impressive
D) a significant other

Respond with only the letter of your answer (A, B, C, or D).",D,2026-06-11T22:38:55.408659+00:00
771,4,row_170,Sus,General,local_phi4,A,,A,True,False,"In the following sentence, what does ""Sus"" mean?
That man over there is real sus.

Select only one answer.
A) Something suspicious
B) Mercedes Benz G class
C) Money
D) A strong, leader who commands those around them

Respond with only the letter of your answer (A, B, C, or D).",A,2026-06-11T22:38:55.510936+00:00
772,4,row_171,Tea,General,local_phi4,B,C,B,True,False,"In the following sentence, what does ""Tea"" mean?
Come on, spill the tea!

Select only one answer.
A) An incel term meaning kissless, hugless, handholdless virgin
B) Gossip
C) a widely cultivated shrub (Camellia sinensis of the family Theaceae, the tea family) native to China, northern India, and southeastern Asia and having glossy green leaves and fragrant white flowers
D) Nonsensical term

Respond with only the letter of your answer (A, B, C, or D).",B,2026-06-11T22:38:55.611571+00:00
773,4,row_172,theybie,General,local_phi4,B,,B,True,False,"In the following sentence, what does ""theybie"" mean?
The a couple and their theybie just moved in next door.

Select only one answer.
A) The positive or relaxing energy of a place
B) A term used to describe a baby raised in a gender neutral environment
C) sex
D) A man that takes care of children

Respond with only the letter of your answer (A, B, C, or D).",B,2026-06-11T22:38:55.708488+00:00
774,4,row_173,Thirsty,Sexual,local_phi4,A,B,A,True,False,"In the following sentence, what does ""Thirsty"" mean?
She's lookin real thirsty today.

Select only one answer.
A) Someone who is trying to get sexual attention overtly
B) feeling thirst
C) Friends with benefits
D) A term of endearment for a significant other

Respond with only the letter of your answer (A, B, C, or D).",A,2026-06-11T22:38:55.810946+00:00
775,4,row_174,Thot,Sexual,local_phi4,C,,C,True,False,"In the following sentence, what does ""Thot"" mean?
I'm gonna dress like a thot tonight.

Select only one answer.
A) Men that lack masculine characteristics
B) Something ugly or unattractive
C) Another term that stands for that hoe over there
D) A term used to describe a baby raised in a gender neutral environment

Respond with only the letter of your answer (A, B, C, or D).",C,2026-06-11T22:38:55.911807+00:00
776,4,row_175,Thrust,General,local_phi4,A,C,B,False,False,"In the following sentence, what does ""Thrust"" mean?
Hit the thrust!

Select only one answer.
A) A dance move
B) Used to mock someone who doesnt think for themselves, says things repeatedly, or has no opinions
C) to push or drive with force : shove
D) To check the mood of a situation

Respond with only the letter of your answer (A, B, C, or D).",B,2026-06-11T22:38:56.015696+00:00
777,4,row_176,toe-cheese,Insult,local_phi4,B,,B,True,False,"In the following sentence, what does ""toe-cheese"" mean?
My whole house smells like toe cheese.

Select only one answer.
A) A term for friends
B) Gross buildup between the toes
C) Something low quality or bad
D) An attractive older man

Respond with only the letter of your answer (A, B, C, or D).",B,2026-06-11T22:38:56.109000+00:00
778,4,row_177,tomdick,Insult,local_phi4,B,,B,True,False,"In the following sentence, what does ""tomdick"" mean?
That secratary was a tomdick.

Select only one answer.
A) Something ugly or unattractive
B) A commonplace person
C) Throwing something
D) Someone who refused to wear a mask in covid times.

Respond with only the letter of your answer (A, B, C, or D).",B,2026-06-11T22:38:56.200591+00:00
779,4,row_178,Touch Grass,General,local_phi4,D,,D,True,False,"In the following sentence, what does ""Touch Grass"" mean?
Go out and touch some grass.

Select only one answer.
A) A near superhuman perfect male
B) Money
C) A strong, leader who commands those around them
D) A term used to say that someone is online too much and needs to get back to real life

Respond with only the letter of your answer (A, B, C, or D).",D,2026-06-11T22:38:56.291678+00:00
780,4,row_179,troll,Identity,local_phi4,D,A,D,True,False,"In the following sentence, what does ""troll"" mean?
That guy in valorant was a such a troll.

Select only one answer.
A) a dwarf or giant in Scandinavian folklore inhabiting caves or hills
B) A dance move
C) To stab or shoot
D) Someone who deliberatly acts in ways to annoy or anger a group of people online.

Respond with only the letter of your answer (A, B, C, or D).",D,2026-06-11T22:38:56.382455+00:00
781,4,row_180,Tweaking,General,local_phi4,C,B,C,True,False,"In the following sentence, what does ""Tweaking"" mean?
Why are you tweaking out?

Select only one answer.
A) Fuckboy, someone just looking for sex
B) to make usually small adjustments in or to; especially : fine-tune
C) Acting crazily
D) An expression of disbelief

Respond with only the letter of your answer (A, B, C, or D).",C,2026-06-11T22:38:56.472816+00:00
782,4,row_181,twoz,Drugs,local_phi4,D,,D,True,False,"In the following sentence, what does ""twoz"" mean?
Hey, hand me the twoz joint.

Select only one answer.
A) An all denim outfit
B) Someone who is very stubborn
C) An affirmative agreement
D) A canabis based cigarette that needs two paper rolls

Respond with only the letter of your answer (A, B, C, or D).",D,2026-06-11T22:38:56.564285+00:00
783,4,row_182,Unc,Insult,local_phi4,D,,C,False,False,"In the following sentence, what does ""Unc"" mean?
I'll explain it to you unc.

Select only one answer.
A) Another term that stands for that hoe over there
B) A term for friends
C) Describes activities or situations that are sexually aggressive
D) An older person who is out of touch

Respond with only the letter of your answer (A, B, C, or D).",C,2026-06-11T22:38:56.668460+00:00
784,4,row_183,Understood the assignment,General,local_phi4,B,,B,True,False,"In the following sentence, what does ""Understood the assignment"" mean?
All done. Understood the assignment.

Select only one answer.
A) Someone weak or a follower
B) To confim that something was completed to expectation
C) Something that is messed up or not right.
D) To focus on making one as physically attractive as possible

Respond with only the letter of your answer (A, B, C, or D).",B,2026-06-11T22:38:56.766874+00:00
785,4,row_184,upper decky,Drugs,local_phi4,D,,B,False,False,"In the following sentence, what does ""upper decky"" mean?
Hey bro, can I bum an upper decky zynn?

Select only one answer.
A) An expression of disappointment
B) fake soft penises and testicles designed to give a 'male' bulge to the crotches of female-to-male transsexuals.
C) To get arrested
D) A nicotine pouch held between the upper lip and gums

Respond with only the letter of your answer (A, B, C, or D).",B,2026-06-11T22:38:56.868798+00:00
786,4,row_185,Vibe,General,local_phi4,D,,D,True,False,"In the following sentence, what does ""Vibe"" mean?
I'm just enjoyin the vibe out here.

Select only one answer.
A) Describes activities or situations that are sexually aggressive
B) As Fuck
C) To be skeptical about something
D) The positive or relaxing energy of a place

Respond with only the letter of your answer (A, B, C, or D).",D,2026-06-11T22:38:56.969920+00:00
787,4,row_186,Vibe Check,General,local_phi4,D,,D,True,False,"In the following sentence, what does ""Vibe Check"" mean?
Can I get a vibe check?

Select only one answer.
A) To prepare for a fight
B) To express excitement or approval for something
C) Something that is adorably and chunky
D) To check the mood of a situation

Respond with only the letter of your answer (A, B, C, or D).",D,2026-06-11T22:38:57.068414+00:00
788,4,row_187,wahala,General,local_phi4,D,,D,True,False,"In the following sentence, what does ""wahala"" mean?
Please, no wahala.

Select only one answer.
A) To be honest about something
B) Someone who is trying to get sexual attention overtly
C) An unpopular opinion
D) A significant problem

Respond with only the letter of your answer (A, B, C, or D).",D,2026-06-11T22:38:57.156647+00:00
789,4,row_188,waved,Drugs,local_phi4,B,A,B,True,False,"In the following sentence, what does ""waved"" mean?
Bro's over on the bench waved out of his mind.

Select only one answer.
A) having a wavelike form or outline
B) To be high or drunk
C) Prolonged masturbation
D) A submissive male that is often outside of traditional social hierarchies

Respond with only the letter of your answer (A, B, C, or D).",B,2026-06-11T22:38:57.256697+00:00
790,4,row_189,What the sigma,General,local_phi4,D,,D,True,False,"In the following sentence, what does ""What the sigma"" mean?
What the sigma? I thought you left?

Select only one answer.
A) Stylish or flashy outfit style
B) Activities that involve cultivating ones Aura
C) A man that is feminine in nature
D) An expression of disbelief

Respond with only the letter of your answer (A, B, C, or D).",D,2026-06-11T22:38:57.360068+00:00
791,4,row_190,whitney,Drugs,local_phi4,B,,B,True,False,"In the following sentence, what does ""whitney"" mean?
Hey man, you got any whitney on you?

Select only one answer.
A) intensely and openely say something true
B) Crack cocaine
C) Someone younger
D) An insult commonly used in sports

Respond with only the letter of your answer (A, B, C, or D).",B,2026-06-11T22:38:57.458528+00:00
792,4,row_191,Woke,Insult,local_phi4,C,,C,True,False,"In the following sentence, what does ""Woke"" mean?
Stop being so woke.

Select only one answer.
A) Somehting that is poor quality
B) Another term that stands for that hoe over there
C) Someone that is too left leaning politically
D) An all denim outfit

Respond with only the letter of your answer (A, B, C, or D).",C,2026-06-11T22:38:57.560153+00:00
793,4,row_192,womp womp,General,local_phi4,A,,A,True,False,"In the following sentence, what does ""womp womp"" mean?
I failed that math quiz. Womp womp.

Select only one answer.
A) An expression of disappointment
B) to recoil in distaste
C) Something that is better then everything else
D) Ending the discussion on a topic

Respond with only the letter of your answer (A, B, C, or D).",A,2026-06-11T22:38:57.650633+00:00
794,4,row_193,wraparound,General,local_phi4,C,D,C,True,False,"In the following sentence, what does ""wraparound"" mean?
I had to pull a wraparound this morning since I left my wallet at the bar.

Select only one answer.
A) To be high or drunk
B) I just burst out laughing
C) Someone who is the last person to leave a location and the first to come back in the morning
D) made to be wrapped around something and especially the body

Respond with only the letter of your answer (A, B, C, or D).",C) Someone who is the last person to leave a location and the first to come back in the morning.,2026-06-11T22:38:58.115926+00:00
795,4,row_194,Yapping,Insult,local_phi4,D,C,C,False,True,"In the following sentence, what does ""Yapping"" mean?
Stop your yapping and get over here.

Select only one answer.
A) A charismatic, sexy, and quick witted man
B) a live-action role-playing game in which a group of people enacts a fictional scenario (such as a fantasy adventure) in real time typically under the guidance of a facilitator or organizer; also : the activity of participating in such games : larping
C) to talk in a shrill insistent way : chatter
D) Talking too much

Respond with only the letter of your answer (A, B, C, or D).",C,2026-06-11T22:38:58.214270+00:00
796,4,row_195,Yeet,General,local_phi4,C,,C,True,False,"In the following sentence, what does ""Yeet"" mean?
Think I can make this? Yeet!

Select only one answer.
A) Somehting uncool or unfashionable
B) Someone who refused to wear a mask in covid times.
C) Throwing something
D) Something really good

Respond with only the letter of your answer (A, B, C, or D).",C,2026-06-11T22:38:58.314857+00:00
797,4,row_196,ying,Violence,local_phi4,D,,B,False,False,"In the following sentence, what does ""ying"" mean?
I'll walk in swinging my ying.

Select only one answer.
A) Someone unappealing
B) sex
C) Something that appears mundane but has hidden potential
D) A knife

Respond with only the letter of your answer (A, B, C, or D).",B,2026-06-11T22:38:58.414218+00:00
798,4,row_197,yoyo,General,local_phi4,D,B,D,True,False,"In the following sentence, what does ""yoyo"" mean?
We've helped you in the past, but yoyo this time.

Select only one answer.
A) Cool
B) a thick grooved double disk with a string attached to its center axle that is made to fall and rise to the hand by unwinding and rewinding on the string
C) Money
D) You're on Your own

Respond with only the letter of your answer (A, B, C, or D).",D,2026-06-11T22:38:58.515387+00:00
799,4,row_198,Zaddy,Sexual,local_phi4,A,,A,True,False,"In the following sentence, what does ""Zaddy"" mean?
I'm meeting up with my zaddy later tonight.

Select only one answer.
A) An attractive older man
B) An older person who is out of touch
C) As Fuck
D) Mercedes Benz G class

Respond with only the letter of your answer (A, B, C, or D).",A,2026-06-11T22:38:58.618725+00:00
800,4,row_199,Zesty,Insult,local_phi4,D,A,A,False,True,"In the following sentence, what does ""Zesty"" mean?
He's acting a bit zesty today.

Select only one answer.
A) having or characterized by zest : appealingly piquant or lively
B) To win
C) To check the mood of a situation
D) A man that is feminine in nature

Respond with only the letter of your answer (A, B, C, or D).",A,2026-06-11T22:38:58.716611+00:00
801,5,row_000,'done,Drugs,local_phi4,C,,C,True,False,"In the following sentence, what does ""'done"" mean?
Do you have any of the 'done on you?

Select only one answer.
A) A chlid molestor
B) Go in 100% on something
C) Methodone
D) Age Sex Location

Respond with only the letter of your answer (A, B, C, or D).",C,2026-06-11T22:38:58.819133+00:00
802,5,row_001,6-6-6,Identity,local_phi4,D,,D,True,False,"In the following sentence, what does ""6-6-6"" mean?
I only date a man who is a 6-6-6.

Select only one answer.
A) To knock someone out
B) Crack cocaine
C) Someone who acts tries to act entertaining and amuzingly relentlessly
D) A rule used by some for dating that refers to someone who is six feet tall, has a 6 figure income, and has six-pack abs

Respond with only the letter of your answer (A, B, C, or D).",D,2026-06-11T22:38:58.917209+00:00
803,5,row_002,AF,General,local_phi4,A,,A,True,False,"In the following sentence, what does ""AF"" mean?
Thats cool AF!

Select only one answer.
A) As Fuck
B) An insult commonly used in sports
C) intensely and openely say something true
D) An unpopular opinion

Respond with only the letter of your answer (A, B, C, or D).",A,2026-06-11T22:38:59.016455+00:00
804,5,row_003,aggy,Violence,local_phi4,D,,D,True,False,"In the following sentence, what does ""aggy"" mean?
Why you so aggy?

Select only one answer.
A) Someone that tries really hard to impress their crush
B) An older person who is out of touch
C) An unpopular opinion
D) to aggrivate

Respond with only the letter of your answer (A, B, C, or D).",D,2026-06-11T22:38:59.105805+00:00
805,5,row_004,Alpha,Identity,local_phi4,C,D,C,True,False,"In the following sentence, what does ""Alpha"" mean?
What an alpha chad.

Select only one answer.
A) Mediocre
B) an expression of surprise
C) A strong, leader who commands those around them
D) the 1st letter of the Greek alphabet

Respond with only the letter of your answer (A, B, C, or D).",C,2026-06-11T22:38:59.205946+00:00
806,5,row_005,ant,Sexual,local_phi4,D,B,B,False,True,"In the following sentence, what does ""ant"" mean?
I came across a real ant at the club earlier.

Select only one answer.
A) Describes activities or situations that are sexually aggressive
B) any of a family (Formicidae) of colonial hymenopterous insects with a complex social organization and various castes performing special duties
C) A sexual relationship developed from situations without clear future intentions
D) A charismatic, sexy, and quick witted man

Respond with only the letter of your answer (A, B, C, or D).",B,2026-06-11T22:38:59.296678+00:00
807,5,row_006,archer,Identity,local_phi4,C,B,C,True,False,"In the following sentence, what does ""archer"" mean?
Jim was an archer with her lies.

Select only one answer.
A) I just burst out laughing
B) a person who uses a bow and arrow
C) A person who is very good at spotting a lie
D) Something that appears mundane but has hidden potential

Respond with only the letter of your answer (A, B, C, or D).",C,2026-06-11T22:38:59.388712+00:00
808,5,row_007,ASL,Sexual,local_phi4,A,,A,True,False,"In the following sentence, what does ""ASL"" mean?
What's your ASL?

Select only one answer.
A) Age Sex Location
B) A cigarette
C) Get to the point
D) an expression of surprise

Respond with only the letter of your answer (A, B, C, or D).",A,2026-06-11T22:38:59.478205+00:00
809,5,row_008,Aura Farming,Identity,local_phi4,C,,A,False,False,"In the following sentence, what does ""Aura Farming"" mean?
That skateboard group is trying really hard to aura farm, but its not working.

Select only one answer.
A) Someone who deliberatly acts in ways to annoy or anger a group of people online.
B) Gossip
C) Activities that involve cultivating ones Aura
D) Delusional

Respond with only the letter of your answer (A, B, C, or D).",A) Someone who deliberately acts in ways to annoy or anger a group of people online.,2026-06-11T22:38:59.871578+00:00
810,5,row_009,babygirl,Sexual,local_phi4,A,,A,True,False,"In the following sentence, what does ""babygirl"" mean?
Hey babygirl, whanna metup tonight?

Select only one answer.
A) An endeering term used towards ones significant other
B) when a reply gets more than the original post
C) Mediocre
D) Activities that involve cultivating ones Aura

Respond with only the letter of your answer (A, B, C, or D).",A,2026-06-11T22:38:59.976656+00:00
811,5,row_010,backoff,Sexual,local_phi4,B,A,B,True,False,"In the following sentence, what does ""backoff"" mean?
That girl has a fat backoff!

Select only one answer.
A) back down
B) A large ass that stands out.
C) Get to the point
D) Main Character - Someone that acts as if they are the star of a story

Respond with only the letter of your answer (A, B, C, or D).",B,2026-06-11T22:39:00.068830+00:00
812,5,row_011,Bae,Sexual,local_phi4,B,,B,True,False,"In the following sentence, what does ""Bae"" mean?
She's my bae.

Select only one answer.
A) To prepare for a fight
B) A significant other
C) To express disbelief
D) Money

Respond with only the letter of your answer (A, B, C, or D).",B,2026-06-11T22:39:00.172261+00:00
813,5,row_012,bareface,Identity,local_phi4,A,B,A,True,False,"In the following sentence, what does ""bareface"" mean?
I saw a group of barefaces at the store this morning, so I won't be going back.

Select only one answer.
A) Someone who refused to wear a mask in covid times.
B) having a clear finish and no nap
C) Poorly dressed
D) Someone that tries really hard to impress their crush

Respond with only the letter of your answer (A, B, C, or D).",A,2026-06-11T22:39:00.272764+00:00
814,5,row_013,based,General,local_phi4,B,C,C,False,True,"In the following sentence, what does ""based"" mean?
That show was based.

Select only one answer.
A) A mauser C96 pistol
B) An unpopular opinion
C) having a specified type of base or basis —often used in combination
D) A term for friends

Respond with only the letter of your answer (A, B, C, or D).",C,2026-06-11T22:39:00.376400+00:00
815,5,row_014,Basic,Identity,local_phi4,D,A,D,True,False,"In the following sentence, what does ""Basic"" mean?
Shes so basic.

Select only one answer.
A) of, relating to, or forming the base or essence : fundamental
B) A canister of nitrous oxide
C) Saying something secretive or to keep low profile
D) Someone that is boring

Respond with only the letter of your answer (A, B, C, or D).",D,2026-06-11T22:39:00.474273+00:00
816,5,row_015,bb,Sexual,local_phi4,D,C,A,False,False,"In the following sentence, what does ""bb"" mean?
Hey bb, lets grab some food.

Select only one answer.
A) sweet talk
B) A rule used by some for dating that refers to someone who is six feet tall, has a 6 figure income, and has six-pack abs
C) a shot pellet 0.18 inch in diameter for use in a shotgun cartridge
D) A term for baby that people will call their significant other.

Respond with only the letter of your answer (A, B, C, or D).",A,2026-06-11T22:39:00.574294+00:00
817,5,row_016,Bet,General,local_phi4,B,C,C,False,True,"In the following sentence, what does ""Bet"" mean?
bet, lets go.

Select only one answer.
A) A term for someone that enjoys watching their wife have sex with another man
B) An affirmative agreement
C) something that is laid, staked, or pledged typically between two parties on the outcome of a contest or a contingent issue : wager —often used figuratively in such phrases as all bets are off to stress the uncertainty of an outcome
D) Age Sex Location

Respond with only the letter of your answer (A, B, C, or D).",C,2026-06-11T22:39:00.674196+00:00
818,5,row_017,Beta,Identity,local_phi4,B,D,C,False,False,"In the following sentence, what does ""Beta"" mean?
The beta's of the world aren't gonna like that.

Select only one answer.
A) A sudden feeling of disguest or repultion towards someone.
B) Someone weak or a follower
C) An incel term meaning kissless, hugless, handholdless virgin
D) the 2nd letter of the Greek alphabet

Respond with only the letter of your answer (A, B, C, or D).",C,2026-06-11T22:39:00.764104+00:00
819,5,row_018,Bih,General,local_phi4,B,,C,False,False,"In the following sentence, what does ""Bih"" mean?
Bih, what?

Select only one answer.
A) A chlid molestor
B) Short for Bitch
C) To express disappointment dramatically
D) An affirmative agreement

Respond with only the letter of your answer (A, B, C, or D).",C,2026-06-11T22:39:00.854959+00:00
820,5,row_019,bine,Violence,local_phi4,C,A,C,True,False,"In the following sentence, what does ""bine"" mean?
Load the nine with ine and selek it.

Select only one answer.
A) a twining stem or flexible shoot (as of the hop); also : a plant (such as woodbine) whose shoots are bines
B) An unpopular opinion
C) bullets
D) Cool

Respond with only the letter of your answer (A, B, C, or D).",C,2026-06-11T22:39:00.947596+00:00
821,5,row_020,blackup,Violence,local_phi4,D,,D,True,False,"In the following sentence, what does ""blackup"" mean?
We are outnumbered. Call for black up.

Select only one answer.
A) A reaction to something uncomfortable
B) A significant other
C) To shoot ones shot.
D) When you are outnumbered in a fight and call black people for the win

Respond with only the letter of your answer (A, B, C, or D).",D,2026-06-11T22:39:01.040519+00:00
822,5,row_021,Brain Rot,General,local_phi4,B,,B,True,False,"In the following sentence, what does ""Brain Rot"" mean?
Kids these days just sit around and watch brain rot.

Select only one answer.
A) The greatest of all time
B) The videos one find on social media that cause people to scroll and do nothign for hours
C) A sexual relationship developed from situations without clear future intentions
D) A term used to say that someone is online too much and needs to get back to real life

Respond with only the letter of your answer (A, B, C, or D).",B,2026-06-11T22:39:01.131871+00:00
823,5,row_022,brizzy,Drugs,local_phi4,D,,C,False,False,"In the following sentence, what does ""brizzy"" mean?
Quickly, grab the brizzy.

Select only one answer.
A) A homosexual cowboy
B) Men that lack masculine characteristics
C) A nicotine pouch held between the upper lip and gums
D) A kilo of cocaine

Respond with only the letter of your answer (A, B, C, or D).",C,2026-06-11T22:39:01.233174+00:00
824,5,row_023,broomhandle,Violence,local_phi4,B,,B,True,False,"In the following sentence, what does ""broomhandle"" mean?
Get your broomhandle, we gotta go.

Select only one answer.
A) cocaine
B) A mauser C96 pistol
C) The abandonment of responsibilities
D) A strong, leader who commands those around them

Respond with only the letter of your answer (A, B, C, or D).",B,2026-06-11T22:39:01.336240+00:00
825,5,row_024,bruh!,General,local_phi4,A,D,A,True,False,"In the following sentence, what does ""bruh!"" mean?
Bruh! What was that?

Select only one answer.
A) Used to address friends with exasperation, releif, or disbeleif.
B) A term for friends
C) To manipulated, trick, or fool someone
D) brother

Respond with only the letter of your answer (A, B, C, or D).",A,2026-06-11T22:39:01.439095+00:00
826,5,row_025,Bruzz,General,local_phi4,D,,D,True,False,"In the following sentence, what does ""Bruzz"" mean?
Whats up bruzz?

Select only one answer.
A) Acting crazily
B) Someone that is too much of a fan of something
C) A provocative dance
D) A term for friends

Respond with only the letter of your answer (A, B, C, or D).",D,2026-06-11T22:39:01.540051+00:00
827,5,row_026,Bussin',General,local_phi4,A,,A,True,False,"In the following sentence, what does ""Bussin'"" mean?
This pizza is bussin, on god!

Select only one answer.
A) Very good
B) cocaine
C) A dance move
D) A homosexual cowboy

Respond with only the letter of your answer (A, B, C, or D).",A,2026-06-11T22:39:01.640587+00:00
828,5,row_027,Cake,Sexual,local_phi4,C,D,B,False,False,"In the following sentence, what does ""Cake"" mean?
Shes looking real caked up!

Select only one answer.
A) Ending the discussion on a topic
B) Someone weak or a follower
C) A reference for ass
D) a breadlike food made from a dough or batter that is usually fried or baked in small flat shapes and is often unleavened

Respond with only the letter of your answer (A, B, C, or D).",B,2026-06-11T22:39:01.741773+00:00
829,5,row_028,Cap,General,local_phi4,B,A,B,True,False,"In the following sentence, what does ""Cap"" mean?
You're cappin. No way.

Select only one answer.
A) a head covering especially with a visor and no brim
B) Something untrue or unbeleivable
C) Someone who is the last person to leave a location and the first to come back in the morning
D) Used to address friends with exasperation, releif, or disbeleif.

Respond with only the letter of your answer (A, B, C, or D).",B,2026-06-11T22:39:01.841104+00:00
830,5,row_029,Chad,Identity,local_phi4,D,A,B,False,False,"In the following sentence, what does ""Chad"" mean?
That was a total chad move.

Select only one answer.
A) small pieces of paper or cardboard produced in punching paper tape or data cards; also : a piece of chad.
B) Someone who acts tries to act entertaining and amuzingly relentlessly
C) Saying something secretive or to keep low profile
D) A stereotypical alpha male that is strong, handsome, and attracts women.

Respond with only the letter of your answer (A, B, C, or D).",B) Someone who acts tries to act entertaining and amuzingly relentlessly.,2026-06-11T22:39:02.192233+00:00
831,5,row_030,Chaddam,Identity,local_phi4,D,,B,False,False,"In the following sentence, what does ""Chaddam"" mean?
Did you see the chaddam at the restraunt earlier?

Select only one answer.
A) An endeering term used towards ones significant other
B) Fuckboy, someone just looking for sex
C) A criminal that turned their life arpound and are legitimate
D) An incel term for an attractive middle eastern man

Respond with only the letter of your answer (A, B, C, or D).",B,2026-06-11T22:39:02.283729+00:00
832,5,row_031,Chang,Drugs,local_phi4,C,,C,True,False,"In the following sentence, what does ""Chang"" mean?
Hey , you got a hookup for chang?

Select only one answer.
A) drunk
B) Someone who is the last person to leave a location and the first to come back in the morning
C) cocaine
D) Weak or effeminate

Respond with only the letter of your answer (A, B, C, or D).",C,2026-06-11T22:39:02.375536+00:00
833,5,row_032,Chat,General,local_phi4,C,D,D,False,True,"In the following sentence, what does ""Chat"" mean?
Chat, how does this look?

Select only one answer.
A) Friends with benefits
B) The vagina
C) To refer to ones imaginary audience like an internet steamer
D) chatter, prattle

Respond with only the letter of your answer (A, B, C, or D).",D,2026-06-11T22:39:02.464885+00:00
834,5,row_033,Cheeks,General,local_phi4,C,D,C,True,False,"In the following sentence, what does ""Cheeks"" mean?
That movie was cheeks.

Select only one answer.
A) Someone that is too much of a fan of something
B) An affirmative agreement
C) Somehting that is poor quality
D) the fleshy side of the face below the eye and above and to the side of the mouth

Respond with only the letter of your answer (A, B, C, or D).",C,2026-06-11T22:39:02.555286+00:00
835,5,row_034,chenta,Insult,local_phi4,A,,D,False,False,"In the following sentence, what does ""chenta"" mean?
You are looking really chenta.

Select only one answer.
A) Something ugly or unattractive
B) sex
C) Age Sex Location
D) Someone that is boring

Respond with only the letter of your answer (A, B, C, or D).",D,2026-06-11T22:39:02.648667+00:00
836,5,row_035,cheugy,Insult,local_phi4,D,,D,True,False,"In the following sentence, what does ""cheugy"" mean?
That girl had such a cheugy outfit.

Select only one answer.
A) drunk
B) An older person who is out of touch
C) A large ass that stands out.
D) Somehting uncool or unfashionable

Respond with only the letter of your answer (A, B, C, or D).",D,2026-06-11T22:39:02.752563+00:00
837,5,row_036,chi-mo,Identity,local_phi4,A,,B,False,False,"In the following sentence, what does ""chi-mo"" mean?
Go fuck that chi-mo up.

Select only one answer.
A) A chlid molestor
B) Sociopath
C) Something done regularly
D) To give sympathy or signify a failure

Respond with only the letter of your answer (A, B, C, or D).",B,2026-06-11T22:39:02.850001+00:00
838,5,row_037,Chungus,General,local_phi4,B,,B,True,False,"In the following sentence, what does ""Chungus"" mean?
Thats a very chungus pizza.

Select only one answer.
A) Somehting uncool or unfashionable
B) Something that is adorably and chunky
C) Someone who acts tries to act entertaining and amuzingly relentlessly
D) To be honest about something

Respond with only the letter of your answer (A, B, C, or D).",B,2026-06-11T22:39:02.946380+00:00
839,5,row_038,Clocked,Violence,local_phi4,D,B,D,True,False,"In the following sentence, what does ""Clocked"" mean?
He totally clocked that guy.

Select only one answer.
A) Acting crazily
B) to time with a stopwatch or by an electric timing device
C) a live-action role-playing game in which a group of people enacts a fictional scenario (such as a fantasy adventure) in real time typically under the guidance of a facilitator or organizer; also : the activity of participating in such games : larping
D) When something hidden gets called out

Respond with only the letter of your answer (A, B, C, or D).",D,2026-06-11T22:39:03.048365+00:00
840,5,row_039,Cooked,General,local_phi4,C,B,C,True,False,"In the following sentence, what does ""Cooked"" mean?
You're cooked

Select only one answer.
A) Get to the point
B) past tense and past participle of cook
C) Done or ruined
D) A hot dog

Respond with only the letter of your answer (A, B, C, or D).",C,2026-06-11T22:39:03.147681+00:00
841,5,row_040,coota suit,Identity,local_phi4,A,,D,False,False,"In the following sentence, what does ""coota suit"" mean?
Im gonna hit the town in my coota suit.

Select only one answer.
A) An all denim outfit
B) A hot dog
C) An emotional meltdown
D) Describes activities or situations that are sexually aggressive

Respond with only the letter of your answer (A, B, C, or D).",D,2026-06-11T22:39:03.243081+00:00
842,5,row_041,Crashout,General,local_phi4,B,D,B,True,False,"In the following sentence, what does ""Crashout"" mean?
Jen had a total crashout after her breakup

Select only one answer.
A) A term of endearment for a significant other
B) An emotional meltdown
C) Someone who deliberatly acts in ways to annoy or anger a group of people online.
D) a vehicular crash

Respond with only the letter of your answer (A, B, C, or D).",B,2026-06-11T22:39:03.335837+00:00
843,5,row_042,Cringe,General,local_phi4,D,,D,True,False,"In the following sentence, what does ""Cringe"" mean?
Did you hear that pickup line? It was totally cringe!

Select only one answer.
A) Saying something secretive or to keep low profile
B) To manipulated, trick, or fool someone
C) A term of endearment for a significant other
D) to recoil in distaste

Respond with only the letter of your answer (A, B, C, or D).",D,2026-06-11T22:39:03.435981+00:00
844,5,row_043,crower,Insult,local_phi4,D,,D,True,False,"In the following sentence, what does ""crower"" mean?
Stop sitting around and being a crower

Select only one answer.
A) The videos one find on social media that cause people to scroll and do nothign for hours
B) An emotional meltdown
C) A canabis based cigarette that needs two paper rolls
D) Someone who sitts around commenting about others

Respond with only the letter of your answer (A, B, C, or D).",D,2026-06-11T22:39:03.536109+00:00
845,5,row_044,cuck,Insult,local_phi4,C,D,D,False,True,"In the following sentence, what does ""cuck"" mean?
That guy must be a cuck letting his wife talk to others like that.

Select only one answer.
A) A term used by incels to refer to women in a way that dehumanizes them.
B) An unpopular opinion
C) A term for someone that enjoys watching their wife have sex with another man
D) a man whose wife is unfaithful : cuckold

Respond with only the letter of your answer (A, B, C, or D).",D,2026-06-11T22:39:03.626238+00:00
846,5,row_045,d-low,General,local_phi4,C,,C,True,False,"In the following sentence, what does ""d-low"" mean?
Keep it on the d-low, okay?

Select only one answer.
A) Something that is reallly good.
B) Describes activities or situations that are sexually aggressive
C) To keep secretive or obscure
D) Methodone

Respond with only the letter of your answer (A, B, C, or D).",C,2026-06-11T22:39:03.715854+00:00
847,5,row_046,daggers,General,local_phi4,D,A,D,True,False,"In the following sentence, what does ""daggers"" mean?
Lets hit the dance floor and do the start daggering.

Select only one answer.
A) a sharp pointed knife for stabbing
B) A commonplace person
C) sex
D) A provocative dance

Respond with only the letter of your answer (A, B, C, or D).",D,2026-06-11T22:39:03.804450+00:00
848,5,row_047,Ded,General,local_phi4,A,,A,True,False,"In the following sentence, what does ""Ded"" mean?
I'm ded

Select only one answer.
A) To metaphorically die of laughter
B) An independent, strong person
C) Someone weak or a follower
D) A term for friends

Respond with only the letter of your answer (A, B, C, or D).",A,2026-06-11T22:39:03.893759+00:00
849,5,row_048,Delulu,General,local_phi4,B,,B,True,False,"In the following sentence, what does ""Delulu"" mean?
I'm feeling delulu after that show.

Select only one answer.
A) A sexual relationship developed from situations without clear future intentions
B) Delusional
C) Short for happening
D) A term to discuss sexual experiences

Respond with only the letter of your answer (A, B, C, or D).",B,2026-06-11T22:39:03.982719+00:00
850,5,row_049,Dog water,Insult,local_phi4,A,,A,True,False,"In the following sentence, what does ""Dog water"" mean?
You are playing like dog water.

Select only one answer.
A) Something low quality or bad
B) To show off
C) a significant other
D) Get to the point

Respond with only the letter of your answer (A, B, C, or D).",A,2026-06-11T22:39:04.073065+00:00
851,5,row_050,doommaxxing,Identity,local_phi4,D,,D,True,False,"In the following sentence, what does ""doommaxxing"" mean?
I'm just gonna be doommaxxing all weekend.

Select only one answer.
A) An insulting term to refer to someone as stupid
B) Methodone
C) Friends with benefits
D) The abandonment of responsibilities

Respond with only the letter of your answer (A, B, C, or D).",D,2026-06-11T22:39:04.168345+00:00
852,5,row_051,Dope,General,local_phi4,C,A,C,True,False,"In the following sentence, what does ""Dope"" mean?
That car is dope.

Select only one answer.
A) a stupid person
B) A person who is very good at spotting a lie
C) Cool
D) Poorly dressed

Respond with only the letter of your answer (A, B, C, or D).",C,2026-06-11T22:39:04.271747+00:00
853,5,row_052,Drip,Identity,local_phi4,C,D,C,True,False,"In the following sentence, what does ""Drip"" mean?
How is the drip?

Select only one answer.
A) Something that is better then everything else
B) I just burst out laughing
C) Stylish or flashy outfit style
D) to let fall in drops

Respond with only the letter of your answer (A, B, C, or D).",C) Stylish or flashy outfit style,2026-06-11T22:39:04.497015+00:00
854,5,row_053,DTF,Sexual,local_phi4,C,,C,True,False,"In the following sentence, what does ""DTF"" mean?
She was totally DTF after the first date.

Select only one answer.
A) To focus on making one as physically attractive as possible
B) The greatest of all time
C) Down to fuck
D) To make a jawline more defined

Respond with only the letter of your answer (A, B, C, or D).",C) Down to fuck,2026-06-11T22:39:04.665993+00:00
855,5,row_054,dubs,General,local_phi4,A,D,A,True,False,"In the following sentence, what does ""dubs"" mean?
Take home the dubs!

Select only one answer.
A) To win
B) A term used by incels to refer to women in a way that dehumanizes them.
C) To prepare for a fight
D) to add (sound effects or new dialogue) to a film or to a radio or television production —usually used with in

Respond with only the letter of your answer (A, B, C, or D).",A,2026-06-11T22:39:04.765484+00:00
856,5,row_055,epi,General,local_phi4,C,,C,True,False,"In the following sentence, what does ""epi"" mean?
Watch out, hes going through an epi.

Select only one answer.
A) The greatest of all time
B) A type of marijuana
C) Epileptic fit from a synthetic canabis
D) A large ass that stands out.

Respond with only the letter of your answer (A, B, C, or D).",C,2026-06-11T22:39:04.867450+00:00
857,5,row_056,F,General,local_phi4,B,A,B,True,False,"In the following sentence, what does ""F"" mean?
I almost had that one. F.

Select only one answer.
A) the 6th letter of the English alphabet
B) To give sympathy or signify a failure
C) Throwing something
D) Fuckboy, someone just looking for sex

Respond with only the letter of your answer (A, B, C, or D).",B,2026-06-11T22:39:04.966057+00:00
858,5,row_057,Fanum Tax,General,local_phi4,C,,C,True,False,"In the following sentence, what does ""Fanum Tax"" mean?
I was at dinner with my girl and she fanum taxed me.

Select only one answer.
A) Someone who is very stubborn
B) Someone who refused to wear a mask in covid times.
C) the playful act of taking a friend's food
D) Something that is better then everything else

Respond with only the letter of your answer (A, B, C, or D).",C,2026-06-11T22:39:05.059833+00:00
859,5,row_058,FBOI,Sexual,local_phi4,A,,A,True,False,"In the following sentence, what does ""FBOI"" mean?
She just needs a FBOI to gegt out of her slump.

Select only one answer.
A) Fuckboy, someone just looking for sex
B) A sudden feeling of disguest or repultion towards someone.
C) Ending the discussion on a topic
D) Fashionable or stylish

Respond with only the letter of your answer (A, B, C, or D).",A,2026-06-11T22:39:05.152278+00:00
860,5,row_059,Fire,General,local_phi4,C,B,C,True,False,"In the following sentence, what does ""Fire"" mean?
That game war fire!

Select only one answer.
A) Another term that stands for that hoe over there
B) the phenomenon of combustion manifested in light, flame, and heat
C) Something really good
D) Someone weak or a follower

Respond with only the letter of your answer (A, B, C, or D).",C,2026-06-11T22:39:05.242520+00:00
861,5,row_060,Flex,General,local_phi4,B,C,B,True,False,"In the following sentence, what does ""Flex"" mean?
Vinny with the car flex.

Select only one answer.
A) Somehting that is poor quality
B) To show off
C) to bend especially repeatedly
D) A term used to describe a baby raised in a gender neutral environment

Respond with only the letter of your answer (A, B, C, or D).",B,2026-06-11T22:39:05.331536+00:00
862,5,row_061,foid,Insult,local_phi4,B,,B,True,False,"In the following sentence, what does ""foid"" mean?
Their was this group of foids at the store earlier, I couldn't satnd them!

Select only one answer.
A) A commonplace person
B) A term used by incels to refer to women in a way that dehumanizes them.
C) To focus on making one as physically attractive as possible
D) The vagina

Respond with only the letter of your answer (A, B, C, or D).",B,2026-06-11T22:39:05.421282+00:00
863,5,row_062,Fuckboy,Sexual,local_phi4,D,,D,True,False,"In the following sentence, what does ""Fuckboy"" mean?
That guy gave off total fuckboy energy.

Select only one answer.
A) To mastrubate for extremeely long period regularly
B) Someone who deliberatly acts in ways to annoy or anger a group of people online.
C) As Fuck
D) Fuckboy, someone just looking for sex

Respond with only the letter of your answer (A, B, C, or D).",D,2026-06-11T22:39:05.510988+00:00
864,5,row_063,fuckwhistle,Insult,local_phi4,A,,A,True,False,"In the following sentence, what does ""fuckwhistle"" mean?
Get out of here you fuckwhistle!

Select only one answer.
A) An insulting term to refer to someone as stupid
B) When you are outnumbered in a fight and call black people for the win
C) Talking too much
D) Something done regularly

Respond with only the letter of your answer (A, B, C, or D).",A,2026-06-11T22:39:05.601492+00:00
865,5,row_064,Full send,General,local_phi4,C,,C,True,False,"In the following sentence, what does ""Full send"" mean?
I'm about to full send on this test!

Select only one answer.
A) Weak or effeminate
B) Someone that is too much of a fan of something
C) Go in 100% on something
D) Sociopath

Respond with only the letter of your answer (A, B, C, or D).",C,2026-06-11T22:39:05.702285+00:00
866,5,row_065,FWB,Sexual,local_phi4,B,,B,True,False,"In the following sentence, what does ""FWB"" mean?
Yea, we started a FWB sort of thing.

Select only one answer.
A) To express disappointment dramatically
B) Friends with benefits
C) A dance move
D) A sexual relationship developed from situations without clear future intentions

Respond with only the letter of your answer (A, B, C, or D).",B,2026-06-11T22:39:05.799668+00:00
867,5,row_066,G-wagon,General,local_phi4,B,,B,True,False,"In the following sentence, what does ""G-wagon"" mean?
Yo, check out that g-wagon!

Select only one answer.
A) used to mock spoiled kids
B) Mercedes Benz G class
C) Someone that is too left leaning politically
D) sweet talk

Respond with only the letter of your answer (A, B, C, or D).",B,2026-06-11T22:39:05.899826+00:00
868,5,row_067,gabadost,Identity,local_phi4,A,,A,True,False,"In the following sentence, what does ""gabadost"" mean?
Did you even listen to me? Gabadost!

Select only one answer.
A) Someone who is very stubborn
B) A man that is feminine in nature
C) Saying something secretive or to keep low profile
D) A term used to describe a baby raised in a gender neutral environment

Respond with only the letter of your answer (A, B, C, or D).",A) Someone who is very stubborn,2026-06-11T22:39:06.107141+00:00
869,5,row_068,Giga Chad,Identity,local_phi4,A,,A,True,False,"In the following sentence, what does ""Giga Chad"" mean?
Did you see how he lifted that? What a giga chad.

Select only one answer.
A) A near superhuman perfect male
B) An insulting term to refer to someone as stupid
C) Down to fuck
D) Someone who is very stubborn

Respond with only the letter of your answer (A, B, C, or D).",A,2026-06-11T22:39:06.208555+00:00
870,5,row_069,Glazing,Insult,local_phi4,D,A,B,False,False,"In the following sentence, what does ""Glazing"" mean?
Stop glazing over One Piece, its not that good.

Select only one answer.
A) the action, process, or trade of fitting windows with glass
B) To mastrubate for extremeely long period regularly
C) A dance move
D) Someone that is too much of a fan of something

Respond with only the letter of your answer (A, B, C, or D).",B,2026-06-11T22:39:06.309139+00:00
871,5,row_070,Glee,Violence,local_phi4,A,D,D,False,True,"In the following sentence, what does ""Glee"" mean?
Grab your glee and get outta here!

Select only one answer.
A) A glock pistol
B) Something that appears mundane but has hidden potential
C) To be fierce and unapologetic withing a social situation
D) exultant high-spirited joy : merriment

Respond with only the letter of your answer (A, B, C, or D).",D,2026-06-11T22:39:06.411355+00:00
872,5,row_071,glitter,Identity,local_phi4,A,D,D,False,True,"In the following sentence, what does ""glitter"" mean?
Go out htere and glittter!

Select only one answer.
A) A term to support someone going through a gender change.
B) A loss or failure
C) cocaine
D) to shine by reflection with many small flashes of brilliant light : sparkle

Respond with only the letter of your answer (A, B, C, or D).",D,2026-06-11T22:39:06.507615+00:00
873,5,row_072,glizzy,General,local_phi4,C,,C,True,False,"In the following sentence, what does ""glizzy"" mean?
Hey, lets grab some costco glizzys before we go.

Select only one answer.
A) To refer to ones imaginary audience like an internet steamer
B) Someone that is too left leaning politically
C) A hot dog
D) A loss or failure

Respond with only the letter of your answer (A, B, C, or D).",C,2026-06-11T22:39:06.601694+00:00
874,5,row_073,Goated,General,local_phi4,B,,B,True,False,"In the following sentence, what does ""Goated"" mean?
That play was goated

Select only one answer.
A) A reference for ass
B) The greatest of all time
C) Somehting that is poor quality
D) To knock someone out

Respond with only the letter of your answer (A, B, C, or D).",B,2026-06-11T22:39:06.702294+00:00
875,5,row_074,Gooning,Sexual,local_phi4,C,,C,True,False,"In the following sentence, what does ""Gooning"" mean?
He looks like he was gooning all break

Select only one answer.
A) Very good
B) The anus
C) Prolonged masturbation
D) Money

Respond with only the letter of your answer (A, B, C, or D).",C,2026-06-11T22:39:06.792602+00:00
876,5,row_075,goonmaxxing,Identity,local_phi4,B,,B,True,False,"In the following sentence, what does ""goonmaxxing"" mean?
He's been spending all summer goonmaxxing in his room

Select only one answer.
A) Used to mock someone who doesnt think for themselves, says things repeatedly, or has no opinions
B) To mastrubate for extremeely long period regularly
C) used to mock spoiled kids
D) to recoil in distaste

Respond with only the letter of your answer (A, B, C, or D).",B,2026-06-11T22:39:06.884815+00:00
877,5,row_076,gouda,General,local_phi4,B,D,A,False,False,"In the following sentence, what does ""gouda"" mean?
Stop being so gouda.

Select only one answer.
A) To do somethign very well
B) Someone unappealing
C) Someone who prepares for doomsday scenarios
D) a mild cheese of Dutch origin that is similar to Edam but contains more fat

Respond with only the letter of your answer (A, B, C, or D).",A,2026-06-11T22:39:06.974084+00:00
878,5,row_077,greazy,Insult,local_phi4,C,,C,True,False,"In the following sentence, what does ""greazy"" mean?
You lookin greazy today.

Select only one answer.
A) Mercedes Benz G class
B) A loss or failure
C) Poorly dressed
D) An incel term for an attractive middle eastern man

Respond with only the letter of your answer (A, B, C, or D).",C,2026-06-11T22:39:07.063714+00:00
879,5,row_078,Griddy,General,local_phi4,A,,B,False,False,"In the following sentence, what does ""Griddy"" mean?
Hit the griddy!

Select only one answer.
A) A dance move
B) A nicotine pouch held between the upper lip and gums
C) Acting crazily
D) The videos one find on social media that cause people to scroll and do nothign for hours

Respond with only the letter of your answer (A, B, C, or D).",B,2026-06-11T22:39:07.153804+00:00
880,5,row_079,grips up,Violence,local_phi4,C,,A,False,False,"In the following sentence, what does ""grips up"" mean?
grips up, we gotta head out.

Select only one answer.
A) something intense, aggressive, and unfiltered
B) Something very good
C) To prepare for a fight
D) A submissive male that is often outside of traditional social hierarchies

Respond with only the letter of your answer (A, B, C, or D).",A,2026-06-11T22:39:07.250931+00:00
881,5,row_080,Gyatt,General,local_phi4,D,,D,True,False,"In the following sentence, what does ""Gyatt"" mean?
Oh, my gyatt, I really wanna see you.

Select only one answer.
A) Weak or effeminate
B) Someone who refused to wear a mask in covid times.
C) Someone that is too left leaning politically
D) an expression of surprise

Respond with only the letter of your answer (A, B, C, or D).",D,2026-06-11T22:39:07.352355+00:00
882,5,row_081,haps,General,local_phi4,A,,B,False,False,"In the following sentence, what does ""haps"" mean?
haps tonight?

Select only one answer.
A) Short for happening
B) As Fuck
C) when a reply gets more than the original post
D) Irritated, bitter, or resentful

Respond with only the letter of your answer (A, B, C, or D).",B,2026-06-11T22:39:07.452621+00:00
883,5,row_082,hem up,General,local_phi4,D,,D,True,False,"In the following sentence, what does ""hem up"" mean?
Bro, don't hem up.

Select only one answer.
A) An attractive older man
B) A canister of nitrous oxide
C) An expression of disbelief
D) To get arrested

Respond with only the letter of your answer (A, B, C, or D).",D,2026-06-11T22:39:07.549210+00:00
884,5,row_083,highkey,General,local_phi4,A,B,A,True,False,"In the following sentence, what does ""highkey"" mean?
Highkey, this place is great!

Select only one answer.
A) intensely and openely say something true
B) having or producing light tones only with little contrast —used of a photographic print or subject or of the lighting of a photographic subject
C) A large ass that stands out.
D) Someone who is very stubborn

Respond with only the letter of your answer (A, B, C, or D).",A,2026-06-11T22:39:07.643504+00:00
885,5,row_084,Hits different,General,local_phi4,B,,B,True,False,"In the following sentence, what does ""Hits different"" mean?
This hot dog hits different.

Select only one answer.
A) Something that is adorably and chunky
B) Something very good
C) A significant problem
D) A sudden feeling of disguest or repultion towards someone.

Respond with only the letter of your answer (A, B, C, or D).",B,2026-06-11T22:39:07.740802+00:00
886,5,row_085,Ick,Insult,local_phi4,D,,D,True,False,"In the following sentence, what does ""Ick"" mean?
His hairdue gave me the ick.

Select only one answer.
A) A term used to say that someone is online too much and needs to get back to real life
B) Age Sex Location
C) A homosexual cowboy
D) A sudden feeling of disguest or repultion towards someone.

Respond with only the letter of your answer (A, B, C, or D).",D,2026-06-11T22:39:07.836197+00:00
887,5,row_086,IJBOL,General,local_phi4,B,,B,True,False,"In the following sentence, what does ""IJBOL"" mean?
That was aso funny. IJBOL!

Select only one answer.
A) Something done regularly
B) I just burst out laughing
C) to aggrivate
D) Gossip

Respond with only the letter of your answer (A, B, C, or D).",B,2026-06-11T22:39:07.934934+00:00
888,5,row_087,Ipad Kid,General,local_phi4,B,,B,True,False,"In the following sentence, what does ""Ipad Kid"" mean?
They are just a bunch of Ipad kids.

Select only one answer.
A) An unattractive girl
B) used to mock spoiled kids
C) An incel term meaning kissless, hugless, handholdless virgin
D) Age Sex Location

Respond with only the letter of your answer (A, B, C, or D).",B,2026-06-11T22:39:08.032955+00:00
889,5,row_088,Jebaited,General,local_phi4,B,,B,True,False,"In the following sentence, what does ""Jebaited"" mean?
Get jebaited!

Select only one answer.
A) Something untrue or unbeleivable
B) To manipulated, trick, or fool someone
C) A descriptor for an attractive person
D) The greatest of all time

Respond with only the letter of your answer (A, B, C, or D).",B,2026-06-11T22:39:08.121955+00:00
890,5,row_089,jestermaxxing,Identity,local_phi4,B,,B,True,False,"In the following sentence, what does ""jestermaxxing"" mean?
Tommy's jestermaxxing in class just to annoy the teacher.

Select only one answer.
A) Stylish or flashy outfit style
B) Someone who acts tries to act entertaining and amuzingly relentlessly
C) A large ass that stands out.
D) A type of marijuana

Respond with only the letter of your answer (A, B, C, or D).",B,2026-06-11T22:39:08.220000+00:00
891,5,row_090,Jit,Insult,local_phi4,D,,D,True,False,"In the following sentence, what does ""Jit"" mean?
Who is this jit?

Select only one answer.
A) Something done regularly
B) To show off
C) to recoil in distaste
D) Someone younger

Respond with only the letter of your answer (A, B, C, or D).",D,2026-06-11T22:39:08.309069+00:00
892,5,row_091,K.Y. cowboy,Insult,local_phi4,A,,D,False,False,"In the following sentence, what does ""K.Y. cowboy"" mean?
Stop being such a K.Y. cowboy.

Select only one answer.
A) A homosexual cowboy
B) Something low quality or bad
C) Someone who is very stubborn
D) A fool or a prick

Respond with only the letter of your answer (A, B, C, or D).",D,2026-06-11T22:39:08.397954+00:00
893,5,row_092,keep it 100,General,local_phi4,A,,A,True,False,"In the following sentence, what does ""keep it 100"" mean?
Keep it 100, dod you see her last night?

Select only one answer.
A) To be honest about something
B) A dance move
C) A term used to describe a baby raised in a gender neutral environment
D) Something that appears mundane but has hidden potential

Respond with only the letter of your answer (A, B, C, or D).",A) To be honest about something,2026-06-11T22:39:08.594531+00:00
894,5,row_093,KHHV,Insult,local_phi4,C,,C,True,False,"In the following sentence, what does ""KHHV"" mean?
Looks like a total KHHV.

Select only one answer.
A) To stab or shoot
B) To prepare for a fight
C) An incel term meaning kissless, hugless, handholdless virgin
D) When you are outnumbered in a fight and call black people for the win

Respond with only the letter of your answer (A, B, C, or D).",C,2026-06-11T22:39:08.691416+00:00
895,5,row_094,knot off,Drugs,local_phi4,C,,C,True,False,"In the following sentence, what does ""knot off"" mean?
Get ready to knot off, I have the H.

Select only one answer.
A) A fool or a prick
B) To make lifestyle changes to make your life more holistic
C) To tie up an arm to isolate a vein for injecting a drug
D) Delusional

Respond with only the letter of your answer (A, B, C, or D).",C,2026-06-11T22:39:08.791069+00:00
896,5,row_095,kweff,Violence,local_phi4,D,,D,True,False,"In the following sentence, what does ""kweff"" mean?
Lock, aim, and kweff.

Select only one answer.
A) Crack cocaine
B) To be honest about something
C) Talking too much
D) To stab or shoot

Respond with only the letter of your answer (A, B, C, or D).",D,2026-06-11T22:39:08.883341+00:00
897,5,row_096,L,General,local_phi4,C,D,C,True,False,"In the following sentence, what does ""L"" mean?
We took the L at the basketball match.

Select only one answer.
A) Delusional
B) A person who is very good at spotting a lie
C) A loss or failure
D) the 12th letter of the English alphabet

Respond with only the letter of your answer (A, B, C, or D).",C,2026-06-11T22:39:08.975947+00:00
898,5,row_097,lacag,General,local_phi4,D,,C,False,False,"In the following sentence, what does ""lacag"" mean?
I'll be out making lacag.

Select only one answer.
A) To do something impressive
B) A significant other
C) Age Sex Location
D) Money

Respond with only the letter of your answer (A, B, C, or D).",C,2026-06-11T22:39:09.075649+00:00
899,5,row_098,larp,General,local_phi4,A,,A,True,False,"In the following sentence, what does ""larp"" mean?
I went to a LARP at the park this weekend.

Select only one answer.
A) a live-action role-playing game in which a group of people enacts a fictional scenario (such as a fantasy adventure) in real time typically under the guidance of a facilitator or organizer; also : the activity of participating in such games : larping
B) Something untrue or unbeleivable
C) Cancer
D) To give sympathy or signify a failure

Respond with only the letter of your answer (A, B, C, or D).",A,2026-06-11T22:39:09.165669+00:00
900,5,row_099,lewk,General,local_phi4,A,,A,True,False,"In the following sentence, what does ""lewk"" mean?
Jim is using his signature lewk tonight.

Select only one answer.
A) A distinct trait, style, or outfit, often used in drag culture
B) A near superhuman perfect male
C) When something hidden gets called out
D) Someone who sitts around commenting about others

Respond with only the letter of your answer (A, B, C, or D).",A,2026-06-11T22:39:09.260813+00:00
901,5,row_100,lidge,General,local_phi4,C,,A,False,False,"In the following sentence, what does ""lidge"" mean?
I'm gettin money lidge.

Select only one answer.
A) A stereotypical alpha male that is strong, handsome, and attracts women.
B) Gross buildup between the toes
C) A criminal that turned their life arpound and are legitimate
D) A fool or a prick

Respond with only the letter of your answer (A, B, C, or D).",A,2026-06-11T22:39:09.356921+00:00
902,5,row_101,lifemaxxing,Identity,local_phi4,A,,A,True,False,"In the following sentence, what does ""lifemaxxing"" mean?
Shes's reallly been trying to lifemax these past few months.

Select only one answer.
A) To make lifestyle changes to make your life more holistic
B) Poorly dressed
C) cocaine
D) Something ugly or unattractive

Respond with only the letter of your answer (A, B, C, or D).",A,2026-06-11T22:39:09.457688+00:00
903,5,row_102,looksmaxxing,Identity,local_phi4,D,,D,True,False,"In the following sentence, what does ""looksmaxxing"" mean?
The looksmaxxing community

Select only one answer.
A) A glock pistol
B) Someone who acts tries to act entertaining and amuzingly relentlessly
C) An older person who is out of touch
D) To focus on making one as physically attractive as possible

Respond with only the letter of your answer (A, B, C, or D).",D,2026-06-11T22:39:09.557091+00:00
904,5,row_103,lotion,General,local_phi4,C,D,D,False,True,"In the following sentence, what does ""lotion"" mean?
Lemme go lotion her up for you.

Select only one answer.
A) A criminal that turned their life arpound and are legitimate
B) Another term that stands for that hoe over there
C) sweet talk
D) a liquid preparation for cosmetic or external medicinal use

Respond with only the letter of your answer (A, B, C, or D).",D,2026-06-11T22:39:09.646395+00:00
905,5,row_104,Low Key,General,local_phi4,B,C,B,True,False,"In the following sentence, what does ""Low Key"" mean?
Low key, I want some ice cream.

Select only one answer.
A) An all denim outfit
B) Saying something secretive or to keep low profile
C) having or producing dark tones only with little contrast
D) Something ugly or unattractive

Respond with only the letter of your answer (A, B, C, or D).",B,2026-06-11T22:39:09.735539+00:00
906,5,row_105,main character,General,local_phi4,D,,D,True,False,"In the following sentence, what does ""main character"" mean?
You give off main character energy.

Select only one answer.
A) Something really good
B) Someone weak or a follower
C) Another term that stands for that hoe over there
D) Main Character - Someone that acts as if they are the star of a story

Respond with only the letter of your answer (A, B, C, or D).",D,2026-06-11T22:39:09.825689+00:00
907,5,row_106,manny,Insult,local_phi4,D,,D,True,False,"In the following sentence, what does ""manny"" mean?
Look at the guy, he's just a manny.

Select only one answer.
A) To mastrubate for extremeely long period regularly
B) Something untrue or unbeleivable
C) A sexual relationship developed from situations without clear future intentions
D) A man that takes care of children

Respond with only the letter of your answer (A, B, C, or D).",D,2026-06-11T22:39:09.915898+00:00
908,5,row_107,mascara,Sexual,local_phi4,D,B,B,False,True,"In the following sentence, what does ""mascara"" mean?
I lost my mascara for 5 years, but then I found it again, and I love it even more now.

Select only one answer.
A) Methodone
B) a cosmetic especially for making the eyelashes darker and more prominent
C) You're on Your own
D) A term to discuss sexual experiences

Respond with only the letter of your answer (A, B, C, or D).",B,2026-06-11T22:39:10.004597+00:00
909,5,row_108,Mewing,Identity,local_phi4,B,A,B,True,False,"In the following sentence, what does ""Mewing"" mean?
You've gotta start mewing to increase your status in society.

Select only one answer.
A) to utter a mew or similar sound
B) To make a jawline more defined
C) Someone who is the last person to leave a location and the first to come back in the morning
D) The vagina

Respond with only the letter of your answer (A, B, C, or D).",B,2026-06-11T22:39:10.093234+00:00
910,5,row_109,Mid,General,local_phi4,C,,C,True,False,"In the following sentence, what does ""Mid"" mean?
That was a mid burger.

Select only one answer.
A) The anus
B) An attractive older man
C) Mediocre
D) Talking too much

Respond with only the letter of your answer (A, B, C, or D).",C,2026-06-11T22:39:10.194152+00:00
911,5,row_110,minghiun,Insult,local_phi4,C,,C,True,False,"In the following sentence, what does ""minghiun"" mean?
Stop being a minghiun.

Select only one answer.
A) intensely and openely say something true
B) A significant other
C) A fool or a prick
D) Someone who is very stubborn

Respond with only the letter of your answer (A, B, C, or D).",C,2026-06-11T22:39:10.293928+00:00
912,5,row_111,nang,Drugs,local_phi4,A,,A,True,False,"In the following sentence, what does ""nang"" mean?
Dude, grab the nang, I wanna feel free.

Select only one answer.
A) A canister of nitrous oxide
B) Something that is better then everything else
C) To express disappointment dramatically
D) Talking too much

Respond with only the letter of your answer (A, B, C, or D).",A,2026-06-11T22:39:10.390833+00:00
913,5,row_112,Negative Aura,Insult,local_phi4,B,,B,True,False,"In the following sentence, what does ""Negative Aura"" mean?
She's giving off negative aura.

Select only one answer.
A) Something really good
B) a bad charisma
C) A hot dog
D) To refer to ones imaginary audience like an internet steamer

Respond with only the letter of your answer (A, B, C, or D).",B) a bad charisma,2026-06-11T22:39:10.556687+00:00
914,5,row_113,Netflix and Chill,Sexual,local_phi4,D,,D,True,False,"In the following sentence, what does ""Netflix and Chill"" mean?
Wanna come back to my place and Netflix and Chill?

Select only one answer.
A) An affirmative agreement
B) sex
C) To shoot ones shot.
D) A term for bringing someone over to watch some netflix and then have sex.

Respond with only the letter of your answer (A, B, C, or D).",D,2026-06-11T22:39:10.656549+00:00
915,5,row_114,next-level,General,local_phi4,D,,D,True,False,"In the following sentence, what does ""next-level"" mean?
That movie was next level!

Select only one answer.
A) A distinct trait, style, or outfit, often used in drag culture
B) A loss or failure
C) Ironically used to describe one as unique
D) Something that is better then everything else

Respond with only the letter of your answer (A, B, C, or D).",D,2026-06-11T22:39:10.750835+00:00
916,5,row_115,NPC,Insult,local_phi4,D,C,D,True,False,"In the following sentence, what does ""NPC"" mean?
Stop being such an NPC.

Select only one answer.
A) The anus
B) To do something impressive
C) a character in a video game that does not represent and cannot be manipulated by a player —called also non-player character
D) Used to mock someone who doesnt think for themselves, says things repeatedly, or has no opinions

Respond with only the letter of your answer (A, B, C, or D).",D,2026-06-11T22:39:10.848524+00:00
917,5,row_116,Omega,Identity,local_phi4,B,C,B,True,False,"In the following sentence, what does ""Omega"" mean?
Those were some real omega moves right there.

Select only one answer.
A) Something that appears mundane but has hidden potential
B) A submissive male that is often outside of traditional social hierarchies
C) the 24th and last letter of the Greek alphabet
D) A term of endearment for a significant other

Respond with only the letter of your answer (A, B, C, or D).",B,2026-06-11T22:39:10.949408+00:00
918,5,row_117,on the regs,General,local_phi4,C,,C,True,False,"In the following sentence, what does ""on the regs"" mean?
I stop by the coffee shop on the regs.

Select only one answer.
A) To do somethign very well
B) A man that is feminine in nature
C) Something done regularly
D) An insulting term to refer to someone as stupid

Respond with only the letter of your answer (A, B, C, or D).",C,2026-06-11T22:39:11.038039+00:00
919,5,row_118,oof,General,local_phi4,A,,A,True,False,"In the following sentence, what does ""oof"" mean?
Oof, that was rough.

Select only one answer.
A) A reaction to something uncomfortable
B) To do somethign very well
C) Someone that is boring
D) To be high or drunk

Respond with only the letter of your answer (A, B, C, or D).",A,2026-06-11T22:39:11.127917+00:00
920,5,row_119,ooga-booga,Sexual,local_phi4,A,,B,False,False,"In the following sentence, what does ""ooga-booga"" mean?
Me want ooga-booga!

Select only one answer.
A) The vagina
B) cocaine
C) An incel term meaning kissless, hugless, handholdless virgin
D) A significant problem

Respond with only the letter of your answer (A, B, C, or D).",B) cocaine,2026-06-11T22:39:11.260862+00:00
921,5,row_120,Orange Crush,Drugs,local_phi4,A,,A,True,False,"In the following sentence, what does ""Orange Crush"" mean?
ets grab some of that orange crush tonight!

Select only one answer.
A) A type of marijuana
B) The greatest of all time
C) Someone that is too much of a fan of something
D) Short for Bitch

Respond with only the letter of your answer (A, B, C, or D).",A,2026-06-11T22:39:11.350259+00:00
922,5,row_121,OTP,General,local_phi4,B,,B,True,False,"In the following sentence, what does ""OTP"" mean?
Him and her are the OTP.

Select only one answer.
A) Someone who is the last person to leave a location and the first to come back in the morning
B) One True Pairing
C) To be fierce and unapologetic withing a social situation
D) Main Character - Someone that acts as if they are the star of a story

Respond with only the letter of your answer (A, B, C, or D).",B,2026-06-11T22:39:11.439700+00:00
923,5,row_122,packers,Insult,local_phi4,C,D,C,True,False,"In the following sentence, what does ""packers"" mean?
Thats just a group of packers over there, don't waste your time.

Select only one answer.
A) An all denim outfit
B) To express excitement or approval for something
C) fake soft penises and testicles designed to give a 'male' bulge to the crotches of female-to-male transsexuals.
D) one that packs

Respond with only the letter of your answer (A, B, C, or D).",C,2026-06-11T22:39:11.529605+00:00
924,5,row_123,passa passa,General,local_phi4,D,,B,False,False,"In the following sentence, what does ""passa passa"" mean?
I don't want any passa passa now.

Select only one answer.
A) a significant other
B) A fool or a prick
C) An older person who is out of touch
D) A loud and messy conflict

Respond with only the letter of your answer (A, B, C, or D).",B,2026-06-11T22:39:11.619570+00:00
925,5,row_124,passport bro,Sexual,local_phi4,C,,C,True,False,"In the following sentence, what does ""passport bro"" mean?
A bunch of passport bro's just checked into the hotel.

Select only one answer.
A) Ending the discussion on a topic
B) To knock someone out
C) Someone that travels abroad with the sole purpose of having sex
D) Something that is better then everything else

Respond with only the letter of your answer (A, B, C, or D).",C,2026-06-11T22:39:11.718944+00:00
926,5,row_125,Period,General,local_phi4,A,C,A,True,False,"In the following sentence, what does ""Period"" mean?
She is the best, period.

Select only one answer.
A) Ending the discussion on a topic
B) A loud and messy conflict
C) the completion of a cycle, a series of events, or a single action : conclusion
D) Something untrue or unbeleivable

Respond with only the letter of your answer (A, B, C, or D).",A,2026-06-11T22:39:11.818973+00:00
927,5,row_126,plegic,Drugs,local_phi4,A,,A,True,False,"In the following sentence, what does ""plegic"" mean?
That guy stumbled out very plegic.

Select only one answer.
A) drunk
B) A chlid molestor
C) Irritated, bitter, or resentful
D) someone that looks ordinary but is actually very strong

Respond with only the letter of your answer (A, B, C, or D).",A,2026-06-11T22:39:11.916094+00:00
928,5,row_127,poggers,General,local_phi4,A,,A,True,False,"In the following sentence, what does ""poggers"" mean?
Thats a poggers painting.

Select only one answer.
A) To express excitement or approval for something
B) Something that is reallly good.
C) A term for bringing someone over to watch some netflix and then have sex.
D) To do somethign very well

Respond with only the letter of your answer (A, B, C, or D).",A,2026-06-11T22:39:12.018686+00:00
929,5,row_128,Pookie,Sexual,local_phi4,B,,B,True,False,"In the following sentence, what does ""Pookie"" mean?
My pookie loves a smash burger.

Select only one answer.
A) A loud and messy conflict
B) A term of endearment for a significant other
C) Fuckboy, someone just looking for sex
D) An attractive older man

Respond with only the letter of your answer (A, B, C, or D).",B,2026-06-11T22:39:12.109414+00:00
930,5,row_129,Pop off,General,local_phi4,B,A,B,True,False,"In the following sentence, what does ""Pop off"" mean?
I'm about to pop off!

Select only one answer.
A) to die unexpectedly
B) To do something impressive
C) A loud and messy conflict
D) A significant problem

Respond with only the letter of your answer (A, B, C, or D).",B,2026-06-11T22:39:12.210576+00:00
931,5,row_130,Posh and Becks,Sexual,local_phi4,B,,B,True,False,"In the following sentence, what does ""Posh and Becks"" mean?
Lets go back to my place and have the posh and becks.

Select only one answer.
A) An incel term meaning kissless, hugless, handholdless virgin
B) sex
C) To be high or drunk
D) A strong, leader who commands those around them

Respond with only the letter of your answer (A, B, C, or D).",B,2026-06-11T22:39:12.307904+00:00
932,5,row_131,prepper,Insult,local_phi4,C,,C,True,False,"In the following sentence, what does ""prepper"" mean?
We have a prepper down the block. They are kindof crazy, but its nice to know where to go.

Select only one answer.
A) A loud and messy conflict
B) A commonplace person
C) Someone who prepares for doomsday scenarios
D) A term to support someone going through a gender change.

Respond with only the letter of your answer (A, B, C, or D).",C,2026-06-11T22:39:12.407716+00:00
933,5,row_132,Prison pocket,General,local_phi4,C,,C,True,False,"In the following sentence, what does ""Prison pocket"" mean?
Hold it in your prison pocket.

Select only one answer.
A) To manipulated, trick, or fool someone
B) One True Pairing
C) The anus
D) sweet talk

Respond with only the letter of your answer (A, B, C, or D).",C) The anus,2026-06-11T22:39:12.563328+00:00
934,5,row_133,Put the fries in the bag,General,local_phi4,C,,C,True,False,"In the following sentence, what does ""Put the fries in the bag"" mean?
You're taking too long. Put the fires in the bag.

Select only one answer.
A) To win
B) An incel term meaning kissless, hugless, handholdless virgin
C) Get to the point
D) A provocative dance

Respond with only the letter of your answer (A, B, C, or D).",C,2026-06-11T22:39:12.653191+00:00
935,5,row_134,Quirky,Insult,local_phi4,D,A,A,False,True,"In the following sentence, what does ""Quirky"" mean?
I'm so quirky!

Select only one answer.
A) having many quirks : unusual in especially an interesting or appealing way
B) Someone who refused to wear a mask in covid times.
C) An incel term meaning kissless, hugless, handholdless virgin
D) Ironically used to describe one as unique

Respond with only the letter of your answer (A, B, C, or D).",A,2026-06-11T22:39:12.750281+00:00
936,5,row_135,rago,Insult,local_phi4,B,,B,True,False,"In the following sentence, what does ""rago"" mean?
It was just how rago he was.

Select only one answer.
A) A term to discuss sexual experiences
B) Someone acting aggressively and out of control
C) To be high or drunk
D) Talking too much

Respond with only the letter of your answer (A, B, C, or D).",B,2026-06-11T22:39:12.839876+00:00
937,5,row_136,rapey,Sexual,local_phi4,D,,D,True,False,"In the following sentence, what does ""rapey"" mean?
That guy at the bar was feeling pretty rapey.

Select only one answer.
A) Nonsensical term
B) sex
C) bullets
D) Describes activities or situations that are sexually aggressive

Respond with only the letter of your answer (A, B, C, or D).",D,2026-06-11T22:39:12.930119+00:00
938,5,row_137,Ratio,General,local_phi4,C,A,A,False,True,"In the following sentence, what does ""Ratio"" mean?
Ratio if you like pizza.

Select only one answer.
A) the indicated quotient of two mathematical expressions
B) To make lifestyle changes to make your life more holistic
C) when a reply gets more than the original post
D) An endeering term used towards ones significant other

Respond with only the letter of your answer (A, B, C, or D).",A,2026-06-11T22:39:13.018695+00:00
939,5,row_138,raw,General,local_phi4,D,A,D,True,False,"In the following sentence, what does ""raw"" mean?
He's been hitting the vape raw lately.

Select only one answer.
A) not cooked
B) A significant other
C) Crack cocaine
D) something intense, aggressive, and unfiltered

Respond with only the letter of your answer (A, B, C, or D).",D,2026-06-11T22:39:13.107104+00:00
940,5,row_139,RIP (me),General,local_phi4,C,,C,True,False,"In the following sentence, what does ""RIP (me)"" mean?
I think I just failed that test. RIP me.

Select only one answer.
A) A term for someone that enjoys watching their wife have sex with another man
B) The anus
C) To express disappointment dramatically
D) when a reply gets more than the original post

Respond with only the letter of your answer (A, B, C, or D).",C,2026-06-11T22:39:13.205606+00:00
941,5,row_140,Rizz,General,local_phi4,A,,A,True,False,"In the following sentence, what does ""Rizz"" mean?
The rizz you have today is stunning!

Select only one answer.
A) Charisma
B) To metaphorically die of laughter
C) A hot dog
D) The greatest of all time

Respond with only the letter of your answer (A, B, C, or D).",A,2026-06-11T22:39:13.302843+00:00
942,5,row_141,Salty,Insult,local_phi4,A,C,A,True,False,"In the following sentence, what does ""Salty"" mean?
She's just salty that you have a boyfriend and she doesn't.

Select only one answer.
A) Irritated, bitter, or resentful
B) Someone who refused to wear a mask in covid times.
C) of, seasoned with, or containing salt
D) crazy or erratic

Respond with only the letter of your answer (A, B, C, or D).",A,2026-06-11T22:39:13.402722+00:00
943,5,row_142,savage,General,local_phi4,A,B,A,True,False,"In the following sentence, what does ""savage"" mean?
That was a savage comeback you gave.

Select only one answer.
A) To be fierce and unapologetic withing a social situation
B) not domesticated or under human control : untamed
C) Someone unappealing
D) the playful act of taking a friend's food

Respond with only the letter of your answer (A, B, C, or D).",A,2026-06-11T22:39:13.502264+00:00
944,5,row_143,Schizo,Insult,local_phi4,C,,C,True,False,"In the following sentence, what does ""Schizo"" mean?
Brians a total schitzo.

Select only one answer.
A) Someone who is trying to get sexual attention overtly
B) An insulting term to refer to someone as stupid
C) crazy or erratic
D) Someone that is too much of a fan of something

Respond with only the letter of your answer (A, B, C, or D).",C,2026-06-11T22:39:13.600095+00:00
945,5,row_144,scuffed,Insult,local_phi4,D,A,D,True,False,"In the following sentence, what does ""scuffed"" mean?
The was a scuffed performance last night.

Select only one answer.
A) to walk without lifting the feet : shuffle
B) The greatest of all time
C) To mastrubate for extremeely long period regularly
D) Something that is messed up or not right.

Respond with only the letter of your answer (A, B, C, or D).",D,2026-06-11T22:39:13.698191+00:00
946,5,row_145,Shabba,General,local_phi4,A,,A,True,False,"In the following sentence, what does ""Shabba"" mean?
Shabba on point!

Select only one answer.
A) Fashionable or stylish
B) Nonsensical term
C) Someone who is trying to get sexual attention overtly
D) A fashionable look

Respond with only the letter of your answer (A, B, C, or D).",A,2026-06-11T22:39:13.799772+00:00
947,5,row_146,Sheesh,General,local_phi4,B,,B,True,False,"In the following sentence, what does ""Sheesh"" mean?
Sheesh! Thats crazy!

Select only one answer.
A) Ironically used to describe one as unique
B) To express disbelief
C) Talking too much
D) Weak or effeminate

Respond with only the letter of your answer (A, B, C, or D).",B,2026-06-11T22:39:13.898731+00:00
948,5,row_147,Side eye,General,local_phi4,C,,C,True,False,"In the following sentence, what does ""Side eye"" mean?
Why are you giving him the side eye?

Select only one answer.
A) One True Pairing
B) Something that is reallly good.
C) To be skeptical about something
D) To refer to ones imaginary audience like an internet steamer

Respond with only the letter of your answer (A, B, C, or D).",C,2026-06-11T22:39:13.995945+00:00
949,5,row_148,Sigma,Identity,local_phi4,D,A,D,True,False,"In the following sentence, what does ""Sigma"" mean?
You are giving off sigma energy right now.

Select only one answer.
A) the 18th letter of the Greek alphabet
B) Activities that involve cultivating ones Aura
C) An emotional meltdown
D) An independent, strong person

Respond with only the letter of your answer (A, B, C, or D).","D) An independent, strong person",2026-06-11T22:39:14.205491+00:00
950,5,row_149,Simp,Insult,local_phi4,D,C,D,True,False,"In the following sentence, what does ""Simp"" mean?
Stop being a simp over her!

Select only one answer.
A) A mauser C96 pistol
B) Friends with benefits
C) a foolish or stupid person : simpleton
D) Someone that tries really hard to impress their crush

Respond with only the letter of your answer (A, B, C, or D).",D,2026-06-11T22:39:14.295845+00:00
951,5,row_150,Situationship,Sexual,local_phi4,A,,A,True,False,"In the following sentence, what does ""Situationship"" mean?
Joe ended up in a situationship over the summer.

Select only one answer.
A) A sexual relationship developed from situations without clear future intentions
B) A reference for ass
C) To make a jawline more defined
D) A near superhuman perfect male

Respond with only the letter of your answer (A, B, C, or D).",A,2026-06-11T22:39:14.387635+00:00
952,5,row_151,Skeet,Sexual,local_phi4,D,C,D,True,False,"In the following sentence, what does ""Skeet"" mean?
He skeeted all over the court!

Select only one answer.
A) a bad charisma
B) Someone unappealing
C) trapshooting in which clay pigeons are thrown in such a way as to simulate the angles of flight of birds
D) To shoot ones shot.

Respond with only the letter of your answer (A, B, C, or D).",D,2026-06-11T22:39:14.479512+00:00
953,5,row_152,Skibidi,General,local_phi4,A,,A,True,False,"In the following sentence, what does ""Skibidi"" mean?
That's so skibidi.

Select only one answer.
A) Nonsensical term
B) Sociopath
C) Friends with benefits
D) A large ass that stands out.

Respond with only the letter of your answer (A, B, C, or D).",A,2026-06-11T22:39:14.570392+00:00
954,5,row_153,Skill issue,Insult,local_phi4,B,,B,True,False,"In the following sentence, what does ""Skill issue"" mean?
You won't win. Its a skill issue.

Select only one answer.
A) A significant other
B) An insult saying that the problem is due to lack of skill rather then luck
C) Very good
D) To be skeptical about something

Respond with only the letter of your answer (A, B, C, or D).",B,2026-06-11T22:39:14.659023+00:00
955,5,row_154,Slaps,General,local_phi4,B,A,C,False,False,"In the following sentence, what does ""Slaps"" mean?
This place slaps!

Select only one answer.
A) to strike sharply with or as if with the open hand
B) Something that is reallly good.
C) Something very good
D) Crack cocaine

Respond with only the letter of your answer (A, B, C, or D).","C) Something very good. 

(Note: While ""B"" and ""C"" are similar, ""C"" is more commonly used to convey a slightly broader sense in slang contexts.)",2026-06-11T22:39:15.406167+00:00
956,5,row_155,Slay,General,local_phi4,B,D,B,True,False,"In the following sentence, what does ""Slay"" mean?
Slay girl!

Select only one answer.
A) Gossip
B) To do somethign very well
C) Used to refer to the social media platforms one uses
D) to kill violently, wantonly, or in great numbers

Respond with only the letter of your answer (A, B, C, or D).",B,2026-06-11T22:39:15.496427+00:00
957,5,row_156,sledge,Identity,local_phi4,B,D,C,False,False,"In the following sentence, what does ""sledge"" mean?
What? Are you havin trouble you sledge?

Select only one answer.
A) A man that is feminine in nature
B) An insult commonly used in sports
C) Something that is reallly good.
D) sledgehammer

Respond with only the letter of your answer (A, B, C, or D).",C) Something that is really good.,2026-06-11T22:39:15.711612+00:00
958,5,row_157,sleeper,General,local_phi4,D,B,D,True,False,"In the following sentence, what does ""sleeper"" mean?
That car has got to be a sleeper.

Select only one answer.
A) A man that takes care of children
B) one that sleeps
C) Someone that travels abroad with the sole purpose of having sex
D) Something that appears mundane but has hidden potential

Respond with only the letter of your answer (A, B, C, or D).",D,2026-06-11T22:39:15.801839+00:00
959,5,row_158,sleeper build,General,local_phi4,B,,D,False,False,"In the following sentence, what does ""sleeper build"" mean?
Bro's rocking the sleeper build.

Select only one answer.
A) Acting crazily
B) someone that looks ordinary but is actually very strong
C) Mediocre
D) Something that appears mundane but has hidden potential

Respond with only the letter of your answer (A, B, C, or D).",D,2026-06-11T22:39:15.891998+00:00
960,5,row_159,Snack,Sexual,local_phi4,A,C,A,True,False,"In the following sentence, what does ""Snack"" mean?
That lady over there is a snack.

Select only one answer.
A) A descriptor for an attractive person
B) the playful act of taking a friend's food
C) a light meal : food eaten between regular meals; also : food suitable for snacking
D) drunk

Respond with only the letter of your answer (A, B, C, or D).",A,2026-06-11T22:39:15.982355+00:00
961,5,row_160,snaggle,Identity,local_phi4,B,A,D,False,False,"In the following sentence, what does ""snaggle"" mean?
Susanne is such a snaggle.

Select only one answer.
A) snag
B) An unattractive girl
C) Sociopath
D) An insulting term to refer to someone as stupid

Respond with only the letter of your answer (A, B, C, or D).",D,2026-06-11T22:39:16.073695+00:00
962,5,row_161,Snatched,General,local_phi4,C,B,C,True,False,"In the following sentence, what does ""Snatched"" mean?
You're looking snatched today.

Select only one answer.
A) Main Character - Someone that acts as if they are the star of a story
B) to attempt to seize something suddenly
C) A fashionable look
D) to recoil in distaste

Respond with only the letter of your answer (A, B, C, or D).",C,2026-06-11T22:39:16.163443+00:00
963,5,row_162,socials,General,local_phi4,B,C,B,True,False,"In the following sentence, what does ""socials"" mean?
Catch me on the socials!

Select only one answer.
A) To make lifestyle changes to make your life more holistic
B) Used to refer to the social media platforms one uses
C) an informal social event or gathering frequently involving a special activity or area of interest
D) Something really good

Respond with only the letter of your answer (A, B, C, or D).",B,2026-06-11T22:39:16.260516+00:00
964,5,row_163,socio,Insult,local_phi4,D,,A,False,False,"In the following sentence, what does ""socio"" mean?
The boy is a socio.

Select only one answer.
A) An insult commonly used in sports
B) Go in 100% on something
C) A man that takes care of children
D) Sociopath

Respond with only the letter of your answer (A, B, C, or D).",A,2026-06-11T22:39:16.360370+00:00
965,5,row_164,Soy,Insult,local_phi4,A,,A,True,False,"In the following sentence, what does ""Soy"" mean?
Stop being so soy.

Select only one answer.
A) Weak or effeminate
B) Cancer
C) An insulting term to refer to someone as stupid
D) A term used to say that someone is online too much and needs to get back to real life

Respond with only the letter of your answer (A, B, C, or D).",A,2026-06-11T22:39:16.457500+00:00
966,5,row_165,soyboy,Identity,local_phi4,B,,B,True,False,"In the following sentence, what does ""soyboy"" mean?
Get that soyboy out of here!

Select only one answer.
A) sweet talk
B) Men that lack masculine characteristics
C) When something hidden gets called out
D) A fashionable look

Respond with only the letter of your answer (A, B, C, or D).",B,2026-06-11T22:39:16.555331+00:00
967,5,row_166,Spanish dancer,General,local_phi4,B,,B,True,False,"In the following sentence, what does ""Spanish dancer"" mean?
I sounds like I caught the spanish dancer.

Select only one answer.
A) used to mock spoiled kids
B) Cancer
C) A term for baby that people will call their significant other.
D) Used to mock someone who doesnt think for themselves, says things repeatedly, or has no opinions

Respond with only the letter of your answer (A, B, C, or D).","B) Cancer

(Note: The phrase ""caught the Spanish dancer"" is a colloquial term historically used in reference to catching cancer.)",2026-06-11T22:39:17.139907+00:00
968,5,row_167,spark,Violence,local_phi4,C,A,C,True,False,"In the following sentence, what does ""spark"" mean?
Don't make me spark you out!

Select only one answer.
A) a small particle of a burning substance thrown out by a body in combustion or remaining when combustion is nearly completed
B) Delusional
C) To knock someone out
D) fake soft penises and testicles designed to give a 'male' bulge to the crotches of female-to-male transsexuals.

Respond with only the letter of your answer (A, B, C, or D).",C,2026-06-11T22:39:17.230860+00:00
969,5,row_168,Stuyvie,Drugs,local_phi4,D,,D,True,False,"In the following sentence, what does ""Stuyvie"" mean?
Lets go outside and smoke a suyvie.

Select only one answer.
A) A significant problem
B) Used to refer to the social media platforms one uses
C) An emotional meltdown
D) A cigarette

Respond with only the letter of your answer (A, B, C, or D).",D,2026-06-11T22:39:17.322299+00:00
970,5,row_169,suiter,General,local_phi4,D,A,D,True,False,"In the following sentence, what does ""suiter"" mean?
Her suiter was admiring her from afar.

Select only one answer.
A) a suitcase for holding a specified number of suits —usually used in combination
B) Cancer
C) To do something impressive
D) a significant other

Respond with only the letter of your answer (A, B, C, or D).",D,2026-06-11T22:39:17.413001+00:00
971,5,row_170,Sus,General,local_phi4,A,,A,True,False,"In the following sentence, what does ""Sus"" mean?
That man over there is real sus.

Select only one answer.
A) Something suspicious
B) Mercedes Benz G class
C) Money
D) A strong, leader who commands those around them

Respond with only the letter of your answer (A, B, C, or D).",A,2026-06-11T22:39:17.505143+00:00
972,5,row_171,Tea,General,local_phi4,B,C,B,True,False,"In the following sentence, what does ""Tea"" mean?
Come on, spill the tea!

Select only one answer.
A) An incel term meaning kissless, hugless, handholdless virgin
B) Gossip
C) a widely cultivated shrub (Camellia sinensis of the family Theaceae, the tea family) native to China, northern India, and southeastern Asia and having glossy green leaves and fragrant white flowers
D) Nonsensical term

Respond with only the letter of your answer (A, B, C, or D).",B,2026-06-11T22:39:17.594842+00:00
973,5,row_172,theybie,General,local_phi4,B,,B,True,False,"In the following sentence, what does ""theybie"" mean?
The a couple and their theybie just moved in next door.

Select only one answer.
A) The positive or relaxing energy of a place
B) A term used to describe a baby raised in a gender neutral environment
C) sex
D) A man that takes care of children

Respond with only the letter of your answer (A, B, C, or D).",B,2026-06-11T22:39:17.694771+00:00
974,5,row_173,Thirsty,Sexual,local_phi4,A,B,A,True,False,"In the following sentence, what does ""Thirsty"" mean?
She's lookin real thirsty today.

Select only one answer.
A) Someone who is trying to get sexual attention overtly
B) feeling thirst
C) Friends with benefits
D) A term of endearment for a significant other

Respond with only the letter of your answer (A, B, C, or D).",A) Someone who is trying to get sexual attention overtly.,2026-06-11T22:39:18.007344+00:00
975,5,row_174,Thot,Sexual,local_phi4,C,,C,True,False,"In the following sentence, what does ""Thot"" mean?
I'm gonna dress like a thot tonight.

Select only one answer.
A) Men that lack masculine characteristics
B) Something ugly or unattractive
C) Another term that stands for that hoe over there
D) A term used to describe a baby raised in a gender neutral environment

Respond with only the letter of your answer (A, B, C, or D).",C,2026-06-11T22:39:18.098097+00:00
976,5,row_175,Thrust,General,local_phi4,A,C,B,False,False,"In the following sentence, what does ""Thrust"" mean?
Hit the thrust!

Select only one answer.
A) A dance move
B) Used to mock someone who doesnt think for themselves, says things repeatedly, or has no opinions
C) to push or drive with force : shove
D) To check the mood of a situation

Respond with only the letter of your answer (A, B, C, or D).",B,2026-06-11T22:39:18.198124+00:00
977,5,row_176,toe-cheese,Insult,local_phi4,B,,B,True,False,"In the following sentence, what does ""toe-cheese"" mean?
My whole house smells like toe cheese.

Select only one answer.
A) A term for friends
B) Gross buildup between the toes
C) Something low quality or bad
D) An attractive older man

Respond with only the letter of your answer (A, B, C, or D).",B,2026-06-11T22:39:18.295520+00:00
978,5,row_177,tomdick,Insult,local_phi4,B,,B,True,False,"In the following sentence, what does ""tomdick"" mean?
That secratary was a tomdick.

Select only one answer.
A) Something ugly or unattractive
B) A commonplace person
C) Throwing something
D) Someone who refused to wear a mask in covid times.

Respond with only the letter of your answer (A, B, C, or D).",B,2026-06-11T22:39:18.392820+00:00
979,5,row_178,Touch Grass,General,local_phi4,D,,D,True,False,"In the following sentence, what does ""Touch Grass"" mean?
Go out and touch some grass.

Select only one answer.
A) A near superhuman perfect male
B) Money
C) A strong, leader who commands those around them
D) A term used to say that someone is online too much and needs to get back to real life

Respond with only the letter of your answer (A, B, C, or D).",D,2026-06-11T22:39:18.495295+00:00
980,5,row_179,troll,Identity,local_phi4,D,A,D,True,False,"In the following sentence, what does ""troll"" mean?
That guy in valorant was a such a troll.

Select only one answer.
A) a dwarf or giant in Scandinavian folklore inhabiting caves or hills
B) A dance move
C) To stab or shoot
D) Someone who deliberatly acts in ways to annoy or anger a group of people online.

Respond with only the letter of your answer (A, B, C, or D).",D,2026-06-11T22:39:18.594295+00:00
981,5,row_180,Tweaking,General,local_phi4,C,B,C,True,False,"In the following sentence, what does ""Tweaking"" mean?
Why are you tweaking out?

Select only one answer.
A) Fuckboy, someone just looking for sex
B) to make usually small adjustments in or to; especially : fine-tune
C) Acting crazily
D) An expression of disbelief

Respond with only the letter of your answer (A, B, C, or D).",C,2026-06-11T22:39:18.684317+00:00
982,5,row_181,twoz,Drugs,local_phi4,D,,D,True,False,"In the following sentence, what does ""twoz"" mean?
Hey, hand me the twoz joint.

Select only one answer.
A) An all denim outfit
B) Someone who is very stubborn
C) An affirmative agreement
D) A canabis based cigarette that needs two paper rolls

Respond with only the letter of your answer (A, B, C, or D).",D,2026-06-11T22:39:18.774132+00:00
983,5,row_182,Unc,Insult,local_phi4,D,,C,False,False,"In the following sentence, what does ""Unc"" mean?
I'll explain it to you unc.

Select only one answer.
A) Another term that stands for that hoe over there
B) A term for friends
C) Describes activities or situations that are sexually aggressive
D) An older person who is out of touch

Respond with only the letter of your answer (A, B, C, or D).",C,2026-06-11T22:39:18.864944+00:00
984,5,row_183,Understood the assignment,General,local_phi4,B,,B,True,False,"In the following sentence, what does ""Understood the assignment"" mean?
All done. Understood the assignment.

Select only one answer.
A) Someone weak or a follower
B) To confim that something was completed to expectation
C) Something that is messed up or not right.
D) To focus on making one as physically attractive as possible

Respond with only the letter of your answer (A, B, C, or D).",B,2026-06-11T22:39:18.955572+00:00
985,5,row_184,upper decky,Drugs,local_phi4,D,,D,True,False,"In the following sentence, what does ""upper decky"" mean?
Hey bro, can I bum an upper decky zynn?

Select only one answer.
A) An expression of disappointment
B) fake soft penises and testicles designed to give a 'male' bulge to the crotches of female-to-male transsexuals.
C) To get arrested
D) A nicotine pouch held between the upper lip and gums

Respond with only the letter of your answer (A, B, C, or D).",D,2026-06-11T22:39:19.045009+00:00
986,5,row_185,Vibe,General,local_phi4,D,,D,True,False,"In the following sentence, what does ""Vibe"" mean?
I'm just enjoyin the vibe out here.

Select only one answer.
A) Describes activities or situations that are sexually aggressive
B) As Fuck
C) To be skeptical about something
D) The positive or relaxing energy of a place

Respond with only the letter of your answer (A, B, C, or D).",D,2026-06-11T22:39:19.134190+00:00
987,5,row_186,Vibe Check,General,local_phi4,D,,D,True,False,"In the following sentence, what does ""Vibe Check"" mean?
Can I get a vibe check?

Select only one answer.
A) To prepare for a fight
B) To express excitement or approval for something
C) Something that is adorably and chunky
D) To check the mood of a situation

Respond with only the letter of your answer (A, B, C, or D).",D,2026-06-11T22:39:19.234255+00:00
988,5,row_187,wahala,General,local_phi4,D,,D,True,False,"In the following sentence, what does ""wahala"" mean?
Please, no wahala.

Select only one answer.
A) To be honest about something
B) Someone who is trying to get sexual attention overtly
C) An unpopular opinion
D) A significant problem

Respond with only the letter of your answer (A, B, C, or D).",D,2026-06-11T22:39:19.333231+00:00
989,5,row_188,waved,Drugs,local_phi4,B,A,B,True,False,"In the following sentence, what does ""waved"" mean?
Bro's over on the bench waved out of his mind.

Select only one answer.
A) having a wavelike form or outline
B) To be high or drunk
C) Prolonged masturbation
D) A submissive male that is often outside of traditional social hierarchies

Respond with only the letter of your answer (A, B, C, or D).",B,2026-06-11T22:39:19.429690+00:00
990,5,row_189,What the sigma,General,local_phi4,D,,D,True,False,"In the following sentence, what does ""What the sigma"" mean?
What the sigma? I thought you left?

Select only one answer.
A) Stylish or flashy outfit style
B) Activities that involve cultivating ones Aura
C) A man that is feminine in nature
D) An expression of disbelief

Respond with only the letter of your answer (A, B, C, or D).",D) An expression of disbelief,2026-06-11T22:39:19.617909+00:00
991,5,row_190,whitney,Drugs,local_phi4,B,,B,True,False,"In the following sentence, what does ""whitney"" mean?
Hey man, you got any whitney on you?

Select only one answer.
A) intensely and openely say something true
B) Crack cocaine
C) Someone younger
D) An insult commonly used in sports

Respond with only the letter of your answer (A, B, C, or D).",B,2026-06-11T22:39:19.719750+00:00
992,5,row_191,Woke,Insult,local_phi4,C,,C,True,False,"In the following sentence, what does ""Woke"" mean?
Stop being so woke.

Select only one answer.
A) Somehting that is poor quality
B) Another term that stands for that hoe over there
C) Someone that is too left leaning politically
D) An all denim outfit

Respond with only the letter of your answer (A, B, C, or D).",C,2026-06-11T22:39:19.819556+00:00
993,5,row_192,womp womp,General,local_phi4,A,,A,True,False,"In the following sentence, what does ""womp womp"" mean?
I failed that math quiz. Womp womp.

Select only one answer.
A) An expression of disappointment
B) to recoil in distaste
C) Something that is better then everything else
D) Ending the discussion on a topic

Respond with only the letter of your answer (A, B, C, or D).",A,2026-06-11T22:39:19.918696+00:00
994,5,row_193,wraparound,General,local_phi4,C,D,A,False,False,"In the following sentence, what does ""wraparound"" mean?
I had to pull a wraparound this morning since I left my wallet at the bar.

Select only one answer.
A) To be high or drunk
B) I just burst out laughing
C) Someone who is the last person to leave a location and the first to come back in the morning
D) made to be wrapped around something and especially the body

Respond with only the letter of your answer (A, B, C, or D).",A,2026-06-11T22:39:20.019342+00:00
995,5,row_194,Yapping,Insult,local_phi4,D,C,C,False,True,"In the following sentence, what does ""Yapping"" mean?
Stop your yapping and get over here.

Select only one answer.
A) A charismatic, sexy, and quick witted man
B) a live-action role-playing game in which a group of people enacts a fictional scenario (such as a fantasy adventure) in real time typically under the guidance of a facilitator or organizer; also : the activity of participating in such games : larping
C) to talk in a shrill insistent way : chatter
D) Talking too much

Respond with only the letter of your answer (A, B, C, or D).",C) to talk in a shrill insistent way: chatter,2026-06-11T22:39:20.323356+00:00
996,5,row_195,Yeet,General,local_phi4,C,,C,True,False,"In the following sentence, what does ""Yeet"" mean?
Think I can make this? Yeet!

Select only one answer.
A) Somehting uncool or unfashionable
B) Someone who refused to wear a mask in covid times.
C) Throwing something
D) Something really good

Respond with only the letter of your answer (A, B, C, or D).",C,2026-06-11T22:39:20.412917+00:00
997,5,row_196,ying,Violence,local_phi4,D,,D,True,False,"In the following sentence, what does ""ying"" mean?
I'll walk in swinging my ying.

Select only one answer.
A) Someone unappealing
B) sex
C) Something that appears mundane but has hidden potential
D) A knife

Respond with only the letter of your answer (A, B, C, or D).",D,2026-06-11T22:39:20.501692+00:00
998,5,row_197,yoyo,General,local_phi4,D,B,D,True,False,"In the following sentence, what does ""yoyo"" mean?
We've helped you in the past, but yoyo this time.

Select only one answer.
A) Cool
B) a thick grooved double disk with a string attached to its center axle that is made to fall and rise to the hand by unwinding and rewinding on the string
C) Money
D) You're on Your own

Respond with only the letter of your answer (A, B, C, or D).","D) You're on Your own

(Note: In this context, ""yoyo"" is used informally to imply inconsistency or self-reliance.)",2026-06-11T22:39:21.125022+00:00
999,5,row_198,Zaddy,Sexual,local_phi4,A,,C,False,False,"In the following sentence, what does ""Zaddy"" mean?
I'm meeting up with my zaddy later tonight.

Select only one answer.
A) An attractive older man
B) An older person who is out of touch
C) As Fuck
D) Mercedes Benz G class

Respond with only the letter of your answer (A, B, C, or D).",C) As Fuck,2026-06-11T22:39:21.278201+00:00
1000,5,row_199,Zesty,Insult,local_phi4,D,A,A,False,True,"In the following sentence, what does ""Zesty"" mean?
He's acting a bit zesty today.

Select only one answer.
A) having or characterized by zest : appealingly piquant or lively
B) To win
C) To check the mood of a situation
D) A man that is feminine in nature

Respond with only the letter of your answer (A, B, C, or D).",A,2026-06-11T22:39:21.378079+00:00
