run_id,iteration,prompt_id,slang_term,term_type,model,correct_letter,literal_letter,model_answer,is_correct,chose_literal,full_prompt,raw_response,timestamp_utc
1,1,row_000,'done,Drugs,local_gptoss,B,,B,True,False,"In the following sentence, what does ""'done"" mean?
Do you have any of the 'done on you?

Select only one answer.
A) The greatest of all time
B) Methodone
C) A sexual relationship developed from situations without clear future intentions
D) To prepare for a fight

Respond with only the letter of your answer (A, B, C, or D).",B,2026-06-12T01:09:25.655438+00:00
2,1,row_001,6-6-6,Identity,local_gptoss,D,,D,True,False,"In the following sentence, what does ""6-6-6"" mean?
I only date a man who is a 6-6-6.

Select only one answer.
A) Someone that travels abroad with the sole purpose of having sex
B) A type of marijuana
C) I just burst out laughing
D) A rule used by some for dating that refers to someone who is six feet tall, has a 6 figure income, and has six-pack abs

Respond with only the letter of your answer (A, B, C, or D).",D,2026-06-12T01:09:26.708004+00:00
3,1,row_002,AF,General,local_gptoss,B,,B,True,False,"In the following sentence, what does ""AF"" mean?
Thats cool AF!

Select only one answer.
A) Someone who refused to wear a mask in covid times.
B) As Fuck
C) To make lifestyle changes to make your life more holistic
D) An all denim outfit

Respond with only the letter of your answer (A, B, C, or D).",B,2026-06-12T01:09:28.074653+00:00
4,1,row_003,aggy,Violence,local_gptoss,B,,B,True,False,"In the following sentence, what does ""aggy"" mean?
Why you so aggy?

Select only one answer.
A) A significant problem
B) to aggrivate
C) Someone who sitts around commenting about others
D) A man that takes care of children

Respond with only the letter of your answer (A, B, C, or D).",B,2026-06-12T01:09:33.441369+00:00
5,1,row_004,Alpha,Identity,local_gptoss,D,A,D,True,False,"In the following sentence, what does ""Alpha"" mean?
What an alpha chad.

Select only one answer.
A) the 1st letter of the Greek alphabet
B) Something that is reallly good.
C) The anus
D) A strong, leader who commands those around them

Respond with only the letter of your answer (A, B, C, or D).",D,2026-06-12T01:09:35.022418+00:00
6,1,row_005,ant,Sexual,local_gptoss,D,A,C,False,False,"In the following sentence, what does ""ant"" mean?
I came across a real ant at the club earlier.

Select only one answer.
A) any of a family (Formicidae) of colonial hymenopterous insects with a complex social organization and various castes performing special duties
B) Done or ruined
C) A dance move
D) A charismatic, sexy, and quick witted man

Respond with only the letter of your answer (A, B, C, or D).",C,2026-06-12T01:09:38.433585+00:00
7,1,row_006,archer,Identity,local_gptoss,C,A,A,False,True,"In the following sentence, what does ""archer"" mean?
Jim was an archer with her lies.

Select only one answer.
A) a person who uses a bow and arrow
B) Fuckboy, someone just looking for sex
C) A person who is very good at spotting a lie
D) Someone unappealing

Respond with only the letter of your answer (A, B, C, or D).",A,2026-06-12T01:09:41.704164+00:00
8,1,row_007,ASL,Sexual,local_gptoss,B,,B,True,False,"In the following sentence, what does ""ASL"" mean?
What's your ASL?

Select only one answer.
A) Someone who is very stubborn
B) Age Sex Location
C) To confim that something was completed to expectation
D) Somehting that is poor quality

Respond with only the letter of your answer (A, B, C, or D).",B,2026-06-12T01:09:43.130694+00:00
9,1,row_008,Aura Farming,Identity,local_gptoss,A,,B,False,False,"In the following sentence, what does ""Aura Farming"" mean?
That skateboard group is trying really hard to aura farm, but its not working.

Select only one answer.
A) Activities that involve cultivating ones Aura
B) To refer to ones imaginary audience like an internet steamer
C) Someone that tries really hard to impress their crush
D) To knock someone out

Respond with only the letter of your answer (A, B, C, or D).",B,2026-06-12T01:09:47.481261+00:00
10,1,row_009,babygirl,Sexual,local_gptoss,D,,D,True,False,"In the following sentence, what does ""babygirl"" mean?
Hey babygirl, whanna metup tonight?

Select only one answer.
A) Money
B) A mauser C96 pistol
C) when a reply gets more than the original post
D) An endeering term used towards ones significant other

Respond with only the letter of your answer (A, B, C, or D).",D,2026-06-12T01:09:48.412630+00:00
11,1,row_010,backoff,Sexual,local_gptoss,D,A,D,True,False,"In the following sentence, what does ""backoff"" mean?
That girl has a fat backoff!

Select only one answer.
A) back down
B) crazy or erratic
C) To check the mood of a situation
D) A large ass that stands out.

Respond with only the letter of your answer (A, B, C, or D).",D,2026-06-12T01:09:51.731595+00:00
12,1,row_011,Bae,Sexual,local_gptoss,A,,A,True,False,"In the following sentence, what does ""Bae"" mean?
She's my bae.

Select only one answer.
A) A significant other
B) A criminal that turned their life arpound and are legitimate
C) A term used to say that someone is online too much and needs to get back to real life
D) Short for happening

Respond with only the letter of your answer (A, B, C, or D).",A,2026-06-12T01:09:53.292576+00:00
13,1,row_012,bareface,Identity,local_gptoss,A,D,A,True,False,"In the following sentence, what does ""bareface"" mean?
I saw a group of barefaces at the store this morning, so I won't be going back.

Select only one answer.
A) Someone who refused to wear a mask in covid times.
B) Charisma
C) Someone who deliberatly acts in ways to annoy or anger a group of people online.
D) having a clear finish and no nap

Respond with only the letter of your answer (A, B, C, or D).",A,2026-06-12T01:09:54.863206+00:00
14,1,row_013,based,General,local_gptoss,C,B,B,False,True,"In the following sentence, what does ""based"" mean?
That show was based.

Select only one answer.
A) A reaction to something uncomfortable
B) having a specified type of base or basis —often used in combination
C) An unpopular opinion
D) When you are outnumbered in a fight and call black people for the win

Respond with only the letter of your answer (A, B, C, or D).",B,2026-06-12T01:09:56.501556+00:00
15,1,row_014,Basic,Identity,local_gptoss,C,D,C,True,False,"In the following sentence, what does ""Basic"" mean?
Shes so basic.

Select only one answer.
A) when a reply gets more than the original post
B) Mercedes Benz G class
C) Someone that is boring
D) of, relating to, or forming the base or essence : fundamental

Respond with only the letter of your answer (A, B, C, or D).",C,2026-06-12T01:09:57.892900+00:00
16,1,row_015,bb,Sexual,local_gptoss,D,B,D,True,False,"In the following sentence, what does ""bb"" mean?
Hey bb, lets grab some food.

Select only one answer.
A) Something that is messed up or not right.
B) a shot pellet 0.18 inch in diameter for use in a shotgun cartridge
C) A term to discuss sexual experiences
D) A term for baby that people will call their significant other.

Respond with only the letter of your answer (A, B, C, or D).",D,2026-06-12T01:09:59.585632+00:00
17,1,row_016,Bet,General,local_gptoss,C,B,C,True,False,"In the following sentence, what does ""Bet"" mean?
bet, lets go.

Select only one answer.
A) A significant other
B) something that is laid, staked, or pledged typically between two parties on the outcome of a contest or a contingent issue : wager —often used figuratively in such phrases as all bets are off to stress the uncertainty of an outcome
C) An affirmative agreement
D) The anus

Respond with only the letter of your answer (A, B, C, or D).",C,2026-06-12T01:10:01.598855+00:00
18,1,row_017,Beta,Identity,local_gptoss,C,D,C,True,False,"In the following sentence, what does ""Beta"" mean?
The beta's of the world aren't gonna like that.

Select only one answer.
A) Activities that involve cultivating ones Aura
B) Something untrue or unbeleivable
C) Someone weak or a follower
D) the 2nd letter of the Greek alphabet

Respond with only the letter of your answer (A, B, C, or D).",C,2026-06-12T01:10:03.541230+00:00
19,1,row_018,Bih,General,local_gptoss,C,,C,True,False,"In the following sentence, what does ""Bih"" mean?
Bih, what?

Select only one answer.
A) A loss or failure
B) Someone who is trying to get sexual attention overtly
C) Short for Bitch
D) Mediocre

Respond with only the letter of your answer (A, B, C, or D).",C,2026-06-12T01:10:06.298318+00:00
20,1,row_019,bine,Violence,local_gptoss,B,C,C,False,True,"In the following sentence, what does ""bine"" mean?
Load the nine with ine and selek it.

Select only one answer.
A) Fashionable or stylish
B) bullets
C) a twining stem or flexible shoot (as of the hop); also : a plant (such as woodbine) whose shoots are bines
D) Methodone

Respond with only the letter of your answer (A, B, C, or D).",C,2026-06-12T01:10:17.375727+00:00
21,1,row_020,blackup,Violence,local_gptoss,A,,A,True,False,"In the following sentence, what does ""blackup"" mean?
We are outnumbered. Call for black up.

Select only one answer.
A) When you are outnumbered in a fight and call black people for the win
B) To be high or drunk
C) to aggrivate
D) I just burst out laughing

Respond with only the letter of your answer (A, B, C, or D).",A,2026-06-12T01:10:28.398797+00:00
22,1,row_021,Brain Rot,General,local_gptoss,C,,C,True,False,"In the following sentence, what does ""Brain Rot"" mean?
Kids these days just sit around and watch brain rot.

Select only one answer.
A) A kilo of cocaine
B) Poorly dressed
C) The videos one find on social media that cause people to scroll and do nothign for hours
D) An insulting term to refer to someone as stupid

Respond with only the letter of your answer (A, B, C, or D).",C,2026-06-12T01:10:30.411329+00:00
23,1,row_022,brizzy,Drugs,local_gptoss,D,,D,True,False,"In the following sentence, what does ""brizzy"" mean?
Quickly, grab the brizzy.

Select only one answer.
A) Someone who acts tries to act entertaining and amuzingly relentlessly
B) Get to the point
C) Someone that is too much of a fan of something
D) A kilo of cocaine

Respond with only the letter of your answer (A, B, C, or D).",D,2026-06-12T01:10:34.696351+00:00
24,1,row_023,broomhandle,Violence,local_gptoss,B,,B,True,False,"In the following sentence, what does ""broomhandle"" mean?
Get your broomhandle, we gotta go.

Select only one answer.
A) Ending the discussion on a topic
B) A mauser C96 pistol
C) when a reply gets more than the original post
D) Down to fuck

Respond with only the letter of your answer (A, B, C, or D).",B,2026-06-12T01:10:37.224363+00:00
25,1,row_024,bruh!,General,local_gptoss,D,A,D,True,False,"In the following sentence, what does ""bruh!"" mean?
Bruh! What was that?

Select only one answer.
A) brother
B) To refer to ones imaginary audience like an internet steamer
C) Someone acting aggressively and out of control
D) Used to address friends with exasperation, releif, or disbeleif.

Respond with only the letter of your answer (A, B, C, or D).",D,2026-06-12T01:10:38.463987+00:00
26,1,row_025,Bruzz,General,local_gptoss,B,,B,True,False,"In the following sentence, what does ""Bruzz"" mean?
Whats up bruzz?

Select only one answer.
A) Go in 100% on something
B) A term for friends
C) Short for Bitch
D) A strong, leader who commands those around them

Respond with only the letter of your answer (A, B, C, or D).",B,2026-06-12T01:10:40.142689+00:00
27,1,row_026,Bussin',General,local_gptoss,B,,B,True,False,"In the following sentence, what does ""Bussin'"" mean?
This pizza is bussin, on god!

Select only one answer.
A) To show off
B) Very good
C) Something that is messed up or not right.
D) Men that lack masculine characteristics

Respond with only the letter of your answer (A, B, C, or D).",B,2026-06-12T01:10:40.696397+00:00
28,1,row_027,Cake,Sexual,local_gptoss,A,B,C,False,False,"In the following sentence, what does ""Cake"" mean?
Shes looking real caked up!

Select only one answer.
A) A reference for ass
B) a breadlike food made from a dough or batter that is usually fried or baked in small flat shapes and is often unleavened
C) To express disbelief
D) Weak or effeminate

Respond with only the letter of your answer (A, B, C, or D).",C,2026-06-12T01:10:50.917547+00:00
29,1,row_028,Cap,General,local_gptoss,C,B,C,True,False,"In the following sentence, what does ""Cap"" mean?
You're cappin. No way.

Select only one answer.
A) Fashionable or stylish
B) a head covering especially with a visor and no brim
C) Something untrue or unbeleivable
D) Something that is messed up or not right.

Respond with only the letter of your answer (A, B, C, or D).",C,2026-06-12T01:10:51.864468+00:00
30,1,row_029,Chad,Identity,local_gptoss,A,C,A,True,False,"In the following sentence, what does ""Chad"" mean?
That was a total chad move.

Select only one answer.
A) A stereotypical alpha male that is strong, handsome, and attracts women.
B) A sexual relationship developed from situations without clear future intentions
C) small pieces of paper or cardboard produced in punching paper tape or data cards; also : a piece of chad.
D) To metaphorically die of laughter

Respond with only the letter of your answer (A, B, C, or D).",A,2026-06-12T01:10:54.906180+00:00
31,1,row_030,Chaddam,Identity,local_gptoss,B,,B,True,False,"In the following sentence, what does ""Chaddam"" mean?
Did you see the chaddam at the restraunt earlier?

Select only one answer.
A) Saying something secretive or to keep low profile
B) An incel term for an attractive middle eastern man
C) A term used to describe a baby raised in a gender neutral environment
D) Mediocre

Respond with only the letter of your answer (A, B, C, or D).",B,2026-06-12T01:11:03.716765+00:00
32,1,row_031,Chang,Drugs,local_gptoss,A,,A,True,False,"In the following sentence, what does ""Chang"" mean?
Hey , you got a hookup for chang?

Select only one answer.
A) cocaine
B) A term for bringing someone over to watch some netflix and then have sex.
C) An insult commonly used in sports
D) To focus on making one as physically attractive as possible

Respond with only the letter of your answer (A, B, C, or D).",A,2026-06-12T01:11:07.935291+00:00
33,1,row_032,Chat,General,local_gptoss,D,A,A,False,True,"In the following sentence, what does ""Chat"" mean?
Chat, how does this look?

Select only one answer.
A) chatter, prattle
B) A term for bringing someone over to watch some netflix and then have sex.
C) Get to the point
D) To refer to ones imaginary audience like an internet steamer

Respond with only the letter of your answer (A, B, C, or D).",A,2026-06-12T01:11:11.018916+00:00
34,1,row_033,Cheeks,General,local_gptoss,B,D,B,True,False,"In the following sentence, what does ""Cheeks"" mean?
That movie was cheeks.

Select only one answer.
A) To be skeptical about something
B) Somehting that is poor quality
C) Something that is reallly good.
D) the fleshy side of the face below the eye and above and to the side of the mouth

Respond with only the letter of your answer (A, B, C, or D).",B,2026-06-12T01:11:18.606537+00:00
35,1,row_034,chenta,Insult,local_gptoss,A,,A,True,False,"In the following sentence, what does ""chenta"" mean?
You are looking really chenta.

Select only one answer.
A) Something ugly or unattractive
B) An expression of disappointment
C) An endeering term used towards ones significant other
D) A loud and messy conflict

Respond with only the letter of your answer (A, B, C, or D).",A,2026-06-12T01:11:28.329347+00:00
36,1,row_035,cheugy,Insult,local_gptoss,B,,B,True,False,"In the following sentence, what does ""cheugy"" mean?
That girl had such a cheugy outfit.

Select only one answer.
A) An attractive older man
B) Somehting uncool or unfashionable
C) As Fuck
D) Used to address friends with exasperation, releif, or disbeleif.

Respond with only the letter of your answer (A, B, C, or D).",B,2026-06-12T01:11:29.297864+00:00
37,1,row_036,chi-mo,Identity,local_gptoss,B,,B,True,False,"In the following sentence, what does ""chi-mo"" mean?
Go fuck that chi-mo up.

Select only one answer.
A) To give sympathy or signify a failure
B) A chlid molestor
C) Something done regularly
D) To metaphorically die of laughter

Respond with only the letter of your answer (A, B, C, or D).",B,2026-06-12T01:11:35.480137+00:00
38,1,row_037,Chungus,General,local_gptoss,D,,D,True,False,"In the following sentence, what does ""Chungus"" mean?
Thats a very chungus pizza.

Select only one answer.
A) A term used by incels to refer to women in a way that dehumanizes them.
B) Nonsensical term
C) An insult saying that the problem is due to lack of skill rather then luck
D) Something that is adorably and chunky

Respond with only the letter of your answer (A, B, C, or D).",D,2026-06-12T01:11:39.024540+00:00
39,1,row_038,Clocked,Violence,local_gptoss,C,D,D,False,True,"In the following sentence, what does ""Clocked"" mean?
He totally clocked that guy.

Select only one answer.
A) A man that takes care of children
B) Talking too much
C) When something hidden gets called out
D) to time with a stopwatch or by an electric timing device

Respond with only the letter of your answer (A, B, C, or D).",D,2026-06-12T01:11:44.153282+00:00
40,1,row_039,Cooked,General,local_gptoss,D,A,D,True,False,"In the following sentence, what does ""Cooked"" mean?
You're cooked

Select only one answer.
A) past tense and past participle of cook
B) Used to address friends with exasperation, releif, or disbeleif.
C) To do somethign very well
D) Done or ruined

Respond with only the letter of your answer (A, B, C, or D).",D,2026-06-12T01:11:45.339085+00:00
41,1,row_040,coota suit,Identity,local_gptoss,B,,D,False,False,"In the following sentence, what does ""coota suit"" mean?
Im gonna hit the town in my coota suit.

Select only one answer.
A) Fuckboy, someone just looking for sex
B) An all denim outfit
C) To refer to ones imaginary audience like an internet steamer
D) Main Character - Someone that acts as if they are the star of a story

Respond with only the letter of your answer (A, B, C, or D).",D,2026-06-12T01:11:52.790712+00:00
42,1,row_041,Crashout,General,local_gptoss,D,B,D,True,False,"In the following sentence, what does ""Crashout"" mean?
Jen had a total crashout after her breakup

Select only one answer.
A) To express disappointment dramatically
B) a vehicular crash
C) The greatest of all time
D) An emotional meltdown

Respond with only the letter of your answer (A, B, C, or D).",D,2026-06-12T01:11:53.845984+00:00
43,1,row_042,Cringe,General,local_gptoss,C,,C,True,False,"In the following sentence, what does ""Cringe"" mean?
Did you hear that pickup line? It was totally cringe!

Select only one answer.
A) something intense, aggressive, and unfiltered
B) Down to fuck
C) to recoil in distaste
D) Something suspicious

Respond with only the letter of your answer (A, B, C, or D).",C,2026-06-12T01:11:55.129230+00:00
44,1,row_043,crower,Insult,local_gptoss,D,,D,True,False,"In the following sentence, what does ""crower"" mean?
Stop sitting around and being a crower

Select only one answer.
A) To make a jawline more defined
B) fake soft penises and testicles designed to give a 'male' bulge to the crotches of female-to-male transsexuals.
C) An affirmative agreement
D) Someone who sitts around commenting about others

Respond with only the letter of your answer (A, B, C, or D).",D,2026-06-12T01:11:57.553285+00:00
45,1,row_044,cuck,Insult,local_gptoss,B,D,D,False,True,"In the following sentence, what does ""cuck"" mean?
That guy must be a cuck letting his wife talk to others like that.

Select only one answer.
A) an expression of surprise
B) A term for someone that enjoys watching their wife have sex with another man
C) Gossip
D) a man whose wife is unfaithful : cuckold

Respond with only the letter of your answer (A, B, C, or D).",D,2026-06-12T01:11:59.361295+00:00
46,1,row_045,d-low,General,local_gptoss,B,,B,True,False,"In the following sentence, what does ""d-low"" mean?
Keep it on the d-low, okay?

Select only one answer.
A) A charismatic, sexy, and quick witted man
B) To keep secretive or obscure
C) To win
D) A distinct trait, style, or outfit, often used in drag culture

Respond with only the letter of your answer (A, B, C, or D).",B,2026-06-12T01:12:04.477416+00:00
47,1,row_046,daggers,General,local_gptoss,A,B,A,True,False,"In the following sentence, what does ""daggers"" mean?
Lets hit the dance floor and do the start daggering.

Select only one answer.
A) A provocative dance
B) a sharp pointed knife for stabbing
C) A term for friends
D) To do somethign very well

Respond with only the letter of your answer (A, B, C, or D).",A,2026-06-12T01:12:07.031508+00:00
48,1,row_047,Ded,General,local_gptoss,A,,A,True,False,"In the following sentence, what does ""Ded"" mean?
I'm ded

Select only one answer.
A) To metaphorically die of laughter
B) Something done regularly
C) You're on Your own
D) Fashionable or stylish

Respond with only the letter of your answer (A, B, C, or D).",A,2026-06-12T01:12:08.384584+00:00
49,1,row_048,Delulu,General,local_gptoss,D,,D,True,False,"In the following sentence, what does ""Delulu"" mean?
I'm feeling delulu after that show.

Select only one answer.
A) A cigarette
B) the playful act of taking a friend's food
C) something intense, aggressive, and unfiltered
D) Delusional

Respond with only the letter of your answer (A, B, C, or D).",D,2026-06-12T01:12:10.175115+00:00
50,1,row_049,Dog water,Insult,local_gptoss,A,,A,True,False,"In the following sentence, what does ""Dog water"" mean?
You are playing like dog water.

Select only one answer.
A) Something low quality or bad
B) A criminal that turned their life arpound and are legitimate
C) Methodone
D) Something suspicious

Respond with only the letter of your answer (A, B, C, or D).",A,2026-06-12T01:12:11.552520+00:00
51,1,row_050,doommaxxing,Identity,local_gptoss,C,,C,True,False,"In the following sentence, what does ""doommaxxing"" mean?
I'm just gonna be doommaxxing all weekend.

Select only one answer.
A) someone that looks ordinary but is actually very strong
B) An endeering term used towards ones significant other
C) The abandonment of responsibilities
D) To express disappointment dramatically

Respond with only the letter of your answer (A, B, C, or D).",C,2026-06-12T01:12:30.841230+00:00
52,1,row_051,Dope,General,local_gptoss,B,D,B,True,False,"In the following sentence, what does ""Dope"" mean?
That car is dope.

Select only one answer.
A) Fashionable or stylish
B) Cool
C) Something that is messed up or not right.
D) a stupid person

Respond with only the letter of your answer (A, B, C, or D).",B,2026-06-12T01:12:31.998881+00:00
53,1,row_052,Drip,Identity,local_gptoss,D,C,D,True,False,"In the following sentence, what does ""Drip"" mean?
How is the drip?

Select only one answer.
A) To win
B) Get to the point
C) to let fall in drops
D) Stylish or flashy outfit style

Respond with only the letter of your answer (A, B, C, or D).",D,2026-06-12T01:12:33.607637+00:00
54,1,row_053,DTF,Sexual,local_gptoss,B,,B,True,False,"In the following sentence, what does ""DTF"" mean?
She was totally DTF after the first date.

Select only one answer.
A) To give sympathy or signify a failure
B) Down to fuck
C) A large ass that stands out.
D) The videos one find on social media that cause people to scroll and do nothign for hours

Respond with only the letter of your answer (A, B, C, or D).",B,2026-06-12T01:12:35.046438+00:00
55,1,row_054,dubs,General,local_gptoss,D,B,D,True,False,"In the following sentence, what does ""dubs"" mean?
Take home the dubs!

Select only one answer.
A) Someone unappealing
B) to add (sound effects or new dialogue) to a film or to a radio or television production —usually used with in
C) To be skeptical about something
D) To win

Respond with only the letter of your answer (A, B, C, or D).",D,2026-06-12T01:12:36.182958+00:00
56,1,row_055,epi,General,local_gptoss,C,,B,False,False,"In the following sentence, what does ""epi"" mean?
Watch out, hes going through an epi.

Select only one answer.
A) To check the mood of a situation
B) Something low quality or bad
C) Epileptic fit from a synthetic canabis
D) A reference for ass

Respond with only the letter of your answer (A, B, C, or D).",B,2026-06-12T01:12:52.948132+00:00
57,1,row_056,F,General,local_gptoss,C,A,C,True,False,"In the following sentence, what does ""F"" mean?
I almost had that one. F.

Select only one answer.
A) the 6th letter of the English alphabet
B) Used to address friends with exasperation, releif, or disbeleif.
C) To give sympathy or signify a failure
D) To keep secretive or obscure

Respond with only the letter of your answer (A, B, C, or D).",C,2026-06-12T01:13:02.263181+00:00
58,1,row_057,Fanum Tax,General,local_gptoss,C,,C,True,False,"In the following sentence, what does ""Fanum Tax"" mean?
I was at dinner with my girl and she fanum taxed me.

Select only one answer.
A) Something low quality or bad
B) A descriptor for an attractive person
C) the playful act of taking a friend's food
D) Someone unappealing

Respond with only the letter of your answer (A, B, C, or D).",C,2026-06-12T01:13:04.830974+00:00
59,1,row_058,FBOI,Sexual,local_gptoss,B,,B,True,False,"In the following sentence, what does ""FBOI"" mean?
She just needs a FBOI to gegt out of her slump.

Select only one answer.
A) Someone who refused to wear a mask in covid times.
B) Fuckboy, someone just looking for sex
C) Something that is better then everything else
D) To win

Respond with only the letter of your answer (A, B, C, or D).",B,2026-06-12T01:13:12.259299+00:00
60,1,row_059,Fire,General,local_gptoss,A,B,A,True,False,"In the following sentence, what does ""Fire"" mean?
That game war fire!

Select only one answer.
A) Something really good
B) the phenomenon of combustion manifested in light, flame, and heat
C) Cancer
D) someone that looks ordinary but is actually very strong

Respond with only the letter of your answer (A, B, C, or D).",A,2026-06-12T01:13:13.431112+00:00
61,1,row_060,Flex,General,local_gptoss,A,C,A,True,False,"In the following sentence, what does ""Flex"" mean?
Vinny with the car flex.

Select only one answer.
A) To show off
B) to aggrivate
C) to bend especially repeatedly
D) bullets

Respond with only the letter of your answer (A, B, C, or D).",A,2026-06-12T01:13:14.624949+00:00
62,1,row_061,foid,Insult,local_gptoss,D,,D,True,False,"In the following sentence, what does ""foid"" mean?
Their was this group of foids at the store earlier, I couldn't satnd them!

Select only one answer.
A) I just burst out laughing
B) An expression of disbelief
C) Men that lack masculine characteristics
D) A term used by incels to refer to women in a way that dehumanizes them.

Respond with only the letter of your answer (A, B, C, or D).",D,2026-06-12T01:13:21.105058+00:00
63,1,row_062,Fuckboy,Sexual,local_gptoss,A,,A,True,False,"In the following sentence, what does ""Fuckboy"" mean?
That guy gave off total fuckboy energy.

Select only one answer.
A) Fuckboy, someone just looking for sex
B) Very good
C) Ironically used to describe one as unique
D) cocaine

Respond with only the letter of your answer (A, B, C, or D).",A,2026-06-12T01:13:21.931186+00:00
64,1,row_063,fuckwhistle,Insult,local_gptoss,D,,D,True,False,"In the following sentence, what does ""fuckwhistle"" mean?
Get out of here you fuckwhistle!

Select only one answer.
A) A strong, leader who commands those around them
B) A type of marijuana
C) Someone who sitts around commenting about others
D) An insulting term to refer to someone as stupid

Respond with only the letter of your answer (A, B, C, or D).",D,2026-06-12T01:13:23.530375+00:00
65,1,row_064,Full send,General,local_gptoss,A,,A,True,False,"In the following sentence, what does ""Full send"" mean?
I'm about to full send on this test!

Select only one answer.
A) Go in 100% on something
B) An older person who is out of touch
C) Something very good
D) A kilo of cocaine

Respond with only the letter of your answer (A, B, C, or D).",A,2026-06-12T01:13:24.484688+00:00
66,1,row_065,FWB,Sexual,local_gptoss,C,,C,True,False,"In the following sentence, what does ""FWB"" mean?
Yea, we started a FWB sort of thing.

Select only one answer.
A) To do something impressive
B) a significant other
C) Friends with benefits
D) Something suspicious

Respond with only the letter of your answer (A, B, C, or D).",C,2026-06-12T01:13:25.179876+00:00
67,1,row_066,G-wagon,General,local_gptoss,C,,C,True,False,"In the following sentence, what does ""G-wagon"" mean?
Yo, check out that g-wagon!

Select only one answer.
A) Someone acting aggressively and out of control
B) You're on Your own
C) Mercedes Benz G class
D) Someone that is too left leaning politically

Respond with only the letter of your answer (A, B, C, or D).",C,2026-06-12T01:13:26.679067+00:00
68,1,row_067,gabadost,Identity,local_gptoss,D,,D,True,False,"In the following sentence, what does ""gabadost"" mean?
Did you even listen to me? Gabadost!

Select only one answer.
A) Mediocre
B) An independent, strong person
C) to recoil in distaste
D) Someone who is very stubborn

Respond with only the letter of your answer (A, B, C, or D).",D,2026-06-12T01:13:47.483747+00:00
69,1,row_068,Giga Chad,Identity,local_gptoss,C,,C,True,False,"In the following sentence, what does ""Giga Chad"" mean?
Did you see how he lifted that? What a giga chad.

Select only one answer.
A) A strong, leader who commands those around them
B) Someone who prepares for doomsday scenarios
C) A near superhuman perfect male
D) Men that lack masculine characteristics

Respond with only the letter of your answer (A, B, C, or D).",C,2026-06-12T01:13:49.438843+00:00
70,1,row_069,Glazing,Insult,local_gptoss,B,A,B,True,False,"In the following sentence, what does ""Glazing"" mean?
Stop glazing over One Piece, its not that good.

Select only one answer.
A) the action, process, or trade of fitting windows with glass
B) Someone that is too much of a fan of something
C) Go in 100% on something
D) drunk

Respond with only the letter of your answer (A, B, C, or D).",B,2026-06-12T01:13:52.665149+00:00
71,1,row_070,Glee,Violence,local_gptoss,C,D,D,False,True,"In the following sentence, what does ""Glee"" mean?
Grab your glee and get outta here!

Select only one answer.
A) Used to mock someone who doesnt think for themselves, says things repeatedly, or has no opinions
B) Someone that travels abroad with the sole purpose of having sex
C) A glock pistol
D) exultant high-spirited joy : merriment

Respond with only the letter of your answer (A, B, C, or D).",D,2026-06-12T01:14:02.487458+00:00
72,1,row_071,glitter,Identity,local_gptoss,C,B,B,False,True,"In the following sentence, what does ""glitter"" mean?
Go out htere and glittter!

Select only one answer.
A) Crack cocaine
B) to shine by reflection with many small flashes of brilliant light : sparkle
C) A term to support someone going through a gender change.
D) A homosexual cowboy

Respond with only the letter of your answer (A, B, C, or D).",B,2026-06-12T01:14:05.313443+00:00
73,1,row_072,glizzy,General,local_gptoss,A,,A,True,False,"In the following sentence, what does ""glizzy"" mean?
Hey, lets grab some costco glizzys before we go.

Select only one answer.
A) A hot dog
B) I just burst out laughing
C) To be fierce and unapologetic withing a social situation
D) Gossip

Respond with only the letter of your answer (A, B, C, or D).",A,2026-06-12T01:14:07.356504+00:00
74,1,row_073,Goated,General,local_gptoss,D,,D,True,False,"In the following sentence, what does ""Goated"" mean?
That play was goated

Select only one answer.
A) To confim that something was completed to expectation
B) A term of endearment for a significant other
C) intensely and openely say something true
D) The greatest of all time

Respond with only the letter of your answer (A, B, C, or D).",D,2026-06-12T01:14:08.281155+00:00
75,1,row_074,Gooning,Sexual,local_gptoss,D,,D,True,False,"In the following sentence, what does ""Gooning"" mean?
He looks like he was gooning all break

Select only one answer.
A) Someone that is boring
B) to aggrivate
C) A term used to describe a baby raised in a gender neutral environment
D) Prolonged masturbation

Respond with only the letter of your answer (A, B, C, or D).",D,2026-06-12T01:14:09.905858+00:00
76,1,row_075,goonmaxxing,Identity,local_gptoss,C,,C,True,False,"In the following sentence, what does ""goonmaxxing"" mean?
He's been spending all summer goonmaxxing in his room

Select only one answer.
A) Age Sex Location
B) Something that is messed up or not right.
C) To mastrubate for extremeely long period regularly
D) To be high or drunk

Respond with only the letter of your answer (A, B, C, or D).",C,2026-06-12T01:14:22.182535+00:00
77,1,row_076,gouda,General,local_gptoss,D,C,D,True,False,"In the following sentence, what does ""gouda"" mean?
Stop being so gouda.

Select only one answer.
A) To keep secretive or obscure
B) Someone acting aggressively and out of control
C) a mild cheese of Dutch origin that is similar to Edam but contains more fat
D) Someone unappealing

Respond with only the letter of your answer (A, B, C, or D).",D,2026-06-12T01:14:26.339574+00:00
78,1,row_077,greazy,Insult,local_gptoss,C,,A,False,False,"In the following sentence, what does ""greazy"" mean?
You lookin greazy today.

Select only one answer.
A) Something really good
B) A near superhuman perfect male
C) Poorly dressed
D) A distinct trait, style, or outfit, often used in drag culture

Respond with only the letter of your answer (A, B, C, or D).",A,2026-06-12T01:14:30.469121+00:00
79,1,row_078,Griddy,General,local_gptoss,A,,A,True,False,"In the following sentence, what does ""Griddy"" mean?
Hit the griddy!

Select only one answer.
A) A dance move
B) to recoil in distaste
C) Cool
D) A near superhuman perfect male

Respond with only the letter of your answer (A, B, C, or D).",A,2026-06-12T01:14:35.913910+00:00
80,1,row_079,grips up,Violence,local_gptoss,B,,B,True,False,"In the following sentence, what does ""grips up"" mean?
grips up, we gotta head out.

Select only one answer.
A) An expression of disappointment
B) To prepare for a fight
C) Fuckboy, someone just looking for sex
D) an expression of surprise

Respond with only the letter of your answer (A, B, C, or D).",B,2026-06-12T01:14:38.289173+00:00
81,1,row_080,Gyatt,General,local_gptoss,A,,C,False,False,"In the following sentence, what does ""Gyatt"" mean?
Oh, my gyatt, I really wanna see you.

Select only one answer.
A) an expression of surprise
B) Another term that stands for that hoe over there
C) sweet talk
D) Ironically used to describe one as unique

Respond with only the letter of your answer (A, B, C, or D).",C,2026-06-12T01:14:43.279025+00:00
82,1,row_081,haps,General,local_gptoss,A,,A,True,False,"In the following sentence, what does ""haps"" mean?
haps tonight?

Select only one answer.
A) Short for happening
B) Ironically used to describe one as unique
C) To tie up an arm to isolate a vein for injecting a drug
D) Mercedes Benz G class

Respond with only the letter of your answer (A, B, C, or D).",A,2026-06-12T01:14:44.921858+00:00
83,1,row_082,hem up,General,local_gptoss,C,,D,False,False,"In the following sentence, what does ""hem up"" mean?
Bro, don't hem up.

Select only one answer.
A) Mercedes Benz G class
B) A distinct trait, style, or outfit, often used in drag culture
C) To get arrested
D) Down to fuck

Respond with only the letter of your answer (A, B, C, or D).",D,2026-06-12T01:14:53.031872+00:00
84,1,row_083,highkey,General,local_gptoss,B,D,B,True,False,"In the following sentence, what does ""highkey"" mean?
Highkey, this place is great!

Select only one answer.
A) Something that appears mundane but has hidden potential
B) intensely and openely say something true
C) To be honest about something
D) having or producing light tones only with little contrast —used of a photographic print or subject or of the lighting of a photographic subject

Respond with only the letter of your answer (A, B, C, or D).",B,2026-06-12T01:14:57.870374+00:00
85,1,row_084,Hits different,General,local_gptoss,C,,C,True,False,"In the following sentence, what does ""Hits different"" mean?
This hot dog hits different.

Select only one answer.
A) The vagina
B) To make lifestyle changes to make your life more holistic
C) Something very good
D) Someone weak or a follower

Respond with only the letter of your answer (A, B, C, or D).",C,2026-06-12T01:14:59.968665+00:00
86,1,row_085,Ick,Insult,local_gptoss,D,,D,True,False,"In the following sentence, what does ""Ick"" mean?
His hairdue gave me the ick.

Select only one answer.
A) Very good
B) A glock pistol
C) A term used to describe a baby raised in a gender neutral environment
D) A sudden feeling of disguest or repultion towards someone.

Respond with only the letter of your answer (A, B, C, or D).",D,2026-06-12T01:15:00.705034+00:00
87,1,row_086,IJBOL,General,local_gptoss,A,,A,True,False,"In the following sentence, what does ""IJBOL"" mean?
That was aso funny. IJBOL!

Select only one answer.
A) I just burst out laughing
B) Someone that travels abroad with the sole purpose of having sex
C) Money
D) Someone who acts tries to act entertaining and amuzingly relentlessly

Respond with only the letter of your answer (A, B, C, or D).",A,2026-06-12T01:15:07.834445+00:00
88,1,row_087,Ipad Kid,General,local_gptoss,A,,A,True,False,"In the following sentence, what does ""Ipad Kid"" mean?
They are just a bunch of Ipad kids.

Select only one answer.
A) used to mock spoiled kids
B) A dance move
C) A commonplace person
D) an expression of surprise

Respond with only the letter of your answer (A, B, C, or D).",A,2026-06-12T01:15:09.476292+00:00
89,1,row_088,Jebaited,General,local_gptoss,C,,C,True,False,"In the following sentence, what does ""Jebaited"" mean?
Get jebaited!

Select only one answer.
A) A term used by incels to refer to women in a way that dehumanizes them.
B) I just burst out laughing
C) To manipulated, trick, or fool someone
D) A significant problem

Respond with only the letter of your answer (A, B, C, or D).",C,2026-06-12T01:15:10.749149+00:00
90,1,row_089,jestermaxxing,Identity,local_gptoss,D,,D,True,False,"In the following sentence, what does ""jestermaxxing"" mean?
Tommy's jestermaxxing in class just to annoy the teacher.

Select only one answer.
A) To shoot ones shot.
B) A descriptor for an attractive person
C) To manipulated, trick, or fool someone
D) Someone who acts tries to act entertaining and amuzingly relentlessly

Respond with only the letter of your answer (A, B, C, or D).",D,2026-06-12T01:15:13.579410+00:00
91,1,row_090,Jit,Insult,local_gptoss,A,,A,True,False,"In the following sentence, what does ""Jit"" mean?
Who is this jit?

Select only one answer.
A) Someone younger
B) To express disappointment dramatically
C) A kilo of cocaine
D) Used to refer to the social media platforms one uses

Respond with only the letter of your answer (A, B, C, or D).",A,2026-06-12T01:15:17.205400+00:00
92,1,row_091,K.Y. cowboy,Insult,local_gptoss,B,,D,False,False,"In the following sentence, what does ""K.Y. cowboy"" mean?
Stop being such a K.Y. cowboy.

Select only one answer.
A) To make lifestyle changes to make your life more holistic
B) A homosexual cowboy
C) To knock someone out
D) something intense, aggressive, and unfiltered

Respond with only the letter of your answer (A, B, C, or D).",D,2026-06-12T01:15:23.318619+00:00
93,1,row_092,keep it 100,General,local_gptoss,D,,D,True,False,"In the following sentence, what does ""keep it 100"" mean?
Keep it 100, dod you see her last night?

Select only one answer.
A) Fuckboy, someone just looking for sex
B) a live-action role-playing game in which a group of people enacts a fictional scenario (such as a fantasy adventure) in real time typically under the guidance of a facilitator or organizer; also : the activity of participating in such games : larping
C) cocaine
D) To be honest about something

Respond with only the letter of your answer (A, B, C, or D).",D,2026-06-12T01:15:24.469551+00:00
94,1,row_093,KHHV,Insult,local_gptoss,D,,D,True,False,"In the following sentence, what does ""KHHV"" mean?
Looks like a total KHHV.

Select only one answer.
A) An emotional meltdown
B) An affirmative agreement
C) Someone who sitts around commenting about others
D) An incel term meaning kissless, hugless, handholdless virgin

Respond with only the letter of your answer (A, B, C, or D).",D,2026-06-12T01:15:27.744471+00:00
95,1,row_094,knot off,Drugs,local_gptoss,B,,B,True,False,"In the following sentence, what does ""knot off"" mean?
Get ready to knot off, I have the H.

Select only one answer.
A) To metaphorically die of laughter
B) To tie up an arm to isolate a vein for injecting a drug
C) Acting crazily
D) A reference for ass

Respond with only the letter of your answer (A, B, C, or D).",B,2026-06-12T01:15:33.733319+00:00
96,1,row_095,kweff,Violence,local_gptoss,C,,C,True,False,"In the following sentence, what does ""kweff"" mean?
Lock, aim, and kweff.

Select only one answer.
A) A term for bringing someone over to watch some netflix and then have sex.
B) Something that is adorably and chunky
C) To stab or shoot
D) Someone who acts tries to act entertaining and amuzingly relentlessly

Respond with only the letter of your answer (A, B, C, or D).",C,2026-06-12T01:15:35.043323+00:00
97,1,row_096,L,General,local_gptoss,A,C,A,True,False,"In the following sentence, what does ""L"" mean?
We took the L at the basketball match.

Select only one answer.
A) A loss or failure
B) Weak or effeminate
C) the 12th letter of the English alphabet
D) You're on Your own

Respond with only the letter of your answer (A, B, C, or D).",A,2026-06-12T01:15:35.807066+00:00
98,1,row_097,lacag,General,local_gptoss,D,,D,True,False,"In the following sentence, what does ""lacag"" mean?
I'll be out making lacag.

Select only one answer.
A) to recoil in distaste
B) Main Character - Someone that acts as if they are the star of a story
C) The abandonment of responsibilities
D) Money

Respond with only the letter of your answer (A, B, C, or D).",D,2026-06-12T01:15:36.558772+00:00
99,1,row_098,larp,General,local_gptoss,B,,B,True,False,"In the following sentence, what does ""larp"" mean?
I went to a LARP at the park this weekend.

Select only one answer.
A) Someone that is too much of a fan of something
B) a live-action role-playing game in which a group of people enacts a fictional scenario (such as a fantasy adventure) in real time typically under the guidance of a facilitator or organizer; also : the activity of participating in such games : larping
C) Nonsensical term
D) An older person who is out of touch

Respond with only the letter of your answer (A, B, C, or D).",B,2026-06-12T01:15:37.269406+00:00
100,1,row_099,lewk,General,local_gptoss,A,,A,True,False,"In the following sentence, what does ""lewk"" mean?
Jim is using his signature lewk tonight.

Select only one answer.
A) A distinct trait, style, or outfit, often used in drag culture
B) Cancer
C) An insulting term to refer to someone as stupid
D) A charismatic, sexy, and quick witted man

Respond with only the letter of your answer (A, B, C, or D).",A,2026-06-12T01:15:42.741917+00:00
101,1,row_100,lidge,General,local_gptoss,D,,D,True,False,"In the following sentence, what does ""lidge"" mean?
I'm gettin money lidge.

Select only one answer.
A) Someone who prepares for doomsday scenarios
B) To stab or shoot
C) Something that is adorably and chunky
D) A criminal that turned their life arpound and are legitimate

Respond with only the letter of your answer (A, B, C, or D).",D,2026-06-12T01:15:50.608787+00:00
102,1,row_101,lifemaxxing,Identity,local_gptoss,D,,D,True,False,"In the following sentence, what does ""lifemaxxing"" mean?
Shes's reallly been trying to lifemax these past few months.

Select only one answer.
A) Someone acting aggressively and out of control
B) bullets
C) To be skeptical about something
D) To make lifestyle changes to make your life more holistic

Respond with only the letter of your answer (A, B, C, or D).",D,2026-06-12T01:15:51.793546+00:00
103,1,row_102,looksmaxxing,Identity,local_gptoss,B,,B,True,False,"In the following sentence, what does ""looksmaxxing"" mean?
The looksmaxxing community

Select only one answer.
A) A criminal that turned their life arpound and are legitimate
B) To focus on making one as physically attractive as possible
C) crazy or erratic
D) to recoil in distaste

Respond with only the letter of your answer (A, B, C, or D).",B,2026-06-12T01:15:52.656213+00:00
104,1,row_103,lotion,General,local_gptoss,A,C,C,False,True,"In the following sentence, what does ""lotion"" mean?
Lemme go lotion her up for you.

Select only one answer.
A) sweet talk
B) A term used to say that someone is online too much and needs to get back to real life
C) a liquid preparation for cosmetic or external medicinal use
D) Another term that stands for that hoe over there

Respond with only the letter of your answer (A, B, C, or D).",C,2026-06-12T01:15:56.907844+00:00
105,1,row_104,Low Key,General,local_gptoss,A,C,A,True,False,"In the following sentence, what does ""Low Key"" mean?
Low key, I want some ice cream.

Select only one answer.
A) Saying something secretive or to keep low profile
B) the playful act of taking a friend's food
C) having or producing dark tones only with little contrast
D) A rule used by some for dating that refers to someone who is six feet tall, has a 6 figure income, and has six-pack abs

Respond with only the letter of your answer (A, B, C, or D).",A,2026-06-12T01:15:58.245591+00:00
106,1,row_105,main character,General,local_gptoss,C,,C,True,False,"In the following sentence, what does ""main character"" mean?
You give off main character energy.

Select only one answer.
A) An attractive older man
B) Someone younger
C) Main Character - Someone that acts as if they are the star of a story
D) Nonsensical term

Respond with only the letter of your answer (A, B, C, or D).",C,2026-06-12T01:15:59.972218+00:00
107,1,row_106,manny,Insult,local_gptoss,D,,D,True,False,"In the following sentence, what does ""manny"" mean?
Look at the guy, he's just a manny.

Select only one answer.
A) An expression of disappointment
B) Done or ruined
C) Fashionable or stylish
D) A man that takes care of children

Respond with only the letter of your answer (A, B, C, or D).",D,2026-06-12T01:16:12.373798+00:00
108,1,row_107,mascara,Sexual,local_gptoss,C,A,A,False,True,"In the following sentence, what does ""mascara"" mean?
I lost my mascara for 5 years, but then I found it again, and I love it even more now.

Select only one answer.
A) a cosmetic especially for making the eyelashes darker and more prominent
B) Someone who is very stubborn
C) A term to discuss sexual experiences
D) A term used to say that someone is online too much and needs to get back to real life

Respond with only the letter of your answer (A, B, C, or D).",A,2026-06-12T01:16:13.314078+00:00
109,1,row_108,Mewing,Identity,local_gptoss,A,D,A,True,False,"In the following sentence, what does ""Mewing"" mean?
You've gotta start mewing to increase your status in society.

Select only one answer.
A) To make a jawline more defined
B) A person who is very good at spotting a lie
C) Someone unappealing
D) to utter a mew or similar sound

Respond with only the letter of your answer (A, B, C, or D).",A,2026-06-12T01:16:16.684273+00:00
110,1,row_109,Mid,General,local_gptoss,B,,B,True,False,"In the following sentence, what does ""Mid"" mean?
That was a mid burger.

Select only one answer.
A) To knock someone out
B) Mediocre
C) An incel term meaning kissless, hugless, handholdless virgin
D) A rule used by some for dating that refers to someone who is six feet tall, has a 6 figure income, and has six-pack abs

Respond with only the letter of your answer (A, B, C, or D).",B,2026-06-12T01:16:17.483547+00:00
111,1,row_110,minghiun,Insult,local_gptoss,C,,C,True,False,"In the following sentence, what does ""minghiun"" mean?
Stop being a minghiun.

Select only one answer.
A) I just burst out laughing
B) Someone who is trying to get sexual attention overtly
C) A fool or a prick
D) Someone that travels abroad with the sole purpose of having sex

Respond with only the letter of your answer (A, B, C, or D).",C,2026-06-12T01:16:28.899457+00:00
112,1,row_111,nang,Drugs,local_gptoss,B,,B,True,False,"In the following sentence, what does ""nang"" mean?
Dude, grab the nang, I wanna feel free.

Select only one answer.
A) crazy or erratic
B) A canister of nitrous oxide
C) Get to the point
D) A distinct trait, style, or outfit, often used in drag culture

Respond with only the letter of your answer (A, B, C, or D).",B,2026-06-12T01:16:31.848434+00:00
113,1,row_112,Negative Aura,Insult,local_gptoss,A,,A,True,False,"In the following sentence, what does ""Negative Aura"" mean?
She's giving off negative aura.

Select only one answer.
A) a bad charisma
B) Describes activities or situations that are sexually aggressive
C) To be skeptical about something
D) A person who is very good at spotting a lie

Respond with only the letter of your answer (A, B, C, or D).",A,2026-06-12T01:16:33.135813+00:00
114,1,row_113,Netflix and Chill,Sexual,local_gptoss,A,,A,True,False,"In the following sentence, what does ""Netflix and Chill"" mean?
Wanna come back to my place and Netflix and Chill?

Select only one answer.
A) A term for bringing someone over to watch some netflix and then have sex.
B) Throwing something
C) A fashionable look
D) A loss or failure

Respond with only the letter of your answer (A, B, C, or D).",A,2026-06-12T01:16:34.005978+00:00
115,1,row_114,next-level,General,local_gptoss,A,,A,True,False,"In the following sentence, what does ""next-level"" mean?
That movie was next level!

Select only one answer.
A) Something that is better then everything else
B) Something that is messed up or not right.
C) crazy or erratic
D) Ending the discussion on a topic

Respond with only the letter of your answer (A, B, C, or D).",A,2026-06-12T01:16:35.525442+00:00
116,1,row_115,NPC,Insult,local_gptoss,D,C,D,True,False,"In the following sentence, what does ""NPC"" mean?
Stop being such an NPC.

Select only one answer.
A) Used to address friends with exasperation, releif, or disbeleif.
B) Nonsensical term
C) a character in a video game that does not represent and cannot be manipulated by a player —called also non-player character
D) Used to mock someone who doesnt think for themselves, says things repeatedly, or has no opinions

Respond with only the letter of your answer (A, B, C, or D).",D,2026-06-12T01:16:37.471899+00:00
117,1,row_116,Omega,Identity,local_gptoss,C,D,C,True,False,"In the following sentence, what does ""Omega"" mean?
Those were some real omega moves right there.

Select only one answer.
A) An incel term meaning kissless, hugless, handholdless virgin
B) Saying something secretive or to keep low profile
C) A submissive male that is often outside of traditional social hierarchies
D) the 24th and last letter of the Greek alphabet

Respond with only the letter of your answer (A, B, C, or D).",C,2026-06-12T01:16:38.568123+00:00
118,1,row_117,on the regs,General,local_gptoss,C,,C,True,False,"In the following sentence, what does ""on the regs"" mean?
I stop by the coffee shop on the regs.

Select only one answer.
A) Someone who acts tries to act entertaining and amuzingly relentlessly
B) Fuckboy, someone just looking for sex
C) Something done regularly
D) Someone unappealing

Respond with only the letter of your answer (A, B, C, or D).",C,2026-06-12T01:16:50.570196+00:00
119,1,row_118,oof,General,local_gptoss,D,,D,True,False,"In the following sentence, what does ""oof"" mean?
Oof, that was rough.

Select only one answer.
A) A cigarette
B) Someone unappealing
C) A term of endearment for a significant other
D) A reaction to something uncomfortable

Respond with only the letter of your answer (A, B, C, or D).",D,2026-06-12T01:16:51.724557+00:00
120,1,row_119,ooga-booga,Sexual,local_gptoss,C,,A,False,False,"In the following sentence, what does ""ooga-booga"" mean?
Me want ooga-booga!

Select only one answer.
A) The anus
B) To keep secretive or obscure
C) The vagina
D) Something that is adorably and chunky

Respond with only the letter of your answer (A, B, C, or D).",A,2026-06-12T01:16:59.268606+00:00
121,1,row_120,Orange Crush,Drugs,local_gptoss,B,,B,True,False,"In the following sentence, what does ""Orange Crush"" mean?
ets grab some of that orange crush tonight!

Select only one answer.
A) A dance move
B) A type of marijuana
C) A reference for ass
D) A term used by incels to refer to women in a way that dehumanizes them.

Respond with only the letter of your answer (A, B, C, or D).",B,2026-06-12T01:17:06.773025+00:00
122,1,row_121,OTP,General,local_gptoss,D,,D,True,False,"In the following sentence, what does ""OTP"" mean?
Him and her are the OTP.

Select only one answer.
A) Short for Bitch
B) To shoot ones shot.
C) A term to discuss sexual experiences
D) One True Pairing

Respond with only the letter of your answer (A, B, C, or D).",D,2026-06-12T01:17:08.006009+00:00
123,1,row_122,packers,Insult,local_gptoss,D,A,A,False,True,"In the following sentence, what does ""packers"" mean?
Thats just a group of packers over there, don't waste your time.

Select only one answer.
A) one that packs
B) Something untrue or unbeleivable
C) An insult saying that the problem is due to lack of skill rather then luck
D) fake soft penises and testicles designed to give a 'male' bulge to the crotches of female-to-male transsexuals.

Respond with only the letter of your answer (A, B, C, or D).",A,2026-06-12T01:17:11.401142+00:00
124,1,row_123,passa passa,General,local_gptoss,A,,D,False,False,"In the following sentence, what does ""passa passa"" mean?
I don't want any passa passa now.

Select only one answer.
A) A loud and messy conflict
B) A commonplace person
C) A descriptor for an attractive person
D) Fuckboy, someone just looking for sex

Respond with only the letter of your answer (A, B, C, or D).",D,2026-06-12T01:17:16.117805+00:00
125,1,row_124,passport bro,Sexual,local_gptoss,B,,B,True,False,"In the following sentence, what does ""passport bro"" mean?
A bunch of passport bro's just checked into the hotel.

Select only one answer.
A) To focus on making one as physically attractive as possible
B) Someone that travels abroad with the sole purpose of having sex
C) To tie up an arm to isolate a vein for injecting a drug
D) Go in 100% on something

Respond with only the letter of your answer (A, B, C, or D).",B,2026-06-12T01:17:18.023601+00:00
126,1,row_125,Period,General,local_gptoss,D,A,D,True,False,"In the following sentence, what does ""Period"" mean?
She is the best, period.

Select only one answer.
A) the completion of a cycle, a series of events, or a single action : conclusion
B) A man that takes care of children
C) crazy or erratic
D) Ending the discussion on a topic

Respond with only the letter of your answer (A, B, C, or D).",D,2026-06-12T01:17:19.141108+00:00
127,1,row_126,plegic,Drugs,local_gptoss,C,,C,True,False,"In the following sentence, what does ""plegic"" mean?
That guy stumbled out very plegic.

Select only one answer.
A) Fashionable or stylish
B) To do something impressive
C) drunk
D) Somehting uncool or unfashionable

Respond with only the letter of your answer (A, B, C, or D).",C,2026-06-12T01:17:25.545812+00:00
128,1,row_127,poggers,General,local_gptoss,C,,C,True,False,"In the following sentence, what does ""poggers"" mean?
Thats a poggers painting.

Select only one answer.
A) Money
B) An attractive older man
C) To express excitement or approval for something
D) A loss or failure

Respond with only the letter of your answer (A, B, C, or D).",C,2026-06-12T01:17:27.131606+00:00
129,1,row_128,Pookie,Sexual,local_gptoss,D,,D,True,False,"In the following sentence, what does ""Pookie"" mean?
My pookie loves a smash burger.

Select only one answer.
A) Cool
B) A term to discuss sexual experiences
C) A rule used by some for dating that refers to someone who is six feet tall, has a 6 figure income, and has six-pack abs
D) A term of endearment for a significant other

Respond with only the letter of your answer (A, B, C, or D).",D,2026-06-12T01:17:28.669420+00:00
130,1,row_129,Pop off,General,local_gptoss,A,D,A,True,False,"In the following sentence, what does ""Pop off"" mean?
I'm about to pop off!

Select only one answer.
A) To do something impressive
B) An insult saying that the problem is due to lack of skill rather then luck
C) A person who is very good at spotting a lie
D) to die unexpectedly

Respond with only the letter of your answer (A, B, C, or D).",A,2026-06-12T01:17:31.344220+00:00
131,1,row_130,Posh and Becks,Sexual,local_gptoss,C,,C,True,False,"In the following sentence, what does ""Posh and Becks"" mean?
Lets go back to my place and have the posh and becks.

Select only one answer.
A) A term used by incels to refer to women in a way that dehumanizes them.
B) When something hidden gets called out
C) sex
D) Main Character - Someone that acts as if they are the star of a story

Respond with only the letter of your answer (A, B, C, or D).",C,2026-06-12T01:17:35.644488+00:00
132,1,row_131,prepper,Insult,local_gptoss,B,,B,True,False,"In the following sentence, what does ""prepper"" mean?
We have a prepper down the block. They are kindof crazy, but its nice to know where to go.

Select only one answer.
A) Throwing something
B) Someone who prepares for doomsday scenarios
C) One True Pairing
D) An emotional meltdown

Respond with only the letter of your answer (A, B, C, or D).",B,2026-06-12T01:17:37.460858+00:00
133,1,row_132,Prison pocket,General,local_gptoss,B,,B,True,False,"In the following sentence, what does ""Prison pocket"" mean?
Hold it in your prison pocket.

Select only one answer.
A) A knife
B) The anus
C) A person who is very good at spotting a lie
D) A rule used by some for dating that refers to someone who is six feet tall, has a 6 figure income, and has six-pack abs

Respond with only the letter of your answer (A, B, C, or D).",B,2026-06-12T01:17:44.156722+00:00
134,1,row_133,Put the fries in the bag,General,local_gptoss,C,,C,True,False,"In the following sentence, what does ""Put the fries in the bag"" mean?
You're taking too long. Put the fires in the bag.

Select only one answer.
A) An attractive older man
B) Someone that is too much of a fan of something
C) Get to the point
D) Men that lack masculine characteristics

Respond with only the letter of your answer (A, B, C, or D).",C,2026-06-12T01:17:48.823891+00:00
135,1,row_134,Quirky,Insult,local_gptoss,B,A,A,False,True,"In the following sentence, what does ""Quirky"" mean?
I'm so quirky!

Select only one answer.
A) having many quirks : unusual in especially an interesting or appealing way
B) Ironically used to describe one as unique
C) An unattractive girl
D) Something that is reallly good.

Respond with only the letter of your answer (A, B, C, or D).",A,2026-06-12T01:17:50.701731+00:00
136,1,row_135,rago,Insult,local_gptoss,B,,B,True,False,"In the following sentence, what does ""rago"" mean?
It was just how rago he was.

Select only one answer.
A) someone that looks ordinary but is actually very strong
B) Someone acting aggressively and out of control
C) To prepare for a fight
D) Money

Respond with only the letter of your answer (A, B, C, or D).",B,2026-06-12T01:17:57.131878+00:00
137,1,row_136,rapey,Sexual,local_gptoss,A,,A,True,False,"In the following sentence, what does ""rapey"" mean?
That guy at the bar was feeling pretty rapey.

Select only one answer.
A) Describes activities or situations that are sexually aggressive
B) To make a jawline more defined
C) Gross buildup between the toes
D) A dance move

Respond with only the letter of your answer (A, B, C, or D).",A,2026-06-12T01:17:58.695725+00:00
138,1,row_137,Ratio,General,local_gptoss,C,B,B,False,True,"In the following sentence, what does ""Ratio"" mean?
Ratio if you like pizza.

Select only one answer.
A) Something that is messed up or not right.
B) the indicated quotient of two mathematical expressions
C) when a reply gets more than the original post
D) An incel term meaning kissless, hugless, handholdless virgin

Respond with only the letter of your answer (A, B, C, or D).",B,2026-06-12T01:18:05.259515+00:00
139,1,row_138,raw,General,local_gptoss,C,A,C,True,False,"In the following sentence, what does ""raw"" mean?
He's been hitting the vape raw lately.

Select only one answer.
A) not cooked
B) A descriptor for an attractive person
C) something intense, aggressive, and unfiltered
D) Another term that stands for that hoe over there

Respond with only the letter of your answer (A, B, C, or D).",C,2026-06-12T01:18:06.587804+00:00
140,1,row_139,RIP (me),General,local_gptoss,B,,B,True,False,"In the following sentence, what does ""RIP (me)"" mean?
I think I just failed that test. RIP me.

Select only one answer.
A) Someone who sitts around commenting about others
B) To express disappointment dramatically
C) An unattractive girl
D) Someone that travels abroad with the sole purpose of having sex

Respond with only the letter of your answer (A, B, C, or D).",B,2026-06-12T01:18:08.177545+00:00
141,1,row_140,Rizz,General,local_gptoss,C,,C,True,False,"In the following sentence, what does ""Rizz"" mean?
The rizz you have today is stunning!

Select only one answer.
A) Done or ruined
B) To do somethign very well
C) Charisma
D) Down to fuck

Respond with only the letter of your answer (A, B, C, or D).",C,2026-06-12T01:18:09.310207+00:00
142,1,row_141,Salty,Insult,local_gptoss,D,A,D,True,False,"In the following sentence, what does ""Salty"" mean?
She's just salty that you have a boyfriend and she doesn't.

Select only one answer.
A) of, seasoned with, or containing salt
B) To mastrubate for extremeely long period regularly
C) A commonplace person
D) Irritated, bitter, or resentful

Respond with only the letter of your answer (A, B, C, or D).",D,2026-06-12T01:18:10.060316+00:00
143,1,row_142,savage,General,local_gptoss,A,C,A,True,False,"In the following sentence, what does ""savage"" mean?
That was a savage comeback you gave.

Select only one answer.
A) To be fierce and unapologetic withing a social situation
B) Ironically used to describe one as unique
C) not domesticated or under human control : untamed
D) a live-action role-playing game in which a group of people enacts a fictional scenario (such as a fantasy adventure) in real time typically under the guidance of a facilitator or organizer; also : the activity of participating in such games : larping

Respond with only the letter of your answer (A, B, C, or D).",A,2026-06-12T01:18:12.551904+00:00
144,1,row_143,Schizo,Insult,local_gptoss,D,,D,True,False,"In the following sentence, what does ""Schizo"" mean?
Brians a total schitzo.

Select only one answer.
A) To shoot ones shot.
B) Fuckboy, someone just looking for sex
C) A loud and messy conflict
D) crazy or erratic

Respond with only the letter of your answer (A, B, C, or D).",D,2026-06-12T01:18:14.606071+00:00
145,1,row_144,scuffed,Insult,local_gptoss,B,A,B,True,False,"In the following sentence, what does ""scuffed"" mean?
The was a scuffed performance last night.

Select only one answer.
A) to walk without lifting the feet : shuffle
B) Something that is messed up or not right.
C) Someone who is trying to get sexual attention overtly
D) A charismatic, sexy, and quick witted man

Respond with only the letter of your answer (A, B, C, or D).",B,2026-06-12T01:18:15.261434+00:00
146,1,row_145,Shabba,General,local_gptoss,A,,B,False,False,"In the following sentence, what does ""Shabba"" mean?
Shabba on point!

Select only one answer.
A) Fashionable or stylish
B) A stereotypical alpha male that is strong, handsome, and attracts women.
C) To metaphorically die of laughter
D) the playful act of taking a friend's food

Respond with only the letter of your answer (A, B, C, or D).",B,2026-06-12T01:18:19.642019+00:00
147,1,row_146,Sheesh,General,local_gptoss,D,,D,True,False,"In the following sentence, what does ""Sheesh"" mean?
Sheesh! Thats crazy!

Select only one answer.
A) Acting crazily
B) Something that appears mundane but has hidden potential
C) The positive or relaxing energy of a place
D) To express disbelief

Respond with only the letter of your answer (A, B, C, or D).",D,2026-06-12T01:18:21.022106+00:00
148,1,row_147,Side eye,General,local_gptoss,A,,A,True,False,"In the following sentence, what does ""Side eye"" mean?
Why are you giving him the side eye?

Select only one answer.
A) To be skeptical about something
B) A near superhuman perfect male
C) A term for friends
D) Someone that is too left leaning politically

Respond with only the letter of your answer (A, B, C, or D).",A,2026-06-12T01:18:21.906945+00:00
149,1,row_148,Sigma,Identity,local_gptoss,B,D,B,True,False,"In the following sentence, what does ""Sigma"" mean?
You are giving off sigma energy right now.

Select only one answer.
A) A sudden feeling of disguest or repultion towards someone.
B) An independent, strong person
C) The anus
D) the 18th letter of the Greek alphabet

Respond with only the letter of your answer (A, B, C, or D).",B,2026-06-12T01:18:27.441424+00:00
150,1,row_149,Simp,Insult,local_gptoss,A,C,A,True,False,"In the following sentence, what does ""Simp"" mean?
Stop being a simp over her!

Select only one answer.
A) Someone that tries really hard to impress their crush
B) A nicotine pouch held between the upper lip and gums
C) a foolish or stupid person : simpleton
D) A submissive male that is often outside of traditional social hierarchies

Respond with only the letter of your answer (A, B, C, or D).",A,2026-06-12T01:18:30.539772+00:00
151,1,row_150,Situationship,Sexual,local_gptoss,C,,C,True,False,"In the following sentence, what does ""Situationship"" mean?
Joe ended up in a situationship over the summer.

Select only one answer.
A) Something untrue or unbeleivable
B) The vagina
C) A sexual relationship developed from situations without clear future intentions
D) A kilo of cocaine

Respond with only the letter of your answer (A, B, C, or D).",C,2026-06-12T01:18:32.061322+00:00
152,1,row_151,Skeet,Sexual,local_gptoss,B,D,D,False,True,"In the following sentence, what does ""Skeet"" mean?
He skeeted all over the court!

Select only one answer.
A) Describes activities or situations that are sexually aggressive
B) To shoot ones shot.
C) Mercedes Benz G class
D) trapshooting in which clay pigeons are thrown in such a way as to simulate the angles of flight of birds

Respond with only the letter of your answer (A, B, C, or D).",D,2026-06-12T01:18:33.046887+00:00
153,1,row_152,Skibidi,General,local_gptoss,B,,B,True,False,"In the following sentence, what does ""Skibidi"" mean?
That's so skibidi.

Select only one answer.
A) Someone who refused to wear a mask in covid times.
B) Nonsensical term
C) A term for someone that enjoys watching their wife have sex with another man
D) A rule used by some for dating that refers to someone who is six feet tall, has a 6 figure income, and has six-pack abs

Respond with only the letter of your answer (A, B, C, or D).",B,2026-06-12T01:18:34.235344+00:00
154,1,row_153,Skill issue,Insult,local_gptoss,B,,B,True,False,"In the following sentence, what does ""Skill issue"" mean?
You won't win. Its a skill issue.

Select only one answer.
A) An all denim outfit
B) An insult saying that the problem is due to lack of skill rather then luck
C) Something suspicious
D) The greatest of all time

Respond with only the letter of your answer (A, B, C, or D).",B,2026-06-12T01:18:35.554040+00:00
155,1,row_154,Slaps,General,local_gptoss,C,B,C,True,False,"In the following sentence, what does ""Slaps"" mean?
This place slaps!

Select only one answer.
A) A term for bringing someone over to watch some netflix and then have sex.
B) to strike sharply with or as if with the open hand
C) Something that is reallly good.
D) A commonplace person

Respond with only the letter of your answer (A, B, C, or D).",C,2026-06-12T01:18:36.760704+00:00
156,1,row_155,Slay,General,local_gptoss,D,C,D,True,False,"In the following sentence, what does ""Slay"" mean?
Slay girl!

Select only one answer.
A) Down to fuck
B) A term for someone that enjoys watching their wife have sex with another man
C) to kill violently, wantonly, or in great numbers
D) To do somethign very well

Respond with only the letter of your answer (A, B, C, or D).",D,2026-06-12T01:18:37.885398+00:00
157,1,row_156,sledge,Identity,local_gptoss,B,C,B,True,False,"In the following sentence, what does ""sledge"" mean?
What? Are you havin trouble you sledge?

Select only one answer.
A) To prepare for a fight
B) An insult commonly used in sports
C) sledgehammer
D) Talking too much

Respond with only the letter of your answer (A, B, C, or D).",B,2026-06-12T01:18:40.663384+00:00
158,1,row_157,sleeper,General,local_gptoss,B,A,B,True,False,"In the following sentence, what does ""sleeper"" mean?
That car has got to be a sleeper.

Select only one answer.
A) one that sleeps
B) Something that appears mundane but has hidden potential
C) An unattractive girl
D) To show off

Respond with only the letter of your answer (A, B, C, or D).",B,2026-06-12T01:18:41.774358+00:00
159,1,row_158,sleeper build,General,local_gptoss,D,,D,True,False,"In the following sentence, what does ""sleeper build"" mean?
Bro's rocking the sleeper build.

Select only one answer.
A) To metaphorically die of laughter
B) sweet talk
C) Fashionable or stylish
D) someone that looks ordinary but is actually very strong

Respond with only the letter of your answer (A, B, C, or D).",D,2026-06-12T01:18:44.349614+00:00
160,1,row_159,Snack,Sexual,local_gptoss,B,C,B,True,False,"In the following sentence, what does ""Snack"" mean?
That lady over there is a snack.

Select only one answer.
A) An endeering term used towards ones significant other
B) A descriptor for an attractive person
C) a light meal : food eaten between regular meals; also : food suitable for snacking
D) Someone acting aggressively and out of control

Respond with only the letter of your answer (A, B, C, or D).",B,2026-06-12T01:18:46.025635+00:00
161,1,row_160,snaggle,Identity,local_gptoss,C,D,C,True,False,"In the following sentence, what does ""snaggle"" mean?
Susanne is such a snaggle.

Select only one answer.
A) When you are outnumbered in a fight and call black people for the win
B) A glock pistol
C) An unattractive girl
D) snag

Respond with only the letter of your answer (A, B, C, or D).",C,2026-06-12T01:18:51.788452+00:00
162,1,row_161,Snatched,General,local_gptoss,B,D,B,True,False,"In the following sentence, what does ""Snatched"" mean?
You're looking snatched today.

Select only one answer.
A) To refer to ones imaginary audience like an internet steamer
B) A fashionable look
C) Someone who acts tries to act entertaining and amuzingly relentlessly
D) to attempt to seize something suddenly

Respond with only the letter of your answer (A, B, C, or D).",B,2026-06-12T01:18:53.329524+00:00
163,1,row_162,socials,General,local_gptoss,D,B,D,True,False,"In the following sentence, what does ""socials"" mean?
Catch me on the socials!

Select only one answer.
A) A fashionable look
B) an informal social event or gathering frequently involving a special activity or area of interest
C) An unattractive girl
D) Used to refer to the social media platforms one uses

Respond with only the letter of your answer (A, B, C, or D).",D,2026-06-12T01:18:54.117360+00:00
164,1,row_163,socio,Insult,local_gptoss,D,,D,True,False,"In the following sentence, what does ""socio"" mean?
The boy is a socio.

Select only one answer.
A) Weak or effeminate
B) fake soft penises and testicles designed to give a 'male' bulge to the crotches of female-to-male transsexuals.
C) Crack cocaine
D) Sociopath

Respond with only the letter of your answer (A, B, C, or D).",D,2026-06-12T01:19:02.550108+00:00
165,1,row_164,Soy,Insult,local_gptoss,A,,A,True,False,"In the following sentence, what does ""Soy"" mean?
Stop being so soy.

Select only one answer.
A) Weak or effeminate
B) Someone acting aggressively and out of control
C) Down to fuck
D) A knife

Respond with only the letter of your answer (A, B, C, or D).",A,2026-06-12T01:19:04.508122+00:00
166,1,row_165,soyboy,Identity,local_gptoss,C,,C,True,False,"In the following sentence, what does ""soyboy"" mean?
Get that soyboy out of here!

Select only one answer.
A) Something ugly or unattractive
B) drunk
C) Men that lack masculine characteristics
D) A term used by incels to refer to women in a way that dehumanizes them.

Respond with only the letter of your answer (A, B, C, or D).",C,2026-06-12T01:19:05.785270+00:00
167,1,row_166,Spanish dancer,General,local_gptoss,C,,B,False,False,"In the following sentence, what does ""Spanish dancer"" mean?
I sounds like I caught the spanish dancer.

Select only one answer.
A) Money
B) Acting crazily
C) Cancer
D) To get arrested

Respond with only the letter of your answer (A, B, C, or D).",B,2026-06-12T01:19:22.038099+00:00
168,1,row_167,spark,Violence,local_gptoss,A,B,A,True,False,"In the following sentence, what does ""spark"" mean?
Don't make me spark you out!

Select only one answer.
A) To knock someone out
B) a small particle of a burning substance thrown out by a body in combustion or remaining when combustion is nearly completed
C) To check the mood of a situation
D) Irritated, bitter, or resentful

Respond with only the letter of your answer (A, B, C, or D).",A,2026-06-12T01:19:25.194786+00:00
169,1,row_168,Stuyvie,Drugs,local_gptoss,C,,C,True,False,"In the following sentence, what does ""Stuyvie"" mean?
Lets go outside and smoke a suyvie.

Select only one answer.
A) Someone weak or a follower
B) Down to fuck
C) A cigarette
D) An expression of disbelief

Respond with only the letter of your answer (A, B, C, or D).",C,2026-06-12T01:19:27.945882+00:00
170,1,row_169,suiter,General,local_gptoss,B,D,B,True,False,"In the following sentence, what does ""suiter"" mean?
Her suiter was admiring her from afar.

Select only one answer.
A) Someone who is very stubborn
B) a significant other
C) Something ugly or unattractive
D) a suitcase for holding a specified number of suits —usually used in combination

Respond with only the letter of your answer (A, B, C, or D).",B,2026-06-12T01:19:29.506413+00:00
171,1,row_170,Sus,General,local_gptoss,D,,D,True,False,"In the following sentence, what does ""Sus"" mean?
That man over there is real sus.

Select only one answer.
A) Something that appears mundane but has hidden potential
B) Cancer
C) To win
D) Something suspicious

Respond with only the letter of your answer (A, B, C, or D).",D,2026-06-12T01:19:30.566675+00:00
172,1,row_171,Tea,General,local_gptoss,D,B,D,True,False,"In the following sentence, what does ""Tea"" mean?
Come on, spill the tea!

Select only one answer.
A) A knife
B) a widely cultivated shrub (Camellia sinensis of the family Theaceae, the tea family) native to China, northern India, and southeastern Asia and having glossy green leaves and fragrant white flowers
C) An insulting term to refer to someone as stupid
D) Gossip

Respond with only the letter of your answer (A, B, C, or D).",D,2026-06-12T01:19:31.643624+00:00
173,1,row_172,theybie,General,local_gptoss,C,,C,True,False,"In the following sentence, what does ""theybie"" mean?
The a couple and their theybie just moved in next door.

Select only one answer.
A) A canister of nitrous oxide
B) Someone that travels abroad with the sole purpose of having sex
C) A term used to describe a baby raised in a gender neutral environment
D) The greatest of all time

Respond with only the letter of your answer (A, B, C, or D).",C,2026-06-12T01:19:39.863306+00:00
174,1,row_173,Thirsty,Sexual,local_gptoss,C,B,C,True,False,"In the following sentence, what does ""Thirsty"" mean?
She's lookin real thirsty today.

Select only one answer.
A) A sudden feeling of disguest or repultion towards someone.
B) feeling thirst
C) Someone who is trying to get sexual attention overtly
D) A term used to describe a baby raised in a gender neutral environment

Respond with only the letter of your answer (A, B, C, or D).",C,2026-06-12T01:19:40.965816+00:00
175,1,row_174,Thot,Sexual,local_gptoss,C,,C,True,False,"In the following sentence, what does ""Thot"" mean?
I'm gonna dress like a thot tonight.

Select only one answer.
A) used to mock spoiled kids
B) To manipulated, trick, or fool someone
C) Another term that stands for that hoe over there
D) Main Character - Someone that acts as if they are the star of a story

Respond with only the letter of your answer (A, B, C, or D).",C,2026-06-12T01:19:42.707070+00:00
176,1,row_175,Thrust,General,local_gptoss,A,C,C,False,True,"In the following sentence, what does ""Thrust"" mean?
Hit the thrust!

Select only one answer.
A) A dance move
B) Something that is reallly good.
C) to push or drive with force : shove
D) Someone unappealing

Respond with only the letter of your answer (A, B, C, or D).",C,2026-06-12T01:19:46.026555+00:00
177,1,row_176,toe-cheese,Insult,local_gptoss,D,,D,True,False,"In the following sentence, what does ""toe-cheese"" mean?
My whole house smells like toe cheese.

Select only one answer.
A) A sexual relationship developed from situations without clear future intentions
B) The anus
C) Cool
D) Gross buildup between the toes

Respond with only the letter of your answer (A, B, C, or D).",D,2026-06-12T01:19:47.887461+00:00
178,1,row_177,tomdick,Insult,local_gptoss,B,,B,True,False,"In the following sentence, what does ""tomdick"" mean?
That secratary was a tomdick.

Select only one answer.
A) Somehting uncool or unfashionable
B) A commonplace person
C) A near superhuman perfect male
D) Someone unappealing

Respond with only the letter of your answer (A, B, C, or D).",B,2026-06-12T01:19:54.099967+00:00
179,1,row_178,Touch Grass,General,local_gptoss,A,,A,True,False,"In the following sentence, what does ""Touch Grass"" mean?
Go out and touch some grass.

Select only one answer.
A) A term used to say that someone is online too much and needs to get back to real life
B) fake soft penises and testicles designed to give a 'male' bulge to the crotches of female-to-male transsexuals.
C) An attractive older man
D) I just burst out laughing

Respond with only the letter of your answer (A, B, C, or D).",A,2026-06-12T01:19:55.233696+00:00
180,1,row_179,troll,Identity,local_gptoss,A,D,A,True,False,"In the following sentence, what does ""troll"" mean?
That guy in valorant was a such a troll.

Select only one answer.
A) Someone who deliberatly acts in ways to annoy or anger a group of people online.
B) A loss or failure
C) An unattractive girl
D) a dwarf or giant in Scandinavian folklore inhabiting caves or hills

Respond with only the letter of your answer (A, B, C, or D).",A,2026-06-12T01:19:56.145457+00:00
181,1,row_180,Tweaking,General,local_gptoss,B,A,B,True,False,"In the following sentence, what does ""Tweaking"" mean?
Why are you tweaking out?

Select only one answer.
A) to make usually small adjustments in or to; especially : fine-tune
B) Acting crazily
C) Charisma
D) To express disappointment dramatically

Respond with only the letter of your answer (A, B, C, or D).",B,2026-06-12T01:19:57.308522+00:00
182,1,row_181,twoz,Drugs,local_gptoss,A,,C,False,False,"In the following sentence, what does ""twoz"" mean?
Hey, hand me the twoz joint.

Select only one answer.
A) A canabis based cigarette that needs two paper rolls
B) Poorly dressed
C) something intense, aggressive, and unfiltered
D) An insult saying that the problem is due to lack of skill rather then luck

Respond with only the letter of your answer (A, B, C, or D).",C,2026-06-12T01:20:00.872598+00:00
183,1,row_182,Unc,Insult,local_gptoss,B,,D,False,False,"In the following sentence, what does ""Unc"" mean?
I'll explain it to you unc.

Select only one answer.
A) An insult commonly used in sports
B) An older person who is out of touch
C) Someone who sitts around commenting about others
D) Nonsensical term

Respond with only the letter of your answer (A, B, C, or D).",D,2026-06-12T01:20:08.006974+00:00
184,1,row_183,Understood the assignment,General,local_gptoss,B,,B,True,False,"In the following sentence, what does ""Understood the assignment"" mean?
All done. Understood the assignment.

Select only one answer.
A) A reaction to something uncomfortable
B) To confim that something was completed to expectation
C) An attractive older man
D) To give sympathy or signify a failure

Respond with only the letter of your answer (A, B, C, or D).",B,2026-06-12T01:20:09.198430+00:00
185,1,row_184,upper decky,Drugs,local_gptoss,B,,B,True,False,"In the following sentence, what does ""upper decky"" mean?
Hey bro, can I bum an upper decky zynn?

Select only one answer.
A) A man that takes care of children
B) A nicotine pouch held between the upper lip and gums
C) A dance move
D) To be high or drunk

Respond with only the letter of your answer (A, B, C, or D).",B,2026-06-12T01:20:10.289192+00:00
186,1,row_185,Vibe,General,local_gptoss,D,,D,True,False,"In the following sentence, what does ""Vibe"" mean?
I'm just enjoyin the vibe out here.

Select only one answer.
A) To do somethign very well
B) intensely and openely say something true
C) Another term that stands for that hoe over there
D) The positive or relaxing energy of a place

Respond with only the letter of your answer (A, B, C, or D).",D,2026-06-12T01:20:11.580524+00:00
187,1,row_186,Vibe Check,General,local_gptoss,B,,B,True,False,"In the following sentence, what does ""Vibe Check"" mean?
Can I get a vibe check?

Select only one answer.
A) Someone weak or a follower
B) To check the mood of a situation
C) An unattractive girl
D) Someone that is boring

Respond with only the letter of your answer (A, B, C, or D).",B,2026-06-12T01:20:13.030097+00:00
188,1,row_187,wahala,General,local_gptoss,A,,A,True,False,"In the following sentence, what does ""wahala"" mean?
Please, no wahala.

Select only one answer.
A) A significant problem
B) Someone who acts tries to act entertaining and amuzingly relentlessly
C) Another term that stands for that hoe over there
D) Get to the point

Respond with only the letter of your answer (A, B, C, or D).",A,2026-06-12T01:20:16.745136+00:00
189,1,row_188,waved,Drugs,local_gptoss,A,D,A,True,False,"In the following sentence, what does ""waved"" mean?
Bro's over on the bench waved out of his mind.

Select only one answer.
A) To be high or drunk
B) Fuckboy, someone just looking for sex
C) A fashionable look
D) having a wavelike form or outline

Respond with only the letter of your answer (A, B, C, or D).",A,2026-06-12T01:20:20.714440+00:00
190,1,row_189,What the sigma,General,local_gptoss,D,,D,True,False,"In the following sentence, what does ""What the sigma"" mean?
What the sigma? I thought you left?

Select only one answer.
A) A provocative dance
B) Ironically used to describe one as unique
C) To express excitement or approval for something
D) An expression of disbelief

Respond with only the letter of your answer (A, B, C, or D).",D,2026-06-12T01:20:24.101995+00:00
191,1,row_190,whitney,Drugs,local_gptoss,B,,B,True,False,"In the following sentence, what does ""whitney"" mean?
Hey man, you got any whitney on you?

Select only one answer.
A) A hot dog
B) Crack cocaine
C) Something suspicious
D) Fashionable or stylish

Respond with only the letter of your answer (A, B, C, or D).",B,2026-06-12T01:20:25.189758+00:00
192,1,row_191,Woke,Insult,local_gptoss,D,,D,True,False,"In the following sentence, what does ""Woke"" mean?
Stop being so woke.

Select only one answer.
A) someone that looks ordinary but is actually very strong
B) Gossip
C) To shoot ones shot.
D) Someone that is too left leaning politically

Respond with only the letter of your answer (A, B, C, or D).",D,2026-06-12T01:20:26.177727+00:00
193,1,row_192,womp womp,General,local_gptoss,A,,A,True,False,"In the following sentence, what does ""womp womp"" mean?
I failed that math quiz. Womp womp.

Select only one answer.
A) An expression of disappointment
B) An incel term meaning kissless, hugless, handholdless virgin
C) Stylish or flashy outfit style
D) A loss or failure

Respond with only the letter of your answer (A, B, C, or D).",A,2026-06-12T01:20:28.302551+00:00
194,1,row_193,wraparound,General,local_gptoss,C,A,A,False,True,"In the following sentence, what does ""wraparound"" mean?
I had to pull a wraparound this morning since I left my wallet at the bar.

Select only one answer.
A) made to be wrapped around something and especially the body
B) Gross buildup between the toes
C) Someone who is the last person to leave a location and the first to come back in the morning
D) an expression of surprise

Respond with only the letter of your answer (A, B, C, or D).",A,2026-06-12T01:20:34.307203+00:00
195,1,row_194,Yapping,Insult,local_gptoss,C,B,C,True,False,"In the following sentence, what does ""Yapping"" mean?
Stop your yapping and get over here.

Select only one answer.
A) Crack cocaine
B) to talk in a shrill insistent way : chatter
C) Talking too much
D) a bad charisma

Respond with only the letter of your answer (A, B, C, or D).",C,2026-06-12T01:20:36.233863+00:00
196,1,row_195,Yeet,General,local_gptoss,A,,A,True,False,"In the following sentence, what does ""Yeet"" mean?
Think I can make this? Yeet!

Select only one answer.
A) Throwing something
B) A significant problem
C) To express disbelief
D) A significant other

Respond with only the letter of your answer (A, B, C, or D).",A,2026-06-12T01:20:39.209591+00:00
197,1,row_196,ying,Violence,local_gptoss,C,,C,True,False,"In the following sentence, what does ""ying"" mean?
I'll walk in swinging my ying.

Select only one answer.
A) To metaphorically die of laughter
B) Poorly dressed
C) A knife
D) Saying something secretive or to keep low profile

Respond with only the letter of your answer (A, B, C, or D).",C,2026-06-12T01:20:44.449922+00:00
198,1,row_197,yoyo,General,local_gptoss,D,A,D,True,False,"In the following sentence, what does ""yoyo"" mean?
We've helped you in the past, but yoyo this time.

Select only one answer.
A) a thick grooved double disk with a string attached to its center axle that is made to fall and rise to the hand by unwinding and rewinding on the string
B) A commonplace person
C) A term to discuss sexual experiences
D) You're on Your own

Respond with only the letter of your answer (A, B, C, or D).",D,2026-06-12T01:20:46.954902+00:00
199,1,row_198,Zaddy,Sexual,local_gptoss,A,,A,True,False,"In the following sentence, what does ""Zaddy"" mean?
I'm meeting up with my zaddy later tonight.

Select only one answer.
A) An attractive older man
B) To metaphorically die of laughter
C) A provocative dance
D) To keep secretive or obscure

Respond with only the letter of your answer (A, B, C, or D).",A,2026-06-12T01:20:48.220779+00:00
200,1,row_199,Zesty,Insult,local_gptoss,B,A,A,False,True,"In the following sentence, what does ""Zesty"" mean?
He's acting a bit zesty today.

Select only one answer.
A) having or characterized by zest : appealingly piquant or lively
B) A man that is feminine in nature
C) Acting crazily
D) To make a jawline more defined

Respond with only the letter of your answer (A, B, C, or D).",A,2026-06-12T01:20:49.284670+00:00
201,2,row_000,'done,Drugs,local_gptoss,B,,C,False,False,"In the following sentence, what does ""'done"" mean?
Do you have any of the 'done on you?

Select only one answer.
A) The greatest of all time
B) Methodone
C) A sexual relationship developed from situations without clear future intentions
D) To prepare for a fight

Respond with only the letter of your answer (A, B, C, or D).",C,2026-06-12T01:21:00.081059+00:00
202,2,row_001,6-6-6,Identity,local_gptoss,D,,D,True,False,"In the following sentence, what does ""6-6-6"" mean?
I only date a man who is a 6-6-6.

Select only one answer.
A) Someone that travels abroad with the sole purpose of having sex
B) A type of marijuana
C) I just burst out laughing
D) A rule used by some for dating that refers to someone who is six feet tall, has a 6 figure income, and has six-pack abs

Respond with only the letter of your answer (A, B, C, or D).",D,2026-06-12T01:21:04.879119+00:00
203,2,row_002,AF,General,local_gptoss,B,,B,True,False,"In the following sentence, what does ""AF"" mean?
Thats cool AF!

Select only one answer.
A) Someone who refused to wear a mask in covid times.
B) As Fuck
C) To make lifestyle changes to make your life more holistic
D) An all denim outfit

Respond with only the letter of your answer (A, B, C, or D).",B,2026-06-12T01:21:06.079768+00:00
204,2,row_003,aggy,Violence,local_gptoss,B,,B,True,False,"In the following sentence, what does ""aggy"" mean?
Why you so aggy?

Select only one answer.
A) A significant problem
B) to aggrivate
C) Someone who sitts around commenting about others
D) A man that takes care of children

Respond with only the letter of your answer (A, B, C, or D).",B,2026-06-12T01:21:08.083589+00:00
205,2,row_004,Alpha,Identity,local_gptoss,D,A,D,True,False,"In the following sentence, what does ""Alpha"" mean?
What an alpha chad.

Select only one answer.
A) the 1st letter of the Greek alphabet
B) Something that is reallly good.
C) The anus
D) A strong, leader who commands those around them

Respond with only the letter of your answer (A, B, C, or D).",D,2026-06-12T01:21:09.722039+00:00
206,2,row_005,ant,Sexual,local_gptoss,D,A,A,False,True,"In the following sentence, what does ""ant"" mean?
I came across a real ant at the club earlier.

Select only one answer.
A) any of a family (Formicidae) of colonial hymenopterous insects with a complex social organization and various castes performing special duties
B) Done or ruined
C) A dance move
D) A charismatic, sexy, and quick witted man

Respond with only the letter of your answer (A, B, C, or D).",A,2026-06-12T01:21:14.303628+00:00
207,2,row_006,archer,Identity,local_gptoss,C,A,A,False,True,"In the following sentence, what does ""archer"" mean?
Jim was an archer with her lies.

Select only one answer.
A) a person who uses a bow and arrow
B) Fuckboy, someone just looking for sex
C) A person who is very good at spotting a lie
D) Someone unappealing

Respond with only the letter of your answer (A, B, C, or D).",A,2026-06-12T01:21:22.018812+00:00
208,2,row_007,ASL,Sexual,local_gptoss,B,,B,True,False,"In the following sentence, what does ""ASL"" mean?
What's your ASL?

Select only one answer.
A) Someone who is very stubborn
B) Age Sex Location
C) To confim that something was completed to expectation
D) Somehting that is poor quality

Respond with only the letter of your answer (A, B, C, or D).",B,2026-06-12T01:21:23.579797+00:00
209,2,row_008,Aura Farming,Identity,local_gptoss,A,,A,True,False,"In the following sentence, what does ""Aura Farming"" mean?
That skateboard group is trying really hard to aura farm, but its not working.

Select only one answer.
A) Activities that involve cultivating ones Aura
B) To refer to ones imaginary audience like an internet steamer
C) Someone that tries really hard to impress their crush
D) To knock someone out

Respond with only the letter of your answer (A, B, C, or D).",A,2026-06-12T01:21:29.181466+00:00
210,2,row_009,babygirl,Sexual,local_gptoss,D,,D,True,False,"In the following sentence, what does ""babygirl"" mean?
Hey babygirl, whanna metup tonight?

Select only one answer.
A) Money
B) A mauser C96 pistol
C) when a reply gets more than the original post
D) An endeering term used towards ones significant other

Respond with only the letter of your answer (A, B, C, or D).",D,2026-06-12T01:21:30.771370+00:00
211,2,row_010,backoff,Sexual,local_gptoss,D,A,D,True,False,"In the following sentence, what does ""backoff"" mean?
That girl has a fat backoff!

Select only one answer.
A) back down
B) crazy or erratic
C) To check the mood of a situation
D) A large ass that stands out.

Respond with only the letter of your answer (A, B, C, or D).",D,2026-06-12T01:21:32.799696+00:00
212,2,row_011,Bae,Sexual,local_gptoss,A,,A,True,False,"In the following sentence, what does ""Bae"" mean?
She's my bae.

Select only one answer.
A) A significant other
B) A criminal that turned their life arpound and are legitimate
C) A term used to say that someone is online too much and needs to get back to real life
D) Short for happening

Respond with only the letter of your answer (A, B, C, or D).",A,2026-06-12T01:21:33.751367+00:00
213,2,row_012,bareface,Identity,local_gptoss,A,D,A,True,False,"In the following sentence, what does ""bareface"" mean?
I saw a group of barefaces at the store this morning, so I won't be going back.

Select only one answer.
A) Someone who refused to wear a mask in covid times.
B) Charisma
C) Someone who deliberatly acts in ways to annoy or anger a group of people online.
D) having a clear finish and no nap

Respond with only the letter of your answer (A, B, C, or D).",A,2026-06-12T01:21:34.921247+00:00
214,2,row_013,based,General,local_gptoss,C,B,B,False,True,"In the following sentence, what does ""based"" mean?
That show was based.

Select only one answer.
A) A reaction to something uncomfortable
B) having a specified type of base or basis —often used in combination
C) An unpopular opinion
D) When you are outnumbered in a fight and call black people for the win

Respond with only the letter of your answer (A, B, C, or D).",B,2026-06-12T01:21:37.501376+00:00
215,2,row_014,Basic,Identity,local_gptoss,C,D,C,True,False,"In the following sentence, what does ""Basic"" mean?
Shes so basic.

Select only one answer.
A) when a reply gets more than the original post
B) Mercedes Benz G class
C) Someone that is boring
D) of, relating to, or forming the base or essence : fundamental

Respond with only the letter of your answer (A, B, C, or D).",C,2026-06-12T01:21:38.716129+00:00
216,2,row_015,bb,Sexual,local_gptoss,D,B,D,True,False,"In the following sentence, what does ""bb"" mean?
Hey bb, lets grab some food.

Select only one answer.
A) Something that is messed up or not right.
B) a shot pellet 0.18 inch in diameter for use in a shotgun cartridge
C) A term to discuss sexual experiences
D) A term for baby that people will call their significant other.

Respond with only the letter of your answer (A, B, C, or D).",D,2026-06-12T01:21:40.687052+00:00
217,2,row_016,Bet,General,local_gptoss,C,B,C,True,False,"In the following sentence, what does ""Bet"" mean?
bet, lets go.

Select only one answer.
A) A significant other
B) something that is laid, staked, or pledged typically between two parties on the outcome of a contest or a contingent issue : wager —often used figuratively in such phrases as all bets are off to stress the uncertainty of an outcome
C) An affirmative agreement
D) The anus

Respond with only the letter of your answer (A, B, C, or D).",C,2026-06-12T01:21:44.126174+00:00
218,2,row_017,Beta,Identity,local_gptoss,C,D,C,True,False,"In the following sentence, what does ""Beta"" mean?
The beta's of the world aren't gonna like that.

Select only one answer.
A) Activities that involve cultivating ones Aura
B) Something untrue or unbeleivable
C) Someone weak or a follower
D) the 2nd letter of the Greek alphabet

Respond with only the letter of your answer (A, B, C, or D).",C,2026-06-12T01:21:48.407143+00:00
219,2,row_018,Bih,General,local_gptoss,C,,C,True,False,"In the following sentence, what does ""Bih"" mean?
Bih, what?

Select only one answer.
A) A loss or failure
B) Someone who is trying to get sexual attention overtly
C) Short for Bitch
D) Mediocre

Respond with only the letter of your answer (A, B, C, or D).",C,2026-06-12T01:21:52.749892+00:00
220,2,row_019,bine,Violence,local_gptoss,B,C,C,False,True,"In the following sentence, what does ""bine"" mean?
Load the nine with ine and selek it.

Select only one answer.
A) Fashionable or stylish
B) bullets
C) a twining stem or flexible shoot (as of the hop); also : a plant (such as woodbine) whose shoots are bines
D) Methodone

Respond with only the letter of your answer (A, B, C, or D).",C,2026-06-12T01:22:02.231139+00:00
221,2,row_020,blackup,Violence,local_gptoss,A,,B,False,False,"In the following sentence, what does ""blackup"" mean?
We are outnumbered. Call for black up.

Select only one answer.
A) When you are outnumbered in a fight and call black people for the win
B) To be high or drunk
C) to aggrivate
D) I just burst out laughing

Respond with only the letter of your answer (A, B, C, or D).",B,2026-06-12T01:22:13.710492+00:00
222,2,row_021,Brain Rot,General,local_gptoss,C,,C,True,False,"In the following sentence, what does ""Brain Rot"" mean?
Kids these days just sit around and watch brain rot.

Select only one answer.
A) A kilo of cocaine
B) Poorly dressed
C) The videos one find on social media that cause people to scroll and do nothign for hours
D) An insulting term to refer to someone as stupid

Respond with only the letter of your answer (A, B, C, or D).",C,2026-06-12T01:22:16.521980+00:00
223,2,row_022,brizzy,Drugs,local_gptoss,D,,D,True,False,"In the following sentence, what does ""brizzy"" mean?
Quickly, grab the brizzy.

Select only one answer.
A) Someone who acts tries to act entertaining and amuzingly relentlessly
B) Get to the point
C) Someone that is too much of a fan of something
D) A kilo of cocaine

Respond with only the letter of your answer (A, B, C, or D).",D,2026-06-12T01:22:21.704664+00:00
224,2,row_023,broomhandle,Violence,local_gptoss,B,,B,True,False,"In the following sentence, what does ""broomhandle"" mean?
Get your broomhandle, we gotta go.

Select only one answer.
A) Ending the discussion on a topic
B) A mauser C96 pistol
C) when a reply gets more than the original post
D) Down to fuck

Respond with only the letter of your answer (A, B, C, or D).",B,2026-06-12T01:22:24.224888+00:00
225,2,row_024,bruh!,General,local_gptoss,D,A,D,True,False,"In the following sentence, what does ""bruh!"" mean?
Bruh! What was that?

Select only one answer.
A) brother
B) To refer to ones imaginary audience like an internet steamer
C) Someone acting aggressively and out of control
D) Used to address friends with exasperation, releif, or disbeleif.

Respond with only the letter of your answer (A, B, C, or D).",D,2026-06-12T01:22:27.809306+00:00
226,2,row_025,Bruzz,General,local_gptoss,B,,B,True,False,"In the following sentence, what does ""Bruzz"" mean?
Whats up bruzz?

Select only one answer.
A) Go in 100% on something
B) A term for friends
C) Short for Bitch
D) A strong, leader who commands those around them

Respond with only the letter of your answer (A, B, C, or D).",B,2026-06-12T01:22:28.593145+00:00
227,2,row_026,Bussin',General,local_gptoss,B,,B,True,False,"In the following sentence, what does ""Bussin'"" mean?
This pizza is bussin, on god!

Select only one answer.
A) To show off
B) Very good
C) Something that is messed up or not right.
D) Men that lack masculine characteristics

Respond with only the letter of your answer (A, B, C, or D).",B,2026-06-12T01:22:29.374754+00:00
228,2,row_027,Cake,Sexual,local_gptoss,A,B,B,False,True,"In the following sentence, what does ""Cake"" mean?
Shes looking real caked up!

Select only one answer.
A) A reference for ass
B) a breadlike food made from a dough or batter that is usually fried or baked in small flat shapes and is often unleavened
C) To express disbelief
D) Weak or effeminate

Respond with only the letter of your answer (A, B, C, or D).",B,2026-06-12T01:22:43.299548+00:00
229,2,row_028,Cap,General,local_gptoss,C,B,C,True,False,"In the following sentence, what does ""Cap"" mean?
You're cappin. No way.

Select only one answer.
A) Fashionable or stylish
B) a head covering especially with a visor and no brim
C) Something untrue or unbeleivable
D) Something that is messed up or not right.

Respond with only the letter of your answer (A, B, C, or D).",C,2026-06-12T01:22:45.730336+00:00
230,2,row_029,Chad,Identity,local_gptoss,A,C,A,True,False,"In the following sentence, what does ""Chad"" mean?
That was a total chad move.

Select only one answer.
A) A stereotypical alpha male that is strong, handsome, and attracts women.
B) A sexual relationship developed from situations without clear future intentions
C) small pieces of paper or cardboard produced in punching paper tape or data cards; also : a piece of chad.
D) To metaphorically die of laughter

Respond with only the letter of your answer (A, B, C, or D).",A,2026-06-12T01:22:46.939082+00:00
231,2,row_030,Chaddam,Identity,local_gptoss,B,,B,True,False,"In the following sentence, what does ""Chaddam"" mean?
Did you see the chaddam at the restraunt earlier?

Select only one answer.
A) Saying something secretive or to keep low profile
B) An incel term for an attractive middle eastern man
C) A term used to describe a baby raised in a gender neutral environment
D) Mediocre

Respond with only the letter of your answer (A, B, C, or D).",B,2026-06-12T01:22:59.791154+00:00
232,2,row_031,Chang,Drugs,local_gptoss,A,,A,True,False,"In the following sentence, what does ""Chang"" mean?
Hey , you got a hookup for chang?

Select only one answer.
A) cocaine
B) A term for bringing someone over to watch some netflix and then have sex.
C) An insult commonly used in sports
D) To focus on making one as physically attractive as possible

Respond with only the letter of your answer (A, B, C, or D).",A,2026-06-12T01:23:06.552531+00:00
233,2,row_032,Chat,General,local_gptoss,D,A,D,True,False,"In the following sentence, what does ""Chat"" mean?
Chat, how does this look?

Select only one answer.
A) chatter, prattle
B) A term for bringing someone over to watch some netflix and then have sex.
C) Get to the point
D) To refer to ones imaginary audience like an internet steamer

Respond with only the letter of your answer (A, B, C, or D).",D,2026-06-12T01:23:12.269176+00:00
234,2,row_033,Cheeks,General,local_gptoss,B,D,C,False,False,"In the following sentence, what does ""Cheeks"" mean?
That movie was cheeks.

Select only one answer.
A) To be skeptical about something
B) Somehting that is poor quality
C) Something that is reallly good.
D) the fleshy side of the face below the eye and above and to the side of the mouth

Respond with only the letter of your answer (A, B, C, or D).",C,2026-06-12T01:23:14.676751+00:00
235,2,row_034,chenta,Insult,local_gptoss,A,,A,True,False,"In the following sentence, what does ""chenta"" mean?
You are looking really chenta.

Select only one answer.
A) Something ugly or unattractive
B) An expression of disappointment
C) An endeering term used towards ones significant other
D) A loud and messy conflict

Respond with only the letter of your answer (A, B, C, or D).",A,2026-06-12T01:23:19.973126+00:00
236,2,row_035,cheugy,Insult,local_gptoss,B,,B,True,False,"In the following sentence, what does ""cheugy"" mean?
That girl had such a cheugy outfit.

Select only one answer.
A) An attractive older man
B) Somehting uncool or unfashionable
C) As Fuck
D) Used to address friends with exasperation, releif, or disbeleif.

Respond with only the letter of your answer (A, B, C, or D).",B,2026-06-12T01:23:22.177984+00:00
237,2,row_036,chi-mo,Identity,local_gptoss,B,,B,True,False,"In the following sentence, what does ""chi-mo"" mean?
Go fuck that chi-mo up.

Select only one answer.
A) To give sympathy or signify a failure
B) A chlid molestor
C) Something done regularly
D) To metaphorically die of laughter

Respond with only the letter of your answer (A, B, C, or D).",B,2026-06-12T01:23:28.116396+00:00
238,2,row_037,Chungus,General,local_gptoss,D,,D,True,False,"In the following sentence, what does ""Chungus"" mean?
Thats a very chungus pizza.

Select only one answer.
A) A term used by incels to refer to women in a way that dehumanizes them.
B) Nonsensical term
C) An insult saying that the problem is due to lack of skill rather then luck
D) Something that is adorably and chunky

Respond with only the letter of your answer (A, B, C, or D).",D,2026-06-12T01:23:31.849040+00:00
239,2,row_038,Clocked,Violence,local_gptoss,C,D,D,False,True,"In the following sentence, what does ""Clocked"" mean?
He totally clocked that guy.

Select only one answer.
A) A man that takes care of children
B) Talking too much
C) When something hidden gets called out
D) to time with a stopwatch or by an electric timing device

Respond with only the letter of your answer (A, B, C, or D).",D,2026-06-12T01:23:37.910505+00:00
240,2,row_039,Cooked,General,local_gptoss,D,A,D,True,False,"In the following sentence, what does ""Cooked"" mean?
You're cooked

Select only one answer.
A) past tense and past participle of cook
B) Used to address friends with exasperation, releif, or disbeleif.
C) To do somethign very well
D) Done or ruined

Respond with only the letter of your answer (A, B, C, or D).",D,2026-06-12T01:23:39.115382+00:00
241,2,row_040,coota suit,Identity,local_gptoss,B,,D,False,False,"In the following sentence, what does ""coota suit"" mean?
Im gonna hit the town in my coota suit.

Select only one answer.
A) Fuckboy, someone just looking for sex
B) An all denim outfit
C) To refer to ones imaginary audience like an internet steamer
D) Main Character - Someone that acts as if they are the star of a story

Respond with only the letter of your answer (A, B, C, or D).",D,2026-06-12T01:23:42.811990+00:00
242,2,row_041,Crashout,General,local_gptoss,D,B,D,True,False,"In the following sentence, what does ""Crashout"" mean?
Jen had a total crashout after her breakup

Select only one answer.
A) To express disappointment dramatically
B) a vehicular crash
C) The greatest of all time
D) An emotional meltdown

Respond with only the letter of your answer (A, B, C, or D).",D,2026-06-12T01:23:43.827544+00:00
243,2,row_042,Cringe,General,local_gptoss,C,,C,True,False,"In the following sentence, what does ""Cringe"" mean?
Did you hear that pickup line? It was totally cringe!

Select only one answer.
A) something intense, aggressive, and unfiltered
B) Down to fuck
C) to recoil in distaste
D) Something suspicious

Respond with only the letter of your answer (A, B, C, or D).",C,2026-06-12T01:23:45.326589+00:00
244,2,row_043,crower,Insult,local_gptoss,D,,D,True,False,"In the following sentence, what does ""crower"" mean?
Stop sitting around and being a crower

Select only one answer.
A) To make a jawline more defined
B) fake soft penises and testicles designed to give a 'male' bulge to the crotches of female-to-male transsexuals.
C) An affirmative agreement
D) Someone who sitts around commenting about others

Respond with only the letter of your answer (A, B, C, or D).",D,2026-06-12T01:23:48.358074+00:00
245,2,row_044,cuck,Insult,local_gptoss,B,D,D,False,True,"In the following sentence, what does ""cuck"" mean?
That guy must be a cuck letting his wife talk to others like that.

Select only one answer.
A) an expression of surprise
B) A term for someone that enjoys watching their wife have sex with another man
C) Gossip
D) a man whose wife is unfaithful : cuckold

Respond with only the letter of your answer (A, B, C, or D).",D,2026-06-12T01:23:50.536040+00:00
246,2,row_045,d-low,General,local_gptoss,B,,B,True,False,"In the following sentence, what does ""d-low"" mean?
Keep it on the d-low, okay?

Select only one answer.
A) A charismatic, sexy, and quick witted man
B) To keep secretive or obscure
C) To win
D) A distinct trait, style, or outfit, often used in drag culture

Respond with only the letter of your answer (A, B, C, or D).",B,2026-06-12T01:23:52.328047+00:00
247,2,row_046,daggers,General,local_gptoss,A,B,A,True,False,"In the following sentence, what does ""daggers"" mean?
Lets hit the dance floor and do the start daggering.

Select only one answer.
A) A provocative dance
B) a sharp pointed knife for stabbing
C) A term for friends
D) To do somethign very well

Respond with only the letter of your answer (A, B, C, or D).",A,2026-06-12T01:23:57.495173+00:00
248,2,row_047,Ded,General,local_gptoss,A,,A,True,False,"In the following sentence, what does ""Ded"" mean?
I'm ded

Select only one answer.
A) To metaphorically die of laughter
B) Something done regularly
C) You're on Your own
D) Fashionable or stylish

Respond with only the letter of your answer (A, B, C, or D).",A,2026-06-12T01:23:59.284545+00:00
249,2,row_048,Delulu,General,local_gptoss,D,,D,True,False,"In the following sentence, what does ""Delulu"" mean?
I'm feeling delulu after that show.

Select only one answer.
A) A cigarette
B) the playful act of taking a friend's food
C) something intense, aggressive, and unfiltered
D) Delusional

Respond with only the letter of your answer (A, B, C, or D).",D,2026-06-12T01:24:00.477919+00:00
250,2,row_049,Dog water,Insult,local_gptoss,A,,A,True,False,"In the following sentence, what does ""Dog water"" mean?
You are playing like dog water.

Select only one answer.
A) Something low quality or bad
B) A criminal that turned their life arpound and are legitimate
C) Methodone
D) Something suspicious

Respond with only the letter of your answer (A, B, C, or D).",A,2026-06-12T01:24:01.780243+00:00
251,2,row_050,doommaxxing,Identity,local_gptoss,C,,C,True,False,"In the following sentence, what does ""doommaxxing"" mean?
I'm just gonna be doommaxxing all weekend.

Select only one answer.
A) someone that looks ordinary but is actually very strong
B) An endeering term used towards ones significant other
C) The abandonment of responsibilities
D) To express disappointment dramatically

Respond with only the letter of your answer (A, B, C, or D).",C,2026-06-12T01:24:07.451606+00:00
252,2,row_051,Dope,General,local_gptoss,B,D,B,True,False,"In the following sentence, what does ""Dope"" mean?
That car is dope.

Select only one answer.
A) Fashionable or stylish
B) Cool
C) Something that is messed up or not right.
D) a stupid person

Respond with only the letter of your answer (A, B, C, or D).",B,2026-06-12T01:24:09.191838+00:00
253,2,row_052,Drip,Identity,local_gptoss,D,C,D,True,False,"In the following sentence, what does ""Drip"" mean?
How is the drip?

Select only one answer.
A) To win
B) Get to the point
C) to let fall in drops
D) Stylish or flashy outfit style

Respond with only the letter of your answer (A, B, C, or D).",D,2026-06-12T01:24:10.600979+00:00
254,2,row_053,DTF,Sexual,local_gptoss,B,,B,True,False,"In the following sentence, what does ""DTF"" mean?
She was totally DTF after the first date.

Select only one answer.
A) To give sympathy or signify a failure
B) Down to fuck
C) A large ass that stands out.
D) The videos one find on social media that cause people to scroll and do nothign for hours

Respond with only the letter of your answer (A, B, C, or D).",B,2026-06-12T01:24:12.294399+00:00
255,2,row_054,dubs,General,local_gptoss,D,B,D,True,False,"In the following sentence, what does ""dubs"" mean?
Take home the dubs!

Select only one answer.
A) Someone unappealing
B) to add (sound effects or new dialogue) to a film or to a radio or television production —usually used with in
C) To be skeptical about something
D) To win

Respond with only the letter of your answer (A, B, C, or D).",D,2026-06-12T01:24:14.855914+00:00
256,2,row_055,epi,General,local_gptoss,C,,C,True,False,"In the following sentence, what does ""epi"" mean?
Watch out, hes going through an epi.

Select only one answer.
A) To check the mood of a situation
B) Something low quality or bad
C) Epileptic fit from a synthetic canabis
D) A reference for ass

Respond with only the letter of your answer (A, B, C, or D).",C,2026-06-12T01:24:23.037871+00:00
257,2,row_056,F,General,local_gptoss,C,A,C,True,False,"In the following sentence, what does ""F"" mean?
I almost had that one. F.

Select only one answer.
A) the 6th letter of the English alphabet
B) Used to address friends with exasperation, releif, or disbeleif.
C) To give sympathy or signify a failure
D) To keep secretive or obscure

Respond with only the letter of your answer (A, B, C, or D).",C,2026-06-12T01:24:25.403342+00:00
258,2,row_057,Fanum Tax,General,local_gptoss,C,,C,True,False,"In the following sentence, what does ""Fanum Tax"" mean?
I was at dinner with my girl and she fanum taxed me.

Select only one answer.
A) Something low quality or bad
B) A descriptor for an attractive person
C) the playful act of taking a friend's food
D) Someone unappealing

Respond with only the letter of your answer (A, B, C, or D).",C,2026-06-12T01:24:34.008653+00:00
259,2,row_058,FBOI,Sexual,local_gptoss,B,,B,True,False,"In the following sentence, what does ""FBOI"" mean?
She just needs a FBOI to gegt out of her slump.

Select only one answer.
A) Someone who refused to wear a mask in covid times.
B) Fuckboy, someone just looking for sex
C) Something that is better then everything else
D) To win

Respond with only the letter of your answer (A, B, C, or D).",B,2026-06-12T01:24:37.453763+00:00
260,2,row_059,Fire,General,local_gptoss,A,B,A,True,False,"In the following sentence, what does ""Fire"" mean?
That game war fire!

Select only one answer.
A) Something really good
B) the phenomenon of combustion manifested in light, flame, and heat
C) Cancer
D) someone that looks ordinary but is actually very strong

Respond with only the letter of your answer (A, B, C, or D).",A,2026-06-12T01:24:40.245817+00:00
261,2,row_060,Flex,General,local_gptoss,A,C,A,True,False,"In the following sentence, what does ""Flex"" mean?
Vinny with the car flex.

Select only one answer.
A) To show off
B) to aggrivate
C) to bend especially repeatedly
D) bullets

Respond with only the letter of your answer (A, B, C, or D).",A,2026-06-12T01:24:41.387740+00:00
262,2,row_061,foid,Insult,local_gptoss,D,,D,True,False,"In the following sentence, what does ""foid"" mean?
Their was this group of foids at the store earlier, I couldn't satnd them!

Select only one answer.
A) I just burst out laughing
B) An expression of disbelief
C) Men that lack masculine characteristics
D) A term used by incels to refer to women in a way that dehumanizes them.

Respond with only the letter of your answer (A, B, C, or D).",D,2026-06-12T01:24:45.955684+00:00
263,2,row_062,Fuckboy,Sexual,local_gptoss,A,,A,True,False,"In the following sentence, what does ""Fuckboy"" mean?
That guy gave off total fuckboy energy.

Select only one answer.
A) Fuckboy, someone just looking for sex
B) Very good
C) Ironically used to describe one as unique
D) cocaine

Respond with only the letter of your answer (A, B, C, or D).",A,2026-06-12T01:24:47.227724+00:00
264,2,row_063,fuckwhistle,Insult,local_gptoss,D,,D,True,False,"In the following sentence, what does ""fuckwhistle"" mean?
Get out of here you fuckwhistle!

Select only one answer.
A) A strong, leader who commands those around them
B) A type of marijuana
C) Someone who sitts around commenting about others
D) An insulting term to refer to someone as stupid

Respond with only the letter of your answer (A, B, C, or D).",D,2026-06-12T01:24:48.702761+00:00
265,2,row_064,Full send,General,local_gptoss,A,,A,True,False,"In the following sentence, what does ""Full send"" mean?
I'm about to full send on this test!

Select only one answer.
A) Go in 100% on something
B) An older person who is out of touch
C) Something very good
D) A kilo of cocaine

Respond with only the letter of your answer (A, B, C, or D).",A,2026-06-12T01:24:50.189072+00:00
266,2,row_065,FWB,Sexual,local_gptoss,C,,C,True,False,"In the following sentence, what does ""FWB"" mean?
Yea, we started a FWB sort of thing.

Select only one answer.
A) To do something impressive
B) a significant other
C) Friends with benefits
D) Something suspicious

Respond with only the letter of your answer (A, B, C, or D).",C,2026-06-12T01:24:51.206206+00:00
267,2,row_066,G-wagon,General,local_gptoss,C,,C,True,False,"In the following sentence, what does ""G-wagon"" mean?
Yo, check out that g-wagon!

Select only one answer.
A) Someone acting aggressively and out of control
B) You're on Your own
C) Mercedes Benz G class
D) Someone that is too left leaning politically

Respond with only the letter of your answer (A, B, C, or D).",C,2026-06-12T01:24:52.463142+00:00
268,2,row_067,gabadost,Identity,local_gptoss,D,,D,True,False,"In the following sentence, what does ""gabadost"" mean?
Did you even listen to me? Gabadost!

Select only one answer.
A) Mediocre
B) An independent, strong person
C) to recoil in distaste
D) Someone who is very stubborn

Respond with only the letter of your answer (A, B, C, or D).",D,2026-06-12T01:24:57.014330+00:00
269,2,row_068,Giga Chad,Identity,local_gptoss,C,,C,True,False,"In the following sentence, what does ""Giga Chad"" mean?
Did you see how he lifted that? What a giga chad.

Select only one answer.
A) A strong, leader who commands those around them
B) Someone who prepares for doomsday scenarios
C) A near superhuman perfect male
D) Men that lack masculine characteristics

Respond with only the letter of your answer (A, B, C, or D).",C,2026-06-12T01:24:57.942729+00:00
270,2,row_069,Glazing,Insult,local_gptoss,B,A,B,True,False,"In the following sentence, what does ""Glazing"" mean?
Stop glazing over One Piece, its not that good.

Select only one answer.
A) the action, process, or trade of fitting windows with glass
B) Someone that is too much of a fan of something
C) Go in 100% on something
D) drunk

Respond with only the letter of your answer (A, B, C, or D).",B,2026-06-12T01:25:01.092001+00:00
271,2,row_070,Glee,Violence,local_gptoss,C,D,D,False,True,"In the following sentence, what does ""Glee"" mean?
Grab your glee and get outta here!

Select only one answer.
A) Used to mock someone who doesnt think for themselves, says things repeatedly, or has no opinions
B) Someone that travels abroad with the sole purpose of having sex
C) A glock pistol
D) exultant high-spirited joy : merriment

Respond with only the letter of your answer (A, B, C, or D).",D,2026-06-12T01:25:03.393402+00:00
272,2,row_071,glitter,Identity,local_gptoss,C,B,B,False,True,"In the following sentence, what does ""glitter"" mean?
Go out htere and glittter!

Select only one answer.
A) Crack cocaine
B) to shine by reflection with many small flashes of brilliant light : sparkle
C) A term to support someone going through a gender change.
D) A homosexual cowboy

Respond with only the letter of your answer (A, B, C, or D).",B,2026-06-12T01:25:04.674964+00:00
273,2,row_072,glizzy,General,local_gptoss,A,,A,True,False,"In the following sentence, what does ""glizzy"" mean?
Hey, lets grab some costco glizzys before we go.

Select only one answer.
A) A hot dog
B) I just burst out laughing
C) To be fierce and unapologetic withing a social situation
D) Gossip

Respond with only the letter of your answer (A, B, C, or D).",A,2026-06-12T01:25:06.704275+00:00
274,2,row_073,Goated,General,local_gptoss,D,,D,True,False,"In the following sentence, what does ""Goated"" mean?
That play was goated

Select only one answer.
A) To confim that something was completed to expectation
B) A term of endearment for a significant other
C) intensely and openely say something true
D) The greatest of all time

Respond with only the letter of your answer (A, B, C, or D).",D,2026-06-12T01:25:07.878711+00:00
275,2,row_074,Gooning,Sexual,local_gptoss,D,,D,True,False,"In the following sentence, what does ""Gooning"" mean?
He looks like he was gooning all break

Select only one answer.
A) Someone that is boring
B) to aggrivate
C) A term used to describe a baby raised in a gender neutral environment
D) Prolonged masturbation

Respond with only the letter of your answer (A, B, C, or D).",D,2026-06-12T01:25:09.112984+00:00
276,2,row_075,goonmaxxing,Identity,local_gptoss,C,,C,True,False,"In the following sentence, what does ""goonmaxxing"" mean?
He's been spending all summer goonmaxxing in his room

Select only one answer.
A) Age Sex Location
B) Something that is messed up or not right.
C) To mastrubate for extremeely long period regularly
D) To be high or drunk

Respond with only the letter of your answer (A, B, C, or D).",C,2026-06-12T01:25:19.033371+00:00
277,2,row_076,gouda,General,local_gptoss,D,C,D,True,False,"In the following sentence, what does ""gouda"" mean?
Stop being so gouda.

Select only one answer.
A) To keep secretive or obscure
B) Someone acting aggressively and out of control
C) a mild cheese of Dutch origin that is similar to Edam but contains more fat
D) Someone unappealing

Respond with only the letter of your answer (A, B, C, or D).",D,2026-06-12T01:25:24.084142+00:00
278,2,row_077,greazy,Insult,local_gptoss,C,,D,False,False,"In the following sentence, what does ""greazy"" mean?
You lookin greazy today.

Select only one answer.
A) Something really good
B) A near superhuman perfect male
C) Poorly dressed
D) A distinct trait, style, or outfit, often used in drag culture

Respond with only the letter of your answer (A, B, C, or D).",D,2026-06-12T01:25:28.204025+00:00
279,2,row_078,Griddy,General,local_gptoss,A,,A,True,False,"In the following sentence, what does ""Griddy"" mean?
Hit the griddy!

Select only one answer.
A) A dance move
B) to recoil in distaste
C) Cool
D) A near superhuman perfect male

Respond with only the letter of your answer (A, B, C, or D).",A,2026-06-12T01:25:30.209933+00:00
280,2,row_079,grips up,Violence,local_gptoss,B,,B,True,False,"In the following sentence, what does ""grips up"" mean?
grips up, we gotta head out.

Select only one answer.
A) An expression of disappointment
B) To prepare for a fight
C) Fuckboy, someone just looking for sex
D) an expression of surprise

Respond with only the letter of your answer (A, B, C, or D).",B,2026-06-12T01:25:34.318266+00:00
281,2,row_080,Gyatt,General,local_gptoss,A,,C,False,False,"In the following sentence, what does ""Gyatt"" mean?
Oh, my gyatt, I really wanna see you.

Select only one answer.
A) an expression of surprise
B) Another term that stands for that hoe over there
C) sweet talk
D) Ironically used to describe one as unique

Respond with only the letter of your answer (A, B, C, or D).",C,2026-06-12T01:25:38.024142+00:00
282,2,row_081,haps,General,local_gptoss,A,,A,True,False,"In the following sentence, what does ""haps"" mean?
haps tonight?

Select only one answer.
A) Short for happening
B) Ironically used to describe one as unique
C) To tie up an arm to isolate a vein for injecting a drug
D) Mercedes Benz G class

Respond with only the letter of your answer (A, B, C, or D).",A,2026-06-12T01:25:40.039246+00:00
283,2,row_082,hem up,General,local_gptoss,C,,B,False,False,"In the following sentence, what does ""hem up"" mean?
Bro, don't hem up.

Select only one answer.
A) Mercedes Benz G class
B) A distinct trait, style, or outfit, often used in drag culture
C) To get arrested
D) Down to fuck

Respond with only the letter of your answer (A, B, C, or D).",B,2026-06-12T01:25:48.809531+00:00
284,2,row_083,highkey,General,local_gptoss,B,D,C,False,False,"In the following sentence, what does ""highkey"" mean?
Highkey, this place is great!

Select only one answer.
A) Something that appears mundane but has hidden potential
B) intensely and openely say something true
C) To be honest about something
D) having or producing light tones only with little contrast —used of a photographic print or subject or of the lighting of a photographic subject

Respond with only the letter of your answer (A, B, C, or D).",C,2026-06-12T01:25:52.945285+00:00
285,2,row_084,Hits different,General,local_gptoss,C,,C,True,False,"In the following sentence, what does ""Hits different"" mean?
This hot dog hits different.

Select only one answer.
A) The vagina
B) To make lifestyle changes to make your life more holistic
C) Something very good
D) Someone weak or a follower

Respond with only the letter of your answer (A, B, C, or D).",C,2026-06-12T01:25:53.761777+00:00
286,2,row_085,Ick,Insult,local_gptoss,D,,D,True,False,"In the following sentence, what does ""Ick"" mean?
His hairdue gave me the ick.

Select only one answer.
A) Very good
B) A glock pistol
C) A term used to describe a baby raised in a gender neutral environment
D) A sudden feeling of disguest or repultion towards someone.

Respond with only the letter of your answer (A, B, C, or D).",D,2026-06-12T01:25:54.669279+00:00
287,2,row_086,IJBOL,General,local_gptoss,A,,A,True,False,"In the following sentence, what does ""IJBOL"" mean?
That was aso funny. IJBOL!

Select only one answer.
A) I just burst out laughing
B) Someone that travels abroad with the sole purpose of having sex
C) Money
D) Someone who acts tries to act entertaining and amuzingly relentlessly

Respond with only the letter of your answer (A, B, C, or D).",A,2026-06-12T01:25:56.852151+00:00
288,2,row_087,Ipad Kid,General,local_gptoss,A,,A,True,False,"In the following sentence, what does ""Ipad Kid"" mean?
They are just a bunch of Ipad kids.

Select only one answer.
A) used to mock spoiled kids
B) A dance move
C) A commonplace person
D) an expression of surprise

Respond with only the letter of your answer (A, B, C, or D).",A,2026-06-12T01:25:57.694226+00:00
289,2,row_088,Jebaited,General,local_gptoss,C,,C,True,False,"In the following sentence, what does ""Jebaited"" mean?
Get jebaited!

Select only one answer.
A) A term used by incels to refer to women in a way that dehumanizes them.
B) I just burst out laughing
C) To manipulated, trick, or fool someone
D) A significant problem

Respond with only the letter of your answer (A, B, C, or D).",C,2026-06-12T01:25:59.172010+00:00
290,2,row_089,jestermaxxing,Identity,local_gptoss,D,,D,True,False,"In the following sentence, what does ""jestermaxxing"" mean?
Tommy's jestermaxxing in class just to annoy the teacher.

Select only one answer.
A) To shoot ones shot.
B) A descriptor for an attractive person
C) To manipulated, trick, or fool someone
D) Someone who acts tries to act entertaining and amuzingly relentlessly

Respond with only the letter of your answer (A, B, C, or D).",D,2026-06-12T01:26:02.332729+00:00
291,2,row_090,Jit,Insult,local_gptoss,A,,A,True,False,"In the following sentence, what does ""Jit"" mean?
Who is this jit?

Select only one answer.
A) Someone younger
B) To express disappointment dramatically
C) A kilo of cocaine
D) Used to refer to the social media platforms one uses

Respond with only the letter of your answer (A, B, C, or D).",A,2026-06-12T01:26:11.225283+00:00
292,2,row_091,K.Y. cowboy,Insult,local_gptoss,B,,D,False,False,"In the following sentence, what does ""K.Y. cowboy"" mean?
Stop being such a K.Y. cowboy.

Select only one answer.
A) To make lifestyle changes to make your life more holistic
B) A homosexual cowboy
C) To knock someone out
D) something intense, aggressive, and unfiltered

Respond with only the letter of your answer (A, B, C, or D).",D,2026-06-12T01:26:15.003097+00:00
293,2,row_092,keep it 100,General,local_gptoss,D,,D,True,False,"In the following sentence, what does ""keep it 100"" mean?
Keep it 100, dod you see her last night?

Select only one answer.
A) Fuckboy, someone just looking for sex
B) a live-action role-playing game in which a group of people enacts a fictional scenario (such as a fantasy adventure) in real time typically under the guidance of a facilitator or organizer; also : the activity of participating in such games : larping
C) cocaine
D) To be honest about something

Respond with only the letter of your answer (A, B, C, or D).",D,2026-06-12T01:26:16.379027+00:00
294,2,row_093,KHHV,Insult,local_gptoss,D,,D,True,False,"In the following sentence, what does ""KHHV"" mean?
Looks like a total KHHV.

Select only one answer.
A) An emotional meltdown
B) An affirmative agreement
C) Someone who sitts around commenting about others
D) An incel term meaning kissless, hugless, handholdless virgin

Respond with only the letter of your answer (A, B, C, or D).",D,2026-06-12T01:26:20.435650+00:00
295,2,row_094,knot off,Drugs,local_gptoss,B,,B,True,False,"In the following sentence, what does ""knot off"" mean?
Get ready to knot off, I have the H.

Select only one answer.
A) To metaphorically die of laughter
B) To tie up an arm to isolate a vein for injecting a drug
C) Acting crazily
D) A reference for ass

Respond with only the letter of your answer (A, B, C, or D).",B,2026-06-12T01:26:25.740451+00:00
296,2,row_095,kweff,Violence,local_gptoss,C,,C,True,False,"In the following sentence, what does ""kweff"" mean?
Lock, aim, and kweff.

Select only one answer.
A) A term for bringing someone over to watch some netflix and then have sex.
B) Something that is adorably and chunky
C) To stab or shoot
D) Someone who acts tries to act entertaining and amuzingly relentlessly

Respond with only the letter of your answer (A, B, C, or D).",C,2026-06-12T01:26:28.133595+00:00
297,2,row_096,L,General,local_gptoss,A,C,A,True,False,"In the following sentence, what does ""L"" mean?
We took the L at the basketball match.

Select only one answer.
A) A loss or failure
B) Weak or effeminate
C) the 12th letter of the English alphabet
D) You're on Your own

Respond with only the letter of your answer (A, B, C, or D).",A,2026-06-12T01:26:30.026335+00:00
298,2,row_097,lacag,General,local_gptoss,D,,D,True,False,"In the following sentence, what does ""lacag"" mean?
I'll be out making lacag.

Select only one answer.
A) to recoil in distaste
B) Main Character - Someone that acts as if they are the star of a story
C) The abandonment of responsibilities
D) Money

Respond with only the letter of your answer (A, B, C, or D).",D,2026-06-12T01:26:33.059124+00:00
299,2,row_098,larp,General,local_gptoss,B,,B,True,False,"In the following sentence, what does ""larp"" mean?
I went to a LARP at the park this weekend.

Select only one answer.
A) Someone that is too much of a fan of something
B) a live-action role-playing game in which a group of people enacts a fictional scenario (such as a fantasy adventure) in real time typically under the guidance of a facilitator or organizer; also : the activity of participating in such games : larping
C) Nonsensical term
D) An older person who is out of touch

Respond with only the letter of your answer (A, B, C, or D).",B,2026-06-12T01:26:33.687999+00:00
300,2,row_099,lewk,General,local_gptoss,A,,A,True,False,"In the following sentence, what does ""lewk"" mean?
Jim is using his signature lewk tonight.

Select only one answer.
A) A distinct trait, style, or outfit, often used in drag culture
B) Cancer
C) An insulting term to refer to someone as stupid
D) A charismatic, sexy, and quick witted man

Respond with only the letter of your answer (A, B, C, or D).",A,2026-06-12T01:26:35.975703+00:00
301,2,row_100,lidge,General,local_gptoss,D,,B,False,False,"In the following sentence, what does ""lidge"" mean?
I'm gettin money lidge.

Select only one answer.
A) Someone who prepares for doomsday scenarios
B) To stab or shoot
C) Something that is adorably and chunky
D) A criminal that turned their life arpound and are legitimate

Respond with only the letter of your answer (A, B, C, or D).",B,2026-06-12T01:26:42.226201+00:00
302,2,row_101,lifemaxxing,Identity,local_gptoss,D,,D,True,False,"In the following sentence, what does ""lifemaxxing"" mean?
Shes's reallly been trying to lifemax these past few months.

Select only one answer.
A) Someone acting aggressively and out of control
B) bullets
C) To be skeptical about something
D) To make lifestyle changes to make your life more holistic

Respond with only the letter of your answer (A, B, C, or D).",D,2026-06-12T01:26:43.283779+00:00
303,2,row_102,looksmaxxing,Identity,local_gptoss,B,,B,True,False,"In the following sentence, what does ""looksmaxxing"" mean?
The looksmaxxing community

Select only one answer.
A) A criminal that turned their life arpound and are legitimate
B) To focus on making one as physically attractive as possible
C) crazy or erratic
D) to recoil in distaste

Respond with only the letter of your answer (A, B, C, or D).",B,2026-06-12T01:26:45.014365+00:00
304,2,row_103,lotion,General,local_gptoss,A,C,C,False,True,"In the following sentence, what does ""lotion"" mean?
Lemme go lotion her up for you.

Select only one answer.
A) sweet talk
B) A term used to say that someone is online too much and needs to get back to real life
C) a liquid preparation for cosmetic or external medicinal use
D) Another term that stands for that hoe over there

Respond with only the letter of your answer (A, B, C, or D).",C,2026-06-12T01:26:48.898111+00:00
305,2,row_104,Low Key,General,local_gptoss,A,C,A,True,False,"In the following sentence, what does ""Low Key"" mean?
Low key, I want some ice cream.

Select only one answer.
A) Saying something secretive or to keep low profile
B) the playful act of taking a friend's food
C) having or producing dark tones only with little contrast
D) A rule used by some for dating that refers to someone who is six feet tall, has a 6 figure income, and has six-pack abs

Respond with only the letter of your answer (A, B, C, or D).",A,2026-06-12T01:26:50.981585+00:00
306,2,row_105,main character,General,local_gptoss,C,,C,True,False,"In the following sentence, what does ""main character"" mean?
You give off main character energy.

Select only one answer.
A) An attractive older man
B) Someone younger
C) Main Character - Someone that acts as if they are the star of a story
D) Nonsensical term

Respond with only the letter of your answer (A, B, C, or D).",C,2026-06-12T01:26:51.828921+00:00
307,2,row_106,manny,Insult,local_gptoss,D,,D,True,False,"In the following sentence, what does ""manny"" mean?
Look at the guy, he's just a manny.

Select only one answer.
A) An expression of disappointment
B) Done or ruined
C) Fashionable or stylish
D) A man that takes care of children

Respond with only the letter of your answer (A, B, C, or D).",D,2026-06-12T01:27:01.266722+00:00
308,2,row_107,mascara,Sexual,local_gptoss,C,A,A,False,True,"In the following sentence, what does ""mascara"" mean?
I lost my mascara for 5 years, but then I found it again, and I love it even more now.

Select only one answer.
A) a cosmetic especially for making the eyelashes darker and more prominent
B) Someone who is very stubborn
C) A term to discuss sexual experiences
D) A term used to say that someone is online too much and needs to get back to real life

Respond with only the letter of your answer (A, B, C, or D).",A,2026-06-12T01:27:03.103270+00:00
309,2,row_108,Mewing,Identity,local_gptoss,A,D,A,True,False,"In the following sentence, what does ""Mewing"" mean?
You've gotta start mewing to increase your status in society.

Select only one answer.
A) To make a jawline more defined
B) A person who is very good at spotting a lie
C) Someone unappealing
D) to utter a mew or similar sound

Respond with only the letter of your answer (A, B, C, or D).",A,2026-06-12T01:27:05.712373+00:00
310,2,row_109,Mid,General,local_gptoss,B,,B,True,False,"In the following sentence, what does ""Mid"" mean?
That was a mid burger.

Select only one answer.
A) To knock someone out
B) Mediocre
C) An incel term meaning kissless, hugless, handholdless virgin
D) A rule used by some for dating that refers to someone who is six feet tall, has a 6 figure income, and has six-pack abs

Respond with only the letter of your answer (A, B, C, or D).",B,2026-06-12T01:27:06.647558+00:00
311,2,row_110,minghiun,Insult,local_gptoss,C,,B,False,False,"In the following sentence, what does ""minghiun"" mean?
Stop being a minghiun.

Select only one answer.
A) I just burst out laughing
B) Someone who is trying to get sexual attention overtly
C) A fool or a prick
D) Someone that travels abroad with the sole purpose of having sex

Respond with only the letter of your answer (A, B, C, or D).",B,2026-06-12T01:27:14.060178+00:00
312,2,row_111,nang,Drugs,local_gptoss,B,,B,True,False,"In the following sentence, what does ""nang"" mean?
Dude, grab the nang, I wanna feel free.

Select only one answer.
A) crazy or erratic
B) A canister of nitrous oxide
C) Get to the point
D) A distinct trait, style, or outfit, often used in drag culture

Respond with only the letter of your answer (A, B, C, or D).",B,2026-06-12T01:27:16.903382+00:00
313,2,row_112,Negative Aura,Insult,local_gptoss,A,,A,True,False,"In the following sentence, what does ""Negative Aura"" mean?
She's giving off negative aura.

Select only one answer.
A) a bad charisma
B) Describes activities or situations that are sexually aggressive
C) To be skeptical about something
D) A person who is very good at spotting a lie

Respond with only the letter of your answer (A, B, C, or D).",A,2026-06-12T01:27:18.351157+00:00
314,2,row_113,Netflix and Chill,Sexual,local_gptoss,A,,A,True,False,"In the following sentence, what does ""Netflix and Chill"" mean?
Wanna come back to my place and Netflix and Chill?

Select only one answer.
A) A term for bringing someone over to watch some netflix and then have sex.
B) Throwing something
C) A fashionable look
D) A loss or failure

Respond with only the letter of your answer (A, B, C, or D).",A,2026-06-12T01:27:19.463502+00:00
315,2,row_114,next-level,General,local_gptoss,A,,A,True,False,"In the following sentence, what does ""next-level"" mean?
That movie was next level!

Select only one answer.
A) Something that is better then everything else
B) Something that is messed up or not right.
C) crazy or erratic
D) Ending the discussion on a topic

Respond with only the letter of your answer (A, B, C, or D).",A,2026-06-12T01:27:21.230158+00:00
316,2,row_115,NPC,Insult,local_gptoss,D,C,D,True,False,"In the following sentence, what does ""NPC"" mean?
Stop being such an NPC.

Select only one answer.
A) Used to address friends with exasperation, releif, or disbeleif.
B) Nonsensical term
C) a character in a video game that does not represent and cannot be manipulated by a player —called also non-player character
D) Used to mock someone who doesnt think for themselves, says things repeatedly, or has no opinions

Respond with only the letter of your answer (A, B, C, or D).",D,2026-06-12T01:27:23.422134+00:00
317,2,row_116,Omega,Identity,local_gptoss,C,D,C,True,False,"In the following sentence, what does ""Omega"" mean?
Those were some real omega moves right there.

Select only one answer.
A) An incel term meaning kissless, hugless, handholdless virgin
B) Saying something secretive or to keep low profile
C) A submissive male that is often outside of traditional social hierarchies
D) the 24th and last letter of the Greek alphabet

Respond with only the letter of your answer (A, B, C, or D).",C,2026-06-12T01:27:27.080888+00:00
318,2,row_117,on the regs,General,local_gptoss,C,,C,True,False,"In the following sentence, what does ""on the regs"" mean?
I stop by the coffee shop on the regs.

Select only one answer.
A) Someone who acts tries to act entertaining and amuzingly relentlessly
B) Fuckboy, someone just looking for sex
C) Something done regularly
D) Someone unappealing

Respond with only the letter of your answer (A, B, C, or D).",C,2026-06-12T01:27:31.472820+00:00
319,2,row_118,oof,General,local_gptoss,D,,D,True,False,"In the following sentence, what does ""oof"" mean?
Oof, that was rough.

Select only one answer.
A) A cigarette
B) Someone unappealing
C) A term of endearment for a significant other
D) A reaction to something uncomfortable

Respond with only the letter of your answer (A, B, C, or D).",D,2026-06-12T01:27:32.902067+00:00
320,2,row_119,ooga-booga,Sexual,local_gptoss,C,,C,True,False,"In the following sentence, what does ""ooga-booga"" mean?
Me want ooga-booga!

Select only one answer.
A) The anus
B) To keep secretive or obscure
C) The vagina
D) Something that is adorably and chunky

Respond with only the letter of your answer (A, B, C, or D).",C,2026-06-12T01:27:37.704304+00:00
321,2,row_120,Orange Crush,Drugs,local_gptoss,B,,B,True,False,"In the following sentence, what does ""Orange Crush"" mean?
ets grab some of that orange crush tonight!

Select only one answer.
A) A dance move
B) A type of marijuana
C) A reference for ass
D) A term used by incels to refer to women in a way that dehumanizes them.

Respond with only the letter of your answer (A, B, C, or D).",B,2026-06-12T01:27:47.062910+00:00
322,2,row_121,OTP,General,local_gptoss,D,,D,True,False,"In the following sentence, what does ""OTP"" mean?
Him and her are the OTP.

Select only one answer.
A) Short for Bitch
B) To shoot ones shot.
C) A term to discuss sexual experiences
D) One True Pairing

Respond with only the letter of your answer (A, B, C, or D).",D,2026-06-12T01:27:47.864861+00:00
323,2,row_122,packers,Insult,local_gptoss,D,A,A,False,True,"In the following sentence, what does ""packers"" mean?
Thats just a group of packers over there, don't waste your time.

Select only one answer.
A) one that packs
B) Something untrue or unbeleivable
C) An insult saying that the problem is due to lack of skill rather then luck
D) fake soft penises and testicles designed to give a 'male' bulge to the crotches of female-to-male transsexuals.

Respond with only the letter of your answer (A, B, C, or D).",A,2026-06-12T01:27:56.748438+00:00
324,2,row_123,passa passa,General,local_gptoss,A,,D,False,False,"In the following sentence, what does ""passa passa"" mean?
I don't want any passa passa now.

Select only one answer.
A) A loud and messy conflict
B) A commonplace person
C) A descriptor for an attractive person
D) Fuckboy, someone just looking for sex

Respond with only the letter of your answer (A, B, C, or D).",D,2026-06-12T01:28:06.864685+00:00
325,2,row_124,passport bro,Sexual,local_gptoss,B,,B,True,False,"In the following sentence, what does ""passport bro"" mean?
A bunch of passport bro's just checked into the hotel.

Select only one answer.
A) To focus on making one as physically attractive as possible
B) Someone that travels abroad with the sole purpose of having sex
C) To tie up an arm to isolate a vein for injecting a drug
D) Go in 100% on something

Respond with only the letter of your answer (A, B, C, or D).",B,2026-06-12T01:28:08.532761+00:00
326,2,row_125,Period,General,local_gptoss,D,A,D,True,False,"In the following sentence, what does ""Period"" mean?
She is the best, period.

Select only one answer.
A) the completion of a cycle, a series of events, or a single action : conclusion
B) A man that takes care of children
C) crazy or erratic
D) Ending the discussion on a topic

Respond with only the letter of your answer (A, B, C, or D).",D,2026-06-12T01:28:09.674635+00:00
327,2,row_126,plegic,Drugs,local_gptoss,C,,C,True,False,"In the following sentence, what does ""plegic"" mean?
That guy stumbled out very plegic.

Select only one answer.
A) Fashionable or stylish
B) To do something impressive
C) drunk
D) Somehting uncool or unfashionable

Respond with only the letter of your answer (A, B, C, or D).",C,2026-06-12T01:28:15.534350+00:00
328,2,row_127,poggers,General,local_gptoss,C,,C,True,False,"In the following sentence, what does ""poggers"" mean?
Thats a poggers painting.

Select only one answer.
A) Money
B) An attractive older man
C) To express excitement or approval for something
D) A loss or failure

Respond with only the letter of your answer (A, B, C, or D).",C,2026-06-12T01:28:16.584518+00:00
329,2,row_128,Pookie,Sexual,local_gptoss,D,,D,True,False,"In the following sentence, what does ""Pookie"" mean?
My pookie loves a smash burger.

Select only one answer.
A) Cool
B) A term to discuss sexual experiences
C) A rule used by some for dating that refers to someone who is six feet tall, has a 6 figure income, and has six-pack abs
D) A term of endearment for a significant other

Respond with only the letter of your answer (A, B, C, or D).",D,2026-06-12T01:28:17.696126+00:00
330,2,row_129,Pop off,General,local_gptoss,A,D,A,True,False,"In the following sentence, what does ""Pop off"" mean?
I'm about to pop off!

Select only one answer.
A) To do something impressive
B) An insult saying that the problem is due to lack of skill rather then luck
C) A person who is very good at spotting a lie
D) to die unexpectedly

Respond with only the letter of your answer (A, B, C, or D).",A,2026-06-12T01:28:20.723020+00:00
331,2,row_130,Posh and Becks,Sexual,local_gptoss,C,,A,False,False,"In the following sentence, what does ""Posh and Becks"" mean?
Lets go back to my place and have the posh and becks.

Select only one answer.
A) A term used by incels to refer to women in a way that dehumanizes them.
B) When something hidden gets called out
C) sex
D) Main Character - Someone that acts as if they are the star of a story

Respond with only the letter of your answer (A, B, C, or D).",A,2026-06-12T01:28:24.824555+00:00
332,2,row_131,prepper,Insult,local_gptoss,B,,B,True,False,"In the following sentence, what does ""prepper"" mean?
We have a prepper down the block. They are kindof crazy, but its nice to know where to go.

Select only one answer.
A) Throwing something
B) Someone who prepares for doomsday scenarios
C) One True Pairing
D) An emotional meltdown

Respond with only the letter of your answer (A, B, C, or D).",B,2026-06-12T01:28:26.420888+00:00
333,2,row_132,Prison pocket,General,local_gptoss,B,,A,False,False,"In the following sentence, what does ""Prison pocket"" mean?
Hold it in your prison pocket.

Select only one answer.
A) A knife
B) The anus
C) A person who is very good at spotting a lie
D) A rule used by some for dating that refers to someone who is six feet tall, has a 6 figure income, and has six-pack abs

Respond with only the letter of your answer (A, B, C, or D).",A,2026-06-12T01:28:33.329351+00:00
334,2,row_133,Put the fries in the bag,General,local_gptoss,C,,C,True,False,"In the following sentence, what does ""Put the fries in the bag"" mean?
You're taking too long. Put the fires in the bag.

Select only one answer.
A) An attractive older man
B) Someone that is too much of a fan of something
C) Get to the point
D) Men that lack masculine characteristics

Respond with only the letter of your answer (A, B, C, or D).",C,2026-06-12T01:28:35.744649+00:00
335,2,row_134,Quirky,Insult,local_gptoss,B,A,A,False,True,"In the following sentence, what does ""Quirky"" mean?
I'm so quirky!

Select only one answer.
A) having many quirks : unusual in especially an interesting or appealing way
B) Ironically used to describe one as unique
C) An unattractive girl
D) Something that is reallly good.

Respond with only the letter of your answer (A, B, C, or D).",A,2026-06-12T01:28:36.900778+00:00
336,2,row_135,rago,Insult,local_gptoss,B,,B,True,False,"In the following sentence, what does ""rago"" mean?
It was just how rago he was.

Select only one answer.
A) someone that looks ordinary but is actually very strong
B) Someone acting aggressively and out of control
C) To prepare for a fight
D) Money

Respond with only the letter of your answer (A, B, C, or D).",B,2026-06-12T01:28:42.916637+00:00
337,2,row_136,rapey,Sexual,local_gptoss,A,,A,True,False,"In the following sentence, what does ""rapey"" mean?
That guy at the bar was feeling pretty rapey.

Select only one answer.
A) Describes activities or situations that are sexually aggressive
B) To make a jawline more defined
C) Gross buildup between the toes
D) A dance move

Respond with only the letter of your answer (A, B, C, or D).",A,2026-06-12T01:28:44.263646+00:00
338,2,row_137,Ratio,General,local_gptoss,C,B,C,True,False,"In the following sentence, what does ""Ratio"" mean?
Ratio if you like pizza.

Select only one answer.
A) Something that is messed up or not right.
B) the indicated quotient of two mathematical expressions
C) when a reply gets more than the original post
D) An incel term meaning kissless, hugless, handholdless virgin

Respond with only the letter of your answer (A, B, C, or D).",C,2026-06-12T01:28:46.740130+00:00
339,2,row_138,raw,General,local_gptoss,C,A,C,True,False,"In the following sentence, what does ""raw"" mean?
He's been hitting the vape raw lately.

Select only one answer.
A) not cooked
B) A descriptor for an attractive person
C) something intense, aggressive, and unfiltered
D) Another term that stands for that hoe over there

Respond with only the letter of your answer (A, B, C, or D).",C,2026-06-12T01:28:48.891603+00:00
340,2,row_139,RIP (me),General,local_gptoss,B,,B,True,False,"In the following sentence, what does ""RIP (me)"" mean?
I think I just failed that test. RIP me.

Select only one answer.
A) Someone who sitts around commenting about others
B) To express disappointment dramatically
C) An unattractive girl
D) Someone that travels abroad with the sole purpose of having sex

Respond with only the letter of your answer (A, B, C, or D).",B,2026-06-12T01:28:50.196566+00:00
341,2,row_140,Rizz,General,local_gptoss,C,,C,True,False,"In the following sentence, what does ""Rizz"" mean?
The rizz you have today is stunning!

Select only one answer.
A) Done or ruined
B) To do somethign very well
C) Charisma
D) Down to fuck

Respond with only the letter of your answer (A, B, C, or D).",C,2026-06-12T01:28:51.119768+00:00
342,2,row_141,Salty,Insult,local_gptoss,D,A,D,True,False,"In the following sentence, what does ""Salty"" mean?
She's just salty that you have a boyfriend and she doesn't.

Select only one answer.
A) of, seasoned with, or containing salt
B) To mastrubate for extremeely long period regularly
C) A commonplace person
D) Irritated, bitter, or resentful

Respond with only the letter of your answer (A, B, C, or D).",D,2026-06-12T01:28:51.692888+00:00
343,2,row_142,savage,General,local_gptoss,A,C,A,True,False,"In the following sentence, what does ""savage"" mean?
That was a savage comeback you gave.

Select only one answer.
A) To be fierce and unapologetic withing a social situation
B) Ironically used to describe one as unique
C) not domesticated or under human control : untamed
D) a live-action role-playing game in which a group of people enacts a fictional scenario (such as a fantasy adventure) in real time typically under the guidance of a facilitator or organizer; also : the activity of participating in such games : larping

Respond with only the letter of your answer (A, B, C, or D).",A,2026-06-12T01:28:53.987468+00:00
344,2,row_143,Schizo,Insult,local_gptoss,D,,D,True,False,"In the following sentence, what does ""Schizo"" mean?
Brians a total schitzo.

Select only one answer.
A) To shoot ones shot.
B) Fuckboy, someone just looking for sex
C) A loud and messy conflict
D) crazy or erratic

Respond with only the letter of your answer (A, B, C, or D).",D,2026-06-12T01:28:55.373280+00:00
345,2,row_144,scuffed,Insult,local_gptoss,B,A,B,True,False,"In the following sentence, what does ""scuffed"" mean?
The was a scuffed performance last night.

Select only one answer.
A) to walk without lifting the feet : shuffle
B) Something that is messed up or not right.
C) Someone who is trying to get sexual attention overtly
D) A charismatic, sexy, and quick witted man

Respond with only the letter of your answer (A, B, C, or D).",B,2026-06-12T01:28:57.285299+00:00
346,2,row_145,Shabba,General,local_gptoss,A,,B,False,False,"In the following sentence, what does ""Shabba"" mean?
Shabba on point!

Select only one answer.
A) Fashionable or stylish
B) A stereotypical alpha male that is strong, handsome, and attracts women.
C) To metaphorically die of laughter
D) the playful act of taking a friend's food

Respond with only the letter of your answer (A, B, C, or D).",B,2026-06-12T01:29:00.812174+00:00
347,2,row_146,Sheesh,General,local_gptoss,D,,D,True,False,"In the following sentence, what does ""Sheesh"" mean?
Sheesh! Thats crazy!

Select only one answer.
A) Acting crazily
B) Something that appears mundane but has hidden potential
C) The positive or relaxing energy of a place
D) To express disbelief

Respond with only the letter of your answer (A, B, C, or D).",D,2026-06-12T01:29:01.898927+00:00
348,2,row_147,Side eye,General,local_gptoss,A,,A,True,False,"In the following sentence, what does ""Side eye"" mean?
Why are you giving him the side eye?

Select only one answer.
A) To be skeptical about something
B) A near superhuman perfect male
C) A term for friends
D) Someone that is too left leaning politically

Respond with only the letter of your answer (A, B, C, or D).",A,2026-06-12T01:29:03.902759+00:00
349,2,row_148,Sigma,Identity,local_gptoss,B,D,B,True,False,"In the following sentence, what does ""Sigma"" mean?
You are giving off sigma energy right now.

Select only one answer.
A) A sudden feeling of disguest or repultion towards someone.
B) An independent, strong person
C) The anus
D) the 18th letter of the Greek alphabet

Respond with only the letter of your answer (A, B, C, or D).",B,2026-06-12T01:29:06.483816+00:00
350,2,row_149,Simp,Insult,local_gptoss,A,C,A,True,False,"In the following sentence, what does ""Simp"" mean?
Stop being a simp over her!

Select only one answer.
A) Someone that tries really hard to impress their crush
B) A nicotine pouch held between the upper lip and gums
C) a foolish or stupid person : simpleton
D) A submissive male that is often outside of traditional social hierarchies

Respond with only the letter of your answer (A, B, C, or D).",A,2026-06-12T01:29:11.097007+00:00
351,2,row_150,Situationship,Sexual,local_gptoss,C,,C,True,False,"In the following sentence, what does ""Situationship"" mean?
Joe ended up in a situationship over the summer.

Select only one answer.
A) Something untrue or unbeleivable
B) The vagina
C) A sexual relationship developed from situations without clear future intentions
D) A kilo of cocaine

Respond with only the letter of your answer (A, B, C, or D).",C,2026-06-12T01:29:11.800769+00:00
352,2,row_151,Skeet,Sexual,local_gptoss,B,D,B,True,False,"In the following sentence, what does ""Skeet"" mean?
He skeeted all over the court!

Select only one answer.
A) Describes activities or situations that are sexually aggressive
B) To shoot ones shot.
C) Mercedes Benz G class
D) trapshooting in which clay pigeons are thrown in such a way as to simulate the angles of flight of birds

Respond with only the letter of your answer (A, B, C, or D).",B,2026-06-12T01:29:16.327501+00:00
353,2,row_152,Skibidi,General,local_gptoss,B,,B,True,False,"In the following sentence, what does ""Skibidi"" mean?
That's so skibidi.

Select only one answer.
A) Someone who refused to wear a mask in covid times.
B) Nonsensical term
C) A term for someone that enjoys watching their wife have sex with another man
D) A rule used by some for dating that refers to someone who is six feet tall, has a 6 figure income, and has six-pack abs

Respond with only the letter of your answer (A, B, C, or D).",B,2026-06-12T01:29:17.679967+00:00
354,2,row_153,Skill issue,Insult,local_gptoss,B,,B,True,False,"In the following sentence, what does ""Skill issue"" mean?
You won't win. Its a skill issue.

Select only one answer.
A) An all denim outfit
B) An insult saying that the problem is due to lack of skill rather then luck
C) Something suspicious
D) The greatest of all time

Respond with only the letter of your answer (A, B, C, or D).",B,2026-06-12T01:29:18.910891+00:00
355,2,row_154,Slaps,General,local_gptoss,C,B,C,True,False,"In the following sentence, what does ""Slaps"" mean?
This place slaps!

Select only one answer.
A) A term for bringing someone over to watch some netflix and then have sex.
B) to strike sharply with or as if with the open hand
C) Something that is reallly good.
D) A commonplace person

Respond with only the letter of your answer (A, B, C, or D).",C,2026-06-12T01:29:19.706610+00:00
356,2,row_155,Slay,General,local_gptoss,D,C,D,True,False,"In the following sentence, what does ""Slay"" mean?
Slay girl!

Select only one answer.
A) Down to fuck
B) A term for someone that enjoys watching their wife have sex with another man
C) to kill violently, wantonly, or in great numbers
D) To do somethign very well

Respond with only the letter of your answer (A, B, C, or D).",D,2026-06-12T01:29:21.760598+00:00
357,2,row_156,sledge,Identity,local_gptoss,B,C,B,True,False,"In the following sentence, what does ""sledge"" mean?
What? Are you havin trouble you sledge?

Select only one answer.
A) To prepare for a fight
B) An insult commonly used in sports
C) sledgehammer
D) Talking too much

Respond with only the letter of your answer (A, B, C, or D).",B,2026-06-12T01:29:24.001970+00:00
358,2,row_157,sleeper,General,local_gptoss,B,A,B,True,False,"In the following sentence, what does ""sleeper"" mean?
That car has got to be a sleeper.

Select only one answer.
A) one that sleeps
B) Something that appears mundane but has hidden potential
C) An unattractive girl
D) To show off

Respond with only the letter of your answer (A, B, C, or D).",B,2026-06-12T01:29:25.301177+00:00
359,2,row_158,sleeper build,General,local_gptoss,D,,D,True,False,"In the following sentence, what does ""sleeper build"" mean?
Bro's rocking the sleeper build.

Select only one answer.
A) To metaphorically die of laughter
B) sweet talk
C) Fashionable or stylish
D) someone that looks ordinary but is actually very strong

Respond with only the letter of your answer (A, B, C, or D).",D,2026-06-12T01:29:26.581030+00:00
360,2,row_159,Snack,Sexual,local_gptoss,B,C,B,True,False,"In the following sentence, what does ""Snack"" mean?
That lady over there is a snack.

Select only one answer.
A) An endeering term used towards ones significant other
B) A descriptor for an attractive person
C) a light meal : food eaten between regular meals; also : food suitable for snacking
D) Someone acting aggressively and out of control

Respond with only the letter of your answer (A, B, C, or D).",B,2026-06-12T01:29:27.694702+00:00
361,2,row_160,snaggle,Identity,local_gptoss,C,D,C,True,False,"In the following sentence, what does ""snaggle"" mean?
Susanne is such a snaggle.

Select only one answer.
A) When you are outnumbered in a fight and call black people for the win
B) A glock pistol
C) An unattractive girl
D) snag

Respond with only the letter of your answer (A, B, C, or D).",C,2026-06-12T01:29:30.307241+00:00
362,2,row_161,Snatched,General,local_gptoss,B,D,B,True,False,"In the following sentence, what does ""Snatched"" mean?
You're looking snatched today.

Select only one answer.
A) To refer to ones imaginary audience like an internet steamer
B) A fashionable look
C) Someone who acts tries to act entertaining and amuzingly relentlessly
D) to attempt to seize something suddenly

Respond with only the letter of your answer (A, B, C, or D).",B,2026-06-12T01:29:32.050665+00:00
363,2,row_162,socials,General,local_gptoss,D,B,D,True,False,"In the following sentence, what does ""socials"" mean?
Catch me on the socials!

Select only one answer.
A) A fashionable look
B) an informal social event or gathering frequently involving a special activity or area of interest
C) An unattractive girl
D) Used to refer to the social media platforms one uses

Respond with only the letter of your answer (A, B, C, or D).",D,2026-06-12T01:29:33.244448+00:00
364,2,row_163,socio,Insult,local_gptoss,D,,D,True,False,"In the following sentence, what does ""socio"" mean?
The boy is a socio.

Select only one answer.
A) Weak or effeminate
B) fake soft penises and testicles designed to give a 'male' bulge to the crotches of female-to-male transsexuals.
C) Crack cocaine
D) Sociopath

Respond with only the letter of your answer (A, B, C, or D).",D,2026-06-12T01:29:39.937106+00:00
365,2,row_164,Soy,Insult,local_gptoss,A,,A,True,False,"In the following sentence, what does ""Soy"" mean?
Stop being so soy.

Select only one answer.
A) Weak or effeminate
B) Someone acting aggressively and out of control
C) Down to fuck
D) A knife

Respond with only the letter of your answer (A, B, C, or D).",A,2026-06-12T01:29:42.436871+00:00
366,2,row_165,soyboy,Identity,local_gptoss,C,,C,True,False,"In the following sentence, what does ""soyboy"" mean?
Get that soyboy out of here!

Select only one answer.
A) Something ugly or unattractive
B) drunk
C) Men that lack masculine characteristics
D) A term used by incels to refer to women in a way that dehumanizes them.

Respond with only the letter of your answer (A, B, C, or D).",C,2026-06-12T01:29:43.910844+00:00
367,2,row_166,Spanish dancer,General,local_gptoss,C,,D,False,False,"In the following sentence, what does ""Spanish dancer"" mean?
I sounds like I caught the spanish dancer.

Select only one answer.
A) Money
B) Acting crazily
C) Cancer
D) To get arrested

Respond with only the letter of your answer (A, B, C, or D).",D,2026-06-12T01:29:59.647326+00:00
368,2,row_167,spark,Violence,local_gptoss,A,B,A,True,False,"In the following sentence, what does ""spark"" mean?
Don't make me spark you out!

Select only one answer.
A) To knock someone out
B) a small particle of a burning substance thrown out by a body in combustion or remaining when combustion is nearly completed
C) To check the mood of a situation
D) Irritated, bitter, or resentful

Respond with only the letter of your answer (A, B, C, or D).",A,2026-06-12T01:30:06.890952+00:00
369,2,row_168,Stuyvie,Drugs,local_gptoss,C,,C,True,False,"In the following sentence, what does ""Stuyvie"" mean?
Lets go outside and smoke a suyvie.

Select only one answer.
A) Someone weak or a follower
B) Down to fuck
C) A cigarette
D) An expression of disbelief

Respond with only the letter of your answer (A, B, C, or D).",C,2026-06-12T01:30:16.180418+00:00
370,2,row_169,suiter,General,local_gptoss,B,D,B,True,False,"In the following sentence, what does ""suiter"" mean?
Her suiter was admiring her from afar.

Select only one answer.
A) Someone who is very stubborn
B) a significant other
C) Something ugly or unattractive
D) a suitcase for holding a specified number of suits —usually used in combination

Respond with only the letter of your answer (A, B, C, or D).",B,2026-06-12T01:30:18.538962+00:00
371,2,row_170,Sus,General,local_gptoss,D,,D,True,False,"In the following sentence, what does ""Sus"" mean?
That man over there is real sus.

Select only one answer.
A) Something that appears mundane but has hidden potential
B) Cancer
C) To win
D) Something suspicious

Respond with only the letter of your answer (A, B, C, or D).",D,2026-06-12T01:30:19.618851+00:00
372,2,row_171,Tea,General,local_gptoss,D,B,D,True,False,"In the following sentence, what does ""Tea"" mean?
Come on, spill the tea!

Select only one answer.
A) A knife
B) a widely cultivated shrub (Camellia sinensis of the family Theaceae, the tea family) native to China, northern India, and southeastern Asia and having glossy green leaves and fragrant white flowers
C) An insulting term to refer to someone as stupid
D) Gossip

Respond with only the letter of your answer (A, B, C, or D).",D,2026-06-12T01:30:21.065160+00:00
373,2,row_172,theybie,General,local_gptoss,C,,C,True,False,"In the following sentence, what does ""theybie"" mean?
The a couple and their theybie just moved in next door.

Select only one answer.
A) A canister of nitrous oxide
B) Someone that travels abroad with the sole purpose of having sex
C) A term used to describe a baby raised in a gender neutral environment
D) The greatest of all time

Respond with only the letter of your answer (A, B, C, or D).",C,2026-06-12T01:30:23.475767+00:00
374,2,row_173,Thirsty,Sexual,local_gptoss,C,B,C,True,False,"In the following sentence, what does ""Thirsty"" mean?
She's lookin real thirsty today.

Select only one answer.
A) A sudden feeling of disguest or repultion towards someone.
B) feeling thirst
C) Someone who is trying to get sexual attention overtly
D) A term used to describe a baby raised in a gender neutral environment

Respond with only the letter of your answer (A, B, C, or D).",C,2026-06-12T01:30:25.058096+00:00
375,2,row_174,Thot,Sexual,local_gptoss,C,,C,True,False,"In the following sentence, what does ""Thot"" mean?
I'm gonna dress like a thot tonight.

Select only one answer.
A) used to mock spoiled kids
B) To manipulated, trick, or fool someone
C) Another term that stands for that hoe over there
D) Main Character - Someone that acts as if they are the star of a story

Respond with only the letter of your answer (A, B, C, or D).",C,2026-06-12T01:30:26.811937+00:00
376,2,row_175,Thrust,General,local_gptoss,A,C,C,False,True,"In the following sentence, what does ""Thrust"" mean?
Hit the thrust!

Select only one answer.
A) A dance move
B) Something that is reallly good.
C) to push or drive with force : shove
D) Someone unappealing

Respond with only the letter of your answer (A, B, C, or D).",C,2026-06-12T01:30:31.300921+00:00
377,2,row_176,toe-cheese,Insult,local_gptoss,D,,D,True,False,"In the following sentence, what does ""toe-cheese"" mean?
My whole house smells like toe cheese.

Select only one answer.
A) A sexual relationship developed from situations without clear future intentions
B) The anus
C) Cool
D) Gross buildup between the toes

Respond with only the letter of your answer (A, B, C, or D).",D,2026-06-12T01:30:32.487762+00:00
378,2,row_177,tomdick,Insult,local_gptoss,B,,B,True,False,"In the following sentence, what does ""tomdick"" mean?
That secratary was a tomdick.

Select only one answer.
A) Somehting uncool or unfashionable
B) A commonplace person
C) A near superhuman perfect male
D) Someone unappealing

Respond with only the letter of your answer (A, B, C, or D).",B,2026-06-12T01:30:35.999323+00:00
379,2,row_178,Touch Grass,General,local_gptoss,A,,A,True,False,"In the following sentence, what does ""Touch Grass"" mean?
Go out and touch some grass.

Select only one answer.
A) A term used to say that someone is online too much and needs to get back to real life
B) fake soft penises and testicles designed to give a 'male' bulge to the crotches of female-to-male transsexuals.
C) An attractive older man
D) I just burst out laughing

Respond with only the letter of your answer (A, B, C, or D).",A,2026-06-12T01:30:37.290146+00:00
380,2,row_179,troll,Identity,local_gptoss,A,D,A,True,False,"In the following sentence, what does ""troll"" mean?
That guy in valorant was a such a troll.

Select only one answer.
A) Someone who deliberatly acts in ways to annoy or anger a group of people online.
B) A loss or failure
C) An unattractive girl
D) a dwarf or giant in Scandinavian folklore inhabiting caves or hills

Respond with only the letter of your answer (A, B, C, or D).",A,2026-06-12T01:30:38.938464+00:00
381,2,row_180,Tweaking,General,local_gptoss,B,A,B,True,False,"In the following sentence, what does ""Tweaking"" mean?
Why are you tweaking out?

Select only one answer.
A) to make usually small adjustments in or to; especially : fine-tune
B) Acting crazily
C) Charisma
D) To express disappointment dramatically

Respond with only the letter of your answer (A, B, C, or D).",B,2026-06-12T01:30:40.747914+00:00
382,2,row_181,twoz,Drugs,local_gptoss,A,,A,True,False,"In the following sentence, what does ""twoz"" mean?
Hey, hand me the twoz joint.

Select only one answer.
A) A canabis based cigarette that needs two paper rolls
B) Poorly dressed
C) something intense, aggressive, and unfiltered
D) An insult saying that the problem is due to lack of skill rather then luck

Respond with only the letter of your answer (A, B, C, or D).",A,2026-06-12T01:30:47.962271+00:00
383,2,row_182,Unc,Insult,local_gptoss,B,,B,True,False,"In the following sentence, what does ""Unc"" mean?
I'll explain it to you unc.

Select only one answer.
A) An insult commonly used in sports
B) An older person who is out of touch
C) Someone who sitts around commenting about others
D) Nonsensical term

Respond with only the letter of your answer (A, B, C, or D).",B,2026-06-12T01:30:51.611877+00:00
384,2,row_183,Understood the assignment,General,local_gptoss,B,,B,True,False,"In the following sentence, what does ""Understood the assignment"" mean?
All done. Understood the assignment.

Select only one answer.
A) A reaction to something uncomfortable
B) To confim that something was completed to expectation
C) An attractive older man
D) To give sympathy or signify a failure

Respond with only the letter of your answer (A, B, C, or D).",B,2026-06-12T01:30:52.640157+00:00
385,2,row_184,upper decky,Drugs,local_gptoss,B,,B,True,False,"In the following sentence, what does ""upper decky"" mean?
Hey bro, can I bum an upper decky zynn?

Select only one answer.
A) A man that takes care of children
B) A nicotine pouch held between the upper lip and gums
C) A dance move
D) To be high or drunk

Respond with only the letter of your answer (A, B, C, or D).",B,2026-06-12T01:30:55.071956+00:00
386,2,row_185,Vibe,General,local_gptoss,D,,D,True,False,"In the following sentence, what does ""Vibe"" mean?
I'm just enjoyin the vibe out here.

Select only one answer.
A) To do somethign very well
B) intensely and openely say something true
C) Another term that stands for that hoe over there
D) The positive or relaxing energy of a place

Respond with only the letter of your answer (A, B, C, or D).",D,2026-06-12T01:30:55.923761+00:00
387,2,row_186,Vibe Check,General,local_gptoss,B,,B,True,False,"In the following sentence, what does ""Vibe Check"" mean?
Can I get a vibe check?

Select only one answer.
A) Someone weak or a follower
B) To check the mood of a situation
C) An unattractive girl
D) Someone that is boring

Respond with only the letter of your answer (A, B, C, or D).",B,2026-06-12T01:30:57.932776+00:00
388,2,row_187,wahala,General,local_gptoss,A,,A,True,False,"In the following sentence, what does ""wahala"" mean?
Please, no wahala.

Select only one answer.
A) A significant problem
B) Someone who acts tries to act entertaining and amuzingly relentlessly
C) Another term that stands for that hoe over there
D) Get to the point

Respond with only the letter of your answer (A, B, C, or D).",A,2026-06-12T01:31:02.202144+00:00
389,2,row_188,waved,Drugs,local_gptoss,A,D,D,False,True,"In the following sentence, what does ""waved"" mean?
Bro's over on the bench waved out of his mind.

Select only one answer.
A) To be high or drunk
B) Fuckboy, someone just looking for sex
C) A fashionable look
D) having a wavelike form or outline

Respond with only the letter of your answer (A, B, C, or D).",D,2026-06-12T01:31:05.607362+00:00
390,2,row_189,What the sigma,General,local_gptoss,D,,D,True,False,"In the following sentence, what does ""What the sigma"" mean?
What the sigma? I thought you left?

Select only one answer.
A) A provocative dance
B) Ironically used to describe one as unique
C) To express excitement or approval for something
D) An expression of disbelief

Respond with only the letter of your answer (A, B, C, or D).",D,2026-06-12T01:31:08.556821+00:00
391,2,row_190,whitney,Drugs,local_gptoss,B,,B,True,False,"In the following sentence, what does ""whitney"" mean?
Hey man, you got any whitney on you?

Select only one answer.
A) A hot dog
B) Crack cocaine
C) Something suspicious
D) Fashionable or stylish

Respond with only the letter of your answer (A, B, C, or D).",B,2026-06-12T01:31:14.922007+00:00
392,2,row_191,Woke,Insult,local_gptoss,D,,D,True,False,"In the following sentence, what does ""Woke"" mean?
Stop being so woke.

Select only one answer.
A) someone that looks ordinary but is actually very strong
B) Gossip
C) To shoot ones shot.
D) Someone that is too left leaning politically

Respond with only the letter of your answer (A, B, C, or D).",D,2026-06-12T01:31:15.835801+00:00
393,2,row_192,womp womp,General,local_gptoss,A,,A,True,False,"In the following sentence, what does ""womp womp"" mean?
I failed that math quiz. Womp womp.

Select only one answer.
A) An expression of disappointment
B) An incel term meaning kissless, hugless, handholdless virgin
C) Stylish or flashy outfit style
D) A loss or failure

Respond with only the letter of your answer (A, B, C, or D).",A,2026-06-12T01:31:17.913994+00:00
394,2,row_193,wraparound,General,local_gptoss,C,A,A,False,True,"In the following sentence, what does ""wraparound"" mean?
I had to pull a wraparound this morning since I left my wallet at the bar.

Select only one answer.
A) made to be wrapped around something and especially the body
B) Gross buildup between the toes
C) Someone who is the last person to leave a location and the first to come back in the morning
D) an expression of surprise

Respond with only the letter of your answer (A, B, C, or D).",A,2026-06-12T01:31:25.052252+00:00
395,2,row_194,Yapping,Insult,local_gptoss,C,B,B,False,True,"In the following sentence, what does ""Yapping"" mean?
Stop your yapping and get over here.

Select only one answer.
A) Crack cocaine
B) to talk in a shrill insistent way : chatter
C) Talking too much
D) a bad charisma

Respond with only the letter of your answer (A, B, C, or D).",B,2026-06-12T01:31:27.805367+00:00
396,2,row_195,Yeet,General,local_gptoss,A,,A,True,False,"In the following sentence, what does ""Yeet"" mean?
Think I can make this? Yeet!

Select only one answer.
A) Throwing something
B) A significant problem
C) To express disbelief
D) A significant other

Respond with only the letter of your answer (A, B, C, or D).",A,2026-06-12T01:31:34.903999+00:00
397,2,row_196,ying,Violence,local_gptoss,C,,C,True,False,"In the following sentence, what does ""ying"" mean?
I'll walk in swinging my ying.

Select only one answer.
A) To metaphorically die of laughter
B) Poorly dressed
C) A knife
D) Saying something secretive or to keep low profile

Respond with only the letter of your answer (A, B, C, or D).",C,2026-06-12T01:31:38.318223+00:00
398,2,row_197,yoyo,General,local_gptoss,D,A,D,True,False,"In the following sentence, what does ""yoyo"" mean?
We've helped you in the past, but yoyo this time.

Select only one answer.
A) a thick grooved double disk with a string attached to its center axle that is made to fall and rise to the hand by unwinding and rewinding on the string
B) A commonplace person
C) A term to discuss sexual experiences
D) You're on Your own

Respond with only the letter of your answer (A, B, C, or D).",D,2026-06-12T01:31:41.748621+00:00
399,2,row_198,Zaddy,Sexual,local_gptoss,A,,A,True,False,"In the following sentence, what does ""Zaddy"" mean?
I'm meeting up with my zaddy later tonight.

Select only one answer.
A) An attractive older man
B) To metaphorically die of laughter
C) A provocative dance
D) To keep secretive or obscure

Respond with only the letter of your answer (A, B, C, or D).",A,2026-06-12T01:31:42.397271+00:00
400,2,row_199,Zesty,Insult,local_gptoss,B,A,A,False,True,"In the following sentence, what does ""Zesty"" mean?
He's acting a bit zesty today.

Select only one answer.
A) having or characterized by zest : appealingly piquant or lively
B) A man that is feminine in nature
C) Acting crazily
D) To make a jawline more defined

Respond with only the letter of your answer (A, B, C, or D).",A,2026-06-12T01:31:43.128573+00:00
401,3,row_000,'done,Drugs,local_gptoss,B,,C,False,False,"In the following sentence, what does ""'done"" mean?
Do you have any of the 'done on you?

Select only one answer.
A) The greatest of all time
B) Methodone
C) A sexual relationship developed from situations without clear future intentions
D) To prepare for a fight

Respond with only the letter of your answer (A, B, C, or D).",C,2026-06-12T01:31:58.075490+00:00
402,3,row_001,6-6-6,Identity,local_gptoss,D,,D,True,False,"In the following sentence, what does ""6-6-6"" mean?
I only date a man who is a 6-6-6.

Select only one answer.
A) Someone that travels abroad with the sole purpose of having sex
B) A type of marijuana
C) I just burst out laughing
D) A rule used by some for dating that refers to someone who is six feet tall, has a 6 figure income, and has six-pack abs

Respond with only the letter of your answer (A, B, C, or D).",D,2026-06-12T01:31:59.780396+00:00
403,3,row_002,AF,General,local_gptoss,B,,B,True,False,"In the following sentence, what does ""AF"" mean?
Thats cool AF!

Select only one answer.
A) Someone who refused to wear a mask in covid times.
B) As Fuck
C) To make lifestyle changes to make your life more holistic
D) An all denim outfit

Respond with only the letter of your answer (A, B, C, or D).",B,2026-06-12T01:32:01.169514+00:00
404,3,row_003,aggy,Violence,local_gptoss,B,,B,True,False,"In the following sentence, what does ""aggy"" mean?
Why you so aggy?

Select only one answer.
A) A significant problem
B) to aggrivate
C) Someone who sitts around commenting about others
D) A man that takes care of children

Respond with only the letter of your answer (A, B, C, or D).",B,2026-06-12T01:32:04.752111+00:00
405,3,row_004,Alpha,Identity,local_gptoss,D,A,D,True,False,"In the following sentence, what does ""Alpha"" mean?
What an alpha chad.

Select only one answer.
A) the 1st letter of the Greek alphabet
B) Something that is reallly good.
C) The anus
D) A strong, leader who commands those around them

Respond with only the letter of your answer (A, B, C, or D).",D,2026-06-12T01:32:05.496842+00:00
406,3,row_005,ant,Sexual,local_gptoss,D,A,A,False,True,"In the following sentence, what does ""ant"" mean?
I came across a real ant at the club earlier.

Select only one answer.
A) any of a family (Formicidae) of colonial hymenopterous insects with a complex social organization and various castes performing special duties
B) Done or ruined
C) A dance move
D) A charismatic, sexy, and quick witted man

Respond with only the letter of your answer (A, B, C, or D).",A,2026-06-12T01:32:08.237163+00:00
407,3,row_006,archer,Identity,local_gptoss,C,A,A,False,True,"In the following sentence, what does ""archer"" mean?
Jim was an archer with her lies.

Select only one answer.
A) a person who uses a bow and arrow
B) Fuckboy, someone just looking for sex
C) A person who is very good at spotting a lie
D) Someone unappealing

Respond with only the letter of your answer (A, B, C, or D).",A,2026-06-12T01:32:13.383691+00:00
408,3,row_007,ASL,Sexual,local_gptoss,B,,B,True,False,"In the following sentence, what does ""ASL"" mean?
What's your ASL?

Select only one answer.
A) Someone who is very stubborn
B) Age Sex Location
C) To confim that something was completed to expectation
D) Somehting that is poor quality

Respond with only the letter of your answer (A, B, C, or D).",B,2026-06-12T01:32:14.051204+00:00
409,3,row_008,Aura Farming,Identity,local_gptoss,A,,B,False,False,"In the following sentence, what does ""Aura Farming"" mean?
That skateboard group is trying really hard to aura farm, but its not working.

Select only one answer.
A) Activities that involve cultivating ones Aura
B) To refer to ones imaginary audience like an internet steamer
C) Someone that tries really hard to impress their crush
D) To knock someone out

Respond with only the letter of your answer (A, B, C, or D).",B,2026-06-12T01:32:22.999765+00:00
410,3,row_009,babygirl,Sexual,local_gptoss,D,,D,True,False,"In the following sentence, what does ""babygirl"" mean?
Hey babygirl, whanna metup tonight?

Select only one answer.
A) Money
B) A mauser C96 pistol
C) when a reply gets more than the original post
D) An endeering term used towards ones significant other

Respond with only the letter of your answer (A, B, C, or D).",D,2026-06-12T01:32:24.116838+00:00
411,3,row_010,backoff,Sexual,local_gptoss,D,A,D,True,False,"In the following sentence, what does ""backoff"" mean?
That girl has a fat backoff!

Select only one answer.
A) back down
B) crazy or erratic
C) To check the mood of a situation
D) A large ass that stands out.

Respond with only the letter of your answer (A, B, C, or D).",D,2026-06-12T01:32:26.400455+00:00
412,3,row_011,Bae,Sexual,local_gptoss,A,,A,True,False,"In the following sentence, what does ""Bae"" mean?
She's my bae.

Select only one answer.
A) A significant other
B) A criminal that turned their life arpound and are legitimate
C) A term used to say that someone is online too much and needs to get back to real life
D) Short for happening

Respond with only the letter of your answer (A, B, C, or D).",A,2026-06-12T01:32:27.277272+00:00
413,3,row_012,bareface,Identity,local_gptoss,A,D,A,True,False,"In the following sentence, what does ""bareface"" mean?
I saw a group of barefaces at the store this morning, so I won't be going back.

Select only one answer.
A) Someone who refused to wear a mask in covid times.
B) Charisma
C) Someone who deliberatly acts in ways to annoy or anger a group of people online.
D) having a clear finish and no nap

Respond with only the letter of your answer (A, B, C, or D).",A,2026-06-12T01:32:29.805544+00:00
414,3,row_013,based,General,local_gptoss,C,B,B,False,True,"In the following sentence, what does ""based"" mean?
That show was based.

Select only one answer.
A) A reaction to something uncomfortable
B) having a specified type of base or basis —often used in combination
C) An unpopular opinion
D) When you are outnumbered in a fight and call black people for the win

Respond with only the letter of your answer (A, B, C, or D).",B,2026-06-12T01:32:33.842733+00:00
415,3,row_014,Basic,Identity,local_gptoss,C,D,C,True,False,"In the following sentence, what does ""Basic"" mean?
Shes so basic.

Select only one answer.
A) when a reply gets more than the original post
B) Mercedes Benz G class
C) Someone that is boring
D) of, relating to, or forming the base or essence : fundamental

Respond with only the letter of your answer (A, B, C, or D).",C,2026-06-12T01:32:35.209306+00:00
416,3,row_015,bb,Sexual,local_gptoss,D,B,D,True,False,"In the following sentence, what does ""bb"" mean?
Hey bb, lets grab some food.

Select only one answer.
A) Something that is messed up or not right.
B) a shot pellet 0.18 inch in diameter for use in a shotgun cartridge
C) A term to discuss sexual experiences
D) A term for baby that people will call their significant other.

Respond with only the letter of your answer (A, B, C, or D).",D,2026-06-12T01:32:37.151877+00:00
417,3,row_016,Bet,General,local_gptoss,C,B,C,True,False,"In the following sentence, what does ""Bet"" mean?
bet, lets go.

Select only one answer.
A) A significant other
B) something that is laid, staked, or pledged typically between two parties on the outcome of a contest or a contingent issue : wager —often used figuratively in such phrases as all bets are off to stress the uncertainty of an outcome
C) An affirmative agreement
D) The anus

Respond with only the letter of your answer (A, B, C, or D).",C,2026-06-12T01:32:38.094722+00:00
418,3,row_017,Beta,Identity,local_gptoss,C,D,C,True,False,"In the following sentence, what does ""Beta"" mean?
The beta's of the world aren't gonna like that.

Select only one answer.
A) Activities that involve cultivating ones Aura
B) Something untrue or unbeleivable
C) Someone weak or a follower
D) the 2nd letter of the Greek alphabet

Respond with only the letter of your answer (A, B, C, or D).",C,2026-06-12T01:32:39.715446+00:00
419,3,row_018,Bih,General,local_gptoss,C,,C,True,False,"In the following sentence, what does ""Bih"" mean?
Bih, what?

Select only one answer.
A) A loss or failure
B) Someone who is trying to get sexual attention overtly
C) Short for Bitch
D) Mediocre

Respond with only the letter of your answer (A, B, C, or D).",C,2026-06-12T01:32:46.726934+00:00
420,3,row_019,bine,Violence,local_gptoss,B,C,C,False,True,"In the following sentence, what does ""bine"" mean?
Load the nine with ine and selek it.

Select only one answer.
A) Fashionable or stylish
B) bullets
C) a twining stem or flexible shoot (as of the hop); also : a plant (such as woodbine) whose shoots are bines
D) Methodone

Respond with only the letter of your answer (A, B, C, or D).",C,2026-06-12T01:32:57.946586+00:00
421,3,row_020,blackup,Violence,local_gptoss,A,,C,False,False,"In the following sentence, what does ""blackup"" mean?
We are outnumbered. Call for black up.

Select only one answer.
A) When you are outnumbered in a fight and call black people for the win
B) To be high or drunk
C) to aggrivate
D) I just burst out laughing

Respond with only the letter of your answer (A, B, C, or D).",C,2026-06-12T01:33:05.224899+00:00
422,3,row_021,Brain Rot,General,local_gptoss,C,,C,True,False,"In the following sentence, what does ""Brain Rot"" mean?
Kids these days just sit around and watch brain rot.

Select only one answer.
A) A kilo of cocaine
B) Poorly dressed
C) The videos one find on social media that cause people to scroll and do nothign for hours
D) An insulting term to refer to someone as stupid

Respond with only the letter of your answer (A, B, C, or D).",C,2026-06-12T01:33:06.482370+00:00
423,3,row_022,brizzy,Drugs,local_gptoss,D,,D,True,False,"In the following sentence, what does ""brizzy"" mean?
Quickly, grab the brizzy.

Select only one answer.
A) Someone who acts tries to act entertaining and amuzingly relentlessly
B) Get to the point
C) Someone that is too much of a fan of something
D) A kilo of cocaine

Respond with only the letter of your answer (A, B, C, or D).",D,2026-06-12T01:33:12.228493+00:00
424,3,row_023,broomhandle,Violence,local_gptoss,B,,A,False,False,"In the following sentence, what does ""broomhandle"" mean?
Get your broomhandle, we gotta go.

Select only one answer.
A) Ending the discussion on a topic
B) A mauser C96 pistol
C) when a reply gets more than the original post
D) Down to fuck

Respond with only the letter of your answer (A, B, C, or D).",A,2026-06-12T01:33:20.039894+00:00
425,3,row_024,bruh!,General,local_gptoss,D,A,D,True,False,"In the following sentence, what does ""bruh!"" mean?
Bruh! What was that?

Select only one answer.
A) brother
B) To refer to ones imaginary audience like an internet steamer
C) Someone acting aggressively and out of control
D) Used to address friends with exasperation, releif, or disbeleif.

Respond with only the letter of your answer (A, B, C, or D).",D,2026-06-12T01:33:21.966152+00:00
426,3,row_025,Bruzz,General,local_gptoss,B,,B,True,False,"In the following sentence, what does ""Bruzz"" mean?
Whats up bruzz?

Select only one answer.
A) Go in 100% on something
B) A term for friends
C) Short for Bitch
D) A strong, leader who commands those around them

Respond with only the letter of your answer (A, B, C, or D).",B,2026-06-12T01:33:25.082215+00:00
427,3,row_026,Bussin',General,local_gptoss,B,,B,True,False,"In the following sentence, what does ""Bussin'"" mean?
This pizza is bussin, on god!

Select only one answer.
A) To show off
B) Very good
C) Something that is messed up or not right.
D) Men that lack masculine characteristics

Respond with only the letter of your answer (A, B, C, or D).",B,2026-06-12T01:33:25.780251+00:00
428,3,row_027,Cake,Sexual,local_gptoss,A,B,A,True,False,"In the following sentence, what does ""Cake"" mean?
Shes looking real caked up!

Select only one answer.
A) A reference for ass
B) a breadlike food made from a dough or batter that is usually fried or baked in small flat shapes and is often unleavened
C) To express disbelief
D) Weak or effeminate

Respond with only the letter of your answer (A, B, C, or D).",A,2026-06-12T01:33:39.485553+00:00
429,3,row_028,Cap,General,local_gptoss,C,B,C,True,False,"In the following sentence, what does ""Cap"" mean?
You're cappin. No way.

Select only one answer.
A) Fashionable or stylish
B) a head covering especially with a visor and no brim
C) Something untrue or unbeleivable
D) Something that is messed up or not right.

Respond with only the letter of your answer (A, B, C, or D).",C,2026-06-12T01:33:40.799799+00:00
430,3,row_029,Chad,Identity,local_gptoss,A,C,A,True,False,"In the following sentence, what does ""Chad"" mean?
That was a total chad move.

Select only one answer.
A) A stereotypical alpha male that is strong, handsome, and attracts women.
B) A sexual relationship developed from situations without clear future intentions
C) small pieces of paper or cardboard produced in punching paper tape or data cards; also : a piece of chad.
D) To metaphorically die of laughter

Respond with only the letter of your answer (A, B, C, or D).",A,2026-06-12T01:33:48.441832+00:00
431,3,row_030,Chaddam,Identity,local_gptoss,B,,D,False,False,"In the following sentence, what does ""Chaddam"" mean?
Did you see the chaddam at the restraunt earlier?

Select only one answer.
A) Saying something secretive or to keep low profile
B) An incel term for an attractive middle eastern man
C) A term used to describe a baby raised in a gender neutral environment
D) Mediocre

Respond with only the letter of your answer (A, B, C, or D).",D,2026-06-12T01:33:53.733813+00:00
432,3,row_031,Chang,Drugs,local_gptoss,A,,A,True,False,"In the following sentence, what does ""Chang"" mean?
Hey , you got a hookup for chang?

Select only one answer.
A) cocaine
B) A term for bringing someone over to watch some netflix and then have sex.
C) An insult commonly used in sports
D) To focus on making one as physically attractive as possible

Respond with only the letter of your answer (A, B, C, or D).",A,2026-06-12T01:33:59.349405+00:00
433,3,row_032,Chat,General,local_gptoss,D,A,D,True,False,"In the following sentence, what does ""Chat"" mean?
Chat, how does this look?

Select only one answer.
A) chatter, prattle
B) A term for bringing someone over to watch some netflix and then have sex.
C) Get to the point
D) To refer to ones imaginary audience like an internet steamer

Respond with only the letter of your answer (A, B, C, or D).",D,2026-06-12T01:34:04.852937+00:00
434,3,row_033,Cheeks,General,local_gptoss,B,D,C,False,False,"In the following sentence, what does ""Cheeks"" mean?
That movie was cheeks.

Select only one answer.
A) To be skeptical about something
B) Somehting that is poor quality
C) Something that is reallly good.
D) the fleshy side of the face below the eye and above and to the side of the mouth

Respond with only the letter of your answer (A, B, C, or D).",C,2026-06-12T01:34:08.498391+00:00
435,3,row_034,chenta,Insult,local_gptoss,A,,A,True,False,"In the following sentence, what does ""chenta"" mean?
You are looking really chenta.

Select only one answer.
A) Something ugly or unattractive
B) An expression of disappointment
C) An endeering term used towards ones significant other
D) A loud and messy conflict

Respond with only the letter of your answer (A, B, C, or D).",A,2026-06-12T01:34:12.225377+00:00
436,3,row_035,cheugy,Insult,local_gptoss,B,,B,True,False,"In the following sentence, what does ""cheugy"" mean?
That girl had such a cheugy outfit.

Select only one answer.
A) An attractive older man
B) Somehting uncool or unfashionable
C) As Fuck
D) Used to address friends with exasperation, releif, or disbeleif.

Respond with only the letter of your answer (A, B, C, or D).",B,2026-06-12T01:34:13.531210+00:00
437,3,row_036,chi-mo,Identity,local_gptoss,B,,B,True,False,"In the following sentence, what does ""chi-mo"" mean?
Go fuck that chi-mo up.

Select only one answer.
A) To give sympathy or signify a failure
B) A chlid molestor
C) Something done regularly
D) To metaphorically die of laughter

Respond with only the letter of your answer (A, B, C, or D).",B,2026-06-12T01:34:25.183904+00:00
438,3,row_037,Chungus,General,local_gptoss,D,,D,True,False,"In the following sentence, what does ""Chungus"" mean?
Thats a very chungus pizza.

Select only one answer.
A) A term used by incels to refer to women in a way that dehumanizes them.
B) Nonsensical term
C) An insult saying that the problem is due to lack of skill rather then luck
D) Something that is adorably and chunky

Respond with only the letter of your answer (A, B, C, or D).",D,2026-06-12T01:34:27.915906+00:00
439,3,row_038,Clocked,Violence,local_gptoss,C,D,D,False,True,"In the following sentence, what does ""Clocked"" mean?
He totally clocked that guy.

Select only one answer.
A) A man that takes care of children
B) Talking too much
C) When something hidden gets called out
D) to time with a stopwatch or by an electric timing device

Respond with only the letter of your answer (A, B, C, or D).",D,2026-06-12T01:34:37.770469+00:00
440,3,row_039,Cooked,General,local_gptoss,D,A,D,True,False,"In the following sentence, what does ""Cooked"" mean?
You're cooked

Select only one answer.
A) past tense and past participle of cook
B) Used to address friends with exasperation, releif, or disbeleif.
C) To do somethign very well
D) Done or ruined

Respond with only the letter of your answer (A, B, C, or D).",D,2026-06-12T01:34:39.379493+00:00
441,3,row_040,coota suit,Identity,local_gptoss,B,,D,False,False,"In the following sentence, what does ""coota suit"" mean?
Im gonna hit the town in my coota suit.

Select only one answer.
A) Fuckboy, someone just looking for sex
B) An all denim outfit
C) To refer to ones imaginary audience like an internet steamer
D) Main Character - Someone that acts as if they are the star of a story

Respond with only the letter of your answer (A, B, C, or D).",D,2026-06-12T01:34:42.217846+00:00
442,3,row_041,Crashout,General,local_gptoss,D,B,D,True,False,"In the following sentence, what does ""Crashout"" mean?
Jen had a total crashout after her breakup

Select only one answer.
A) To express disappointment dramatically
B) a vehicular crash
C) The greatest of all time
D) An emotional meltdown

Respond with only the letter of your answer (A, B, C, or D).",D,2026-06-12T01:34:43.656843+00:00
443,3,row_042,Cringe,General,local_gptoss,C,,C,True,False,"In the following sentence, what does ""Cringe"" mean?
Did you hear that pickup line? It was totally cringe!

Select only one answer.
A) something intense, aggressive, and unfiltered
B) Down to fuck
C) to recoil in distaste
D) Something suspicious

Respond with only the letter of your answer (A, B, C, or D).",C,2026-06-12T01:34:44.815174+00:00
444,3,row_043,crower,Insult,local_gptoss,D,,D,True,False,"In the following sentence, what does ""crower"" mean?
Stop sitting around and being a crower

Select only one answer.
A) To make a jawline more defined
B) fake soft penises and testicles designed to give a 'male' bulge to the crotches of female-to-male transsexuals.
C) An affirmative agreement
D) Someone who sitts around commenting about others

Respond with only the letter of your answer (A, B, C, or D).",D,2026-06-12T01:34:47.530264+00:00
445,3,row_044,cuck,Insult,local_gptoss,B,D,D,False,True,"In the following sentence, what does ""cuck"" mean?
That guy must be a cuck letting his wife talk to others like that.

Select only one answer.
A) an expression of surprise
B) A term for someone that enjoys watching their wife have sex with another man
C) Gossip
D) a man whose wife is unfaithful : cuckold

Respond with only the letter of your answer (A, B, C, or D).",D,2026-06-12T01:34:50.578783+00:00
446,3,row_045,d-low,General,local_gptoss,B,,B,True,False,"In the following sentence, what does ""d-low"" mean?
Keep it on the d-low, okay?

Select only one answer.
A) A charismatic, sexy, and quick witted man
B) To keep secretive or obscure
C) To win
D) A distinct trait, style, or outfit, often used in drag culture

Respond with only the letter of your answer (A, B, C, or D).",B,2026-06-12T01:34:52.736219+00:00
447,3,row_046,daggers,General,local_gptoss,A,B,A,True,False,"In the following sentence, what does ""daggers"" mean?
Lets hit the dance floor and do the start daggering.

Select only one answer.
A) A provocative dance
B) a sharp pointed knife for stabbing
C) A term for friends
D) To do somethign very well

Respond with only the letter of your answer (A, B, C, or D).",A,2026-06-12T01:34:57.264574+00:00
448,3,row_047,Ded,General,local_gptoss,A,,A,True,False,"In the following sentence, what does ""Ded"" mean?
I'm ded

Select only one answer.
A) To metaphorically die of laughter
B) Something done regularly
C) You're on Your own
D) Fashionable or stylish

Respond with only the letter of your answer (A, B, C, or D).",A,2026-06-12T01:35:00.072277+00:00
449,3,row_048,Delulu,General,local_gptoss,D,,D,True,False,"In the following sentence, what does ""Delulu"" mean?
I'm feeling delulu after that show.

Select only one answer.
A) A cigarette
B) the playful act of taking a friend's food
C) something intense, aggressive, and unfiltered
D) Delusional

Respond with only the letter of your answer (A, B, C, or D).",D,2026-06-12T01:35:01.764822+00:00
450,3,row_049,Dog water,Insult,local_gptoss,A,,A,True,False,"In the following sentence, what does ""Dog water"" mean?
You are playing like dog water.

Select only one answer.
A) Something low quality or bad
B) A criminal that turned their life arpound and are legitimate
C) Methodone
D) Something suspicious

Respond with only the letter of your answer (A, B, C, or D).",A,2026-06-12T01:35:03.615131+00:00
451,3,row_050,doommaxxing,Identity,local_gptoss,C,,C,True,False,"In the following sentence, what does ""doommaxxing"" mean?
I'm just gonna be doommaxxing all weekend.

Select only one answer.
A) someone that looks ordinary but is actually very strong
B) An endeering term used towards ones significant other
C) The abandonment of responsibilities
D) To express disappointment dramatically

Respond with only the letter of your answer (A, B, C, or D).",C,2026-06-12T01:35:05.621696+00:00
452,3,row_051,Dope,General,local_gptoss,B,D,B,True,False,"In the following sentence, what does ""Dope"" mean?
That car is dope.

Select only one answer.
A) Fashionable or stylish
B) Cool
C) Something that is messed up or not right.
D) a stupid person

Respond with only the letter of your answer (A, B, C, or D).",B,2026-06-12T01:35:06.587068+00:00
453,3,row_052,Drip,Identity,local_gptoss,D,C,D,True,False,"In the following sentence, what does ""Drip"" mean?
How is the drip?

Select only one answer.
A) To win
B) Get to the point
C) to let fall in drops
D) Stylish or flashy outfit style

Respond with only the letter of your answer (A, B, C, or D).",D,2026-06-12T01:35:08.311744+00:00
454,3,row_053,DTF,Sexual,local_gptoss,B,,B,True,False,"In the following sentence, what does ""DTF"" mean?
She was totally DTF after the first date.

Select only one answer.
A) To give sympathy or signify a failure
B) Down to fuck
C) A large ass that stands out.
D) The videos one find on social media that cause people to scroll and do nothign for hours

Respond with only the letter of your answer (A, B, C, or D).",B,2026-06-12T01:35:09.708210+00:00
455,3,row_054,dubs,General,local_gptoss,D,B,D,True,False,"In the following sentence, what does ""dubs"" mean?
Take home the dubs!

Select only one answer.
A) Someone unappealing
B) to add (sound effects or new dialogue) to a film or to a radio or television production —usually used with in
C) To be skeptical about something
D) To win

Respond with only the letter of your answer (A, B, C, or D).",D,2026-06-12T01:35:10.308253+00:00
456,3,row_055,epi,General,local_gptoss,C,,C,True,False,"In the following sentence, what does ""epi"" mean?
Watch out, hes going through an epi.

Select only one answer.
A) To check the mood of a situation
B) Something low quality or bad
C) Epileptic fit from a synthetic canabis
D) A reference for ass

Respond with only the letter of your answer (A, B, C, or D).",C,2026-06-12T01:35:17.371379+00:00
457,3,row_056,F,General,local_gptoss,C,A,C,True,False,"In the following sentence, what does ""F"" mean?
I almost had that one. F.

Select only one answer.
A) the 6th letter of the English alphabet
B) Used to address friends with exasperation, releif, or disbeleif.
C) To give sympathy or signify a failure
D) To keep secretive or obscure

Respond with only the letter of your answer (A, B, C, or D).",C,2026-06-12T01:35:20.130730+00:00
458,3,row_057,Fanum Tax,General,local_gptoss,C,,A,False,False,"In the following sentence, what does ""Fanum Tax"" mean?
I was at dinner with my girl and she fanum taxed me.

Select only one answer.
A) Something low quality or bad
B) A descriptor for an attractive person
C) the playful act of taking a friend's food
D) Someone unappealing

Respond with only the letter of your answer (A, B, C, or D).",A,2026-06-12T01:35:35.558880+00:00
459,3,row_058,FBOI,Sexual,local_gptoss,B,,B,True,False,"In the following sentence, what does ""FBOI"" mean?
She just needs a FBOI to gegt out of her slump.

Select only one answer.
A) Someone who refused to wear a mask in covid times.
B) Fuckboy, someone just looking for sex
C) Something that is better then everything else
D) To win

Respond with only the letter of your answer (A, B, C, or D).",B,2026-06-12T01:35:38.659348+00:00
460,3,row_059,Fire,General,local_gptoss,A,B,A,True,False,"In the following sentence, what does ""Fire"" mean?
That game war fire!

Select only one answer.
A) Something really good
B) the phenomenon of combustion manifested in light, flame, and heat
C) Cancer
D) someone that looks ordinary but is actually very strong

Respond with only the letter of your answer (A, B, C, or D).",A,2026-06-12T01:35:39.970460+00:00
461,3,row_060,Flex,General,local_gptoss,A,C,A,True,False,"In the following sentence, what does ""Flex"" mean?
Vinny with the car flex.

Select only one answer.
A) To show off
B) to aggrivate
C) to bend especially repeatedly
D) bullets

Respond with only the letter of your answer (A, B, C, or D).",A,2026-06-12T01:35:41.567930+00:00
462,3,row_061,foid,Insult,local_gptoss,D,,D,True,False,"In the following sentence, what does ""foid"" mean?
Their was this group of foids at the store earlier, I couldn't satnd them!

Select only one answer.
A) I just burst out laughing
B) An expression of disbelief
C) Men that lack masculine characteristics
D) A term used by incels to refer to women in a way that dehumanizes them.

Respond with only the letter of your answer (A, B, C, or D).",D,2026-06-12T01:35:50.385545+00:00
463,3,row_062,Fuckboy,Sexual,local_gptoss,A,,A,True,False,"In the following sentence, what does ""Fuckboy"" mean?
That guy gave off total fuckboy energy.

Select only one answer.
A) Fuckboy, someone just looking for sex
B) Very good
C) Ironically used to describe one as unique
D) cocaine

Respond with only the letter of your answer (A, B, C, or D).",A,2026-06-12T01:35:51.721154+00:00
464,3,row_063,fuckwhistle,Insult,local_gptoss,D,,D,True,False,"In the following sentence, what does ""fuckwhistle"" mean?
Get out of here you fuckwhistle!

Select only one answer.
A) A strong, leader who commands those around them
B) A type of marijuana
C) Someone who sitts around commenting about others
D) An insulting term to refer to someone as stupid

Respond with only the letter of your answer (A, B, C, or D).",D,2026-06-12T01:35:53.675572+00:00
465,3,row_064,Full send,General,local_gptoss,A,,A,True,False,"In the following sentence, what does ""Full send"" mean?
I'm about to full send on this test!

Select only one answer.
A) Go in 100% on something
B) An older person who is out of touch
C) Something very good
D) A kilo of cocaine

Respond with only the letter of your answer (A, B, C, or D).",A,2026-06-12T01:35:55.855701+00:00
466,3,row_065,FWB,Sexual,local_gptoss,C,,C,True,False,"In the following sentence, what does ""FWB"" mean?
Yea, we started a FWB sort of thing.

Select only one answer.
A) To do something impressive
B) a significant other
C) Friends with benefits
D) Something suspicious

Respond with only the letter of your answer (A, B, C, or D).",C,2026-06-12T01:35:56.870676+00:00
467,3,row_066,G-wagon,General,local_gptoss,C,,C,True,False,"In the following sentence, what does ""G-wagon"" mean?
Yo, check out that g-wagon!

Select only one answer.
A) Someone acting aggressively and out of control
B) You're on Your own
C) Mercedes Benz G class
D) Someone that is too left leaning politically

Respond with only the letter of your answer (A, B, C, or D).",C,2026-06-12T01:35:58.659550+00:00
468,3,row_067,gabadost,Identity,local_gptoss,D,,D,True,False,"In the following sentence, what does ""gabadost"" mean?
Did you even listen to me? Gabadost!

Select only one answer.
A) Mediocre
B) An independent, strong person
C) to recoil in distaste
D) Someone who is very stubborn

Respond with only the letter of your answer (A, B, C, or D).",D,2026-06-12T01:36:02.593821+00:00
469,3,row_068,Giga Chad,Identity,local_gptoss,C,,C,True,False,"In the following sentence, what does ""Giga Chad"" mean?
Did you see how he lifted that? What a giga chad.

Select only one answer.
A) A strong, leader who commands those around them
B) Someone who prepares for doomsday scenarios
C) A near superhuman perfect male
D) Men that lack masculine characteristics

Respond with only the letter of your answer (A, B, C, or D).",C,2026-06-12T01:36:03.611754+00:00
470,3,row_069,Glazing,Insult,local_gptoss,B,A,B,True,False,"In the following sentence, what does ""Glazing"" mean?
Stop glazing over One Piece, its not that good.

Select only one answer.
A) the action, process, or trade of fitting windows with glass
B) Someone that is too much of a fan of something
C) Go in 100% on something
D) drunk

Respond with only the letter of your answer (A, B, C, or D).",B,2026-06-12T01:36:11.664598+00:00
471,3,row_070,Glee,Violence,local_gptoss,C,D,D,False,True,"In the following sentence, what does ""Glee"" mean?
Grab your glee and get outta here!

Select only one answer.
A) Used to mock someone who doesnt think for themselves, says things repeatedly, or has no opinions
B) Someone that travels abroad with the sole purpose of having sex
C) A glock pistol
D) exultant high-spirited joy : merriment

Respond with only the letter of your answer (A, B, C, or D).",D,2026-06-12T01:36:13.164144+00:00
472,3,row_071,glitter,Identity,local_gptoss,C,B,B,False,True,"In the following sentence, what does ""glitter"" mean?
Go out htere and glittter!

Select only one answer.
A) Crack cocaine
B) to shine by reflection with many small flashes of brilliant light : sparkle
C) A term to support someone going through a gender change.
D) A homosexual cowboy

Respond with only the letter of your answer (A, B, C, or D).",B,2026-06-12T01:36:14.371981+00:00
473,3,row_072,glizzy,General,local_gptoss,A,,A,True,False,"In the following sentence, what does ""glizzy"" mean?
Hey, lets grab some costco glizzys before we go.

Select only one answer.
A) A hot dog
B) I just burst out laughing
C) To be fierce and unapologetic withing a social situation
D) Gossip

Respond with only the letter of your answer (A, B, C, or D).",A,2026-06-12T01:36:15.927567+00:00
474,3,row_073,Goated,General,local_gptoss,D,,D,True,False,"In the following sentence, what does ""Goated"" mean?
That play was goated

Select only one answer.
A) To confim that something was completed to expectation
B) A term of endearment for a significant other
C) intensely and openely say something true
D) The greatest of all time

Respond with only the letter of your answer (A, B, C, or D).",D,2026-06-12T01:36:17.479589+00:00
475,3,row_074,Gooning,Sexual,local_gptoss,D,,D,True,False,"In the following sentence, what does ""Gooning"" mean?
He looks like he was gooning all break

Select only one answer.
A) Someone that is boring
B) to aggrivate
C) A term used to describe a baby raised in a gender neutral environment
D) Prolonged masturbation

Respond with only the letter of your answer (A, B, C, or D).",D,2026-06-12T01:36:18.374287+00:00
476,3,row_075,goonmaxxing,Identity,local_gptoss,C,,C,True,False,"In the following sentence, what does ""goonmaxxing"" mean?
He's been spending all summer goonmaxxing in his room

Select only one answer.
A) Age Sex Location
B) Something that is messed up or not right.
C) To mastrubate for extremeely long period regularly
D) To be high or drunk

Respond with only the letter of your answer (A, B, C, or D).",C,2026-06-12T01:36:20.404889+00:00
477,3,row_076,gouda,General,local_gptoss,D,C,C,False,True,"In the following sentence, what does ""gouda"" mean?
Stop being so gouda.

Select only one answer.
A) To keep secretive or obscure
B) Someone acting aggressively and out of control
C) a mild cheese of Dutch origin that is similar to Edam but contains more fat
D) Someone unappealing

Respond with only the letter of your answer (A, B, C, or D).",C,2026-06-12T01:36:27.398246+00:00
478,3,row_077,greazy,Insult,local_gptoss,C,,A,False,False,"In the following sentence, what does ""greazy"" mean?
You lookin greazy today.

Select only one answer.
A) Something really good
B) A near superhuman perfect male
C) Poorly dressed
D) A distinct trait, style, or outfit, often used in drag culture

Respond with only the letter of your answer (A, B, C, or D).",A,2026-06-12T01:36:35.744900+00:00
479,3,row_078,Griddy,General,local_gptoss,A,,A,True,False,"In the following sentence, what does ""Griddy"" mean?
Hit the griddy!

Select only one answer.
A) A dance move
B) to recoil in distaste
C) Cool
D) A near superhuman perfect male

Respond with only the letter of your answer (A, B, C, or D).",A,2026-06-12T01:36:36.666028+00:00
480,3,row_079,grips up,Violence,local_gptoss,B,,B,True,False,"In the following sentence, what does ""grips up"" mean?
grips up, we gotta head out.

Select only one answer.
A) An expression of disappointment
B) To prepare for a fight
C) Fuckboy, someone just looking for sex
D) an expression of surprise

Respond with only the letter of your answer (A, B, C, or D).",B,2026-06-12T01:36:38.826399+00:00
481,3,row_080,Gyatt,General,local_gptoss,A,,C,False,False,"In the following sentence, what does ""Gyatt"" mean?
Oh, my gyatt, I really wanna see you.

Select only one answer.
A) an expression of surprise
B) Another term that stands for that hoe over there
C) sweet talk
D) Ironically used to describe one as unique

Respond with only the letter of your answer (A, B, C, or D).",C,2026-06-12T01:36:48.920910+00:00
482,3,row_081,haps,General,local_gptoss,A,,A,True,False,"In the following sentence, what does ""haps"" mean?
haps tonight?

Select only one answer.
A) Short for happening
B) Ironically used to describe one as unique
C) To tie up an arm to isolate a vein for injecting a drug
D) Mercedes Benz G class

Respond with only the letter of your answer (A, B, C, or D).",A,2026-06-12T01:36:50.628984+00:00
483,3,row_082,hem up,General,local_gptoss,C,,B,False,False,"In the following sentence, what does ""hem up"" mean?
Bro, don't hem up.

Select only one answer.
A) Mercedes Benz G class
B) A distinct trait, style, or outfit, often used in drag culture
C) To get arrested
D) Down to fuck

Respond with only the letter of your answer (A, B, C, or D).",B,2026-06-12T01:36:57.824899+00:00
484,3,row_083,highkey,General,local_gptoss,B,D,B,True,False,"In the following sentence, what does ""highkey"" mean?
Highkey, this place is great!

Select only one answer.
A) Something that appears mundane but has hidden potential
B) intensely and openely say something true
C) To be honest about something
D) having or producing light tones only with little contrast —used of a photographic print or subject or of the lighting of a photographic subject

Respond with only the letter of your answer (A, B, C, or D).",B,2026-06-12T01:37:00.375882+00:00
485,3,row_084,Hits different,General,local_gptoss,C,,C,True,False,"In the following sentence, what does ""Hits different"" mean?
This hot dog hits different.

Select only one answer.
A) The vagina
B) To make lifestyle changes to make your life more holistic
C) Something very good
D) Someone weak or a follower

Respond with only the letter of your answer (A, B, C, or D).",C,2026-06-12T01:37:01.831325+00:00
486,3,row_085,Ick,Insult,local_gptoss,D,,D,True,False,"In the following sentence, what does ""Ick"" mean?
His hairdue gave me the ick.

Select only one answer.
A) Very good
B) A glock pistol
C) A term used to describe a baby raised in a gender neutral environment
D) A sudden feeling of disguest or repultion towards someone.

Respond with only the letter of your answer (A, B, C, or D).",D,2026-06-12T01:37:02.898702+00:00
487,3,row_086,IJBOL,General,local_gptoss,A,,A,True,False,"In the following sentence, what does ""IJBOL"" mean?
That was aso funny. IJBOL!

Select only one answer.
A) I just burst out laughing
B) Someone that travels abroad with the sole purpose of having sex
C) Money
D) Someone who acts tries to act entertaining and amuzingly relentlessly

Respond with only the letter of your answer (A, B, C, or D).",A,2026-06-12T01:37:05.641582+00:00
488,3,row_087,Ipad Kid,General,local_gptoss,A,,A,True,False,"In the following sentence, what does ""Ipad Kid"" mean?
They are just a bunch of Ipad kids.

Select only one answer.
A) used to mock spoiled kids
B) A dance move
C) A commonplace person
D) an expression of surprise

Respond with only the letter of your answer (A, B, C, or D).",A,2026-06-12T01:37:07.248758+00:00
489,3,row_088,Jebaited,General,local_gptoss,C,,C,True,False,"In the following sentence, what does ""Jebaited"" mean?
Get jebaited!

Select only one answer.
A) A term used by incels to refer to women in a way that dehumanizes them.
B) I just burst out laughing
C) To manipulated, trick, or fool someone
D) A significant problem

Respond with only the letter of your answer (A, B, C, or D).",C,2026-06-12T01:37:08.344057+00:00
490,3,row_089,jestermaxxing,Identity,local_gptoss,D,,D,True,False,"In the following sentence, what does ""jestermaxxing"" mean?
Tommy's jestermaxxing in class just to annoy the teacher.

Select only one answer.
A) To shoot ones shot.
B) A descriptor for an attractive person
C) To manipulated, trick, or fool someone
D) Someone who acts tries to act entertaining and amuzingly relentlessly

Respond with only the letter of your answer (A, B, C, or D).",D,2026-06-12T01:37:10.736814+00:00
491,3,row_090,Jit,Insult,local_gptoss,A,,A,True,False,"In the following sentence, what does ""Jit"" mean?
Who is this jit?

Select only one answer.
A) Someone younger
B) To express disappointment dramatically
C) A kilo of cocaine
D) Used to refer to the social media platforms one uses

Respond with only the letter of your answer (A, B, C, or D).",A,2026-06-12T01:37:22.170668+00:00
492,3,row_091,K.Y. cowboy,Insult,local_gptoss,B,,D,False,False,"In the following sentence, what does ""K.Y. cowboy"" mean?
Stop being such a K.Y. cowboy.

Select only one answer.
A) To make lifestyle changes to make your life more holistic
B) A homosexual cowboy
C) To knock someone out
D) something intense, aggressive, and unfiltered

Respond with only the letter of your answer (A, B, C, or D).",D,2026-06-12T01:37:23.830715+00:00
493,3,row_092,keep it 100,General,local_gptoss,D,,D,True,False,"In the following sentence, what does ""keep it 100"" mean?
Keep it 100, dod you see her last night?

Select only one answer.
A) Fuckboy, someone just looking for sex
B) a live-action role-playing game in which a group of people enacts a fictional scenario (such as a fantasy adventure) in real time typically under the guidance of a facilitator or organizer; also : the activity of participating in such games : larping
C) cocaine
D) To be honest about something

Respond with only the letter of your answer (A, B, C, or D).",D,2026-06-12T01:37:24.637358+00:00
494,3,row_093,KHHV,Insult,local_gptoss,D,,D,True,False,"In the following sentence, what does ""KHHV"" mean?
Looks like a total KHHV.

Select only one answer.
A) An emotional meltdown
B) An affirmative agreement
C) Someone who sitts around commenting about others
D) An incel term meaning kissless, hugless, handholdless virgin

Respond with only the letter of your answer (A, B, C, or D).",D,2026-06-12T01:37:33.476440+00:00
495,3,row_094,knot off,Drugs,local_gptoss,B,,B,True,False,"In the following sentence, what does ""knot off"" mean?
Get ready to knot off, I have the H.

Select only one answer.
A) To metaphorically die of laughter
B) To tie up an arm to isolate a vein for injecting a drug
C) Acting crazily
D) A reference for ass

Respond with only the letter of your answer (A, B, C, or D).",B,2026-06-12T01:37:39.101585+00:00
496,3,row_095,kweff,Violence,local_gptoss,C,,C,True,False,"In the following sentence, what does ""kweff"" mean?
Lock, aim, and kweff.

Select only one answer.
A) A term for bringing someone over to watch some netflix and then have sex.
B) Something that is adorably and chunky
C) To stab or shoot
D) Someone who acts tries to act entertaining and amuzingly relentlessly

Respond with only the letter of your answer (A, B, C, or D).",C,2026-06-12T01:37:42.181491+00:00
497,3,row_096,L,General,local_gptoss,A,C,A,True,False,"In the following sentence, what does ""L"" mean?
We took the L at the basketball match.

Select only one answer.
A) A loss or failure
B) Weak or effeminate
C) the 12th letter of the English alphabet
D) You're on Your own

Respond with only the letter of your answer (A, B, C, or D).",A,2026-06-12T01:37:43.778119+00:00
498,3,row_097,lacag,General,local_gptoss,D,,D,True,False,"In the following sentence, what does ""lacag"" mean?
I'll be out making lacag.

Select only one answer.
A) to recoil in distaste
B) Main Character - Someone that acts as if they are the star of a story
C) The abandonment of responsibilities
D) Money

Respond with only the letter of your answer (A, B, C, or D).",D,2026-06-12T01:37:44.848404+00:00
499,3,row_098,larp,General,local_gptoss,B,,B,True,False,"In the following sentence, what does ""larp"" mean?
I went to a LARP at the park this weekend.

Select only one answer.
A) Someone that is too much of a fan of something
B) a live-action role-playing game in which a group of people enacts a fictional scenario (such as a fantasy adventure) in real time typically under the guidance of a facilitator or organizer; also : the activity of participating in such games : larping
C) Nonsensical term
D) An older person who is out of touch

Respond with only the letter of your answer (A, B, C, or D).",B,2026-06-12T01:37:45.501539+00:00
500,3,row_099,lewk,General,local_gptoss,A,,A,True,False,"In the following sentence, what does ""lewk"" mean?
Jim is using his signature lewk tonight.

Select only one answer.
A) A distinct trait, style, or outfit, often used in drag culture
B) Cancer
C) An insulting term to refer to someone as stupid
D) A charismatic, sexy, and quick witted man

Respond with only the letter of your answer (A, B, C, or D).",A,2026-06-12T01:37:47.198129+00:00
501,3,row_100,lidge,General,local_gptoss,D,,D,True,False,"In the following sentence, what does ""lidge"" mean?
I'm gettin money lidge.

Select only one answer.
A) Someone who prepares for doomsday scenarios
B) To stab or shoot
C) Something that is adorably and chunky
D) A criminal that turned their life arpound and are legitimate

Respond with only the letter of your answer (A, B, C, or D).",D,2026-06-12T01:37:50.911896+00:00
502,3,row_101,lifemaxxing,Identity,local_gptoss,D,,D,True,False,"In the following sentence, what does ""lifemaxxing"" mean?
Shes's reallly been trying to lifemax these past few months.

Select only one answer.
A) Someone acting aggressively and out of control
B) bullets
C) To be skeptical about something
D) To make lifestyle changes to make your life more holistic

Respond with only the letter of your answer (A, B, C, or D).",D,2026-06-12T01:37:52.302985+00:00
503,3,row_102,looksmaxxing,Identity,local_gptoss,B,,B,True,False,"In the following sentence, what does ""looksmaxxing"" mean?
The looksmaxxing community

Select only one answer.
A) A criminal that turned their life arpound and are legitimate
B) To focus on making one as physically attractive as possible
C) crazy or erratic
D) to recoil in distaste

Respond with only the letter of your answer (A, B, C, or D).",B,2026-06-12T01:37:53.725185+00:00
504,3,row_103,lotion,General,local_gptoss,A,C,C,False,True,"In the following sentence, what does ""lotion"" mean?
Lemme go lotion her up for you.

Select only one answer.
A) sweet talk
B) A term used to say that someone is online too much and needs to get back to real life
C) a liquid preparation for cosmetic or external medicinal use
D) Another term that stands for that hoe over there

Respond with only the letter of your answer (A, B, C, or D).",C,2026-06-12T01:38:00.927107+00:00
505,3,row_104,Low Key,General,local_gptoss,A,C,A,True,False,"In the following sentence, what does ""Low Key"" mean?
Low key, I want some ice cream.

Select only one answer.
A) Saying something secretive or to keep low profile
B) the playful act of taking a friend's food
C) having or producing dark tones only with little contrast
D) A rule used by some for dating that refers to someone who is six feet tall, has a 6 figure income, and has six-pack abs

Respond with only the letter of your answer (A, B, C, or D).",A,2026-06-12T01:38:01.957355+00:00
506,3,row_105,main character,General,local_gptoss,C,,C,True,False,"In the following sentence, what does ""main character"" mean?
You give off main character energy.

Select only one answer.
A) An attractive older man
B) Someone younger
C) Main Character - Someone that acts as if they are the star of a story
D) Nonsensical term

Respond with only the letter of your answer (A, B, C, or D).",C,2026-06-12T01:38:02.546470+00:00
507,3,row_106,manny,Insult,local_gptoss,D,,A,False,False,"In the following sentence, what does ""manny"" mean?
Look at the guy, he's just a manny.

Select only one answer.
A) An expression of disappointment
B) Done or ruined
C) Fashionable or stylish
D) A man that takes care of children

Respond with only the letter of your answer (A, B, C, or D).",A,2026-06-12T01:38:08.872951+00:00
508,3,row_107,mascara,Sexual,local_gptoss,C,A,A,False,True,"In the following sentence, what does ""mascara"" mean?
I lost my mascara for 5 years, but then I found it again, and I love it even more now.

Select only one answer.
A) a cosmetic especially for making the eyelashes darker and more prominent
B) Someone who is very stubborn
C) A term to discuss sexual experiences
D) A term used to say that someone is online too much and needs to get back to real life

Respond with only the letter of your answer (A, B, C, or D).",A,2026-06-12T01:38:10.411103+00:00
509,3,row_108,Mewing,Identity,local_gptoss,A,D,A,True,False,"In the following sentence, what does ""Mewing"" mean?
You've gotta start mewing to increase your status in society.

Select only one answer.
A) To make a jawline more defined
B) A person who is very good at spotting a lie
C) Someone unappealing
D) to utter a mew or similar sound

Respond with only the letter of your answer (A, B, C, or D).",A,2026-06-12T01:38:12.114673+00:00
510,3,row_109,Mid,General,local_gptoss,B,,B,True,False,"In the following sentence, what does ""Mid"" mean?
That was a mid burger.

Select only one answer.
A) To knock someone out
B) Mediocre
C) An incel term meaning kissless, hugless, handholdless virgin
D) A rule used by some for dating that refers to someone who is six feet tall, has a 6 figure income, and has six-pack abs

Respond with only the letter of your answer (A, B, C, or D).",B,2026-06-12T01:38:13.737577+00:00
511,3,row_110,minghiun,Insult,local_gptoss,C,,B,False,False,"In the following sentence, what does ""minghiun"" mean?
Stop being a minghiun.

Select only one answer.
A) I just burst out laughing
B) Someone who is trying to get sexual attention overtly
C) A fool or a prick
D) Someone that travels abroad with the sole purpose of having sex

Respond with only the letter of your answer (A, B, C, or D).",B,2026-06-12T01:38:23.426667+00:00
512,3,row_111,nang,Drugs,local_gptoss,B,,B,True,False,"In the following sentence, what does ""nang"" mean?
Dude, grab the nang, I wanna feel free.

Select only one answer.
A) crazy or erratic
B) A canister of nitrous oxide
C) Get to the point
D) A distinct trait, style, or outfit, often used in drag culture

Respond with only the letter of your answer (A, B, C, or D).",B,2026-06-12T01:38:25.250038+00:00
513,3,row_112,Negative Aura,Insult,local_gptoss,A,,A,True,False,"In the following sentence, what does ""Negative Aura"" mean?
She's giving off negative aura.

Select only one answer.
A) a bad charisma
B) Describes activities or situations that are sexually aggressive
C) To be skeptical about something
D) A person who is very good at spotting a lie

Respond with only the letter of your answer (A, B, C, or D).",A,2026-06-12T01:38:26.339281+00:00
514,3,row_113,Netflix and Chill,Sexual,local_gptoss,A,,A,True,False,"In the following sentence, what does ""Netflix and Chill"" mean?
Wanna come back to my place and Netflix and Chill?

Select only one answer.
A) A term for bringing someone over to watch some netflix and then have sex.
B) Throwing something
C) A fashionable look
D) A loss or failure

Respond with only the letter of your answer (A, B, C, or D).",A,2026-06-12T01:38:27.507054+00:00
515,3,row_114,next-level,General,local_gptoss,A,,A,True,False,"In the following sentence, what does ""next-level"" mean?
That movie was next level!

Select only one answer.
A) Something that is better then everything else
B) Something that is messed up or not right.
C) crazy or erratic
D) Ending the discussion on a topic

Respond with only the letter of your answer (A, B, C, or D).",A,2026-06-12T01:38:28.882869+00:00
516,3,row_115,NPC,Insult,local_gptoss,D,C,D,True,False,"In the following sentence, what does ""NPC"" mean?
Stop being such an NPC.

Select only one answer.
A) Used to address friends with exasperation, releif, or disbeleif.
B) Nonsensical term
C) a character in a video game that does not represent and cannot be manipulated by a player —called also non-player character
D) Used to mock someone who doesnt think for themselves, says things repeatedly, or has no opinions

Respond with only the letter of your answer (A, B, C, or D).",D,2026-06-12T01:38:30.494272+00:00
517,3,row_116,Omega,Identity,local_gptoss,C,D,C,True,False,"In the following sentence, what does ""Omega"" mean?
Those were some real omega moves right there.

Select only one answer.
A) An incel term meaning kissless, hugless, handholdless virgin
B) Saying something secretive or to keep low profile
C) A submissive male that is often outside of traditional social hierarchies
D) the 24th and last letter of the Greek alphabet

Respond with only the letter of your answer (A, B, C, or D).",C,2026-06-12T01:38:32.513428+00:00
518,3,row_117,on the regs,General,local_gptoss,C,,C,True,False,"In the following sentence, what does ""on the regs"" mean?
I stop by the coffee shop on the regs.

Select only one answer.
A) Someone who acts tries to act entertaining and amuzingly relentlessly
B) Fuckboy, someone just looking for sex
C) Something done regularly
D) Someone unappealing

Respond with only the letter of your answer (A, B, C, or D).",C,2026-06-12T01:38:38.972801+00:00
519,3,row_118,oof,General,local_gptoss,D,,D,True,False,"In the following sentence, what does ""oof"" mean?
Oof, that was rough.

Select only one answer.
A) A cigarette
B) Someone unappealing
C) A term of endearment for a significant other
D) A reaction to something uncomfortable

Respond with only the letter of your answer (A, B, C, or D).",D,2026-06-12T01:38:39.995615+00:00
520,3,row_119,ooga-booga,Sexual,local_gptoss,C,,A,False,False,"In the following sentence, what does ""ooga-booga"" mean?
Me want ooga-booga!

Select only one answer.
A) The anus
B) To keep secretive or obscure
C) The vagina
D) Something that is adorably and chunky

Respond with only the letter of your answer (A, B, C, or D).",A,2026-06-12T01:38:52.156597+00:00
521,3,row_120,Orange Crush,Drugs,local_gptoss,B,,B,True,False,"In the following sentence, what does ""Orange Crush"" mean?
ets grab some of that orange crush tonight!

Select only one answer.
A) A dance move
B) A type of marijuana
C) A reference for ass
D) A term used by incels to refer to women in a way that dehumanizes them.

Respond with only the letter of your answer (A, B, C, or D).",B,2026-06-12T01:38:59.301116+00:00
522,3,row_121,OTP,General,local_gptoss,D,,D,True,False,"In the following sentence, what does ""OTP"" mean?
Him and her are the OTP.

Select only one answer.
A) Short for Bitch
B) To shoot ones shot.
C) A term to discuss sexual experiences
D) One True Pairing

Respond with only the letter of your answer (A, B, C, or D).",D,2026-06-12T01:38:59.977950+00:00
523,3,row_122,packers,Insult,local_gptoss,D,A,A,False,True,"In the following sentence, what does ""packers"" mean?
Thats just a group of packers over there, don't waste your time.

Select only one answer.
A) one that packs
B) Something untrue or unbeleivable
C) An insult saying that the problem is due to lack of skill rather then luck
D) fake soft penises and testicles designed to give a 'male' bulge to the crotches of female-to-male transsexuals.

Respond with only the letter of your answer (A, B, C, or D).",A,2026-06-12T01:39:04.794869+00:00
524,3,row_123,passa passa,General,local_gptoss,A,,D,False,False,"In the following sentence, what does ""passa passa"" mean?
I don't want any passa passa now.

Select only one answer.
A) A loud and messy conflict
B) A commonplace person
C) A descriptor for an attractive person
D) Fuckboy, someone just looking for sex

Respond with only the letter of your answer (A, B, C, or D).",D,2026-06-12T01:39:12.520720+00:00
525,3,row_124,passport bro,Sexual,local_gptoss,B,,B,True,False,"In the following sentence, what does ""passport bro"" mean?
A bunch of passport bro's just checked into the hotel.

Select only one answer.
A) To focus on making one as physically attractive as possible
B) Someone that travels abroad with the sole purpose of having sex
C) To tie up an arm to isolate a vein for injecting a drug
D) Go in 100% on something

Respond with only the letter of your answer (A, B, C, or D).",B,2026-06-12T01:39:13.933751+00:00
526,3,row_125,Period,General,local_gptoss,D,A,D,True,False,"In the following sentence, what does ""Period"" mean?
She is the best, period.

Select only one answer.
A) the completion of a cycle, a series of events, or a single action : conclusion
B) A man that takes care of children
C) crazy or erratic
D) Ending the discussion on a topic

Respond with only the letter of your answer (A, B, C, or D).",D,2026-06-12T01:39:15.449751+00:00
527,3,row_126,plegic,Drugs,local_gptoss,C,,C,True,False,"In the following sentence, what does ""plegic"" mean?
That guy stumbled out very plegic.

Select only one answer.
A) Fashionable or stylish
B) To do something impressive
C) drunk
D) Somehting uncool or unfashionable

Respond with only the letter of your answer (A, B, C, or D).",C,2026-06-12T01:39:20.382242+00:00
528,3,row_127,poggers,General,local_gptoss,C,,C,True,False,"In the following sentence, what does ""poggers"" mean?
Thats a poggers painting.

Select only one answer.
A) Money
B) An attractive older man
C) To express excitement or approval for something
D) A loss or failure

Respond with only the letter of your answer (A, B, C, or D).",C,2026-06-12T01:39:21.210924+00:00
529,3,row_128,Pookie,Sexual,local_gptoss,D,,D,True,False,"In the following sentence, what does ""Pookie"" mean?
My pookie loves a smash burger.

Select only one answer.
A) Cool
B) A term to discuss sexual experiences
C) A rule used by some for dating that refers to someone who is six feet tall, has a 6 figure income, and has six-pack abs
D) A term of endearment for a significant other

Respond with only the letter of your answer (A, B, C, or D).",D,2026-06-12T01:39:22.289493+00:00
530,3,row_129,Pop off,General,local_gptoss,A,D,A,True,False,"In the following sentence, what does ""Pop off"" mean?
I'm about to pop off!

Select only one answer.
A) To do something impressive
B) An insult saying that the problem is due to lack of skill rather then luck
C) A person who is very good at spotting a lie
D) to die unexpectedly

Respond with only the letter of your answer (A, B, C, or D).",A,2026-06-12T01:39:24.168294+00:00
531,3,row_130,Posh and Becks,Sexual,local_gptoss,C,,C,True,False,"In the following sentence, what does ""Posh and Becks"" mean?
Lets go back to my place and have the posh and becks.

Select only one answer.
A) A term used by incels to refer to women in a way that dehumanizes them.
B) When something hidden gets called out
C) sex
D) Main Character - Someone that acts as if they are the star of a story

Respond with only the letter of your answer (A, B, C, or D).",C,2026-06-12T01:39:31.485451+00:00
532,3,row_131,prepper,Insult,local_gptoss,B,,B,True,False,"In the following sentence, what does ""prepper"" mean?
We have a prepper down the block. They are kindof crazy, but its nice to know where to go.

Select only one answer.
A) Throwing something
B) Someone who prepares for doomsday scenarios
C) One True Pairing
D) An emotional meltdown

Respond with only the letter of your answer (A, B, C, or D).",B,2026-06-12T01:39:32.149563+00:00
533,3,row_132,Prison pocket,General,local_gptoss,B,,B,True,False,"In the following sentence, what does ""Prison pocket"" mean?
Hold it in your prison pocket.

Select only one answer.
A) A knife
B) The anus
C) A person who is very good at spotting a lie
D) A rule used by some for dating that refers to someone who is six feet tall, has a 6 figure income, and has six-pack abs

Respond with only the letter of your answer (A, B, C, or D).",B,2026-06-12T01:39:35.242289+00:00
534,3,row_133,Put the fries in the bag,General,local_gptoss,C,,C,True,False,"In the following sentence, what does ""Put the fries in the bag"" mean?
You're taking too long. Put the fires in the bag.

Select only one answer.
A) An attractive older man
B) Someone that is too much of a fan of something
C) Get to the point
D) Men that lack masculine characteristics

Respond with only the letter of your answer (A, B, C, or D).",C,2026-06-12T01:39:40.178052+00:00
535,3,row_134,Quirky,Insult,local_gptoss,B,A,A,False,True,"In the following sentence, what does ""Quirky"" mean?
I'm so quirky!

Select only one answer.
A) having many quirks : unusual in especially an interesting or appealing way
B) Ironically used to describe one as unique
C) An unattractive girl
D) Something that is reallly good.

Respond with only the letter of your answer (A, B, C, or D).",A,2026-06-12T01:39:41.948687+00:00
536,3,row_135,rago,Insult,local_gptoss,B,,B,True,False,"In the following sentence, what does ""rago"" mean?
It was just how rago he was.

Select only one answer.
A) someone that looks ordinary but is actually very strong
B) Someone acting aggressively and out of control
C) To prepare for a fight
D) Money

Respond with only the letter of your answer (A, B, C, or D).",B,2026-06-12T01:39:48.552063+00:00
537,3,row_136,rapey,Sexual,local_gptoss,A,,A,True,False,"In the following sentence, what does ""rapey"" mean?
That guy at the bar was feeling pretty rapey.

Select only one answer.
A) Describes activities or situations that are sexually aggressive
B) To make a jawline more defined
C) Gross buildup between the toes
D) A dance move

Respond with only the letter of your answer (A, B, C, or D).",A,2026-06-12T01:39:49.714006+00:00
538,3,row_137,Ratio,General,local_gptoss,C,B,C,True,False,"In the following sentence, what does ""Ratio"" mean?
Ratio if you like pizza.

Select only one answer.
A) Something that is messed up or not right.
B) the indicated quotient of two mathematical expressions
C) when a reply gets more than the original post
D) An incel term meaning kissless, hugless, handholdless virgin

Respond with only the letter of your answer (A, B, C, or D).",C,2026-06-12T01:39:53.118406+00:00
539,3,row_138,raw,General,local_gptoss,C,A,C,True,False,"In the following sentence, what does ""raw"" mean?
He's been hitting the vape raw lately.

Select only one answer.
A) not cooked
B) A descriptor for an attractive person
C) something intense, aggressive, and unfiltered
D) Another term that stands for that hoe over there

Respond with only the letter of your answer (A, B, C, or D).",C,2026-06-12T01:39:54.797063+00:00
540,3,row_139,RIP (me),General,local_gptoss,B,,B,True,False,"In the following sentence, what does ""RIP (me)"" mean?
I think I just failed that test. RIP me.

Select only one answer.
A) Someone who sitts around commenting about others
B) To express disappointment dramatically
C) An unattractive girl
D) Someone that travels abroad with the sole purpose of having sex

Respond with only the letter of your answer (A, B, C, or D).",B,2026-06-12T01:39:55.812014+00:00
541,3,row_140,Rizz,General,local_gptoss,C,,C,True,False,"In the following sentence, what does ""Rizz"" mean?
The rizz you have today is stunning!

Select only one answer.
A) Done or ruined
B) To do somethign very well
C) Charisma
D) Down to fuck

Respond with only the letter of your answer (A, B, C, or D).",C,2026-06-12T01:39:56.821772+00:00
542,3,row_141,Salty,Insult,local_gptoss,D,A,D,True,False,"In the following sentence, what does ""Salty"" mean?
She's just salty that you have a boyfriend and she doesn't.

Select only one answer.
A) of, seasoned with, or containing salt
B) To mastrubate for extremeely long period regularly
C) A commonplace person
D) Irritated, bitter, or resentful

Respond with only the letter of your answer (A, B, C, or D).",D,2026-06-12T01:39:57.454093+00:00
543,3,row_142,savage,General,local_gptoss,A,C,A,True,False,"In the following sentence, what does ""savage"" mean?
That was a savage comeback you gave.

Select only one answer.
A) To be fierce and unapologetic withing a social situation
B) Ironically used to describe one as unique
C) not domesticated or under human control : untamed
D) a live-action role-playing game in which a group of people enacts a fictional scenario (such as a fantasy adventure) in real time typically under the guidance of a facilitator or organizer; also : the activity of participating in such games : larping

Respond with only the letter of your answer (A, B, C, or D).",A,2026-06-12T01:39:59.920638+00:00
544,3,row_143,Schizo,Insult,local_gptoss,D,,D,True,False,"In the following sentence, what does ""Schizo"" mean?
Brians a total schitzo.

Select only one answer.
A) To shoot ones shot.
B) Fuckboy, someone just looking for sex
C) A loud and messy conflict
D) crazy or erratic

Respond with only the letter of your answer (A, B, C, or D).",D,2026-06-12T01:40:01.339697+00:00
545,3,row_144,scuffed,Insult,local_gptoss,B,A,B,True,False,"In the following sentence, what does ""scuffed"" mean?
The was a scuffed performance last night.

Select only one answer.
A) to walk without lifting the feet : shuffle
B) Something that is messed up or not right.
C) Someone who is trying to get sexual attention overtly
D) A charismatic, sexy, and quick witted man

Respond with only the letter of your answer (A, B, C, or D).",B,2026-06-12T01:40:02.886521+00:00
546,3,row_145,Shabba,General,local_gptoss,A,,D,False,False,"In the following sentence, what does ""Shabba"" mean?
Shabba on point!

Select only one answer.
A) Fashionable or stylish
B) A stereotypical alpha male that is strong, handsome, and attracts women.
C) To metaphorically die of laughter
D) the playful act of taking a friend's food

Respond with only the letter of your answer (A, B, C, or D).",D,2026-06-12T01:40:09.062011+00:00
547,3,row_146,Sheesh,General,local_gptoss,D,,D,True,False,"In the following sentence, what does ""Sheesh"" mean?
Sheesh! Thats crazy!

Select only one answer.
A) Acting crazily
B) Something that appears mundane but has hidden potential
C) The positive or relaxing energy of a place
D) To express disbelief

Respond with only the letter of your answer (A, B, C, or D).",D,2026-06-12T01:40:10.765337+00:00
548,3,row_147,Side eye,General,local_gptoss,A,,A,True,False,"In the following sentence, what does ""Side eye"" mean?
Why are you giving him the side eye?

Select only one answer.
A) To be skeptical about something
B) A near superhuman perfect male
C) A term for friends
D) Someone that is too left leaning politically

Respond with only the letter of your answer (A, B, C, or D).",A,2026-06-12T01:40:12.010361+00:00
549,3,row_148,Sigma,Identity,local_gptoss,B,D,B,True,False,"In the following sentence, what does ""Sigma"" mean?
You are giving off sigma energy right now.

Select only one answer.
A) A sudden feeling of disguest or repultion towards someone.
B) An independent, strong person
C) The anus
D) the 18th letter of the Greek alphabet

Respond with only the letter of your answer (A, B, C, or D).",B,2026-06-12T01:40:13.893657+00:00
550,3,row_149,Simp,Insult,local_gptoss,A,C,A,True,False,"In the following sentence, what does ""Simp"" mean?
Stop being a simp over her!

Select only one answer.
A) Someone that tries really hard to impress their crush
B) A nicotine pouch held between the upper lip and gums
C) a foolish or stupid person : simpleton
D) A submissive male that is often outside of traditional social hierarchies

Respond with only the letter of your answer (A, B, C, or D).",A,2026-06-12T01:40:16.063912+00:00
551,3,row_150,Situationship,Sexual,local_gptoss,C,,C,True,False,"In the following sentence, what does ""Situationship"" mean?
Joe ended up in a situationship over the summer.

Select only one answer.
A) Something untrue or unbeleivable
B) The vagina
C) A sexual relationship developed from situations without clear future intentions
D) A kilo of cocaine

Respond with only the letter of your answer (A, B, C, or D).",C,2026-06-12T01:40:16.709761+00:00
552,3,row_151,Skeet,Sexual,local_gptoss,B,D,B,True,False,"In the following sentence, what does ""Skeet"" mean?
He skeeted all over the court!

Select only one answer.
A) Describes activities or situations that are sexually aggressive
B) To shoot ones shot.
C) Mercedes Benz G class
D) trapshooting in which clay pigeons are thrown in such a way as to simulate the angles of flight of birds

Respond with only the letter of your answer (A, B, C, or D).",B,2026-06-12T01:40:19.744074+00:00
553,3,row_152,Skibidi,General,local_gptoss,B,,B,True,False,"In the following sentence, what does ""Skibidi"" mean?
That's so skibidi.

Select only one answer.
A) Someone who refused to wear a mask in covid times.
B) Nonsensical term
C) A term for someone that enjoys watching their wife have sex with another man
D) A rule used by some for dating that refers to someone who is six feet tall, has a 6 figure income, and has six-pack abs

Respond with only the letter of your answer (A, B, C, or D).",B,2026-06-12T01:40:21.615313+00:00
554,3,row_153,Skill issue,Insult,local_gptoss,B,,B,True,False,"In the following sentence, what does ""Skill issue"" mean?
You won't win. Its a skill issue.

Select only one answer.
A) An all denim outfit
B) An insult saying that the problem is due to lack of skill rather then luck
C) Something suspicious
D) The greatest of all time

Respond with only the letter of your answer (A, B, C, or D).",B,2026-06-12T01:40:22.606154+00:00
555,3,row_154,Slaps,General,local_gptoss,C,B,C,True,False,"In the following sentence, what does ""Slaps"" mean?
This place slaps!

Select only one answer.
A) A term for bringing someone over to watch some netflix and then have sex.
B) to strike sharply with or as if with the open hand
C) Something that is reallly good.
D) A commonplace person

Respond with only the letter of your answer (A, B, C, or D).",C,2026-06-12T01:40:23.365654+00:00
556,3,row_155,Slay,General,local_gptoss,D,C,D,True,False,"In the following sentence, what does ""Slay"" mean?
Slay girl!

Select only one answer.
A) Down to fuck
B) A term for someone that enjoys watching their wife have sex with another man
C) to kill violently, wantonly, or in great numbers
D) To do somethign very well

Respond with only the letter of your answer (A, B, C, or D).",D,2026-06-12T01:40:24.776450+00:00
557,3,row_156,sledge,Identity,local_gptoss,B,C,B,True,False,"In the following sentence, what does ""sledge"" mean?
What? Are you havin trouble you sledge?

Select only one answer.
A) To prepare for a fight
B) An insult commonly used in sports
C) sledgehammer
D) Talking too much

Respond with only the letter of your answer (A, B, C, or D).",B,2026-06-12T01:40:29.392111+00:00
558,3,row_157,sleeper,General,local_gptoss,B,A,B,True,False,"In the following sentence, what does ""sleeper"" mean?
That car has got to be a sleeper.

Select only one answer.
A) one that sleeps
B) Something that appears mundane but has hidden potential
C) An unattractive girl
D) To show off

Respond with only the letter of your answer (A, B, C, or D).",B,2026-06-12T01:40:30.472159+00:00
559,3,row_158,sleeper build,General,local_gptoss,D,,D,True,False,"In the following sentence, what does ""sleeper build"" mean?
Bro's rocking the sleeper build.

Select only one answer.
A) To metaphorically die of laughter
B) sweet talk
C) Fashionable or stylish
D) someone that looks ordinary but is actually very strong

Respond with only the letter of your answer (A, B, C, or D).",D,2026-06-12T01:40:32.911495+00:00
560,3,row_159,Snack,Sexual,local_gptoss,B,C,B,True,False,"In the following sentence, what does ""Snack"" mean?
That lady over there is a snack.

Select only one answer.
A) An endeering term used towards ones significant other
B) A descriptor for an attractive person
C) a light meal : food eaten between regular meals; also : food suitable for snacking
D) Someone acting aggressively and out of control

Respond with only the letter of your answer (A, B, C, or D).",B,2026-06-12T01:40:34.597582+00:00
561,3,row_160,snaggle,Identity,local_gptoss,C,D,C,True,False,"In the following sentence, what does ""snaggle"" mean?
Susanne is such a snaggle.

Select only one answer.
A) When you are outnumbered in a fight and call black people for the win
B) A glock pistol
C) An unattractive girl
D) snag

Respond with only the letter of your answer (A, B, C, or D).",C,2026-06-12T01:40:36.704865+00:00
562,3,row_161,Snatched,General,local_gptoss,B,D,B,True,False,"In the following sentence, what does ""Snatched"" mean?
You're looking snatched today.

Select only one answer.
A) To refer to ones imaginary audience like an internet steamer
B) A fashionable look
C) Someone who acts tries to act entertaining and amuzingly relentlessly
D) to attempt to seize something suddenly

Respond with only the letter of your answer (A, B, C, or D).",B,2026-06-12T01:40:38.724052+00:00
563,3,row_162,socials,General,local_gptoss,D,B,D,True,False,"In the following sentence, what does ""socials"" mean?
Catch me on the socials!

Select only one answer.
A) A fashionable look
B) an informal social event or gathering frequently involving a special activity or area of interest
C) An unattractive girl
D) Used to refer to the social media platforms one uses

Respond with only the letter of your answer (A, B, C, or D).",D,2026-06-12T01:40:40.168964+00:00
564,3,row_163,socio,Insult,local_gptoss,D,,D,True,False,"In the following sentence, what does ""socio"" mean?
The boy is a socio.

Select only one answer.
A) Weak or effeminate
B) fake soft penises and testicles designed to give a 'male' bulge to the crotches of female-to-male transsexuals.
C) Crack cocaine
D) Sociopath

Respond with only the letter of your answer (A, B, C, or D).",D,2026-06-12T01:40:43.771223+00:00
565,3,row_164,Soy,Insult,local_gptoss,A,,A,True,False,"In the following sentence, what does ""Soy"" mean?
Stop being so soy.

Select only one answer.
A) Weak or effeminate
B) Someone acting aggressively and out of control
C) Down to fuck
D) A knife

Respond with only the letter of your answer (A, B, C, or D).",A,2026-06-12T01:40:45.545406+00:00
566,3,row_165,soyboy,Identity,local_gptoss,C,,C,True,False,"In the following sentence, what does ""soyboy"" mean?
Get that soyboy out of here!

Select only one answer.
A) Something ugly or unattractive
B) drunk
C) Men that lack masculine characteristics
D) A term used by incels to refer to women in a way that dehumanizes them.

Respond with only the letter of your answer (A, B, C, or D).",C,2026-06-12T01:40:47.072319+00:00
567,3,row_166,Spanish dancer,General,local_gptoss,C,,B,False,False,"In the following sentence, what does ""Spanish dancer"" mean?
I sounds like I caught the spanish dancer.

Select only one answer.
A) Money
B) Acting crazily
C) Cancer
D) To get arrested

Respond with only the letter of your answer (A, B, C, or D).",B,2026-06-12T01:40:57.135746+00:00
568,3,row_167,spark,Violence,local_gptoss,A,B,D,False,False,"In the following sentence, what does ""spark"" mean?
Don't make me spark you out!

Select only one answer.
A) To knock someone out
B) a small particle of a burning substance thrown out by a body in combustion or remaining when combustion is nearly completed
C) To check the mood of a situation
D) Irritated, bitter, or resentful

Respond with only the letter of your answer (A, B, C, or D).",D,2026-06-12T01:41:05.765168+00:00
569,3,row_168,Stuyvie,Drugs,local_gptoss,C,,C,True,False,"In the following sentence, what does ""Stuyvie"" mean?
Lets go outside and smoke a suyvie.

Select only one answer.
A) Someone weak or a follower
B) Down to fuck
C) A cigarette
D) An expression of disbelief

Respond with only the letter of your answer (A, B, C, or D).",C,2026-06-12T01:41:11.043040+00:00
570,3,row_169,suiter,General,local_gptoss,B,D,B,True,False,"In the following sentence, what does ""suiter"" mean?
Her suiter was admiring her from afar.

Select only one answer.
A) Someone who is very stubborn
B) a significant other
C) Something ugly or unattractive
D) a suitcase for holding a specified number of suits —usually used in combination

Respond with only the letter of your answer (A, B, C, or D).",B,2026-06-12T01:41:12.469809+00:00
571,3,row_170,Sus,General,local_gptoss,D,,D,True,False,"In the following sentence, what does ""Sus"" mean?
That man over there is real sus.

Select only one answer.
A) Something that appears mundane but has hidden potential
B) Cancer
C) To win
D) Something suspicious

Respond with only the letter of your answer (A, B, C, or D).",D,2026-06-12T01:41:13.470776+00:00
572,3,row_171,Tea,General,local_gptoss,D,B,D,True,False,"In the following sentence, what does ""Tea"" mean?
Come on, spill the tea!

Select only one answer.
A) A knife
B) a widely cultivated shrub (Camellia sinensis of the family Theaceae, the tea family) native to China, northern India, and southeastern Asia and having glossy green leaves and fragrant white flowers
C) An insulting term to refer to someone as stupid
D) Gossip

Respond with only the letter of your answer (A, B, C, or D).",D,2026-06-12T01:41:14.570779+00:00
573,3,row_172,theybie,General,local_gptoss,C,,C,True,False,"In the following sentence, what does ""theybie"" mean?
The a couple and their theybie just moved in next door.

Select only one answer.
A) A canister of nitrous oxide
B) Someone that travels abroad with the sole purpose of having sex
C) A term used to describe a baby raised in a gender neutral environment
D) The greatest of all time

Respond with only the letter of your answer (A, B, C, or D).",C,2026-06-12T01:41:17.323213+00:00
574,3,row_173,Thirsty,Sexual,local_gptoss,C,B,C,True,False,"In the following sentence, what does ""Thirsty"" mean?
She's lookin real thirsty today.

Select only one answer.
A) A sudden feeling of disguest or repultion towards someone.
B) feeling thirst
C) Someone who is trying to get sexual attention overtly
D) A term used to describe a baby raised in a gender neutral environment

Respond with only the letter of your answer (A, B, C, or D).",C,2026-06-12T01:41:18.790302+00:00
575,3,row_174,Thot,Sexual,local_gptoss,C,,C,True,False,"In the following sentence, what does ""Thot"" mean?
I'm gonna dress like a thot tonight.

Select only one answer.
A) used to mock spoiled kids
B) To manipulated, trick, or fool someone
C) Another term that stands for that hoe over there
D) Main Character - Someone that acts as if they are the star of a story

Respond with only the letter of your answer (A, B, C, or D).",C,2026-06-12T01:41:20.206861+00:00
576,3,row_175,Thrust,General,local_gptoss,A,C,C,False,True,"In the following sentence, what does ""Thrust"" mean?
Hit the thrust!

Select only one answer.
A) A dance move
B) Something that is reallly good.
C) to push or drive with force : shove
D) Someone unappealing

Respond with only the letter of your answer (A, B, C, or D).",C,2026-06-12T01:41:21.696104+00:00
577,3,row_176,toe-cheese,Insult,local_gptoss,D,,D,True,False,"In the following sentence, what does ""toe-cheese"" mean?
My whole house smells like toe cheese.

Select only one answer.
A) A sexual relationship developed from situations without clear future intentions
B) The anus
C) Cool
D) Gross buildup between the toes

Respond with only the letter of your answer (A, B, C, or D).",D,2026-06-12T01:41:22.955937+00:00
578,3,row_177,tomdick,Insult,local_gptoss,B,,B,True,False,"In the following sentence, what does ""tomdick"" mean?
That secratary was a tomdick.

Select only one answer.
A) Somehting uncool or unfashionable
B) A commonplace person
C) A near superhuman perfect male
D) Someone unappealing

Respond with only the letter of your answer (A, B, C, or D).",B,2026-06-12T01:41:27.888571+00:00
579,3,row_178,Touch Grass,General,local_gptoss,A,,A,True,False,"In the following sentence, what does ""Touch Grass"" mean?
Go out and touch some grass.

Select only one answer.
A) A term used to say that someone is online too much and needs to get back to real life
B) fake soft penises and testicles designed to give a 'male' bulge to the crotches of female-to-male transsexuals.
C) An attractive older man
D) I just burst out laughing

Respond with only the letter of your answer (A, B, C, or D).",A,2026-06-12T01:41:28.954619+00:00
580,3,row_179,troll,Identity,local_gptoss,A,D,A,True,False,"In the following sentence, what does ""troll"" mean?
That guy in valorant was a such a troll.

Select only one answer.
A) Someone who deliberatly acts in ways to annoy or anger a group of people online.
B) A loss or failure
C) An unattractive girl
D) a dwarf or giant in Scandinavian folklore inhabiting caves or hills

Respond with only the letter of your answer (A, B, C, or D).",A,2026-06-12T01:41:29.762157+00:00
581,3,row_180,Tweaking,General,local_gptoss,B,A,B,True,False,"In the following sentence, what does ""Tweaking"" mean?
Why are you tweaking out?

Select only one answer.
A) to make usually small adjustments in or to; especially : fine-tune
B) Acting crazily
C) Charisma
D) To express disappointment dramatically

Respond with only the letter of your answer (A, B, C, or D).",B,2026-06-12T01:41:31.870649+00:00
582,3,row_181,twoz,Drugs,local_gptoss,A,,C,False,False,"In the following sentence, what does ""twoz"" mean?
Hey, hand me the twoz joint.

Select only one answer.
A) A canabis based cigarette that needs two paper rolls
B) Poorly dressed
C) something intense, aggressive, and unfiltered
D) An insult saying that the problem is due to lack of skill rather then luck

Respond with only the letter of your answer (A, B, C, or D).",C,2026-06-12T01:41:38.403397+00:00
583,3,row_182,Unc,Insult,local_gptoss,B,,B,True,False,"In the following sentence, what does ""Unc"" mean?
I'll explain it to you unc.

Select only one answer.
A) An insult commonly used in sports
B) An older person who is out of touch
C) Someone who sitts around commenting about others
D) Nonsensical term

Respond with only the letter of your answer (A, B, C, or D).",B,2026-06-12T01:41:42.915016+00:00
584,3,row_183,Understood the assignment,General,local_gptoss,B,,B,True,False,"In the following sentence, what does ""Understood the assignment"" mean?
All done. Understood the assignment.

Select only one answer.
A) A reaction to something uncomfortable
B) To confim that something was completed to expectation
C) An attractive older man
D) To give sympathy or signify a failure

Respond with only the letter of your answer (A, B, C, or D).",B,2026-06-12T01:41:44.824806+00:00
585,3,row_184,upper decky,Drugs,local_gptoss,B,,B,True,False,"In the following sentence, what does ""upper decky"" mean?
Hey bro, can I bum an upper decky zynn?

Select only one answer.
A) A man that takes care of children
B) A nicotine pouch held between the upper lip and gums
C) A dance move
D) To be high or drunk

Respond with only the letter of your answer (A, B, C, or D).",B,2026-06-12T01:41:47.069263+00:00
586,3,row_185,Vibe,General,local_gptoss,D,,D,True,False,"In the following sentence, what does ""Vibe"" mean?
I'm just enjoyin the vibe out here.

Select only one answer.
A) To do somethign very well
B) intensely and openely say something true
C) Another term that stands for that hoe over there
D) The positive or relaxing energy of a place

Respond with only the letter of your answer (A, B, C, or D).",D,2026-06-12T01:41:47.973082+00:00
587,3,row_186,Vibe Check,General,local_gptoss,B,,B,True,False,"In the following sentence, what does ""Vibe Check"" mean?
Can I get a vibe check?

Select only one answer.
A) Someone weak or a follower
B) To check the mood of a situation
C) An unattractive girl
D) Someone that is boring

Respond with only the letter of your answer (A, B, C, or D).",B,2026-06-12T01:41:49.913492+00:00
588,3,row_187,wahala,General,local_gptoss,A,,A,True,False,"In the following sentence, what does ""wahala"" mean?
Please, no wahala.

Select only one answer.
A) A significant problem
B) Someone who acts tries to act entertaining and amuzingly relentlessly
C) Another term that stands for that hoe over there
D) Get to the point

Respond with only the letter of your answer (A, B, C, or D).",A,2026-06-12T01:41:52.020091+00:00
589,3,row_188,waved,Drugs,local_gptoss,A,D,A,True,False,"In the following sentence, what does ""waved"" mean?
Bro's over on the bench waved out of his mind.

Select only one answer.
A) To be high or drunk
B) Fuckboy, someone just looking for sex
C) A fashionable look
D) having a wavelike form or outline

Respond with only the letter of your answer (A, B, C, or D).",A,2026-06-12T01:41:57.113989+00:00
590,3,row_189,What the sigma,General,local_gptoss,D,,D,True,False,"In the following sentence, what does ""What the sigma"" mean?
What the sigma? I thought you left?

Select only one answer.
A) A provocative dance
B) Ironically used to describe one as unique
C) To express excitement or approval for something
D) An expression of disbelief

Respond with only the letter of your answer (A, B, C, or D).",D,2026-06-12T01:41:58.694958+00:00
591,3,row_190,whitney,Drugs,local_gptoss,B,,B,True,False,"In the following sentence, what does ""whitney"" mean?
Hey man, you got any whitney on you?

Select only one answer.
A) A hot dog
B) Crack cocaine
C) Something suspicious
D) Fashionable or stylish

Respond with only the letter of your answer (A, B, C, or D).",B,2026-06-12T01:42:04.889506+00:00
592,3,row_191,Woke,Insult,local_gptoss,D,,D,True,False,"In the following sentence, what does ""Woke"" mean?
Stop being so woke.

Select only one answer.
A) someone that looks ordinary but is actually very strong
B) Gossip
C) To shoot ones shot.
D) Someone that is too left leaning politically

Respond with only the letter of your answer (A, B, C, or D).",D,2026-06-12T01:42:05.880248+00:00
593,3,row_192,womp womp,General,local_gptoss,A,,A,True,False,"In the following sentence, what does ""womp womp"" mean?
I failed that math quiz. Womp womp.

Select only one answer.
A) An expression of disappointment
B) An incel term meaning kissless, hugless, handholdless virgin
C) Stylish or flashy outfit style
D) A loss or failure

Respond with only the letter of your answer (A, B, C, or D).",A,2026-06-12T01:42:08.279667+00:00
594,3,row_193,wraparound,General,local_gptoss,C,A,A,False,True,"In the following sentence, what does ""wraparound"" mean?
I had to pull a wraparound this morning since I left my wallet at the bar.

Select only one answer.
A) made to be wrapped around something and especially the body
B) Gross buildup between the toes
C) Someone who is the last person to leave a location and the first to come back in the morning
D) an expression of surprise

Respond with only the letter of your answer (A, B, C, or D).",A,2026-06-12T01:42:11.814618+00:00
595,3,row_194,Yapping,Insult,local_gptoss,C,B,C,True,False,"In the following sentence, what does ""Yapping"" mean?
Stop your yapping and get over here.

Select only one answer.
A) Crack cocaine
B) to talk in a shrill insistent way : chatter
C) Talking too much
D) a bad charisma

Respond with only the letter of your answer (A, B, C, or D).",C,2026-06-12T01:42:18.626135+00:00
596,3,row_195,Yeet,General,local_gptoss,A,,A,True,False,"In the following sentence, what does ""Yeet"" mean?
Think I can make this? Yeet!

Select only one answer.
A) Throwing something
B) A significant problem
C) To express disbelief
D) A significant other

Respond with only the letter of your answer (A, B, C, or D).",A,2026-06-12T01:42:23.106408+00:00
597,3,row_196,ying,Violence,local_gptoss,C,,C,True,False,"In the following sentence, what does ""ying"" mean?
I'll walk in swinging my ying.

Select only one answer.
A) To metaphorically die of laughter
B) Poorly dressed
C) A knife
D) Saying something secretive or to keep low profile

Respond with only the letter of your answer (A, B, C, or D).",C,2026-06-12T01:42:35.008568+00:00
598,3,row_197,yoyo,General,local_gptoss,D,A,D,True,False,"In the following sentence, what does ""yoyo"" mean?
We've helped you in the past, but yoyo this time.

Select only one answer.
A) a thick grooved double disk with a string attached to its center axle that is made to fall and rise to the hand by unwinding and rewinding on the string
B) A commonplace person
C) A term to discuss sexual experiences
D) You're on Your own

Respond with only the letter of your answer (A, B, C, or D).",D,2026-06-12T01:42:37.353535+00:00
599,3,row_198,Zaddy,Sexual,local_gptoss,A,,A,True,False,"In the following sentence, what does ""Zaddy"" mean?
I'm meeting up with my zaddy later tonight.

Select only one answer.
A) An attractive older man
B) To metaphorically die of laughter
C) A provocative dance
D) To keep secretive or obscure

Respond with only the letter of your answer (A, B, C, or D).",A,2026-06-12T01:42:37.812954+00:00
600,3,row_199,Zesty,Insult,local_gptoss,B,A,A,False,True,"In the following sentence, what does ""Zesty"" mean?
He's acting a bit zesty today.

Select only one answer.
A) having or characterized by zest : appealingly piquant or lively
B) A man that is feminine in nature
C) Acting crazily
D) To make a jawline more defined

Respond with only the letter of your answer (A, B, C, or D).",A,2026-06-12T01:42:38.710933+00:00
601,4,row_000,'done,Drugs,local_gptoss,B,,C,False,False,"In the following sentence, what does ""'done"" mean?
Do you have any of the 'done on you?

Select only one answer.
A) The greatest of all time
B) Methodone
C) A sexual relationship developed from situations without clear future intentions
D) To prepare for a fight

Respond with only the letter of your answer (A, B, C, or D).",C,2026-06-12T01:42:47.803861+00:00
602,4,row_001,6-6-6,Identity,local_gptoss,D,,D,True,False,"In the following sentence, what does ""6-6-6"" mean?
I only date a man who is a 6-6-6.

Select only one answer.
A) Someone that travels abroad with the sole purpose of having sex
B) A type of marijuana
C) I just burst out laughing
D) A rule used by some for dating that refers to someone who is six feet tall, has a 6 figure income, and has six-pack abs

Respond with only the letter of your answer (A, B, C, or D).",D,2026-06-12T01:42:50.141814+00:00
603,4,row_002,AF,General,local_gptoss,B,,B,True,False,"In the following sentence, what does ""AF"" mean?
Thats cool AF!

Select only one answer.
A) Someone who refused to wear a mask in covid times.
B) As Fuck
C) To make lifestyle changes to make your life more holistic
D) An all denim outfit

Respond with only the letter of your answer (A, B, C, or D).",B,2026-06-12T01:42:50.833691+00:00
604,4,row_003,aggy,Violence,local_gptoss,B,,B,True,False,"In the following sentence, what does ""aggy"" mean?
Why you so aggy?

Select only one answer.
A) A significant problem
B) to aggrivate
C) Someone who sitts around commenting about others
D) A man that takes care of children

Respond with only the letter of your answer (A, B, C, or D).",B,2026-06-12T01:42:52.837097+00:00
605,4,row_004,Alpha,Identity,local_gptoss,D,A,D,True,False,"In the following sentence, what does ""Alpha"" mean?
What an alpha chad.

Select only one answer.
A) the 1st letter of the Greek alphabet
B) Something that is reallly good.
C) The anus
D) A strong, leader who commands those around them

Respond with only the letter of your answer (A, B, C, or D).",D,2026-06-12T01:42:54.340793+00:00
606,4,row_005,ant,Sexual,local_gptoss,D,A,D,True,False,"In the following sentence, what does ""ant"" mean?
I came across a real ant at the club earlier.

Select only one answer.
A) any of a family (Formicidae) of colonial hymenopterous insects with a complex social organization and various castes performing special duties
B) Done or ruined
C) A dance move
D) A charismatic, sexy, and quick witted man

Respond with only the letter of your answer (A, B, C, or D).",D,2026-06-12T01:42:57.098493+00:00
607,4,row_006,archer,Identity,local_gptoss,C,A,A,False,True,"In the following sentence, what does ""archer"" mean?
Jim was an archer with her lies.

Select only one answer.
A) a person who uses a bow and arrow
B) Fuckboy, someone just looking for sex
C) A person who is very good at spotting a lie
D) Someone unappealing

Respond with only the letter of your answer (A, B, C, or D).",A,2026-06-12T01:43:03.795017+00:00
608,4,row_007,ASL,Sexual,local_gptoss,B,,B,True,False,"In the following sentence, what does ""ASL"" mean?
What's your ASL?

Select only one answer.
A) Someone who is very stubborn
B) Age Sex Location
C) To confim that something was completed to expectation
D) Somehting that is poor quality

Respond with only the letter of your answer (A, B, C, or D).",B,2026-06-12T01:43:05.089018+00:00
609,4,row_008,Aura Farming,Identity,local_gptoss,A,,A,True,False,"In the following sentence, what does ""Aura Farming"" mean?
That skateboard group is trying really hard to aura farm, but its not working.

Select only one answer.
A) Activities that involve cultivating ones Aura
B) To refer to ones imaginary audience like an internet steamer
C) Someone that tries really hard to impress their crush
D) To knock someone out

Respond with only the letter of your answer (A, B, C, or D).",A,2026-06-12T01:43:06.913532+00:00
610,4,row_009,babygirl,Sexual,local_gptoss,D,,D,True,False,"In the following sentence, what does ""babygirl"" mean?
Hey babygirl, whanna metup tonight?

Select only one answer.
A) Money
B) A mauser C96 pistol
C) when a reply gets more than the original post
D) An endeering term used towards ones significant other

Respond with only the letter of your answer (A, B, C, or D).",D,2026-06-12T01:43:08.232076+00:00
611,4,row_010,backoff,Sexual,local_gptoss,D,A,D,True,False,"In the following sentence, what does ""backoff"" mean?
That girl has a fat backoff!

Select only one answer.
A) back down
B) crazy or erratic
C) To check the mood of a situation
D) A large ass that stands out.

Respond with only the letter of your answer (A, B, C, or D).",D,2026-06-12T01:43:10.423021+00:00
612,4,row_011,Bae,Sexual,local_gptoss,A,,A,True,False,"In the following sentence, what does ""Bae"" mean?
She's my bae.

Select only one answer.
A) A significant other
B) A criminal that turned their life arpound and are legitimate
C) A term used to say that someone is online too much and needs to get back to real life
D) Short for happening

Respond with only the letter of your answer (A, B, C, or D).",A,2026-06-12T01:43:11.063321+00:00
613,4,row_012,bareface,Identity,local_gptoss,A,D,A,True,False,"In the following sentence, what does ""bareface"" mean?
I saw a group of barefaces at the store this morning, so I won't be going back.

Select only one answer.
A) Someone who refused to wear a mask in covid times.
B) Charisma
C) Someone who deliberatly acts in ways to annoy or anger a group of people online.
D) having a clear finish and no nap

Respond with only the letter of your answer (A, B, C, or D).",A,2026-06-12T01:43:13.782640+00:00
614,4,row_013,based,General,local_gptoss,C,B,B,False,True,"In the following sentence, what does ""based"" mean?
That show was based.

Select only one answer.
A) A reaction to something uncomfortable
B) having a specified type of base or basis —often used in combination
C) An unpopular opinion
D) When you are outnumbered in a fight and call black people for the win

Respond with only the letter of your answer (A, B, C, or D).",B,2026-06-12T01:43:16.838250+00:00
615,4,row_014,Basic,Identity,local_gptoss,C,D,C,True,False,"In the following sentence, what does ""Basic"" mean?
Shes so basic.

Select only one answer.
A) when a reply gets more than the original post
B) Mercedes Benz G class
C) Someone that is boring
D) of, relating to, or forming the base or essence : fundamental

Respond with only the letter of your answer (A, B, C, or D).",C,2026-06-12T01:43:18.014221+00:00
616,4,row_015,bb,Sexual,local_gptoss,D,B,D,True,False,"In the following sentence, what does ""bb"" mean?
Hey bb, lets grab some food.

Select only one answer.
A) Something that is messed up or not right.
B) a shot pellet 0.18 inch in diameter for use in a shotgun cartridge
C) A term to discuss sexual experiences
D) A term for baby that people will call their significant other.

Respond with only the letter of your answer (A, B, C, or D).",D,2026-06-12T01:43:18.853389+00:00
617,4,row_016,Bet,General,local_gptoss,C,B,C,True,False,"In the following sentence, what does ""Bet"" mean?
bet, lets go.

Select only one answer.
A) A significant other
B) something that is laid, staked, or pledged typically between two parties on the outcome of a contest or a contingent issue : wager —often used figuratively in such phrases as all bets are off to stress the uncertainty of an outcome
C) An affirmative agreement
D) The anus

Respond with only the letter of your answer (A, B, C, or D).",C,2026-06-12T01:43:20.015301+00:00
618,4,row_017,Beta,Identity,local_gptoss,C,D,C,True,False,"In the following sentence, what does ""Beta"" mean?
The beta's of the world aren't gonna like that.

Select only one answer.
A) Activities that involve cultivating ones Aura
B) Something untrue or unbeleivable
C) Someone weak or a follower
D) the 2nd letter of the Greek alphabet

Respond with only the letter of your answer (A, B, C, or D).",C,2026-06-12T01:43:22.337963+00:00
619,4,row_018,Bih,General,local_gptoss,C,,C,True,False,"In the following sentence, what does ""Bih"" mean?
Bih, what?

Select only one answer.
A) A loss or failure
B) Someone who is trying to get sexual attention overtly
C) Short for Bitch
D) Mediocre

Respond with only the letter of your answer (A, B, C, or D).",C,2026-06-12T01:43:31.545052+00:00
620,4,row_019,bine,Violence,local_gptoss,B,C,C,False,True,"In the following sentence, what does ""bine"" mean?
Load the nine with ine and selek it.

Select only one answer.
A) Fashionable or stylish
B) bullets
C) a twining stem or flexible shoot (as of the hop); also : a plant (such as woodbine) whose shoots are bines
D) Methodone

Respond with only the letter of your answer (A, B, C, or D).",C,2026-06-12T01:43:40.532519+00:00
621,4,row_020,blackup,Violence,local_gptoss,A,,B,False,False,"In the following sentence, what does ""blackup"" mean?
We are outnumbered. Call for black up.

Select only one answer.
A) When you are outnumbered in a fight and call black people for the win
B) To be high or drunk
C) to aggrivate
D) I just burst out laughing

Respond with only the letter of your answer (A, B, C, or D).",B,2026-06-12T01:43:50.241205+00:00
622,4,row_021,Brain Rot,General,local_gptoss,C,,C,True,False,"In the following sentence, what does ""Brain Rot"" mean?
Kids these days just sit around and watch brain rot.

Select only one answer.
A) A kilo of cocaine
B) Poorly dressed
C) The videos one find on social media that cause people to scroll and do nothign for hours
D) An insulting term to refer to someone as stupid

Respond with only the letter of your answer (A, B, C, or D).",C,2026-06-12T01:43:51.953418+00:00
623,4,row_022,brizzy,Drugs,local_gptoss,D,,D,True,False,"In the following sentence, what does ""brizzy"" mean?
Quickly, grab the brizzy.

Select only one answer.
A) Someone who acts tries to act entertaining and amuzingly relentlessly
B) Get to the point
C) Someone that is too much of a fan of something
D) A kilo of cocaine

Respond with only the letter of your answer (A, B, C, or D).",D,2026-06-12T01:43:53.958275+00:00
624,4,row_023,broomhandle,Violence,local_gptoss,B,,B,True,False,"In the following sentence, what does ""broomhandle"" mean?
Get your broomhandle, we gotta go.

Select only one answer.
A) Ending the discussion on a topic
B) A mauser C96 pistol
C) when a reply gets more than the original post
D) Down to fuck

Respond with only the letter of your answer (A, B, C, or D).",B,2026-06-12T01:43:55.315669+00:00
625,4,row_024,bruh!,General,local_gptoss,D,A,D,True,False,"In the following sentence, what does ""bruh!"" mean?
Bruh! What was that?

Select only one answer.
A) brother
B) To refer to ones imaginary audience like an internet steamer
C) Someone acting aggressively and out of control
D) Used to address friends with exasperation, releif, or disbeleif.

Respond with only the letter of your answer (A, B, C, or D).",D,2026-06-12T01:43:57.820061+00:00
626,4,row_025,Bruzz,General,local_gptoss,B,,B,True,False,"In the following sentence, what does ""Bruzz"" mean?
Whats up bruzz?

Select only one answer.
A) Go in 100% on something
B) A term for friends
C) Short for Bitch
D) A strong, leader who commands those around them

Respond with only the letter of your answer (A, B, C, or D).",B,2026-06-12T01:43:58.590579+00:00
627,4,row_026,Bussin',General,local_gptoss,B,,B,True,False,"In the following sentence, what does ""Bussin'"" mean?
This pizza is bussin, on god!

Select only one answer.
A) To show off
B) Very good
C) Something that is messed up or not right.
D) Men that lack masculine characteristics

Respond with only the letter of your answer (A, B, C, or D).",B,2026-06-12T01:43:59.880296+00:00
628,4,row_027,Cake,Sexual,local_gptoss,A,B,A,True,False,"In the following sentence, what does ""Cake"" mean?
Shes looking real caked up!

Select only one answer.
A) A reference for ass
B) a breadlike food made from a dough or batter that is usually fried or baked in small flat shapes and is often unleavened
C) To express disbelief
D) Weak or effeminate

Respond with only the letter of your answer (A, B, C, or D).",A,2026-06-12T01:44:05.189525+00:00
629,4,row_028,Cap,General,local_gptoss,C,B,C,True,False,"In the following sentence, what does ""Cap"" mean?
You're cappin. No way.

Select only one answer.
A) Fashionable or stylish
B) a head covering especially with a visor and no brim
C) Something untrue or unbeleivable
D) Something that is messed up or not right.

Respond with only the letter of your answer (A, B, C, or D).",C,2026-06-12T01:44:06.651893+00:00
630,4,row_029,Chad,Identity,local_gptoss,A,C,A,True,False,"In the following sentence, what does ""Chad"" mean?
That was a total chad move.

Select only one answer.
A) A stereotypical alpha male that is strong, handsome, and attracts women.
B) A sexual relationship developed from situations without clear future intentions
C) small pieces of paper or cardboard produced in punching paper tape or data cards; also : a piece of chad.
D) To metaphorically die of laughter

Respond with only the letter of your answer (A, B, C, or D).",A,2026-06-12T01:44:09.379075+00:00
631,4,row_030,Chaddam,Identity,local_gptoss,B,,B,True,False,"In the following sentence, what does ""Chaddam"" mean?
Did you see the chaddam at the restraunt earlier?

Select only one answer.
A) Saying something secretive or to keep low profile
B) An incel term for an attractive middle eastern man
C) A term used to describe a baby raised in a gender neutral environment
D) Mediocre

Respond with only the letter of your answer (A, B, C, or D).",B,2026-06-12T01:44:20.744958+00:00
632,4,row_031,Chang,Drugs,local_gptoss,A,,A,True,False,"In the following sentence, what does ""Chang"" mean?
Hey , you got a hookup for chang?

Select only one answer.
A) cocaine
B) A term for bringing someone over to watch some netflix and then have sex.
C) An insult commonly used in sports
D) To focus on making one as physically attractive as possible

Respond with only the letter of your answer (A, B, C, or D).",A,2026-06-12T01:44:25.004792+00:00
633,4,row_032,Chat,General,local_gptoss,D,A,A,False,True,"In the following sentence, what does ""Chat"" mean?
Chat, how does this look?

Select only one answer.
A) chatter, prattle
B) A term for bringing someone over to watch some netflix and then have sex.
C) Get to the point
D) To refer to ones imaginary audience like an internet steamer

Respond with only the letter of your answer (A, B, C, or D).",A,2026-06-12T01:44:29.995745+00:00
634,4,row_033,Cheeks,General,local_gptoss,B,D,C,False,False,"In the following sentence, what does ""Cheeks"" mean?
That movie was cheeks.

Select only one answer.
A) To be skeptical about something
B) Somehting that is poor quality
C) Something that is reallly good.
D) the fleshy side of the face below the eye and above and to the side of the mouth

Respond with only the letter of your answer (A, B, C, or D).",C,2026-06-12T01:44:33.640676+00:00
635,4,row_034,chenta,Insult,local_gptoss,A,,A,True,False,"In the following sentence, what does ""chenta"" mean?
You are looking really chenta.

Select only one answer.
A) Something ugly or unattractive
B) An expression of disappointment
C) An endeering term used towards ones significant other
D) A loud and messy conflict

Respond with only the letter of your answer (A, B, C, or D).",A,2026-06-12T01:44:36.039332+00:00
636,4,row_035,cheugy,Insult,local_gptoss,B,,B,True,False,"In the following sentence, what does ""cheugy"" mean?
That girl had such a cheugy outfit.

Select only one answer.
A) An attractive older man
B) Somehting uncool or unfashionable
C) As Fuck
D) Used to address friends with exasperation, releif, or disbeleif.

Respond with only the letter of your answer (A, B, C, or D).",B,2026-06-12T01:44:36.582870+00:00
637,4,row_036,chi-mo,Identity,local_gptoss,B,,B,True,False,"In the following sentence, what does ""chi-mo"" mean?
Go fuck that chi-mo up.

Select only one answer.
A) To give sympathy or signify a failure
B) A chlid molestor
C) Something done regularly
D) To metaphorically die of laughter

Respond with only the letter of your answer (A, B, C, or D).",B,2026-06-12T01:44:41.533401+00:00
638,4,row_037,Chungus,General,local_gptoss,D,,D,True,False,"In the following sentence, what does ""Chungus"" mean?
Thats a very chungus pizza.

Select only one answer.
A) A term used by incels to refer to women in a way that dehumanizes them.
B) Nonsensical term
C) An insult saying that the problem is due to lack of skill rather then luck
D) Something that is adorably and chunky

Respond with only the letter of your answer (A, B, C, or D).",D,2026-06-12T01:44:43.494399+00:00
639,4,row_038,Clocked,Violence,local_gptoss,C,D,C,True,False,"In the following sentence, what does ""Clocked"" mean?
He totally clocked that guy.

Select only one answer.
A) A man that takes care of children
B) Talking too much
C) When something hidden gets called out
D) to time with a stopwatch or by an electric timing device

Respond with only the letter of your answer (A, B, C, or D).",C,2026-06-12T01:44:45.726905+00:00
640,4,row_039,Cooked,General,local_gptoss,D,A,D,True,False,"In the following sentence, what does ""Cooked"" mean?
You're cooked

Select only one answer.
A) past tense and past participle of cook
B) Used to address friends with exasperation, releif, or disbeleif.
C) To do somethign very well
D) Done or ruined

Respond with only the letter of your answer (A, B, C, or D).",D,2026-06-12T01:44:46.839416+00:00
641,4,row_040,coota suit,Identity,local_gptoss,B,,D,False,False,"In the following sentence, what does ""coota suit"" mean?
Im gonna hit the town in my coota suit.

Select only one answer.
A) Fuckboy, someone just looking for sex
B) An all denim outfit
C) To refer to ones imaginary audience like an internet steamer
D) Main Character - Someone that acts as if they are the star of a story

Respond with only the letter of your answer (A, B, C, or D).",D,2026-06-12T01:44:50.416571+00:00
642,4,row_041,Crashout,General,local_gptoss,D,B,D,True,False,"In the following sentence, what does ""Crashout"" mean?
Jen had a total crashout after her breakup

Select only one answer.
A) To express disappointment dramatically
B) a vehicular crash
C) The greatest of all time
D) An emotional meltdown

Respond with only the letter of your answer (A, B, C, or D).",D,2026-06-12T01:44:51.399008+00:00
643,4,row_042,Cringe,General,local_gptoss,C,,C,True,False,"In the following sentence, what does ""Cringe"" mean?
Did you hear that pickup line? It was totally cringe!

Select only one answer.
A) something intense, aggressive, and unfiltered
B) Down to fuck
C) to recoil in distaste
D) Something suspicious

Respond with only the letter of your answer (A, B, C, or D).",C,2026-06-12T01:44:52.750868+00:00
644,4,row_043,crower,Insult,local_gptoss,D,,D,True,False,"In the following sentence, what does ""crower"" mean?
Stop sitting around and being a crower

Select only one answer.
A) To make a jawline more defined
B) fake soft penises and testicles designed to give a 'male' bulge to the crotches of female-to-male transsexuals.
C) An affirmative agreement
D) Someone who sitts around commenting about others

Respond with only the letter of your answer (A, B, C, or D).",D,2026-06-12T01:44:57.488887+00:00
645,4,row_044,cuck,Insult,local_gptoss,B,D,D,False,True,"In the following sentence, what does ""cuck"" mean?
That guy must be a cuck letting his wife talk to others like that.

Select only one answer.
A) an expression of surprise
B) A term for someone that enjoys watching their wife have sex with another man
C) Gossip
D) a man whose wife is unfaithful : cuckold

Respond with only the letter of your answer (A, B, C, or D).",D,2026-06-12T01:44:59.944687+00:00
646,4,row_045,d-low,General,local_gptoss,B,,B,True,False,"In the following sentence, what does ""d-low"" mean?
Keep it on the d-low, okay?

Select only one answer.
A) A charismatic, sexy, and quick witted man
B) To keep secretive or obscure
C) To win
D) A distinct trait, style, or outfit, often used in drag culture

Respond with only the letter of your answer (A, B, C, or D).",B,2026-06-12T01:45:03.302153+00:00
647,4,row_046,daggers,General,local_gptoss,A,B,A,True,False,"In the following sentence, what does ""daggers"" mean?
Lets hit the dance floor and do the start daggering.

Select only one answer.
A) A provocative dance
B) a sharp pointed knife for stabbing
C) A term for friends
D) To do somethign very well

Respond with only the letter of your answer (A, B, C, or D).",A,2026-06-12T01:45:06.297555+00:00
648,4,row_047,Ded,General,local_gptoss,A,,A,True,False,"In the following sentence, what does ""Ded"" mean?
I'm ded

Select only one answer.
A) To metaphorically die of laughter
B) Something done regularly
C) You're on Your own
D) Fashionable or stylish

Respond with only the letter of your answer (A, B, C, or D).",A,2026-06-12T01:45:07.991463+00:00
649,4,row_048,Delulu,General,local_gptoss,D,,D,True,False,"In the following sentence, what does ""Delulu"" mean?
I'm feeling delulu after that show.

Select only one answer.
A) A cigarette
B) the playful act of taking a friend's food
C) something intense, aggressive, and unfiltered
D) Delusional

Respond with only the letter of your answer (A, B, C, or D).",D,2026-06-12T01:45:09.059069+00:00
650,4,row_049,Dog water,Insult,local_gptoss,A,,A,True,False,"In the following sentence, what does ""Dog water"" mean?
You are playing like dog water.

Select only one answer.
A) Something low quality or bad
B) A criminal that turned their life arpound and are legitimate
C) Methodone
D) Something suspicious

Respond with only the letter of your answer (A, B, C, or D).",A,2026-06-12T01:45:09.817941+00:00
651,4,row_050,doommaxxing,Identity,local_gptoss,C,,C,True,False,"In the following sentence, what does ""doommaxxing"" mean?
I'm just gonna be doommaxxing all weekend.

Select only one answer.
A) someone that looks ordinary but is actually very strong
B) An endeering term used towards ones significant other
C) The abandonment of responsibilities
D) To express disappointment dramatically

Respond with only the letter of your answer (A, B, C, or D).",C,2026-06-12T01:45:13.386453+00:00
652,4,row_051,Dope,General,local_gptoss,B,D,B,True,False,"In the following sentence, what does ""Dope"" mean?
That car is dope.

Select only one answer.
A) Fashionable or stylish
B) Cool
C) Something that is messed up or not right.
D) a stupid person

Respond with only the letter of your answer (A, B, C, or D).",B,2026-06-12T01:45:14.572300+00:00
653,4,row_052,Drip,Identity,local_gptoss,D,C,D,True,False,"In the following sentence, what does ""Drip"" mean?
How is the drip?

Select only one answer.
A) To win
B) Get to the point
C) to let fall in drops
D) Stylish or flashy outfit style

Respond with only the letter of your answer (A, B, C, or D).",D,2026-06-12T01:45:15.875475+00:00
654,4,row_053,DTF,Sexual,local_gptoss,B,,B,True,False,"In the following sentence, what does ""DTF"" mean?
She was totally DTF after the first date.

Select only one answer.
A) To give sympathy or signify a failure
B) Down to fuck
C) A large ass that stands out.
D) The videos one find on social media that cause people to scroll and do nothign for hours

Respond with only the letter of your answer (A, B, C, or D).",B,2026-06-12T01:45:17.324736+00:00
655,4,row_054,dubs,General,local_gptoss,D,B,D,True,False,"In the following sentence, what does ""dubs"" mean?
Take home the dubs!

Select only one answer.
A) Someone unappealing
B) to add (sound effects or new dialogue) to a film or to a radio or television production —usually used with in
C) To be skeptical about something
D) To win

Respond with only the letter of your answer (A, B, C, or D).",D,2026-06-12T01:45:19.587942+00:00
656,4,row_055,epi,General,local_gptoss,C,,C,True,False,"In the following sentence, what does ""epi"" mean?
Watch out, hes going through an epi.

Select only one answer.
A) To check the mood of a situation
B) Something low quality or bad
C) Epileptic fit from a synthetic canabis
D) A reference for ass

Respond with only the letter of your answer (A, B, C, or D).",C,2026-06-12T01:45:21.993790+00:00
657,4,row_056,F,General,local_gptoss,C,A,C,True,False,"In the following sentence, what does ""F"" mean?
I almost had that one. F.

Select only one answer.
A) the 6th letter of the English alphabet
B) Used to address friends with exasperation, releif, or disbeleif.
C) To give sympathy or signify a failure
D) To keep secretive or obscure

Respond with only the letter of your answer (A, B, C, or D).",C,2026-06-12T01:45:23.320922+00:00
658,4,row_057,Fanum Tax,General,local_gptoss,C,,C,True,False,"In the following sentence, what does ""Fanum Tax"" mean?
I was at dinner with my girl and she fanum taxed me.

Select only one answer.
A) Something low quality or bad
B) A descriptor for an attractive person
C) the playful act of taking a friend's food
D) Someone unappealing

Respond with only the letter of your answer (A, B, C, or D).",C,2026-06-12T01:45:26.048495+00:00
659,4,row_058,FBOI,Sexual,local_gptoss,B,,B,True,False,"In the following sentence, what does ""FBOI"" mean?
She just needs a FBOI to gegt out of her slump.

Select only one answer.
A) Someone who refused to wear a mask in covid times.
B) Fuckboy, someone just looking for sex
C) Something that is better then everything else
D) To win

Respond with only the letter of your answer (A, B, C, or D).",B,2026-06-12T01:45:29.960714+00:00
660,4,row_059,Fire,General,local_gptoss,A,B,A,True,False,"In the following sentence, what does ""Fire"" mean?
That game war fire!

Select only one answer.
A) Something really good
B) the phenomenon of combustion manifested in light, flame, and heat
C) Cancer
D) someone that looks ordinary but is actually very strong

Respond with only the letter of your answer (A, B, C, or D).",A,2026-06-12T01:45:31.824945+00:00
661,4,row_060,Flex,General,local_gptoss,A,C,A,True,False,"In the following sentence, what does ""Flex"" mean?
Vinny with the car flex.

Select only one answer.
A) To show off
B) to aggrivate
C) to bend especially repeatedly
D) bullets

Respond with only the letter of your answer (A, B, C, or D).",A,2026-06-12T01:45:33.010120+00:00
662,4,row_061,foid,Insult,local_gptoss,D,,D,True,False,"In the following sentence, what does ""foid"" mean?
Their was this group of foids at the store earlier, I couldn't satnd them!

Select only one answer.
A) I just burst out laughing
B) An expression of disbelief
C) Men that lack masculine characteristics
D) A term used by incels to refer to women in a way that dehumanizes them.

Respond with only the letter of your answer (A, B, C, or D).",D,2026-06-12T01:45:36.627062+00:00
663,4,row_062,Fuckboy,Sexual,local_gptoss,A,,A,True,False,"In the following sentence, what does ""Fuckboy"" mean?
That guy gave off total fuckboy energy.

Select only one answer.
A) Fuckboy, someone just looking for sex
B) Very good
C) Ironically used to describe one as unique
D) cocaine

Respond with only the letter of your answer (A, B, C, or D).",A,2026-06-12T01:45:37.993444+00:00
664,4,row_063,fuckwhistle,Insult,local_gptoss,D,,D,True,False,"In the following sentence, what does ""fuckwhistle"" mean?
Get out of here you fuckwhistle!

Select only one answer.
A) A strong, leader who commands those around them
B) A type of marijuana
C) Someone who sitts around commenting about others
D) An insulting term to refer to someone as stupid

Respond with only the letter of your answer (A, B, C, or D).",D,2026-06-12T01:45:45.282207+00:00
665,4,row_064,Full send,General,local_gptoss,A,,A,True,False,"In the following sentence, what does ""Full send"" mean?
I'm about to full send on this test!

Select only one answer.
A) Go in 100% on something
B) An older person who is out of touch
C) Something very good
D) A kilo of cocaine

Respond with only the letter of your answer (A, B, C, or D).",A,2026-06-12T01:45:46.259176+00:00
666,4,row_065,FWB,Sexual,local_gptoss,C,,C,True,False,"In the following sentence, what does ""FWB"" mean?
Yea, we started a FWB sort of thing.

Select only one answer.
A) To do something impressive
B) a significant other
C) Friends with benefits
D) Something suspicious

Respond with only the letter of your answer (A, B, C, or D).",C,2026-06-12T01:45:47.338570+00:00
667,4,row_066,G-wagon,General,local_gptoss,C,,C,True,False,"In the following sentence, what does ""G-wagon"" mean?
Yo, check out that g-wagon!

Select only one answer.
A) Someone acting aggressively and out of control
B) You're on Your own
C) Mercedes Benz G class
D) Someone that is too left leaning politically

Respond with only the letter of your answer (A, B, C, or D).",C,2026-06-12T01:45:48.607935+00:00
668,4,row_067,gabadost,Identity,local_gptoss,D,,D,True,False,"In the following sentence, what does ""gabadost"" mean?
Did you even listen to me? Gabadost!

Select only one answer.
A) Mediocre
B) An independent, strong person
C) to recoil in distaste
D) Someone who is very stubborn

Respond with only the letter of your answer (A, B, C, or D).",D,2026-06-12T01:45:53.779534+00:00
669,4,row_068,Giga Chad,Identity,local_gptoss,C,,C,True,False,"In the following sentence, what does ""Giga Chad"" mean?
Did you see how he lifted that? What a giga chad.

Select only one answer.
A) A strong, leader who commands those around them
B) Someone who prepares for doomsday scenarios
C) A near superhuman perfect male
D) Men that lack masculine characteristics

Respond with only the letter of your answer (A, B, C, or D).",C,2026-06-12T01:45:55.099376+00:00
670,4,row_069,Glazing,Insult,local_gptoss,B,A,B,True,False,"In the following sentence, what does ""Glazing"" mean?
Stop glazing over One Piece, its not that good.

Select only one answer.
A) the action, process, or trade of fitting windows with glass
B) Someone that is too much of a fan of something
C) Go in 100% on something
D) drunk

Respond with only the letter of your answer (A, B, C, or D).",B,2026-06-12T01:46:03.179917+00:00
671,4,row_070,Glee,Violence,local_gptoss,C,D,D,False,True,"In the following sentence, what does ""Glee"" mean?
Grab your glee and get outta here!

Select only one answer.
A) Used to mock someone who doesnt think for themselves, says things repeatedly, or has no opinions
B) Someone that travels abroad with the sole purpose of having sex
C) A glock pistol
D) exultant high-spirited joy : merriment

Respond with only the letter of your answer (A, B, C, or D).",D,2026-06-12T01:46:04.335614+00:00
672,4,row_071,glitter,Identity,local_gptoss,C,B,B,False,True,"In the following sentence, what does ""glitter"" mean?
Go out htere and glittter!

Select only one answer.
A) Crack cocaine
B) to shine by reflection with many small flashes of brilliant light : sparkle
C) A term to support someone going through a gender change.
D) A homosexual cowboy

Respond with only the letter of your answer (A, B, C, or D).",B,2026-06-12T01:46:05.740666+00:00
673,4,row_072,glizzy,General,local_gptoss,A,,A,True,False,"In the following sentence, what does ""glizzy"" mean?
Hey, lets grab some costco glizzys before we go.

Select only one answer.
A) A hot dog
B) I just burst out laughing
C) To be fierce and unapologetic withing a social situation
D) Gossip

Respond with only the letter of your answer (A, B, C, or D).",A,2026-06-12T01:46:07.711957+00:00
674,4,row_073,Goated,General,local_gptoss,D,,D,True,False,"In the following sentence, what does ""Goated"" mean?
That play was goated

Select only one answer.
A) To confim that something was completed to expectation
B) A term of endearment for a significant other
C) intensely and openely say something true
D) The greatest of all time

Respond with only the letter of your answer (A, B, C, or D).",D,2026-06-12T01:46:08.401514+00:00
675,4,row_074,Gooning,Sexual,local_gptoss,D,,D,True,False,"In the following sentence, what does ""Gooning"" mean?
He looks like he was gooning all break

Select only one answer.
A) Someone that is boring
B) to aggrivate
C) A term used to describe a baby raised in a gender neutral environment
D) Prolonged masturbation

Respond with only the letter of your answer (A, B, C, or D).",D,2026-06-12T01:46:10.219916+00:00
676,4,row_075,goonmaxxing,Identity,local_gptoss,C,,B,False,False,"In the following sentence, what does ""goonmaxxing"" mean?
He's been spending all summer goonmaxxing in his room

Select only one answer.
A) Age Sex Location
B) Something that is messed up or not right.
C) To mastrubate for extremeely long period regularly
D) To be high or drunk

Respond with only the letter of your answer (A, B, C, or D).",B,2026-06-12T01:46:17.498465+00:00
677,4,row_076,gouda,General,local_gptoss,D,C,C,False,True,"In the following sentence, what does ""gouda"" mean?
Stop being so gouda.

Select only one answer.
A) To keep secretive or obscure
B) Someone acting aggressively and out of control
C) a mild cheese of Dutch origin that is similar to Edam but contains more fat
D) Someone unappealing

Respond with only the letter of your answer (A, B, C, or D).",C,2026-06-12T01:46:23.400601+00:00
678,4,row_077,greazy,Insult,local_gptoss,C,,A,False,False,"In the following sentence, what does ""greazy"" mean?
You lookin greazy today.

Select only one answer.
A) Something really good
B) A near superhuman perfect male
C) Poorly dressed
D) A distinct trait, style, or outfit, often used in drag culture

Respond with only the letter of your answer (A, B, C, or D).",A,2026-06-12T01:46:28.213455+00:00
679,4,row_078,Griddy,General,local_gptoss,A,,A,True,False,"In the following sentence, what does ""Griddy"" mean?
Hit the griddy!

Select only one answer.
A) A dance move
B) to recoil in distaste
C) Cool
D) A near superhuman perfect male

Respond with only the letter of your answer (A, B, C, or D).",A,2026-06-12T01:46:29.828345+00:00
680,4,row_079,grips up,Violence,local_gptoss,B,,B,True,False,"In the following sentence, what does ""grips up"" mean?
grips up, we gotta head out.

Select only one answer.
A) An expression of disappointment
B) To prepare for a fight
C) Fuckboy, someone just looking for sex
D) an expression of surprise

Respond with only the letter of your answer (A, B, C, or D).",B,2026-06-12T01:46:32.144518+00:00
681,4,row_080,Gyatt,General,local_gptoss,A,,A,True,False,"In the following sentence, what does ""Gyatt"" mean?
Oh, my gyatt, I really wanna see you.

Select only one answer.
A) an expression of surprise
B) Another term that stands for that hoe over there
C) sweet talk
D) Ironically used to describe one as unique

Respond with only the letter of your answer (A, B, C, or D).",A,2026-06-12T01:46:38.869480+00:00
682,4,row_081,haps,General,local_gptoss,A,,A,True,False,"In the following sentence, what does ""haps"" mean?
haps tonight?

Select only one answer.
A) Short for happening
B) Ironically used to describe one as unique
C) To tie up an arm to isolate a vein for injecting a drug
D) Mercedes Benz G class

Respond with only the letter of your answer (A, B, C, or D).",A,2026-06-12T01:46:40.678619+00:00
683,4,row_082,hem up,General,local_gptoss,C,,B,False,False,"In the following sentence, what does ""hem up"" mean?
Bro, don't hem up.

Select only one answer.
A) Mercedes Benz G class
B) A distinct trait, style, or outfit, often used in drag culture
C) To get arrested
D) Down to fuck

Respond with only the letter of your answer (A, B, C, or D).",B,2026-06-12T01:46:46.868096+00:00
684,4,row_083,highkey,General,local_gptoss,B,D,B,True,False,"In the following sentence, what does ""highkey"" mean?
Highkey, this place is great!

Select only one answer.
A) Something that appears mundane but has hidden potential
B) intensely and openely say something true
C) To be honest about something
D) having or producing light tones only with little contrast —used of a photographic print or subject or of the lighting of a photographic subject

Respond with only the letter of your answer (A, B, C, or D).",B,2026-06-12T01:46:49.415644+00:00
685,4,row_084,Hits different,General,local_gptoss,C,,C,True,False,"In the following sentence, what does ""Hits different"" mean?
This hot dog hits different.

Select only one answer.
A) The vagina
B) To make lifestyle changes to make your life more holistic
C) Something very good
D) Someone weak or a follower

Respond with only the letter of your answer (A, B, C, or D).",C,2026-06-12T01:46:51.149960+00:00
686,4,row_085,Ick,Insult,local_gptoss,D,,D,True,False,"In the following sentence, what does ""Ick"" mean?
His hairdue gave me the ick.

Select only one answer.
A) Very good
B) A glock pistol
C) A term used to describe a baby raised in a gender neutral environment
D) A sudden feeling of disguest or repultion towards someone.

Respond with only the letter of your answer (A, B, C, or D).",D,2026-06-12T01:46:52.092156+00:00
687,4,row_086,IJBOL,General,local_gptoss,A,,A,True,False,"In the following sentence, what does ""IJBOL"" mean?
That was aso funny. IJBOL!

Select only one answer.
A) I just burst out laughing
B) Someone that travels abroad with the sole purpose of having sex
C) Money
D) Someone who acts tries to act entertaining and amuzingly relentlessly

Respond with only the letter of your answer (A, B, C, or D).",A,2026-06-12T01:46:55.772573+00:00
688,4,row_087,Ipad Kid,General,local_gptoss,A,,A,True,False,"In the following sentence, what does ""Ipad Kid"" mean?
They are just a bunch of Ipad kids.

Select only one answer.
A) used to mock spoiled kids
B) A dance move
C) A commonplace person
D) an expression of surprise

Respond with only the letter of your answer (A, B, C, or D).",A,2026-06-12T01:46:57.831003+00:00
689,4,row_088,Jebaited,General,local_gptoss,C,,C,True,False,"In the following sentence, what does ""Jebaited"" mean?
Get jebaited!

Select only one answer.
A) A term used by incels to refer to women in a way that dehumanizes them.
B) I just burst out laughing
C) To manipulated, trick, or fool someone
D) A significant problem

Respond with only the letter of your answer (A, B, C, or D).",C,2026-06-12T01:47:00.885550+00:00
690,4,row_089,jestermaxxing,Identity,local_gptoss,D,,D,True,False,"In the following sentence, what does ""jestermaxxing"" mean?
Tommy's jestermaxxing in class just to annoy the teacher.

Select only one answer.
A) To shoot ones shot.
B) A descriptor for an attractive person
C) To manipulated, trick, or fool someone
D) Someone who acts tries to act entertaining and amuzingly relentlessly

Respond with only the letter of your answer (A, B, C, or D).",D,2026-06-12T01:47:02.489935+00:00
691,4,row_090,Jit,Insult,local_gptoss,A,,A,True,False,"In the following sentence, what does ""Jit"" mean?
Who is this jit?

Select only one answer.
A) Someone younger
B) To express disappointment dramatically
C) A kilo of cocaine
D) Used to refer to the social media platforms one uses

Respond with only the letter of your answer (A, B, C, or D).",A,2026-06-12T01:47:14.442146+00:00
692,4,row_091,K.Y. cowboy,Insult,local_gptoss,B,,D,False,False,"In the following sentence, what does ""K.Y. cowboy"" mean?
Stop being such a K.Y. cowboy.

Select only one answer.
A) To make lifestyle changes to make your life more holistic
B) A homosexual cowboy
C) To knock someone out
D) something intense, aggressive, and unfiltered

Respond with only the letter of your answer (A, B, C, or D).",D,2026-06-12T01:47:16.597294+00:00
693,4,row_092,keep it 100,General,local_gptoss,D,,D,True,False,"In the following sentence, what does ""keep it 100"" mean?
Keep it 100, dod you see her last night?

Select only one answer.
A) Fuckboy, someone just looking for sex
B) a live-action role-playing game in which a group of people enacts a fictional scenario (such as a fantasy adventure) in real time typically under the guidance of a facilitator or organizer; also : the activity of participating in such games : larping
C) cocaine
D) To be honest about something

Respond with only the letter of your answer (A, B, C, or D).",D,2026-06-12T01:47:17.321639+00:00
694,4,row_093,KHHV,Insult,local_gptoss,D,,D,True,False,"In the following sentence, what does ""KHHV"" mean?
Looks like a total KHHV.

Select only one answer.
A) An emotional meltdown
B) An affirmative agreement
C) Someone who sitts around commenting about others
D) An incel term meaning kissless, hugless, handholdless virgin

Respond with only the letter of your answer (A, B, C, or D).",D,2026-06-12T01:47:23.578463+00:00
695,4,row_094,knot off,Drugs,local_gptoss,B,,B,True,False,"In the following sentence, what does ""knot off"" mean?
Get ready to knot off, I have the H.

Select only one answer.
A) To metaphorically die of laughter
B) To tie up an arm to isolate a vein for injecting a drug
C) Acting crazily
D) A reference for ass

Respond with only the letter of your answer (A, B, C, or D).",B,2026-06-12T01:47:26.983699+00:00
696,4,row_095,kweff,Violence,local_gptoss,C,,C,True,False,"In the following sentence, what does ""kweff"" mean?
Lock, aim, and kweff.

Select only one answer.
A) A term for bringing someone over to watch some netflix and then have sex.
B) Something that is adorably and chunky
C) To stab or shoot
D) Someone who acts tries to act entertaining and amuzingly relentlessly

Respond with only the letter of your answer (A, B, C, or D).",C,2026-06-12T01:47:28.115054+00:00
697,4,row_096,L,General,local_gptoss,A,C,A,True,False,"In the following sentence, what does ""L"" mean?
We took the L at the basketball match.

Select only one answer.
A) A loss or failure
B) Weak or effeminate
C) the 12th letter of the English alphabet
D) You're on Your own

Respond with only the letter of your answer (A, B, C, or D).",A,2026-06-12T01:47:29.616836+00:00
698,4,row_097,lacag,General,local_gptoss,D,,D,True,False,"In the following sentence, what does ""lacag"" mean?
I'll be out making lacag.

Select only one answer.
A) to recoil in distaste
B) Main Character - Someone that acts as if they are the star of a story
C) The abandonment of responsibilities
D) Money

Respond with only the letter of your answer (A, B, C, or D).",D,2026-06-12T01:47:30.878253+00:00
699,4,row_098,larp,General,local_gptoss,B,,B,True,False,"In the following sentence, what does ""larp"" mean?
I went to a LARP at the park this weekend.

Select only one answer.
A) Someone that is too much of a fan of something
B) a live-action role-playing game in which a group of people enacts a fictional scenario (such as a fantasy adventure) in real time typically under the guidance of a facilitator or organizer; also : the activity of participating in such games : larping
C) Nonsensical term
D) An older person who is out of touch

Respond with only the letter of your answer (A, B, C, or D).",B,2026-06-12T01:47:31.380301+00:00
700,4,row_099,lewk,General,local_gptoss,A,,A,True,False,"In the following sentence, what does ""lewk"" mean?
Jim is using his signature lewk tonight.

Select only one answer.
A) A distinct trait, style, or outfit, often used in drag culture
B) Cancer
C) An insulting term to refer to someone as stupid
D) A charismatic, sexy, and quick witted man

Respond with only the letter of your answer (A, B, C, or D).",A,2026-06-12T01:47:32.659097+00:00
701,4,row_100,lidge,General,local_gptoss,D,,D,True,False,"In the following sentence, what does ""lidge"" mean?
I'm gettin money lidge.

Select only one answer.
A) Someone who prepares for doomsday scenarios
B) To stab or shoot
C) Something that is adorably and chunky
D) A criminal that turned their life arpound and are legitimate

Respond with only the letter of your answer (A, B, C, or D).",D,2026-06-12T01:47:49.446993+00:00
702,4,row_101,lifemaxxing,Identity,local_gptoss,D,,D,True,False,"In the following sentence, what does ""lifemaxxing"" mean?
Shes's reallly been trying to lifemax these past few months.

Select only one answer.
A) Someone acting aggressively and out of control
B) bullets
C) To be skeptical about something
D) To make lifestyle changes to make your life more holistic

Respond with only the letter of your answer (A, B, C, or D).",D,2026-06-12T01:47:51.062701+00:00
703,4,row_102,looksmaxxing,Identity,local_gptoss,B,,B,True,False,"In the following sentence, what does ""looksmaxxing"" mean?
The looksmaxxing community

Select only one answer.
A) A criminal that turned their life arpound and are legitimate
B) To focus on making one as physically attractive as possible
C) crazy or erratic
D) to recoil in distaste

Respond with only the letter of your answer (A, B, C, or D).",B,2026-06-12T01:47:52.277816+00:00
704,4,row_103,lotion,General,local_gptoss,A,C,C,False,True,"In the following sentence, what does ""lotion"" mean?
Lemme go lotion her up for you.

Select only one answer.
A) sweet talk
B) A term used to say that someone is online too much and needs to get back to real life
C) a liquid preparation for cosmetic or external medicinal use
D) Another term that stands for that hoe over there

Respond with only the letter of your answer (A, B, C, or D).",C,2026-06-12T01:47:53.841242+00:00
705,4,row_104,Low Key,General,local_gptoss,A,C,A,True,False,"In the following sentence, what does ""Low Key"" mean?
Low key, I want some ice cream.

Select only one answer.
A) Saying something secretive or to keep low profile
B) the playful act of taking a friend's food
C) having or producing dark tones only with little contrast
D) A rule used by some for dating that refers to someone who is six feet tall, has a 6 figure income, and has six-pack abs

Respond with only the letter of your answer (A, B, C, or D).",A,2026-06-12T01:47:55.637969+00:00
706,4,row_105,main character,General,local_gptoss,C,,C,True,False,"In the following sentence, what does ""main character"" mean?
You give off main character energy.

Select only one answer.
A) An attractive older man
B) Someone younger
C) Main Character - Someone that acts as if they are the star of a story
D) Nonsensical term

Respond with only the letter of your answer (A, B, C, or D).",C,2026-06-12T01:47:56.488127+00:00
707,4,row_106,manny,Insult,local_gptoss,D,,C,False,False,"In the following sentence, what does ""manny"" mean?
Look at the guy, he's just a manny.

Select only one answer.
A) An expression of disappointment
B) Done or ruined
C) Fashionable or stylish
D) A man that takes care of children

Respond with only the letter of your answer (A, B, C, or D).",C,2026-06-12T01:48:06.326762+00:00
708,4,row_107,mascara,Sexual,local_gptoss,C,A,A,False,True,"In the following sentence, what does ""mascara"" mean?
I lost my mascara for 5 years, but then I found it again, and I love it even more now.

Select only one answer.
A) a cosmetic especially for making the eyelashes darker and more prominent
B) Someone who is very stubborn
C) A term to discuss sexual experiences
D) A term used to say that someone is online too much and needs to get back to real life

Respond with only the letter of your answer (A, B, C, or D).",A,2026-06-12T01:48:07.733080+00:00
709,4,row_108,Mewing,Identity,local_gptoss,A,D,A,True,False,"In the following sentence, what does ""Mewing"" mean?
You've gotta start mewing to increase your status in society.

Select only one answer.
A) To make a jawline more defined
B) A person who is very good at spotting a lie
C) Someone unappealing
D) to utter a mew or similar sound

Respond with only the letter of your answer (A, B, C, or D).",A,2026-06-12T01:48:10.500969+00:00
710,4,row_109,Mid,General,local_gptoss,B,,B,True,False,"In the following sentence, what does ""Mid"" mean?
That was a mid burger.

Select only one answer.
A) To knock someone out
B) Mediocre
C) An incel term meaning kissless, hugless, handholdless virgin
D) A rule used by some for dating that refers to someone who is six feet tall, has a 6 figure income, and has six-pack abs

Respond with only the letter of your answer (A, B, C, or D).",B,2026-06-12T01:48:11.688002+00:00
711,4,row_110,minghiun,Insult,local_gptoss,C,,C,True,False,"In the following sentence, what does ""minghiun"" mean?
Stop being a minghiun.

Select only one answer.
A) I just burst out laughing
B) Someone who is trying to get sexual attention overtly
C) A fool or a prick
D) Someone that travels abroad with the sole purpose of having sex

Respond with only the letter of your answer (A, B, C, or D).",C,2026-06-12T01:48:27.834183+00:00
712,4,row_111,nang,Drugs,local_gptoss,B,,B,True,False,"In the following sentence, what does ""nang"" mean?
Dude, grab the nang, I wanna feel free.

Select only one answer.
A) crazy or erratic
B) A canister of nitrous oxide
C) Get to the point
D) A distinct trait, style, or outfit, often used in drag culture

Respond with only the letter of your answer (A, B, C, or D).",B,2026-06-12T01:48:29.191610+00:00
713,4,row_112,Negative Aura,Insult,local_gptoss,A,,A,True,False,"In the following sentence, what does ""Negative Aura"" mean?
She's giving off negative aura.

Select only one answer.
A) a bad charisma
B) Describes activities or situations that are sexually aggressive
C) To be skeptical about something
D) A person who is very good at spotting a lie

Respond with only the letter of your answer (A, B, C, or D).",A,2026-06-12T01:48:31.545050+00:00
714,4,row_113,Netflix and Chill,Sexual,local_gptoss,A,,A,True,False,"In the following sentence, what does ""Netflix and Chill"" mean?
Wanna come back to my place and Netflix and Chill?

Select only one answer.
A) A term for bringing someone over to watch some netflix and then have sex.
B) Throwing something
C) A fashionable look
D) A loss or failure

Respond with only the letter of your answer (A, B, C, or D).",A,2026-06-12T01:48:32.865899+00:00
715,4,row_114,next-level,General,local_gptoss,A,,A,True,False,"In the following sentence, what does ""next-level"" mean?
That movie was next level!

Select only one answer.
A) Something that is better then everything else
B) Something that is messed up or not right.
C) crazy or erratic
D) Ending the discussion on a topic

Respond with only the letter of your answer (A, B, C, or D).",A,2026-06-12T01:48:33.764493+00:00
716,4,row_115,NPC,Insult,local_gptoss,D,C,D,True,False,"In the following sentence, what does ""NPC"" mean?
Stop being such an NPC.

Select only one answer.
A) Used to address friends with exasperation, releif, or disbeleif.
B) Nonsensical term
C) a character in a video game that does not represent and cannot be manipulated by a player —called also non-player character
D) Used to mock someone who doesnt think for themselves, says things repeatedly, or has no opinions

Respond with only the letter of your answer (A, B, C, or D).",D,2026-06-12T01:48:34.894774+00:00
717,4,row_116,Omega,Identity,local_gptoss,C,D,C,True,False,"In the following sentence, what does ""Omega"" mean?
Those were some real omega moves right there.

Select only one answer.
A) An incel term meaning kissless, hugless, handholdless virgin
B) Saying something secretive or to keep low profile
C) A submissive male that is often outside of traditional social hierarchies
D) the 24th and last letter of the Greek alphabet

Respond with only the letter of your answer (A, B, C, or D).",C,2026-06-12T01:48:38.939682+00:00
718,4,row_117,on the regs,General,local_gptoss,C,,C,True,False,"In the following sentence, what does ""on the regs"" mean?
I stop by the coffee shop on the regs.

Select only one answer.
A) Someone who acts tries to act entertaining and amuzingly relentlessly
B) Fuckboy, someone just looking for sex
C) Something done regularly
D) Someone unappealing

Respond with only the letter of your answer (A, B, C, or D).",C,2026-06-12T01:48:45.370874+00:00
719,4,row_118,oof,General,local_gptoss,D,,D,True,False,"In the following sentence, what does ""oof"" mean?
Oof, that was rough.

Select only one answer.
A) A cigarette
B) Someone unappealing
C) A term of endearment for a significant other
D) A reaction to something uncomfortable

Respond with only the letter of your answer (A, B, C, or D).",D,2026-06-12T01:48:46.320196+00:00
720,4,row_119,ooga-booga,Sexual,local_gptoss,C,,C,True,False,"In the following sentence, what does ""ooga-booga"" mean?
Me want ooga-booga!

Select only one answer.
A) The anus
B) To keep secretive or obscure
C) The vagina
D) Something that is adorably and chunky

Respond with only the letter of your answer (A, B, C, or D).",C,2026-06-12T01:48:56.745253+00:00
721,4,row_120,Orange Crush,Drugs,local_gptoss,B,,B,True,False,"In the following sentence, what does ""Orange Crush"" mean?
ets grab some of that orange crush tonight!

Select only one answer.
A) A dance move
B) A type of marijuana
C) A reference for ass
D) A term used by incels to refer to women in a way that dehumanizes them.

Respond with only the letter of your answer (A, B, C, or D).",B,2026-06-12T01:49:05.925891+00:00
722,4,row_121,OTP,General,local_gptoss,D,,D,True,False,"In the following sentence, what does ""OTP"" mean?
Him and her are the OTP.

Select only one answer.
A) Short for Bitch
B) To shoot ones shot.
C) A term to discuss sexual experiences
D) One True Pairing

Respond with only the letter of your answer (A, B, C, or D).",D,2026-06-12T01:49:07.166925+00:00
723,4,row_122,packers,Insult,local_gptoss,D,A,A,False,True,"In the following sentence, what does ""packers"" mean?
Thats just a group of packers over there, don't waste your time.

Select only one answer.
A) one that packs
B) Something untrue or unbeleivable
C) An insult saying that the problem is due to lack of skill rather then luck
D) fake soft penises and testicles designed to give a 'male' bulge to the crotches of female-to-male transsexuals.

Respond with only the letter of your answer (A, B, C, or D).",A,2026-06-12T01:49:12.033446+00:00
724,4,row_123,passa passa,General,local_gptoss,A,,D,False,False,"In the following sentence, what does ""passa passa"" mean?
I don't want any passa passa now.

Select only one answer.
A) A loud and messy conflict
B) A commonplace person
C) A descriptor for an attractive person
D) Fuckboy, someone just looking for sex

Respond with only the letter of your answer (A, B, C, or D).",D,2026-06-12T01:49:20.315122+00:00
725,4,row_124,passport bro,Sexual,local_gptoss,B,,B,True,False,"In the following sentence, what does ""passport bro"" mean?
A bunch of passport bro's just checked into the hotel.

Select only one answer.
A) To focus on making one as physically attractive as possible
B) Someone that travels abroad with the sole purpose of having sex
C) To tie up an arm to isolate a vein for injecting a drug
D) Go in 100% on something

Respond with only the letter of your answer (A, B, C, or D).",B,2026-06-12T01:49:22.859000+00:00
726,4,row_125,Period,General,local_gptoss,D,A,D,True,False,"In the following sentence, what does ""Period"" mean?
She is the best, period.

Select only one answer.
A) the completion of a cycle, a series of events, or a single action : conclusion
B) A man that takes care of children
C) crazy or erratic
D) Ending the discussion on a topic

Respond with only the letter of your answer (A, B, C, or D).",D,2026-06-12T01:49:24.137155+00:00
727,4,row_126,plegic,Drugs,local_gptoss,C,,C,True,False,"In the following sentence, what does ""plegic"" mean?
That guy stumbled out very plegic.

Select only one answer.
A) Fashionable or stylish
B) To do something impressive
C) drunk
D) Somehting uncool or unfashionable

Respond with only the letter of your answer (A, B, C, or D).",C,2026-06-12T01:49:29.034464+00:00
728,4,row_127,poggers,General,local_gptoss,C,,C,True,False,"In the following sentence, what does ""poggers"" mean?
Thats a poggers painting.

Select only one answer.
A) Money
B) An attractive older man
C) To express excitement or approval for something
D) A loss or failure

Respond with only the letter of your answer (A, B, C, or D).",C,2026-06-12T01:49:29.615245+00:00
729,4,row_128,Pookie,Sexual,local_gptoss,D,,D,True,False,"In the following sentence, what does ""Pookie"" mean?
My pookie loves a smash burger.

Select only one answer.
A) Cool
B) A term to discuss sexual experiences
C) A rule used by some for dating that refers to someone who is six feet tall, has a 6 figure income, and has six-pack abs
D) A term of endearment for a significant other

Respond with only the letter of your answer (A, B, C, or D).",D,2026-06-12T01:49:30.600805+00:00
730,4,row_129,Pop off,General,local_gptoss,A,D,A,True,False,"In the following sentence, what does ""Pop off"" mean?
I'm about to pop off!

Select only one answer.
A) To do something impressive
B) An insult saying that the problem is due to lack of skill rather then luck
C) A person who is very good at spotting a lie
D) to die unexpectedly

Respond with only the letter of your answer (A, B, C, or D).",A,2026-06-12T01:49:34.229112+00:00
731,4,row_130,Posh and Becks,Sexual,local_gptoss,C,,C,True,False,"In the following sentence, what does ""Posh and Becks"" mean?
Lets go back to my place and have the posh and becks.

Select only one answer.
A) A term used by incels to refer to women in a way that dehumanizes them.
B) When something hidden gets called out
C) sex
D) Main Character - Someone that acts as if they are the star of a story

Respond with only the letter of your answer (A, B, C, or D).",C,2026-06-12T01:49:38.416842+00:00
732,4,row_131,prepper,Insult,local_gptoss,B,,B,True,False,"In the following sentence, what does ""prepper"" mean?
We have a prepper down the block. They are kindof crazy, but its nice to know where to go.

Select only one answer.
A) Throwing something
B) Someone who prepares for doomsday scenarios
C) One True Pairing
D) An emotional meltdown

Respond with only the letter of your answer (A, B, C, or D).",B,2026-06-12T01:49:39.663635+00:00
733,4,row_132,Prison pocket,General,local_gptoss,B,,A,False,False,"In the following sentence, what does ""Prison pocket"" mean?
Hold it in your prison pocket.

Select only one answer.
A) A knife
B) The anus
C) A person who is very good at spotting a lie
D) A rule used by some for dating that refers to someone who is six feet tall, has a 6 figure income, and has six-pack abs

Respond with only the letter of your answer (A, B, C, or D).",A,2026-06-12T01:49:50.167520+00:00
734,4,row_133,Put the fries in the bag,General,local_gptoss,C,,C,True,False,"In the following sentence, what does ""Put the fries in the bag"" mean?
You're taking too long. Put the fires in the bag.

Select only one answer.
A) An attractive older man
B) Someone that is too much of a fan of something
C) Get to the point
D) Men that lack masculine characteristics

Respond with only the letter of your answer (A, B, C, or D).",C,2026-06-12T01:49:51.656783+00:00
735,4,row_134,Quirky,Insult,local_gptoss,B,A,A,False,True,"In the following sentence, what does ""Quirky"" mean?
I'm so quirky!

Select only one answer.
A) having many quirks : unusual in especially an interesting or appealing way
B) Ironically used to describe one as unique
C) An unattractive girl
D) Something that is reallly good.

Respond with only the letter of your answer (A, B, C, or D).",A,2026-06-12T01:49:52.206185+00:00
736,4,row_135,rago,Insult,local_gptoss,B,,B,True,False,"In the following sentence, what does ""rago"" mean?
It was just how rago he was.

Select only one answer.
A) someone that looks ordinary but is actually very strong
B) Someone acting aggressively and out of control
C) To prepare for a fight
D) Money

Respond with only the letter of your answer (A, B, C, or D).",B,2026-06-12T01:49:57.250166+00:00
737,4,row_136,rapey,Sexual,local_gptoss,A,,A,True,False,"In the following sentence, what does ""rapey"" mean?
That guy at the bar was feeling pretty rapey.

Select only one answer.
A) Describes activities or situations that are sexually aggressive
B) To make a jawline more defined
C) Gross buildup between the toes
D) A dance move

Respond with only the letter of your answer (A, B, C, or D).",A,2026-06-12T01:49:57.870111+00:00
738,4,row_137,Ratio,General,local_gptoss,C,B,C,True,False,"In the following sentence, what does ""Ratio"" mean?
Ratio if you like pizza.

Select only one answer.
A) Something that is messed up or not right.
B) the indicated quotient of two mathematical expressions
C) when a reply gets more than the original post
D) An incel term meaning kissless, hugless, handholdless virgin

Respond with only the letter of your answer (A, B, C, or D).",C,2026-06-12T01:50:03.293011+00:00
739,4,row_138,raw,General,local_gptoss,C,A,C,True,False,"In the following sentence, what does ""raw"" mean?
He's been hitting the vape raw lately.

Select only one answer.
A) not cooked
B) A descriptor for an attractive person
C) something intense, aggressive, and unfiltered
D) Another term that stands for that hoe over there

Respond with only the letter of your answer (A, B, C, or D).",C,2026-06-12T01:50:05.977541+00:00
740,4,row_139,RIP (me),General,local_gptoss,B,,B,True,False,"In the following sentence, what does ""RIP (me)"" mean?
I think I just failed that test. RIP me.

Select only one answer.
A) Someone who sitts around commenting about others
B) To express disappointment dramatically
C) An unattractive girl
D) Someone that travels abroad with the sole purpose of having sex

Respond with only the letter of your answer (A, B, C, or D).",B,2026-06-12T01:50:07.179919+00:00
741,4,row_140,Rizz,General,local_gptoss,C,,C,True,False,"In the following sentence, what does ""Rizz"" mean?
The rizz you have today is stunning!

Select only one answer.
A) Done or ruined
B) To do somethign very well
C) Charisma
D) Down to fuck

Respond with only the letter of your answer (A, B, C, or D).",C,2026-06-12T01:50:08.114476+00:00
742,4,row_141,Salty,Insult,local_gptoss,D,A,D,True,False,"In the following sentence, what does ""Salty"" mean?
She's just salty that you have a boyfriend and she doesn't.

Select only one answer.
A) of, seasoned with, or containing salt
B) To mastrubate for extremeely long period regularly
C) A commonplace person
D) Irritated, bitter, or resentful

Respond with only the letter of your answer (A, B, C, or D).",D,2026-06-12T01:50:09.267411+00:00
743,4,row_142,savage,General,local_gptoss,A,C,A,True,False,"In the following sentence, what does ""savage"" mean?
That was a savage comeback you gave.

Select only one answer.
A) To be fierce and unapologetic withing a social situation
B) Ironically used to describe one as unique
C) not domesticated or under human control : untamed
D) a live-action role-playing game in which a group of people enacts a fictional scenario (such as a fantasy adventure) in real time typically under the guidance of a facilitator or organizer; also : the activity of participating in such games : larping

Respond with only the letter of your answer (A, B, C, or D).",A,2026-06-12T01:50:10.770827+00:00
744,4,row_143,Schizo,Insult,local_gptoss,D,,D,True,False,"In the following sentence, what does ""Schizo"" mean?
Brians a total schitzo.

Select only one answer.
A) To shoot ones shot.
B) Fuckboy, someone just looking for sex
C) A loud and messy conflict
D) crazy or erratic

Respond with only the letter of your answer (A, B, C, or D).",D,2026-06-12T01:50:12.155785+00:00
745,4,row_144,scuffed,Insult,local_gptoss,B,A,B,True,False,"In the following sentence, what does ""scuffed"" mean?
The was a scuffed performance last night.

Select only one answer.
A) to walk without lifting the feet : shuffle
B) Something that is messed up or not right.
C) Someone who is trying to get sexual attention overtly
D) A charismatic, sexy, and quick witted man

Respond with only the letter of your answer (A, B, C, or D).",B,2026-06-12T01:50:12.943979+00:00
746,4,row_145,Shabba,General,local_gptoss,A,,A,True,False,"In the following sentence, what does ""Shabba"" mean?
Shabba on point!

Select only one answer.
A) Fashionable or stylish
B) A stereotypical alpha male that is strong, handsome, and attracts women.
C) To metaphorically die of laughter
D) the playful act of taking a friend's food

Respond with only the letter of your answer (A, B, C, or D).",A,2026-06-12T01:50:15.925925+00:00
747,4,row_146,Sheesh,General,local_gptoss,D,,D,True,False,"In the following sentence, what does ""Sheesh"" mean?
Sheesh! Thats crazy!

Select only one answer.
A) Acting crazily
B) Something that appears mundane but has hidden potential
C) The positive or relaxing energy of a place
D) To express disbelief

Respond with only the letter of your answer (A, B, C, or D).",D,2026-06-12T01:50:17.402749+00:00
748,4,row_147,Side eye,General,local_gptoss,A,,A,True,False,"In the following sentence, what does ""Side eye"" mean?
Why are you giving him the side eye?

Select only one answer.
A) To be skeptical about something
B) A near superhuman perfect male
C) A term for friends
D) Someone that is too left leaning politically

Respond with only the letter of your answer (A, B, C, or D).",A,2026-06-12T01:50:18.522657+00:00
749,4,row_148,Sigma,Identity,local_gptoss,B,D,B,True,False,"In the following sentence, what does ""Sigma"" mean?
You are giving off sigma energy right now.

Select only one answer.
A) A sudden feeling of disguest or repultion towards someone.
B) An independent, strong person
C) The anus
D) the 18th letter of the Greek alphabet

Respond with only the letter of your answer (A, B, C, or D).",B,2026-06-12T01:50:21.629649+00:00
750,4,row_149,Simp,Insult,local_gptoss,A,C,A,True,False,"In the following sentence, what does ""Simp"" mean?
Stop being a simp over her!

Select only one answer.
A) Someone that tries really hard to impress their crush
B) A nicotine pouch held between the upper lip and gums
C) a foolish or stupid person : simpleton
D) A submissive male that is often outside of traditional social hierarchies

Respond with only the letter of your answer (A, B, C, or D).",A,2026-06-12T01:50:25.962920+00:00
751,4,row_150,Situationship,Sexual,local_gptoss,C,,C,True,False,"In the following sentence, what does ""Situationship"" mean?
Joe ended up in a situationship over the summer.

Select only one answer.
A) Something untrue or unbeleivable
B) The vagina
C) A sexual relationship developed from situations without clear future intentions
D) A kilo of cocaine

Respond with only the letter of your answer (A, B, C, or D).",C,2026-06-12T01:50:26.853395+00:00
752,4,row_151,Skeet,Sexual,local_gptoss,B,D,D,False,True,"In the following sentence, what does ""Skeet"" mean?
He skeeted all over the court!

Select only one answer.
A) Describes activities or situations that are sexually aggressive
B) To shoot ones shot.
C) Mercedes Benz G class
D) trapshooting in which clay pigeons are thrown in such a way as to simulate the angles of flight of birds

Respond with only the letter of your answer (A, B, C, or D).",D,2026-06-12T01:50:29.531581+00:00
753,4,row_152,Skibidi,General,local_gptoss,B,,B,True,False,"In the following sentence, what does ""Skibidi"" mean?
That's so skibidi.

Select only one answer.
A) Someone who refused to wear a mask in covid times.
B) Nonsensical term
C) A term for someone that enjoys watching their wife have sex with another man
D) A rule used by some for dating that refers to someone who is six feet tall, has a 6 figure income, and has six-pack abs

Respond with only the letter of your answer (A, B, C, or D).",B,2026-06-12T01:50:30.557514+00:00
754,4,row_153,Skill issue,Insult,local_gptoss,B,,B,True,False,"In the following sentence, what does ""Skill issue"" mean?
You won't win. Its a skill issue.

Select only one answer.
A) An all denim outfit
B) An insult saying that the problem is due to lack of skill rather then luck
C) Something suspicious
D) The greatest of all time

Respond with only the letter of your answer (A, B, C, or D).",B,2026-06-12T01:50:31.252725+00:00
755,4,row_154,Slaps,General,local_gptoss,C,B,C,True,False,"In the following sentence, what does ""Slaps"" mean?
This place slaps!

Select only one answer.
A) A term for bringing someone over to watch some netflix and then have sex.
B) to strike sharply with or as if with the open hand
C) Something that is reallly good.
D) A commonplace person

Respond with only the letter of your answer (A, B, C, or D).",C,2026-06-12T01:50:32.892789+00:00
756,4,row_155,Slay,General,local_gptoss,D,C,D,True,False,"In the following sentence, what does ""Slay"" mean?
Slay girl!

Select only one answer.
A) Down to fuck
B) A term for someone that enjoys watching their wife have sex with another man
C) to kill violently, wantonly, or in great numbers
D) To do somethign very well

Respond with only the letter of your answer (A, B, C, or D).",D,2026-06-12T01:50:34.513372+00:00
757,4,row_156,sledge,Identity,local_gptoss,B,C,B,True,False,"In the following sentence, what does ""sledge"" mean?
What? Are you havin trouble you sledge?

Select only one answer.
A) To prepare for a fight
B) An insult commonly used in sports
C) sledgehammer
D) Talking too much

Respond with only the letter of your answer (A, B, C, or D).",B,2026-06-12T01:50:38.814008+00:00
758,4,row_157,sleeper,General,local_gptoss,B,A,B,True,False,"In the following sentence, what does ""sleeper"" mean?
That car has got to be a sleeper.

Select only one answer.
A) one that sleeps
B) Something that appears mundane but has hidden potential
C) An unattractive girl
D) To show off

Respond with only the letter of your answer (A, B, C, or D).",B,2026-06-12T01:50:39.832654+00:00
759,4,row_158,sleeper build,General,local_gptoss,D,,D,True,False,"In the following sentence, what does ""sleeper build"" mean?
Bro's rocking the sleeper build.

Select only one answer.
A) To metaphorically die of laughter
B) sweet talk
C) Fashionable or stylish
D) someone that looks ordinary but is actually very strong

Respond with only the letter of your answer (A, B, C, or D).",D,2026-06-12T01:50:42.102758+00:00
760,4,row_159,Snack,Sexual,local_gptoss,B,C,B,True,False,"In the following sentence, what does ""Snack"" mean?
That lady over there is a snack.

Select only one answer.
A) An endeering term used towards ones significant other
B) A descriptor for an attractive person
C) a light meal : food eaten between regular meals; also : food suitable for snacking
D) Someone acting aggressively and out of control

Respond with only the letter of your answer (A, B, C, or D).",B,2026-06-12T01:50:42.752200+00:00
761,4,row_160,snaggle,Identity,local_gptoss,C,D,C,True,False,"In the following sentence, what does ""snaggle"" mean?
Susanne is such a snaggle.

Select only one answer.
A) When you are outnumbered in a fight and call black people for the win
B) A glock pistol
C) An unattractive girl
D) snag

Respond with only the letter of your answer (A, B, C, or D).",C,2026-06-12T01:50:50.636902+00:00
762,4,row_161,Snatched,General,local_gptoss,B,D,B,True,False,"In the following sentence, what does ""Snatched"" mean?
You're looking snatched today.

Select only one answer.
A) To refer to ones imaginary audience like an internet steamer
B) A fashionable look
C) Someone who acts tries to act entertaining and amuzingly relentlessly
D) to attempt to seize something suddenly

Respond with only the letter of your answer (A, B, C, or D).",B,2026-06-12T01:50:51.853458+00:00
763,4,row_162,socials,General,local_gptoss,D,B,D,True,False,"In the following sentence, what does ""socials"" mean?
Catch me on the socials!

Select only one answer.
A) A fashionable look
B) an informal social event or gathering frequently involving a special activity or area of interest
C) An unattractive girl
D) Used to refer to the social media platforms one uses

Respond with only the letter of your answer (A, B, C, or D).",D,2026-06-12T01:50:53.015429+00:00
764,4,row_163,socio,Insult,local_gptoss,D,,D,True,False,"In the following sentence, what does ""socio"" mean?
The boy is a socio.

Select only one answer.
A) Weak or effeminate
B) fake soft penises and testicles designed to give a 'male' bulge to the crotches of female-to-male transsexuals.
C) Crack cocaine
D) Sociopath

Respond with only the letter of your answer (A, B, C, or D).",D,2026-06-12T01:50:55.917259+00:00
765,4,row_164,Soy,Insult,local_gptoss,A,,A,True,False,"In the following sentence, what does ""Soy"" mean?
Stop being so soy.

Select only one answer.
A) Weak or effeminate
B) Someone acting aggressively and out of control
C) Down to fuck
D) A knife

Respond with only the letter of your answer (A, B, C, or D).",A,2026-06-12T01:50:57.197369+00:00
766,4,row_165,soyboy,Identity,local_gptoss,C,,C,True,False,"In the following sentence, what does ""soyboy"" mean?
Get that soyboy out of here!

Select only one answer.
A) Something ugly or unattractive
B) drunk
C) Men that lack masculine characteristics
D) A term used by incels to refer to women in a way that dehumanizes them.

Respond with only the letter of your answer (A, B, C, or D).",C,2026-06-12T01:50:58.697557+00:00
767,4,row_166,Spanish dancer,General,local_gptoss,C,,D,False,False,"In the following sentence, what does ""Spanish dancer"" mean?
I sounds like I caught the spanish dancer.

Select only one answer.
A) Money
B) Acting crazily
C) Cancer
D) To get arrested

Respond with only the letter of your answer (A, B, C, or D).",D,2026-06-12T01:51:04.825579+00:00
768,4,row_167,spark,Violence,local_gptoss,A,B,A,True,False,"In the following sentence, what does ""spark"" mean?
Don't make me spark you out!

Select only one answer.
A) To knock someone out
B) a small particle of a burning substance thrown out by a body in combustion or remaining when combustion is nearly completed
C) To check the mood of a situation
D) Irritated, bitter, or resentful

Respond with only the letter of your answer (A, B, C, or D).",A,2026-06-12T01:51:16.587179+00:00
769,4,row_168,Stuyvie,Drugs,local_gptoss,C,,C,True,False,"In the following sentence, what does ""Stuyvie"" mean?
Lets go outside and smoke a suyvie.

Select only one answer.
A) Someone weak or a follower
B) Down to fuck
C) A cigarette
D) An expression of disbelief

Respond with only the letter of your answer (A, B, C, or D).",C,2026-06-12T01:51:18.043218+00:00
770,4,row_169,suiter,General,local_gptoss,B,D,B,True,False,"In the following sentence, what does ""suiter"" mean?
Her suiter was admiring her from afar.

Select only one answer.
A) Someone who is very stubborn
B) a significant other
C) Something ugly or unattractive
D) a suitcase for holding a specified number of suits —usually used in combination

Respond with only the letter of your answer (A, B, C, or D).",B,2026-06-12T01:51:19.757492+00:00
771,4,row_170,Sus,General,local_gptoss,D,,D,True,False,"In the following sentence, what does ""Sus"" mean?
That man over there is real sus.

Select only one answer.
A) Something that appears mundane but has hidden potential
B) Cancer
C) To win
D) Something suspicious

Respond with only the letter of your answer (A, B, C, or D).",D,2026-06-12T01:51:20.797097+00:00
772,4,row_171,Tea,General,local_gptoss,D,B,D,True,False,"In the following sentence, what does ""Tea"" mean?
Come on, spill the tea!

Select only one answer.
A) A knife
B) a widely cultivated shrub (Camellia sinensis of the family Theaceae, the tea family) native to China, northern India, and southeastern Asia and having glossy green leaves and fragrant white flowers
C) An insulting term to refer to someone as stupid
D) Gossip

Respond with only the letter of your answer (A, B, C, or D).",D,2026-06-12T01:51:21.784777+00:00
773,4,row_172,theybie,General,local_gptoss,C,,C,True,False,"In the following sentence, what does ""theybie"" mean?
The a couple and their theybie just moved in next door.

Select only one answer.
A) A canister of nitrous oxide
B) Someone that travels abroad with the sole purpose of having sex
C) A term used to describe a baby raised in a gender neutral environment
D) The greatest of all time

Respond with only the letter of your answer (A, B, C, or D).",C,2026-06-12T01:51:23.709835+00:00
774,4,row_173,Thirsty,Sexual,local_gptoss,C,B,C,True,False,"In the following sentence, what does ""Thirsty"" mean?
She's lookin real thirsty today.

Select only one answer.
A) A sudden feeling of disguest or repultion towards someone.
B) feeling thirst
C) Someone who is trying to get sexual attention overtly
D) A term used to describe a baby raised in a gender neutral environment

Respond with only the letter of your answer (A, B, C, or D).",C,2026-06-12T01:51:25.315367+00:00
775,4,row_174,Thot,Sexual,local_gptoss,C,,C,True,False,"In the following sentence, what does ""Thot"" mean?
I'm gonna dress like a thot tonight.

Select only one answer.
A) used to mock spoiled kids
B) To manipulated, trick, or fool someone
C) Another term that stands for that hoe over there
D) Main Character - Someone that acts as if they are the star of a story

Respond with only the letter of your answer (A, B, C, or D).",C,2026-06-12T01:51:26.603016+00:00
776,4,row_175,Thrust,General,local_gptoss,A,C,C,False,True,"In the following sentence, what does ""Thrust"" mean?
Hit the thrust!

Select only one answer.
A) A dance move
B) Something that is reallly good.
C) to push or drive with force : shove
D) Someone unappealing

Respond with only the letter of your answer (A, B, C, or D).",C,2026-06-12T01:51:28.031310+00:00
777,4,row_176,toe-cheese,Insult,local_gptoss,D,,D,True,False,"In the following sentence, what does ""toe-cheese"" mean?
My whole house smells like toe cheese.

Select only one answer.
A) A sexual relationship developed from situations without clear future intentions
B) The anus
C) Cool
D) Gross buildup between the toes

Respond with only the letter of your answer (A, B, C, or D).",D,2026-06-12T01:51:29.768268+00:00
778,4,row_177,tomdick,Insult,local_gptoss,B,,B,True,False,"In the following sentence, what does ""tomdick"" mean?
That secratary was a tomdick.

Select only one answer.
A) Somehting uncool or unfashionable
B) A commonplace person
C) A near superhuman perfect male
D) Someone unappealing

Respond with only the letter of your answer (A, B, C, or D).",B,2026-06-12T01:51:31.531078+00:00
779,4,row_178,Touch Grass,General,local_gptoss,A,,A,True,False,"In the following sentence, what does ""Touch Grass"" mean?
Go out and touch some grass.

Select only one answer.
A) A term used to say that someone is online too much and needs to get back to real life
B) fake soft penises and testicles designed to give a 'male' bulge to the crotches of female-to-male transsexuals.
C) An attractive older man
D) I just burst out laughing

Respond with only the letter of your answer (A, B, C, or D).",A,2026-06-12T01:51:32.529842+00:00
780,4,row_179,troll,Identity,local_gptoss,A,D,A,True,False,"In the following sentence, what does ""troll"" mean?
That guy in valorant was a such a troll.

Select only one answer.
A) Someone who deliberatly acts in ways to annoy or anger a group of people online.
B) A loss or failure
C) An unattractive girl
D) a dwarf or giant in Scandinavian folklore inhabiting caves or hills

Respond with only the letter of your answer (A, B, C, or D).",A,2026-06-12T01:51:33.394448+00:00
781,4,row_180,Tweaking,General,local_gptoss,B,A,B,True,False,"In the following sentence, what does ""Tweaking"" mean?
Why are you tweaking out?

Select only one answer.
A) to make usually small adjustments in or to; especially : fine-tune
B) Acting crazily
C) Charisma
D) To express disappointment dramatically

Respond with only the letter of your answer (A, B, C, or D).",B,2026-06-12T01:51:35.595920+00:00
782,4,row_181,twoz,Drugs,local_gptoss,A,,A,True,False,"In the following sentence, what does ""twoz"" mean?
Hey, hand me the twoz joint.

Select only one answer.
A) A canabis based cigarette that needs two paper rolls
B) Poorly dressed
C) something intense, aggressive, and unfiltered
D) An insult saying that the problem is due to lack of skill rather then luck

Respond with only the letter of your answer (A, B, C, or D).",A,2026-06-12T01:51:38.318130+00:00
783,4,row_182,Unc,Insult,local_gptoss,B,,D,False,False,"In the following sentence, what does ""Unc"" mean?
I'll explain it to you unc.

Select only one answer.
A) An insult commonly used in sports
B) An older person who is out of touch
C) Someone who sitts around commenting about others
D) Nonsensical term

Respond with only the letter of your answer (A, B, C, or D).",D,2026-06-12T01:51:47.637463+00:00
784,4,row_183,Understood the assignment,General,local_gptoss,B,,B,True,False,"In the following sentence, what does ""Understood the assignment"" mean?
All done. Understood the assignment.

Select only one answer.
A) A reaction to something uncomfortable
B) To confim that something was completed to expectation
C) An attractive older man
D) To give sympathy or signify a failure

Respond with only the letter of your answer (A, B, C, or D).",B,2026-06-12T01:51:48.673220+00:00
785,4,row_184,upper decky,Drugs,local_gptoss,B,,B,True,False,"In the following sentence, what does ""upper decky"" mean?
Hey bro, can I bum an upper decky zynn?

Select only one answer.
A) A man that takes care of children
B) A nicotine pouch held between the upper lip and gums
C) A dance move
D) To be high or drunk

Respond with only the letter of your answer (A, B, C, or D).",B,2026-06-12T01:51:50.923848+00:00
786,4,row_185,Vibe,General,local_gptoss,D,,D,True,False,"In the following sentence, what does ""Vibe"" mean?
I'm just enjoyin the vibe out here.

Select only one answer.
A) To do somethign very well
B) intensely and openely say something true
C) Another term that stands for that hoe over there
D) The positive or relaxing energy of a place

Respond with only the letter of your answer (A, B, C, or D).",D,2026-06-12T01:51:52.141547+00:00
787,4,row_186,Vibe Check,General,local_gptoss,B,,B,True,False,"In the following sentence, what does ""Vibe Check"" mean?
Can I get a vibe check?

Select only one answer.
A) Someone weak or a follower
B) To check the mood of a situation
C) An unattractive girl
D) Someone that is boring

Respond with only the letter of your answer (A, B, C, or D).",B,2026-06-12T01:51:52.765082+00:00
788,4,row_187,wahala,General,local_gptoss,A,,A,True,False,"In the following sentence, what does ""wahala"" mean?
Please, no wahala.

Select only one answer.
A) A significant problem
B) Someone who acts tries to act entertaining and amuzingly relentlessly
C) Another term that stands for that hoe over there
D) Get to the point

Respond with only the letter of your answer (A, B, C, or D).",A,2026-06-12T01:51:56.757296+00:00
789,4,row_188,waved,Drugs,local_gptoss,A,D,A,True,False,"In the following sentence, what does ""waved"" mean?
Bro's over on the bench waved out of his mind.

Select only one answer.
A) To be high or drunk
B) Fuckboy, someone just looking for sex
C) A fashionable look
D) having a wavelike form or outline

Respond with only the letter of your answer (A, B, C, or D).",A,2026-06-12T01:52:01.196716+00:00
790,4,row_189,What the sigma,General,local_gptoss,D,,D,True,False,"In the following sentence, what does ""What the sigma"" mean?
What the sigma? I thought you left?

Select only one answer.
A) A provocative dance
B) Ironically used to describe one as unique
C) To express excitement or approval for something
D) An expression of disbelief

Respond with only the letter of your answer (A, B, C, or D).",D,2026-06-12T01:52:04.005543+00:00
791,4,row_190,whitney,Drugs,local_gptoss,B,,B,True,False,"In the following sentence, what does ""whitney"" mean?
Hey man, you got any whitney on you?

Select only one answer.
A) A hot dog
B) Crack cocaine
C) Something suspicious
D) Fashionable or stylish

Respond with only the letter of your answer (A, B, C, or D).",B,2026-06-12T01:52:07.807523+00:00
792,4,row_191,Woke,Insult,local_gptoss,D,,D,True,False,"In the following sentence, what does ""Woke"" mean?
Stop being so woke.

Select only one answer.
A) someone that looks ordinary but is actually very strong
B) Gossip
C) To shoot ones shot.
D) Someone that is too left leaning politically

Respond with only the letter of your answer (A, B, C, or D).",D,2026-06-12T01:52:09.102682+00:00
793,4,row_192,womp womp,General,local_gptoss,A,,A,True,False,"In the following sentence, what does ""womp womp"" mean?
I failed that math quiz. Womp womp.

Select only one answer.
A) An expression of disappointment
B) An incel term meaning kissless, hugless, handholdless virgin
C) Stylish or flashy outfit style
D) A loss or failure

Respond with only the letter of your answer (A, B, C, or D).",A,2026-06-12T01:52:11.699646+00:00
794,4,row_193,wraparound,General,local_gptoss,C,A,C,True,False,"In the following sentence, what does ""wraparound"" mean?
I had to pull a wraparound this morning since I left my wallet at the bar.

Select only one answer.
A) made to be wrapped around something and especially the body
B) Gross buildup between the toes
C) Someone who is the last person to leave a location and the first to come back in the morning
D) an expression of surprise

Respond with only the letter of your answer (A, B, C, or D).",C,2026-06-12T01:52:15.371103+00:00
795,4,row_194,Yapping,Insult,local_gptoss,C,B,B,False,True,"In the following sentence, what does ""Yapping"" mean?
Stop your yapping and get over here.

Select only one answer.
A) Crack cocaine
B) to talk in a shrill insistent way : chatter
C) Talking too much
D) a bad charisma

Respond with only the letter of your answer (A, B, C, or D).",B,2026-06-12T01:52:18.166766+00:00
796,4,row_195,Yeet,General,local_gptoss,A,,A,True,False,"In the following sentence, what does ""Yeet"" mean?
Think I can make this? Yeet!

Select only one answer.
A) Throwing something
B) A significant problem
C) To express disbelief
D) A significant other

Respond with only the letter of your answer (A, B, C, or D).",A,2026-06-12T01:52:21.782489+00:00
797,4,row_196,ying,Violence,local_gptoss,C,,C,True,False,"In the following sentence, what does ""ying"" mean?
I'll walk in swinging my ying.

Select only one answer.
A) To metaphorically die of laughter
B) Poorly dressed
C) A knife
D) Saying something secretive or to keep low profile

Respond with only the letter of your answer (A, B, C, or D).",C,2026-06-12T01:52:24.069323+00:00
798,4,row_197,yoyo,General,local_gptoss,D,A,D,True,False,"In the following sentence, what does ""yoyo"" mean?
We've helped you in the past, but yoyo this time.

Select only one answer.
A) a thick grooved double disk with a string attached to its center axle that is made to fall and rise to the hand by unwinding and rewinding on the string
B) A commonplace person
C) A term to discuss sexual experiences
D) You're on Your own

Respond with only the letter of your answer (A, B, C, or D).",D,2026-06-12T01:52:27.104044+00:00
799,4,row_198,Zaddy,Sexual,local_gptoss,A,,A,True,False,"In the following sentence, what does ""Zaddy"" mean?
I'm meeting up with my zaddy later tonight.

Select only one answer.
A) An attractive older man
B) To metaphorically die of laughter
C) A provocative dance
D) To keep secretive or obscure

Respond with only the letter of your answer (A, B, C, or D).",A,2026-06-12T01:52:28.007640+00:00
800,4,row_199,Zesty,Insult,local_gptoss,B,A,A,False,True,"In the following sentence, what does ""Zesty"" mean?
He's acting a bit zesty today.

Select only one answer.
A) having or characterized by zest : appealingly piquant or lively
B) A man that is feminine in nature
C) Acting crazily
D) To make a jawline more defined

Respond with only the letter of your answer (A, B, C, or D).",A,2026-06-12T01:52:29.123845+00:00
801,5,row_000,'done,Drugs,local_gptoss,B,,C,False,False,"In the following sentence, what does ""'done"" mean?
Do you have any of the 'done on you?

Select only one answer.
A) The greatest of all time
B) Methodone
C) A sexual relationship developed from situations without clear future intentions
D) To prepare for a fight

Respond with only the letter of your answer (A, B, C, or D).",C,2026-06-12T01:52:44.689370+00:00
802,5,row_001,6-6-6,Identity,local_gptoss,D,,D,True,False,"In the following sentence, what does ""6-6-6"" mean?
I only date a man who is a 6-6-6.

Select only one answer.
A) Someone that travels abroad with the sole purpose of having sex
B) A type of marijuana
C) I just burst out laughing
D) A rule used by some for dating that refers to someone who is six feet tall, has a 6 figure income, and has six-pack abs

Respond with only the letter of your answer (A, B, C, or D).",D,2026-06-12T01:52:47.767399+00:00
803,5,row_002,AF,General,local_gptoss,B,,B,True,False,"In the following sentence, what does ""AF"" mean?
Thats cool AF!

Select only one answer.
A) Someone who refused to wear a mask in covid times.
B) As Fuck
C) To make lifestyle changes to make your life more holistic
D) An all denim outfit

Respond with only the letter of your answer (A, B, C, or D).",B,2026-06-12T01:52:48.756676+00:00
804,5,row_003,aggy,Violence,local_gptoss,B,,B,True,False,"In the following sentence, what does ""aggy"" mean?
Why you so aggy?

Select only one answer.
A) A significant problem
B) to aggrivate
C) Someone who sitts around commenting about others
D) A man that takes care of children

Respond with only the letter of your answer (A, B, C, or D).",B,2026-06-12T01:52:50.972144+00:00
805,5,row_004,Alpha,Identity,local_gptoss,D,A,D,True,False,"In the following sentence, what does ""Alpha"" mean?
What an alpha chad.

Select only one answer.
A) the 1st letter of the Greek alphabet
B) Something that is reallly good.
C) The anus
D) A strong, leader who commands those around them

Respond with only the letter of your answer (A, B, C, or D).",D,2026-06-12T01:52:52.125572+00:00
806,5,row_005,ant,Sexual,local_gptoss,D,A,A,False,True,"In the following sentence, what does ""ant"" mean?
I came across a real ant at the club earlier.

Select only one answer.
A) any of a family (Formicidae) of colonial hymenopterous insects with a complex social organization and various castes performing special duties
B) Done or ruined
C) A dance move
D) A charismatic, sexy, and quick witted man

Respond with only the letter of your answer (A, B, C, or D).",A,2026-06-12T01:52:55.782984+00:00
807,5,row_006,archer,Identity,local_gptoss,C,A,A,False,True,"In the following sentence, what does ""archer"" mean?
Jim was an archer with her lies.

Select only one answer.
A) a person who uses a bow and arrow
B) Fuckboy, someone just looking for sex
C) A person who is very good at spotting a lie
D) Someone unappealing

Respond with only the letter of your answer (A, B, C, or D).",A,2026-06-12T01:52:57.663878+00:00
808,5,row_007,ASL,Sexual,local_gptoss,B,,B,True,False,"In the following sentence, what does ""ASL"" mean?
What's your ASL?

Select only one answer.
A) Someone who is very stubborn
B) Age Sex Location
C) To confim that something was completed to expectation
D) Somehting that is poor quality

Respond with only the letter of your answer (A, B, C, or D).",B,2026-06-12T01:52:58.246848+00:00
809,5,row_008,Aura Farming,Identity,local_gptoss,A,,A,True,False,"In the following sentence, what does ""Aura Farming"" mean?
That skateboard group is trying really hard to aura farm, but its not working.

Select only one answer.
A) Activities that involve cultivating ones Aura
B) To refer to ones imaginary audience like an internet steamer
C) Someone that tries really hard to impress their crush
D) To knock someone out

Respond with only the letter of your answer (A, B, C, or D).",A,2026-06-12T01:53:04.883828+00:00
810,5,row_009,babygirl,Sexual,local_gptoss,D,,D,True,False,"In the following sentence, what does ""babygirl"" mean?
Hey babygirl, whanna metup tonight?

Select only one answer.
A) Money
B) A mauser C96 pistol
C) when a reply gets more than the original post
D) An endeering term used towards ones significant other

Respond with only the letter of your answer (A, B, C, or D).",D,2026-06-12T01:53:06.006485+00:00
811,5,row_010,backoff,Sexual,local_gptoss,D,A,D,True,False,"In the following sentence, what does ""backoff"" mean?
That girl has a fat backoff!

Select only one answer.
A) back down
B) crazy or erratic
C) To check the mood of a situation
D) A large ass that stands out.

Respond with only the letter of your answer (A, B, C, or D).",D,2026-06-12T01:53:08.446643+00:00
812,5,row_011,Bae,Sexual,local_gptoss,A,,A,True,False,"In the following sentence, what does ""Bae"" mean?
She's my bae.

Select only one answer.
A) A significant other
B) A criminal that turned their life arpound and are legitimate
C) A term used to say that someone is online too much and needs to get back to real life
D) Short for happening

Respond with only the letter of your answer (A, B, C, or D).",A,2026-06-12T01:53:08.929455+00:00
813,5,row_012,bareface,Identity,local_gptoss,A,D,A,True,False,"In the following sentence, what does ""bareface"" mean?
I saw a group of barefaces at the store this morning, so I won't be going back.

Select only one answer.
A) Someone who refused to wear a mask in covid times.
B) Charisma
C) Someone who deliberatly acts in ways to annoy or anger a group of people online.
D) having a clear finish and no nap

Respond with only the letter of your answer (A, B, C, or D).",A,2026-06-12T01:53:11.776630+00:00
814,5,row_013,based,General,local_gptoss,C,B,B,False,True,"In the following sentence, what does ""based"" mean?
That show was based.

Select only one answer.
A) A reaction to something uncomfortable
B) having a specified type of base or basis —often used in combination
C) An unpopular opinion
D) When you are outnumbered in a fight and call black people for the win

Respond with only the letter of your answer (A, B, C, or D).",B,2026-06-12T01:53:14.669570+00:00
815,5,row_014,Basic,Identity,local_gptoss,C,D,C,True,False,"In the following sentence, what does ""Basic"" mean?
Shes so basic.

Select only one answer.
A) when a reply gets more than the original post
B) Mercedes Benz G class
C) Someone that is boring
D) of, relating to, or forming the base or essence : fundamental

Respond with only the letter of your answer (A, B, C, or D).",C,2026-06-12T01:53:16.481851+00:00
816,5,row_015,bb,Sexual,local_gptoss,D,B,D,True,False,"In the following sentence, what does ""bb"" mean?
Hey bb, lets grab some food.

Select only one answer.
A) Something that is messed up or not right.
B) a shot pellet 0.18 inch in diameter for use in a shotgun cartridge
C) A term to discuss sexual experiences
D) A term for baby that people will call their significant other.

Respond with only the letter of your answer (A, B, C, or D).",D,2026-06-12T01:53:18.089401+00:00
817,5,row_016,Bet,General,local_gptoss,C,B,C,True,False,"In the following sentence, what does ""Bet"" mean?
bet, lets go.

Select only one answer.
A) A significant other
B) something that is laid, staked, or pledged typically between two parties on the outcome of a contest or a contingent issue : wager —often used figuratively in such phrases as all bets are off to stress the uncertainty of an outcome
C) An affirmative agreement
D) The anus

Respond with only the letter of your answer (A, B, C, or D).",C,2026-06-12T01:53:19.094955+00:00
818,5,row_017,Beta,Identity,local_gptoss,C,D,C,True,False,"In the following sentence, what does ""Beta"" mean?
The beta's of the world aren't gonna like that.

Select only one answer.
A) Activities that involve cultivating ones Aura
B) Something untrue or unbeleivable
C) Someone weak or a follower
D) the 2nd letter of the Greek alphabet

Respond with only the letter of your answer (A, B, C, or D).",C,2026-06-12T01:53:22.840744+00:00
819,5,row_018,Bih,General,local_gptoss,C,,C,True,False,"In the following sentence, what does ""Bih"" mean?
Bih, what?

Select only one answer.
A) A loss or failure
B) Someone who is trying to get sexual attention overtly
C) Short for Bitch
D) Mediocre

Respond with only the letter of your answer (A, B, C, or D).",C,2026-06-12T01:53:26.232438+00:00
820,5,row_019,bine,Violence,local_gptoss,B,C,C,False,True,"In the following sentence, what does ""bine"" mean?
Load the nine with ine and selek it.

Select only one answer.
A) Fashionable or stylish
B) bullets
C) a twining stem or flexible shoot (as of the hop); also : a plant (such as woodbine) whose shoots are bines
D) Methodone

Respond with only the letter of your answer (A, B, C, or D).",C,2026-06-12T01:53:31.765328+00:00
821,5,row_020,blackup,Violence,local_gptoss,A,,B,False,False,"In the following sentence, what does ""blackup"" mean?
We are outnumbered. Call for black up.

Select only one answer.
A) When you are outnumbered in a fight and call black people for the win
B) To be high or drunk
C) to aggrivate
D) I just burst out laughing

Respond with only the letter of your answer (A, B, C, or D).",B,2026-06-12T01:53:39.507662+00:00
822,5,row_021,Brain Rot,General,local_gptoss,C,,C,True,False,"In the following sentence, what does ""Brain Rot"" mean?
Kids these days just sit around and watch brain rot.

Select only one answer.
A) A kilo of cocaine
B) Poorly dressed
C) The videos one find on social media that cause people to scroll and do nothign for hours
D) An insulting term to refer to someone as stupid

Respond with only the letter of your answer (A, B, C, or D).",C,2026-06-12T01:53:40.910883+00:00
823,5,row_022,brizzy,Drugs,local_gptoss,D,,D,True,False,"In the following sentence, what does ""brizzy"" mean?
Quickly, grab the brizzy.

Select only one answer.
A) Someone who acts tries to act entertaining and amuzingly relentlessly
B) Get to the point
C) Someone that is too much of a fan of something
D) A kilo of cocaine

Respond with only the letter of your answer (A, B, C, or D).",D,2026-06-12T01:53:49.425229+00:00
824,5,row_023,broomhandle,Violence,local_gptoss,B,,B,True,False,"In the following sentence, what does ""broomhandle"" mean?
Get your broomhandle, we gotta go.

Select only one answer.
A) Ending the discussion on a topic
B) A mauser C96 pistol
C) when a reply gets more than the original post
D) Down to fuck

Respond with only the letter of your answer (A, B, C, or D).",B,2026-06-12T01:53:51.087969+00:00
825,5,row_024,bruh!,General,local_gptoss,D,A,D,True,False,"In the following sentence, what does ""bruh!"" mean?
Bruh! What was that?

Select only one answer.
A) brother
B) To refer to ones imaginary audience like an internet steamer
C) Someone acting aggressively and out of control
D) Used to address friends with exasperation, releif, or disbeleif.

Respond with only the letter of your answer (A, B, C, or D).",D,2026-06-12T01:53:52.396307+00:00
826,5,row_025,Bruzz,General,local_gptoss,B,,B,True,False,"In the following sentence, what does ""Bruzz"" mean?
Whats up bruzz?

Select only one answer.
A) Go in 100% on something
B) A term for friends
C) Short for Bitch
D) A strong, leader who commands those around them

Respond with only the letter of your answer (A, B, C, or D).",B,2026-06-12T01:53:53.642542+00:00
827,5,row_026,Bussin',General,local_gptoss,B,,B,True,False,"In the following sentence, what does ""Bussin'"" mean?
This pizza is bussin, on god!

Select only one answer.
A) To show off
B) Very good
C) Something that is messed up or not right.
D) Men that lack masculine characteristics

Respond with only the letter of your answer (A, B, C, or D).",B,2026-06-12T01:53:54.746606+00:00
828,5,row_027,Cake,Sexual,local_gptoss,A,B,C,False,False,"In the following sentence, what does ""Cake"" mean?
Shes looking real caked up!

Select only one answer.
A) A reference for ass
B) a breadlike food made from a dough or batter that is usually fried or baked in small flat shapes and is often unleavened
C) To express disbelief
D) Weak or effeminate

Respond with only the letter of your answer (A, B, C, or D).",C,2026-06-12T01:54:13.677290+00:00
829,5,row_028,Cap,General,local_gptoss,C,B,C,True,False,"In the following sentence, what does ""Cap"" mean?
You're cappin. No way.

Select only one answer.
A) Fashionable or stylish
B) a head covering especially with a visor and no brim
C) Something untrue or unbeleivable
D) Something that is messed up or not right.

Respond with only the letter of your answer (A, B, C, or D).",C,2026-06-12T01:54:14.876560+00:00
830,5,row_029,Chad,Identity,local_gptoss,A,C,A,True,False,"In the following sentence, what does ""Chad"" mean?
That was a total chad move.

Select only one answer.
A) A stereotypical alpha male that is strong, handsome, and attracts women.
B) A sexual relationship developed from situations without clear future intentions
C) small pieces of paper or cardboard produced in punching paper tape or data cards; also : a piece of chad.
D) To metaphorically die of laughter

Respond with only the letter of your answer (A, B, C, or D).",A,2026-06-12T01:54:18.420071+00:00
831,5,row_030,Chaddam,Identity,local_gptoss,B,,B,True,False,"In the following sentence, what does ""Chaddam"" mean?
Did you see the chaddam at the restraunt earlier?

Select only one answer.
A) Saying something secretive or to keep low profile
B) An incel term for an attractive middle eastern man
C) A term used to describe a baby raised in a gender neutral environment
D) Mediocre

Respond with only the letter of your answer (A, B, C, or D).",B,2026-06-12T01:54:27.156508+00:00
832,5,row_031,Chang,Drugs,local_gptoss,A,,A,True,False,"In the following sentence, what does ""Chang"" mean?
Hey , you got a hookup for chang?

Select only one answer.
A) cocaine
B) A term for bringing someone over to watch some netflix and then have sex.
C) An insult commonly used in sports
D) To focus on making one as physically attractive as possible

Respond with only the letter of your answer (A, B, C, or D).",A,2026-06-12T01:54:34.298812+00:00
833,5,row_032,Chat,General,local_gptoss,D,A,D,True,False,"In the following sentence, what does ""Chat"" mean?
Chat, how does this look?

Select only one answer.
A) chatter, prattle
B) A term for bringing someone over to watch some netflix and then have sex.
C) Get to the point
D) To refer to ones imaginary audience like an internet steamer

Respond with only the letter of your answer (A, B, C, or D).",D,2026-06-12T01:54:37.263878+00:00
834,5,row_033,Cheeks,General,local_gptoss,B,D,B,True,False,"In the following sentence, what does ""Cheeks"" mean?
That movie was cheeks.

Select only one answer.
A) To be skeptical about something
B) Somehting that is poor quality
C) Something that is reallly good.
D) the fleshy side of the face below the eye and above and to the side of the mouth

Respond with only the letter of your answer (A, B, C, or D).",B,2026-06-12T01:54:44.150148+00:00
835,5,row_034,chenta,Insult,local_gptoss,A,,A,True,False,"In the following sentence, what does ""chenta"" mean?
You are looking really chenta.

Select only one answer.
A) Something ugly or unattractive
B) An expression of disappointment
C) An endeering term used towards ones significant other
D) A loud and messy conflict

Respond with only the letter of your answer (A, B, C, or D).",A,2026-06-12T01:54:48.226897+00:00
836,5,row_035,cheugy,Insult,local_gptoss,B,,B,True,False,"In the following sentence, what does ""cheugy"" mean?
That girl had such a cheugy outfit.

Select only one answer.
A) An attractive older man
B) Somehting uncool or unfashionable
C) As Fuck
D) Used to address friends with exasperation, releif, or disbeleif.

Respond with only the letter of your answer (A, B, C, or D).",B,2026-06-12T01:54:49.120568+00:00
837,5,row_036,chi-mo,Identity,local_gptoss,B,,D,False,False,"In the following sentence, what does ""chi-mo"" mean?
Go fuck that chi-mo up.

Select only one answer.
A) To give sympathy or signify a failure
B) A chlid molestor
C) Something done regularly
D) To metaphorically die of laughter

Respond with only the letter of your answer (A, B, C, or D).",D,2026-06-12T01:54:54.427317+00:00
838,5,row_037,Chungus,General,local_gptoss,D,,D,True,False,"In the following sentence, what does ""Chungus"" mean?
Thats a very chungus pizza.

Select only one answer.
A) A term used by incels to refer to women in a way that dehumanizes them.
B) Nonsensical term
C) An insult saying that the problem is due to lack of skill rather then luck
D) Something that is adorably and chunky

Respond with only the letter of your answer (A, B, C, or D).",D,2026-06-12T01:54:56.431368+00:00
839,5,row_038,Clocked,Violence,local_gptoss,C,D,D,False,True,"In the following sentence, what does ""Clocked"" mean?
He totally clocked that guy.

Select only one answer.
A) A man that takes care of children
B) Talking too much
C) When something hidden gets called out
D) to time with a stopwatch or by an electric timing device

Respond with only the letter of your answer (A, B, C, or D).",D,2026-06-12T01:55:00.093386+00:00
840,5,row_039,Cooked,General,local_gptoss,D,A,D,True,False,"In the following sentence, what does ""Cooked"" mean?
You're cooked

Select only one answer.
A) past tense and past participle of cook
B) Used to address friends with exasperation, releif, or disbeleif.
C) To do somethign very well
D) Done or ruined

Respond with only the letter of your answer (A, B, C, or D).",D,2026-06-12T01:55:01.081609+00:00
841,5,row_040,coota suit,Identity,local_gptoss,B,,D,False,False,"In the following sentence, what does ""coota suit"" mean?
Im gonna hit the town in my coota suit.

Select only one answer.
A) Fuckboy, someone just looking for sex
B) An all denim outfit
C) To refer to ones imaginary audience like an internet steamer
D) Main Character - Someone that acts as if they are the star of a story

Respond with only the letter of your answer (A, B, C, or D).",D,2026-06-12T01:55:06.290291+00:00
842,5,row_041,Crashout,General,local_gptoss,D,B,D,True,False,"In the following sentence, what does ""Crashout"" mean?
Jen had a total crashout after her breakup

Select only one answer.
A) To express disappointment dramatically
B) a vehicular crash
C) The greatest of all time
D) An emotional meltdown

Respond with only the letter of your answer (A, B, C, or D).",D,2026-06-12T01:55:07.105058+00:00
843,5,row_042,Cringe,General,local_gptoss,C,,C,True,False,"In the following sentence, what does ""Cringe"" mean?
Did you hear that pickup line? It was totally cringe!

Select only one answer.
A) something intense, aggressive, and unfiltered
B) Down to fuck
C) to recoil in distaste
D) Something suspicious

Respond with only the letter of your answer (A, B, C, or D).",C,2026-06-12T01:55:08.500271+00:00
844,5,row_043,crower,Insult,local_gptoss,D,,D,True,False,"In the following sentence, what does ""crower"" mean?
Stop sitting around and being a crower

Select only one answer.
A) To make a jawline more defined
B) fake soft penises and testicles designed to give a 'male' bulge to the crotches of female-to-male transsexuals.
C) An affirmative agreement
D) Someone who sitts around commenting about others

Respond with only the letter of your answer (A, B, C, or D).",D,2026-06-12T01:55:11.555320+00:00
845,5,row_044,cuck,Insult,local_gptoss,B,D,D,False,True,"In the following sentence, what does ""cuck"" mean?
That guy must be a cuck letting his wife talk to others like that.

Select only one answer.
A) an expression of surprise
B) A term for someone that enjoys watching their wife have sex with another man
C) Gossip
D) a man whose wife is unfaithful : cuckold

Respond with only the letter of your answer (A, B, C, or D).",D,2026-06-12T01:55:13.493051+00:00
846,5,row_045,d-low,General,local_gptoss,B,,B,True,False,"In the following sentence, what does ""d-low"" mean?
Keep it on the d-low, okay?

Select only one answer.
A) A charismatic, sexy, and quick witted man
B) To keep secretive or obscure
C) To win
D) A distinct trait, style, or outfit, often used in drag culture

Respond with only the letter of your answer (A, B, C, or D).",B,2026-06-12T01:55:16.138579+00:00
847,5,row_046,daggers,General,local_gptoss,A,B,A,True,False,"In the following sentence, what does ""daggers"" mean?
Lets hit the dance floor and do the start daggering.

Select only one answer.
A) A provocative dance
B) a sharp pointed knife for stabbing
C) A term for friends
D) To do somethign very well

Respond with only the letter of your answer (A, B, C, or D).",A,2026-06-12T01:55:18.891786+00:00
848,5,row_047,Ded,General,local_gptoss,A,,A,True,False,"In the following sentence, what does ""Ded"" mean?
I'm ded

Select only one answer.
A) To metaphorically die of laughter
B) Something done regularly
C) You're on Your own
D) Fashionable or stylish

Respond with only the letter of your answer (A, B, C, or D).",A,2026-06-12T01:55:20.293773+00:00
849,5,row_048,Delulu,General,local_gptoss,D,,D,True,False,"In the following sentence, what does ""Delulu"" mean?
I'm feeling delulu after that show.

Select only one answer.
A) A cigarette
B) the playful act of taking a friend's food
C) something intense, aggressive, and unfiltered
D) Delusional

Respond with only the letter of your answer (A, B, C, or D).",D,2026-06-12T01:55:21.531146+00:00
850,5,row_049,Dog water,Insult,local_gptoss,A,,A,True,False,"In the following sentence, what does ""Dog water"" mean?
You are playing like dog water.

Select only one answer.
A) Something low quality or bad
B) A criminal that turned their life arpound and are legitimate
C) Methodone
D) Something suspicious

Respond with only the letter of your answer (A, B, C, or D).",A,2026-06-12T01:55:22.517112+00:00
851,5,row_050,doommaxxing,Identity,local_gptoss,C,,C,True,False,"In the following sentence, what does ""doommaxxing"" mean?
I'm just gonna be doommaxxing all weekend.

Select only one answer.
A) someone that looks ordinary but is actually very strong
B) An endeering term used towards ones significant other
C) The abandonment of responsibilities
D) To express disappointment dramatically

Respond with only the letter of your answer (A, B, C, or D).",C,2026-06-12T01:55:24.624725+00:00
852,5,row_051,Dope,General,local_gptoss,B,D,B,True,False,"In the following sentence, what does ""Dope"" mean?
That car is dope.

Select only one answer.
A) Fashionable or stylish
B) Cool
C) Something that is messed up or not right.
D) a stupid person

Respond with only the letter of your answer (A, B, C, or D).",B,2026-06-12T01:55:25.978781+00:00
853,5,row_052,Drip,Identity,local_gptoss,D,C,D,True,False,"In the following sentence, what does ""Drip"" mean?
How is the drip?

Select only one answer.
A) To win
B) Get to the point
C) to let fall in drops
D) Stylish or flashy outfit style

Respond with only the letter of your answer (A, B, C, or D).",D,2026-06-12T01:55:26.818642+00:00
854,5,row_053,DTF,Sexual,local_gptoss,B,,B,True,False,"In the following sentence, what does ""DTF"" mean?
She was totally DTF after the first date.

Select only one answer.
A) To give sympathy or signify a failure
B) Down to fuck
C) A large ass that stands out.
D) The videos one find on social media that cause people to scroll and do nothign for hours

Respond with only the letter of your answer (A, B, C, or D).",B,2026-06-12T01:55:28.101416+00:00
855,5,row_054,dubs,General,local_gptoss,D,B,D,True,False,"In the following sentence, what does ""dubs"" mean?
Take home the dubs!

Select only one answer.
A) Someone unappealing
B) to add (sound effects or new dialogue) to a film or to a radio or television production —usually used with in
C) To be skeptical about something
D) To win

Respond with only the letter of your answer (A, B, C, or D).",D,2026-06-12T01:55:29.935433+00:00
856,5,row_055,epi,General,local_gptoss,C,,C,True,False,"In the following sentence, what does ""epi"" mean?
Watch out, hes going through an epi.

Select only one answer.
A) To check the mood of a situation
B) Something low quality or bad
C) Epileptic fit from a synthetic canabis
D) A reference for ass

Respond with only the letter of your answer (A, B, C, or D).",C,2026-06-12T01:55:35.365626+00:00
857,5,row_056,F,General,local_gptoss,C,A,C,True,False,"In the following sentence, what does ""F"" mean?
I almost had that one. F.

Select only one answer.
A) the 6th letter of the English alphabet
B) Used to address friends with exasperation, releif, or disbeleif.
C) To give sympathy or signify a failure
D) To keep secretive or obscure

Respond with only the letter of your answer (A, B, C, or D).",C,2026-06-12T01:55:42.964984+00:00
858,5,row_057,Fanum Tax,General,local_gptoss,C,,C,True,False,"In the following sentence, what does ""Fanum Tax"" mean?
I was at dinner with my girl and she fanum taxed me.

Select only one answer.
A) Something low quality or bad
B) A descriptor for an attractive person
C) the playful act of taking a friend's food
D) Someone unappealing

Respond with only the letter of your answer (A, B, C, or D).",C,2026-06-12T01:55:47.427881+00:00
859,5,row_058,FBOI,Sexual,local_gptoss,B,,B,True,False,"In the following sentence, what does ""FBOI"" mean?
She just needs a FBOI to gegt out of her slump.

Select only one answer.
A) Someone who refused to wear a mask in covid times.
B) Fuckboy, someone just looking for sex
C) Something that is better then everything else
D) To win

Respond with only the letter of your answer (A, B, C, or D).",B,2026-06-12T01:55:57.706334+00:00
860,5,row_059,Fire,General,local_gptoss,A,B,A,True,False,"In the following sentence, what does ""Fire"" mean?
That game war fire!

Select only one answer.
A) Something really good
B) the phenomenon of combustion manifested in light, flame, and heat
C) Cancer
D) someone that looks ordinary but is actually very strong

Respond with only the letter of your answer (A, B, C, or D).",A,2026-06-12T01:56:01.026122+00:00
861,5,row_060,Flex,General,local_gptoss,A,C,A,True,False,"In the following sentence, what does ""Flex"" mean?
Vinny with the car flex.

Select only one answer.
A) To show off
B) to aggrivate
C) to bend especially repeatedly
D) bullets

Respond with only the letter of your answer (A, B, C, or D).",A,2026-06-12T01:56:01.875428+00:00
862,5,row_061,foid,Insult,local_gptoss,D,,C,False,False,"In the following sentence, what does ""foid"" mean?
Their was this group of foids at the store earlier, I couldn't satnd them!

Select only one answer.
A) I just burst out laughing
B) An expression of disbelief
C) Men that lack masculine characteristics
D) A term used by incels to refer to women in a way that dehumanizes them.

Respond with only the letter of your answer (A, B, C, or D).",C,2026-06-12T01:56:08.447455+00:00
863,5,row_062,Fuckboy,Sexual,local_gptoss,A,,A,True,False,"In the following sentence, what does ""Fuckboy"" mean?
That guy gave off total fuckboy energy.

Select only one answer.
A) Fuckboy, someone just looking for sex
B) Very good
C) Ironically used to describe one as unique
D) cocaine

Respond with only the letter of your answer (A, B, C, or D).",A,2026-06-12T01:56:10.134888+00:00
864,5,row_063,fuckwhistle,Insult,local_gptoss,D,,D,True,False,"In the following sentence, what does ""fuckwhistle"" mean?
Get out of here you fuckwhistle!

Select only one answer.
A) A strong, leader who commands those around them
B) A type of marijuana
C) Someone who sitts around commenting about others
D) An insulting term to refer to someone as stupid

Respond with only the letter of your answer (A, B, C, or D).",D,2026-06-12T01:56:11.389868+00:00
865,5,row_064,Full send,General,local_gptoss,A,,A,True,False,"In the following sentence, what does ""Full send"" mean?
I'm about to full send on this test!

Select only one answer.
A) Go in 100% on something
B) An older person who is out of touch
C) Something very good
D) A kilo of cocaine

Respond with only the letter of your answer (A, B, C, or D).",A,2026-06-12T01:56:13.007059+00:00
866,5,row_065,FWB,Sexual,local_gptoss,C,,C,True,False,"In the following sentence, what does ""FWB"" mean?
Yea, we started a FWB sort of thing.

Select only one answer.
A) To do something impressive
B) a significant other
C) Friends with benefits
D) Something suspicious

Respond with only the letter of your answer (A, B, C, or D).",C,2026-06-12T01:56:13.991277+00:00
867,5,row_066,G-wagon,General,local_gptoss,C,,C,True,False,"In the following sentence, what does ""G-wagon"" mean?
Yo, check out that g-wagon!

Select only one answer.
A) Someone acting aggressively and out of control
B) You're on Your own
C) Mercedes Benz G class
D) Someone that is too left leaning politically

Respond with only the letter of your answer (A, B, C, or D).",C,2026-06-12T01:56:14.715482+00:00
868,5,row_067,gabadost,Identity,local_gptoss,D,,D,True,False,"In the following sentence, what does ""gabadost"" mean?
Did you even listen to me? Gabadost!

Select only one answer.
A) Mediocre
B) An independent, strong person
C) to recoil in distaste
D) Someone who is very stubborn

Respond with only the letter of your answer (A, B, C, or D).",D,2026-06-12T01:56:19.777716+00:00
869,5,row_068,Giga Chad,Identity,local_gptoss,C,,C,True,False,"In the following sentence, what does ""Giga Chad"" mean?
Did you see how he lifted that? What a giga chad.

Select only one answer.
A) A strong, leader who commands those around them
B) Someone who prepares for doomsday scenarios
C) A near superhuman perfect male
D) Men that lack masculine characteristics

Respond with only the letter of your answer (A, B, C, or D).",C,2026-06-12T01:56:20.531958+00:00
870,5,row_069,Glazing,Insult,local_gptoss,B,A,B,True,False,"In the following sentence, what does ""Glazing"" mean?
Stop glazing over One Piece, its not that good.

Select only one answer.
A) the action, process, or trade of fitting windows with glass
B) Someone that is too much of a fan of something
C) Go in 100% on something
D) drunk

Respond with only the letter of your answer (A, B, C, or D).",B,2026-06-12T01:56:24.257346+00:00
871,5,row_070,Glee,Violence,local_gptoss,C,D,D,False,True,"In the following sentence, what does ""Glee"" mean?
Grab your glee and get outta here!

Select only one answer.
A) Used to mock someone who doesnt think for themselves, says things repeatedly, or has no opinions
B) Someone that travels abroad with the sole purpose of having sex
C) A glock pistol
D) exultant high-spirited joy : merriment

Respond with only the letter of your answer (A, B, C, or D).",D,2026-06-12T01:56:25.937273+00:00
872,5,row_071,glitter,Identity,local_gptoss,C,B,B,False,True,"In the following sentence, what does ""glitter"" mean?
Go out htere and glittter!

Select only one answer.
A) Crack cocaine
B) to shine by reflection with many small flashes of brilliant light : sparkle
C) A term to support someone going through a gender change.
D) A homosexual cowboy

Respond with only the letter of your answer (A, B, C, or D).",B,2026-06-12T01:56:27.084061+00:00
873,5,row_072,glizzy,General,local_gptoss,A,,A,True,False,"In the following sentence, what does ""glizzy"" mean?
Hey, lets grab some costco glizzys before we go.

Select only one answer.
A) A hot dog
B) I just burst out laughing
C) To be fierce and unapologetic withing a social situation
D) Gossip

Respond with only the letter of your answer (A, B, C, or D).",A,2026-06-12T01:56:28.348099+00:00
874,5,row_073,Goated,General,local_gptoss,D,,D,True,False,"In the following sentence, what does ""Goated"" mean?
That play was goated

Select only one answer.
A) To confim that something was completed to expectation
B) A term of endearment for a significant other
C) intensely and openely say something true
D) The greatest of all time

Respond with only the letter of your answer (A, B, C, or D).",D,2026-06-12T01:56:28.944132+00:00
875,5,row_074,Gooning,Sexual,local_gptoss,D,,D,True,False,"In the following sentence, what does ""Gooning"" mean?
He looks like he was gooning all break

Select only one answer.
A) Someone that is boring
B) to aggrivate
C) A term used to describe a baby raised in a gender neutral environment
D) Prolonged masturbation

Respond with only the letter of your answer (A, B, C, or D).",D,2026-06-12T01:56:31.287975+00:00
876,5,row_075,goonmaxxing,Identity,local_gptoss,C,,C,True,False,"In the following sentence, what does ""goonmaxxing"" mean?
He's been spending all summer goonmaxxing in his room

Select only one answer.
A) Age Sex Location
B) Something that is messed up or not right.
C) To mastrubate for extremeely long period regularly
D) To be high or drunk

Respond with only the letter of your answer (A, B, C, or D).",C,2026-06-12T01:56:41.998253+00:00
877,5,row_076,gouda,General,local_gptoss,D,C,C,False,True,"In the following sentence, what does ""gouda"" mean?
Stop being so gouda.

Select only one answer.
A) To keep secretive or obscure
B) Someone acting aggressively and out of control
C) a mild cheese of Dutch origin that is similar to Edam but contains more fat
D) Someone unappealing

Respond with only the letter of your answer (A, B, C, or D).",C,2026-06-12T01:56:57.534378+00:00
878,5,row_077,greazy,Insult,local_gptoss,C,,A,False,False,"In the following sentence, what does ""greazy"" mean?
You lookin greazy today.

Select only one answer.
A) Something really good
B) A near superhuman perfect male
C) Poorly dressed
D) A distinct trait, style, or outfit, often used in drag culture

Respond with only the letter of your answer (A, B, C, or D).",A,2026-06-12T01:57:01.094281+00:00
879,5,row_078,Griddy,General,local_gptoss,A,,A,True,False,"In the following sentence, what does ""Griddy"" mean?
Hit the griddy!

Select only one answer.
A) A dance move
B) to recoil in distaste
C) Cool
D) A near superhuman perfect male

Respond with only the letter of your answer (A, B, C, or D).",A,2026-06-12T01:57:02.848730+00:00
880,5,row_079,grips up,Violence,local_gptoss,B,,B,True,False,"In the following sentence, what does ""grips up"" mean?
grips up, we gotta head out.

Select only one answer.
A) An expression of disappointment
B) To prepare for a fight
C) Fuckboy, someone just looking for sex
D) an expression of surprise

Respond with only the letter of your answer (A, B, C, or D).",B,2026-06-12T01:57:07.583610+00:00
881,5,row_080,Gyatt,General,local_gptoss,A,,C,False,False,"In the following sentence, what does ""Gyatt"" mean?
Oh, my gyatt, I really wanna see you.

Select only one answer.
A) an expression of surprise
B) Another term that stands for that hoe over there
C) sweet talk
D) Ironically used to describe one as unique

Respond with only the letter of your answer (A, B, C, or D).",C,2026-06-12T01:57:14.964545+00:00
882,5,row_081,haps,General,local_gptoss,A,,A,True,False,"In the following sentence, what does ""haps"" mean?
haps tonight?

Select only one answer.
A) Short for happening
B) Ironically used to describe one as unique
C) To tie up an arm to isolate a vein for injecting a drug
D) Mercedes Benz G class

Respond with only the letter of your answer (A, B, C, or D).",A,2026-06-12T01:57:20.663801+00:00
883,5,row_082,hem up,General,local_gptoss,C,,B,False,False,"In the following sentence, what does ""hem up"" mean?
Bro, don't hem up.

Select only one answer.
A) Mercedes Benz G class
B) A distinct trait, style, or outfit, often used in drag culture
C) To get arrested
D) Down to fuck

Respond with only the letter of your answer (A, B, C, or D).",B,2026-06-12T01:57:34.222319+00:00
884,5,row_083,highkey,General,local_gptoss,B,D,C,False,False,"In the following sentence, what does ""highkey"" mean?
Highkey, this place is great!

Select only one answer.
A) Something that appears mundane but has hidden potential
B) intensely and openely say something true
C) To be honest about something
D) having or producing light tones only with little contrast —used of a photographic print or subject or of the lighting of a photographic subject

Respond with only the letter of your answer (A, B, C, or D).",C,2026-06-12T01:57:35.452187+00:00
885,5,row_084,Hits different,General,local_gptoss,C,,C,True,False,"In the following sentence, what does ""Hits different"" mean?
This hot dog hits different.

Select only one answer.
A) The vagina
B) To make lifestyle changes to make your life more holistic
C) Something very good
D) Someone weak or a follower

Respond with only the letter of your answer (A, B, C, or D).",C,2026-06-12T01:57:36.700496+00:00
886,5,row_085,Ick,Insult,local_gptoss,D,,D,True,False,"In the following sentence, what does ""Ick"" mean?
His hairdue gave me the ick.

Select only one answer.
A) Very good
B) A glock pistol
C) A term used to describe a baby raised in a gender neutral environment
D) A sudden feeling of disguest or repultion towards someone.

Respond with only the letter of your answer (A, B, C, or D).",D,2026-06-12T01:57:38.118778+00:00
887,5,row_086,IJBOL,General,local_gptoss,A,,A,True,False,"In the following sentence, what does ""IJBOL"" mean?
That was aso funny. IJBOL!

Select only one answer.
A) I just burst out laughing
B) Someone that travels abroad with the sole purpose of having sex
C) Money
D) Someone who acts tries to act entertaining and amuzingly relentlessly

Respond with only the letter of your answer (A, B, C, or D).",A,2026-06-12T01:57:40.647850+00:00
888,5,row_087,Ipad Kid,General,local_gptoss,A,,A,True,False,"In the following sentence, what does ""Ipad Kid"" mean?
They are just a bunch of Ipad kids.

Select only one answer.
A) used to mock spoiled kids
B) A dance move
C) A commonplace person
D) an expression of surprise

Respond with only the letter of your answer (A, B, C, or D).",A,2026-06-12T01:57:42.229190+00:00
889,5,row_088,Jebaited,General,local_gptoss,C,,C,True,False,"In the following sentence, what does ""Jebaited"" mean?
Get jebaited!

Select only one answer.
A) A term used by incels to refer to women in a way that dehumanizes them.
B) I just burst out laughing
C) To manipulated, trick, or fool someone
D) A significant problem

Respond with only the letter of your answer (A, B, C, or D).",C,2026-06-12T01:57:43.993803+00:00
890,5,row_089,jestermaxxing,Identity,local_gptoss,D,,D,True,False,"In the following sentence, what does ""jestermaxxing"" mean?
Tommy's jestermaxxing in class just to annoy the teacher.

Select only one answer.
A) To shoot ones shot.
B) A descriptor for an attractive person
C) To manipulated, trick, or fool someone
D) Someone who acts tries to act entertaining and amuzingly relentlessly

Respond with only the letter of your answer (A, B, C, or D).",D,2026-06-12T01:57:46.161861+00:00
891,5,row_090,Jit,Insult,local_gptoss,A,,A,True,False,"In the following sentence, what does ""Jit"" mean?
Who is this jit?

Select only one answer.
A) Someone younger
B) To express disappointment dramatically
C) A kilo of cocaine
D) Used to refer to the social media platforms one uses

Respond with only the letter of your answer (A, B, C, or D).",A,2026-06-12T01:58:00.834755+00:00
892,5,row_091,K.Y. cowboy,Insult,local_gptoss,B,,D,False,False,"In the following sentence, what does ""K.Y. cowboy"" mean?
Stop being such a K.Y. cowboy.

Select only one answer.
A) To make lifestyle changes to make your life more holistic
B) A homosexual cowboy
C) To knock someone out
D) something intense, aggressive, and unfiltered

Respond with only the letter of your answer (A, B, C, or D).",D,2026-06-12T01:58:05.703718+00:00
893,5,row_092,keep it 100,General,local_gptoss,D,,D,True,False,"In the following sentence, what does ""keep it 100"" mean?
Keep it 100, dod you see her last night?

Select only one answer.
A) Fuckboy, someone just looking for sex
B) a live-action role-playing game in which a group of people enacts a fictional scenario (such as a fantasy adventure) in real time typically under the guidance of a facilitator or organizer; also : the activity of participating in such games : larping
C) cocaine
D) To be honest about something

Respond with only the letter of your answer (A, B, C, or D).",D,2026-06-12T01:58:06.705963+00:00
894,5,row_093,KHHV,Insult,local_gptoss,D,,D,True,False,"In the following sentence, what does ""KHHV"" mean?
Looks like a total KHHV.

Select only one answer.
A) An emotional meltdown
B) An affirmative agreement
C) Someone who sitts around commenting about others
D) An incel term meaning kissless, hugless, handholdless virgin

Respond with only the letter of your answer (A, B, C, or D).",D,2026-06-12T01:58:08.617254+00:00
895,5,row_094,knot off,Drugs,local_gptoss,B,,D,False,False,"In the following sentence, what does ""knot off"" mean?
Get ready to knot off, I have the H.

Select only one answer.
A) To metaphorically die of laughter
B) To tie up an arm to isolate a vein for injecting a drug
C) Acting crazily
D) A reference for ass

Respond with only the letter of your answer (A, B, C, or D).",D,2026-06-12T01:58:12.886672+00:00
896,5,row_095,kweff,Violence,local_gptoss,C,,C,True,False,"In the following sentence, what does ""kweff"" mean?
Lock, aim, and kweff.

Select only one answer.
A) A term for bringing someone over to watch some netflix and then have sex.
B) Something that is adorably and chunky
C) To stab or shoot
D) Someone who acts tries to act entertaining and amuzingly relentlessly

Respond with only the letter of your answer (A, B, C, or D).",C,2026-06-12T01:58:15.655270+00:00
897,5,row_096,L,General,local_gptoss,A,C,A,True,False,"In the following sentence, what does ""L"" mean?
We took the L at the basketball match.

Select only one answer.
A) A loss or failure
B) Weak or effeminate
C) the 12th letter of the English alphabet
D) You're on Your own

Respond with only the letter of your answer (A, B, C, or D).",A,2026-06-12T01:58:16.550269+00:00
898,5,row_097,lacag,General,local_gptoss,D,,D,True,False,"In the following sentence, what does ""lacag"" mean?
I'll be out making lacag.

Select only one answer.
A) to recoil in distaste
B) Main Character - Someone that acts as if they are the star of a story
C) The abandonment of responsibilities
D) Money

Respond with only the letter of your answer (A, B, C, or D).",D,2026-06-12T01:58:17.815983+00:00
899,5,row_098,larp,General,local_gptoss,B,,B,True,False,"In the following sentence, what does ""larp"" mean?
I went to a LARP at the park this weekend.

Select only one answer.
A) Someone that is too much of a fan of something
B) a live-action role-playing game in which a group of people enacts a fictional scenario (such as a fantasy adventure) in real time typically under the guidance of a facilitator or organizer; also : the activity of participating in such games : larping
C) Nonsensical term
D) An older person who is out of touch

Respond with only the letter of your answer (A, B, C, or D).",B,2026-06-12T01:58:19.274484+00:00
900,5,row_099,lewk,General,local_gptoss,A,,A,True,False,"In the following sentence, what does ""lewk"" mean?
Jim is using his signature lewk tonight.

Select only one answer.
A) A distinct trait, style, or outfit, often used in drag culture
B) Cancer
C) An insulting term to refer to someone as stupid
D) A charismatic, sexy, and quick witted man

Respond with only the letter of your answer (A, B, C, or D).",A,2026-06-12T01:58:20.866024+00:00
901,5,row_100,lidge,General,local_gptoss,D,,D,True,False,"In the following sentence, what does ""lidge"" mean?
I'm gettin money lidge.

Select only one answer.
A) Someone who prepares for doomsday scenarios
B) To stab or shoot
C) Something that is adorably and chunky
D) A criminal that turned their life arpound and are legitimate

Respond with only the letter of your answer (A, B, C, or D).",D,2026-06-12T01:58:27.838363+00:00
902,5,row_101,lifemaxxing,Identity,local_gptoss,D,,D,True,False,"In the following sentence, what does ""lifemaxxing"" mean?
Shes's reallly been trying to lifemax these past few months.

Select only one answer.
A) Someone acting aggressively and out of control
B) bullets
C) To be skeptical about something
D) To make lifestyle changes to make your life more holistic

Respond with only the letter of your answer (A, B, C, or D).",D,2026-06-12T01:58:28.658849+00:00
903,5,row_102,looksmaxxing,Identity,local_gptoss,B,,B,True,False,"In the following sentence, what does ""looksmaxxing"" mean?
The looksmaxxing community

Select only one answer.
A) A criminal that turned their life arpound and are legitimate
B) To focus on making one as physically attractive as possible
C) crazy or erratic
D) to recoil in distaste

Respond with only the letter of your answer (A, B, C, or D).",B,2026-06-12T01:58:30.139217+00:00
904,5,row_103,lotion,General,local_gptoss,A,C,C,False,True,"In the following sentence, what does ""lotion"" mean?
Lemme go lotion her up for you.

Select only one answer.
A) sweet talk
B) A term used to say that someone is online too much and needs to get back to real life
C) a liquid preparation for cosmetic or external medicinal use
D) Another term that stands for that hoe over there

Respond with only the letter of your answer (A, B, C, or D).",C,2026-06-12T01:58:33.364096+00:00
905,5,row_104,Low Key,General,local_gptoss,A,C,A,True,False,"In the following sentence, what does ""Low Key"" mean?
Low key, I want some ice cream.

Select only one answer.
A) Saying something secretive or to keep low profile
B) the playful act of taking a friend's food
C) having or producing dark tones only with little contrast
D) A rule used by some for dating that refers to someone who is six feet tall, has a 6 figure income, and has six-pack abs

Respond with only the letter of your answer (A, B, C, or D).",A,2026-06-12T01:58:35.529618+00:00
906,5,row_105,main character,General,local_gptoss,C,,C,True,False,"In the following sentence, what does ""main character"" mean?
You give off main character energy.

Select only one answer.
A) An attractive older man
B) Someone younger
C) Main Character - Someone that acts as if they are the star of a story
D) Nonsensical term

Respond with only the letter of your answer (A, B, C, or D).",C,2026-06-12T01:58:36.124149+00:00
907,5,row_106,manny,Insult,local_gptoss,D,,D,True,False,"In the following sentence, what does ""manny"" mean?
Look at the guy, he's just a manny.

Select only one answer.
A) An expression of disappointment
B) Done or ruined
C) Fashionable or stylish
D) A man that takes care of children

Respond with only the letter of your answer (A, B, C, or D).",D,2026-06-12T01:58:41.797869+00:00
908,5,row_107,mascara,Sexual,local_gptoss,C,A,A,False,True,"In the following sentence, what does ""mascara"" mean?
I lost my mascara for 5 years, but then I found it again, and I love it even more now.

Select only one answer.
A) a cosmetic especially for making the eyelashes darker and more prominent
B) Someone who is very stubborn
C) A term to discuss sexual experiences
D) A term used to say that someone is online too much and needs to get back to real life

Respond with only the letter of your answer (A, B, C, or D).",A,2026-06-12T01:58:42.700170+00:00
909,5,row_108,Mewing,Identity,local_gptoss,A,D,A,True,False,"In the following sentence, what does ""Mewing"" mean?
You've gotta start mewing to increase your status in society.

Select only one answer.
A) To make a jawline more defined
B) A person who is very good at spotting a lie
C) Someone unappealing
D) to utter a mew or similar sound

Respond with only the letter of your answer (A, B, C, or D).",A,2026-06-12T01:58:43.948161+00:00
910,5,row_109,Mid,General,local_gptoss,B,,B,True,False,"In the following sentence, what does ""Mid"" mean?
That was a mid burger.

Select only one answer.
A) To knock someone out
B) Mediocre
C) An incel term meaning kissless, hugless, handholdless virgin
D) A rule used by some for dating that refers to someone who is six feet tall, has a 6 figure income, and has six-pack abs

Respond with only the letter of your answer (A, B, C, or D).",B,2026-06-12T01:58:44.896654+00:00
911,5,row_110,minghiun,Insult,local_gptoss,C,,B,False,False,"In the following sentence, what does ""minghiun"" mean?
Stop being a minghiun.

Select only one answer.
A) I just burst out laughing
B) Someone who is trying to get sexual attention overtly
C) A fool or a prick
D) Someone that travels abroad with the sole purpose of having sex

Respond with only the letter of your answer (A, B, C, or D).",B,2026-06-12T01:58:56.008989+00:00
912,5,row_111,nang,Drugs,local_gptoss,B,,B,True,False,"In the following sentence, what does ""nang"" mean?
Dude, grab the nang, I wanna feel free.

Select only one answer.
A) crazy or erratic
B) A canister of nitrous oxide
C) Get to the point
D) A distinct trait, style, or outfit, often used in drag culture

Respond with only the letter of your answer (A, B, C, or D).",B,2026-06-12T01:58:57.792671+00:00
913,5,row_112,Negative Aura,Insult,local_gptoss,A,,A,True,False,"In the following sentence, what does ""Negative Aura"" mean?
She's giving off negative aura.

Select only one answer.
A) a bad charisma
B) Describes activities or situations that are sexually aggressive
C) To be skeptical about something
D) A person who is very good at spotting a lie

Respond with only the letter of your answer (A, B, C, or D).",A,2026-06-12T01:58:58.982984+00:00
914,5,row_113,Netflix and Chill,Sexual,local_gptoss,A,,A,True,False,"In the following sentence, what does ""Netflix and Chill"" mean?
Wanna come back to my place and Netflix and Chill?

Select only one answer.
A) A term for bringing someone over to watch some netflix and then have sex.
B) Throwing something
C) A fashionable look
D) A loss or failure

Respond with only the letter of your answer (A, B, C, or D).",A,2026-06-12T01:58:59.761296+00:00
915,5,row_114,next-level,General,local_gptoss,A,,A,True,False,"In the following sentence, what does ""next-level"" mean?
That movie was next level!

Select only one answer.
A) Something that is better then everything else
B) Something that is messed up or not right.
C) crazy or erratic
D) Ending the discussion on a topic

Respond with only the letter of your answer (A, B, C, or D).",A,2026-06-12T01:59:00.832212+00:00
916,5,row_115,NPC,Insult,local_gptoss,D,C,D,True,False,"In the following sentence, what does ""NPC"" mean?
Stop being such an NPC.

Select only one answer.
A) Used to address friends with exasperation, releif, or disbeleif.
B) Nonsensical term
C) a character in a video game that does not represent and cannot be manipulated by a player —called also non-player character
D) Used to mock someone who doesnt think for themselves, says things repeatedly, or has no opinions

Respond with only the letter of your answer (A, B, C, or D).",D,2026-06-12T01:59:02.007484+00:00
917,5,row_116,Omega,Identity,local_gptoss,C,D,C,True,False,"In the following sentence, what does ""Omega"" mean?
Those were some real omega moves right there.

Select only one answer.
A) An incel term meaning kissless, hugless, handholdless virgin
B) Saying something secretive or to keep low profile
C) A submissive male that is often outside of traditional social hierarchies
D) the 24th and last letter of the Greek alphabet

Respond with only the letter of your answer (A, B, C, or D).",C,2026-06-12T01:59:06.008308+00:00
918,5,row_117,on the regs,General,local_gptoss,C,,C,True,False,"In the following sentence, what does ""on the regs"" mean?
I stop by the coffee shop on the regs.

Select only one answer.
A) Someone who acts tries to act entertaining and amuzingly relentlessly
B) Fuckboy, someone just looking for sex
C) Something done regularly
D) Someone unappealing

Respond with only the letter of your answer (A, B, C, or D).",C,2026-06-12T01:59:10.546358+00:00
919,5,row_118,oof,General,local_gptoss,D,,D,True,False,"In the following sentence, what does ""oof"" mean?
Oof, that was rough.

Select only one answer.
A) A cigarette
B) Someone unappealing
C) A term of endearment for a significant other
D) A reaction to something uncomfortable

Respond with only the letter of your answer (A, B, C, or D).",D,2026-06-12T01:59:11.704959+00:00
920,5,row_119,ooga-booga,Sexual,local_gptoss,C,,C,True,False,"In the following sentence, what does ""ooga-booga"" mean?
Me want ooga-booga!

Select only one answer.
A) The anus
B) To keep secretive or obscure
C) The vagina
D) Something that is adorably and chunky

Respond with only the letter of your answer (A, B, C, or D).",C,2026-06-12T01:59:24.483548+00:00
921,5,row_120,Orange Crush,Drugs,local_gptoss,B,,D,False,False,"In the following sentence, what does ""Orange Crush"" mean?
ets grab some of that orange crush tonight!

Select only one answer.
A) A dance move
B) A type of marijuana
C) A reference for ass
D) A term used by incels to refer to women in a way that dehumanizes them.

Respond with only the letter of your answer (A, B, C, or D).",D,2026-06-12T01:59:27.837090+00:00
922,5,row_121,OTP,General,local_gptoss,D,,D,True,False,"In the following sentence, what does ""OTP"" mean?
Him and her are the OTP.

Select only one answer.
A) Short for Bitch
B) To shoot ones shot.
C) A term to discuss sexual experiences
D) One True Pairing

Respond with only the letter of your answer (A, B, C, or D).",D,2026-06-12T01:59:28.849790+00:00
923,5,row_122,packers,Insult,local_gptoss,D,A,A,False,True,"In the following sentence, what does ""packers"" mean?
Thats just a group of packers over there, don't waste your time.

Select only one answer.
A) one that packs
B) Something untrue or unbeleivable
C) An insult saying that the problem is due to lack of skill rather then luck
D) fake soft penises and testicles designed to give a 'male' bulge to the crotches of female-to-male transsexuals.

Respond with only the letter of your answer (A, B, C, or D).",A,2026-06-12T01:59:32.681875+00:00
924,5,row_123,passa passa,General,local_gptoss,A,,D,False,False,"In the following sentence, what does ""passa passa"" mean?
I don't want any passa passa now.

Select only one answer.
A) A loud and messy conflict
B) A commonplace person
C) A descriptor for an attractive person
D) Fuckboy, someone just looking for sex

Respond with only the letter of your answer (A, B, C, or D).",D,2026-06-12T01:59:38.347305+00:00
925,5,row_124,passport bro,Sexual,local_gptoss,B,,B,True,False,"In the following sentence, what does ""passport bro"" mean?
A bunch of passport bro's just checked into the hotel.

Select only one answer.
A) To focus on making one as physically attractive as possible
B) Someone that travels abroad with the sole purpose of having sex
C) To tie up an arm to isolate a vein for injecting a drug
D) Go in 100% on something

Respond with only the letter of your answer (A, B, C, or D).",B,2026-06-12T01:59:39.834991+00:00
926,5,row_125,Period,General,local_gptoss,D,A,D,True,False,"In the following sentence, what does ""Period"" mean?
She is the best, period.

Select only one answer.
A) the completion of a cycle, a series of events, or a single action : conclusion
B) A man that takes care of children
C) crazy or erratic
D) Ending the discussion on a topic

Respond with only the letter of your answer (A, B, C, or D).",D,2026-06-12T01:59:40.450695+00:00
927,5,row_126,plegic,Drugs,local_gptoss,C,,C,True,False,"In the following sentence, what does ""plegic"" mean?
That guy stumbled out very plegic.

Select only one answer.
A) Fashionable or stylish
B) To do something impressive
C) drunk
D) Somehting uncool or unfashionable

Respond with only the letter of your answer (A, B, C, or D).",C,2026-06-12T01:59:44.770575+00:00
928,5,row_127,poggers,General,local_gptoss,C,,C,True,False,"In the following sentence, what does ""poggers"" mean?
Thats a poggers painting.

Select only one answer.
A) Money
B) An attractive older man
C) To express excitement or approval for something
D) A loss or failure

Respond with only the letter of your answer (A, B, C, or D).",C,2026-06-12T01:59:45.312573+00:00
929,5,row_128,Pookie,Sexual,local_gptoss,D,,D,True,False,"In the following sentence, what does ""Pookie"" mean?
My pookie loves a smash burger.

Select only one answer.
A) Cool
B) A term to discuss sexual experiences
C) A rule used by some for dating that refers to someone who is six feet tall, has a 6 figure income, and has six-pack abs
D) A term of endearment for a significant other

Respond with only the letter of your answer (A, B, C, or D).",D,2026-06-12T01:59:46.326954+00:00
930,5,row_129,Pop off,General,local_gptoss,A,D,A,True,False,"In the following sentence, what does ""Pop off"" mean?
I'm about to pop off!

Select only one answer.
A) To do something impressive
B) An insult saying that the problem is due to lack of skill rather then luck
C) A person who is very good at spotting a lie
D) to die unexpectedly

Respond with only the letter of your answer (A, B, C, or D).",A,2026-06-12T01:59:50.296238+00:00
931,5,row_130,Posh and Becks,Sexual,local_gptoss,C,,C,True,False,"In the following sentence, what does ""Posh and Becks"" mean?
Lets go back to my place and have the posh and becks.

Select only one answer.
A) A term used by incels to refer to women in a way that dehumanizes them.
B) When something hidden gets called out
C) sex
D) Main Character - Someone that acts as if they are the star of a story

Respond with only the letter of your answer (A, B, C, or D).",C,2026-06-12T01:59:52.440764+00:00
932,5,row_131,prepper,Insult,local_gptoss,B,,B,True,False,"In the following sentence, what does ""prepper"" mean?
We have a prepper down the block. They are kindof crazy, but its nice to know where to go.

Select only one answer.
A) Throwing something
B) Someone who prepares for doomsday scenarios
C) One True Pairing
D) An emotional meltdown

Respond with only the letter of your answer (A, B, C, or D).",B,2026-06-12T01:59:53.687600+00:00
933,5,row_132,Prison pocket,General,local_gptoss,B,,B,True,False,"In the following sentence, what does ""Prison pocket"" mean?
Hold it in your prison pocket.

Select only one answer.
A) A knife
B) The anus
C) A person who is very good at spotting a lie
D) A rule used by some for dating that refers to someone who is six feet tall, has a 6 figure income, and has six-pack abs

Respond with only the letter of your answer (A, B, C, or D).",B,2026-06-12T01:59:57.898869+00:00
934,5,row_133,Put the fries in the bag,General,local_gptoss,C,,C,True,False,"In the following sentence, what does ""Put the fries in the bag"" mean?
You're taking too long. Put the fires in the bag.

Select only one answer.
A) An attractive older man
B) Someone that is too much of a fan of something
C) Get to the point
D) Men that lack masculine characteristics

Respond with only the letter of your answer (A, B, C, or D).",C,2026-06-12T02:00:00.069605+00:00
935,5,row_134,Quirky,Insult,local_gptoss,B,A,A,False,True,"In the following sentence, what does ""Quirky"" mean?
I'm so quirky!

Select only one answer.
A) having many quirks : unusual in especially an interesting or appealing way
B) Ironically used to describe one as unique
C) An unattractive girl
D) Something that is reallly good.

Respond with only the letter of your answer (A, B, C, or D).",A,2026-06-12T02:00:01.663576+00:00
936,5,row_135,rago,Insult,local_gptoss,B,,B,True,False,"In the following sentence, what does ""rago"" mean?
It was just how rago he was.

Select only one answer.
A) someone that looks ordinary but is actually very strong
B) Someone acting aggressively and out of control
C) To prepare for a fight
D) Money

Respond with only the letter of your answer (A, B, C, or D).",B,2026-06-12T02:00:04.671846+00:00
937,5,row_136,rapey,Sexual,local_gptoss,A,,A,True,False,"In the following sentence, what does ""rapey"" mean?
That guy at the bar was feeling pretty rapey.

Select only one answer.
A) Describes activities or situations that are sexually aggressive
B) To make a jawline more defined
C) Gross buildup between the toes
D) A dance move

Respond with only the letter of your answer (A, B, C, or D).",A,2026-06-12T02:00:05.408030+00:00
938,5,row_137,Ratio,General,local_gptoss,C,B,C,True,False,"In the following sentence, what does ""Ratio"" mean?
Ratio if you like pizza.

Select only one answer.
A) Something that is messed up or not right.
B) the indicated quotient of two mathematical expressions
C) when a reply gets more than the original post
D) An incel term meaning kissless, hugless, handholdless virgin

Respond with only the letter of your answer (A, B, C, or D).",C,2026-06-12T02:00:08.423502+00:00
939,5,row_138,raw,General,local_gptoss,C,A,C,True,False,"In the following sentence, what does ""raw"" mean?
He's been hitting the vape raw lately.

Select only one answer.
A) not cooked
B) A descriptor for an attractive person
C) something intense, aggressive, and unfiltered
D) Another term that stands for that hoe over there

Respond with only the letter of your answer (A, B, C, or D).",C,2026-06-12T02:00:10.696657+00:00
940,5,row_139,RIP (me),General,local_gptoss,B,,B,True,False,"In the following sentence, what does ""RIP (me)"" mean?
I think I just failed that test. RIP me.

Select only one answer.
A) Someone who sitts around commenting about others
B) To express disappointment dramatically
C) An unattractive girl
D) Someone that travels abroad with the sole purpose of having sex

Respond with only the letter of your answer (A, B, C, or D).",B,2026-06-12T02:00:12.210665+00:00
941,5,row_140,Rizz,General,local_gptoss,C,,C,True,False,"In the following sentence, what does ""Rizz"" mean?
The rizz you have today is stunning!

Select only one answer.
A) Done or ruined
B) To do somethign very well
C) Charisma
D) Down to fuck

Respond with only the letter of your answer (A, B, C, or D).",C,2026-06-12T02:00:13.572836+00:00
942,5,row_141,Salty,Insult,local_gptoss,D,A,D,True,False,"In the following sentence, what does ""Salty"" mean?
She's just salty that you have a boyfriend and she doesn't.

Select only one answer.
A) of, seasoned with, or containing salt
B) To mastrubate for extremeely long period regularly
C) A commonplace person
D) Irritated, bitter, or resentful

Respond with only the letter of your answer (A, B, C, or D).",D,2026-06-12T02:00:14.317635+00:00
943,5,row_142,savage,General,local_gptoss,A,C,A,True,False,"In the following sentence, what does ""savage"" mean?
That was a savage comeback you gave.

Select only one answer.
A) To be fierce and unapologetic withing a social situation
B) Ironically used to describe one as unique
C) not domesticated or under human control : untamed
D) a live-action role-playing game in which a group of people enacts a fictional scenario (such as a fantasy adventure) in real time typically under the guidance of a facilitator or organizer; also : the activity of participating in such games : larping

Respond with only the letter of your answer (A, B, C, or D).",A,2026-06-12T02:00:15.760567+00:00
944,5,row_143,Schizo,Insult,local_gptoss,D,,D,True,False,"In the following sentence, what does ""Schizo"" mean?
Brians a total schitzo.

Select only one answer.
A) To shoot ones shot.
B) Fuckboy, someone just looking for sex
C) A loud and messy conflict
D) crazy or erratic

Respond with only the letter of your answer (A, B, C, or D).",D,2026-06-12T02:00:17.067776+00:00
945,5,row_144,scuffed,Insult,local_gptoss,B,A,B,True,False,"In the following sentence, what does ""scuffed"" mean?
The was a scuffed performance last night.

Select only one answer.
A) to walk without lifting the feet : shuffle
B) Something that is messed up or not right.
C) Someone who is trying to get sexual attention overtly
D) A charismatic, sexy, and quick witted man

Respond with only the letter of your answer (A, B, C, or D).",B,2026-06-12T02:00:18.236265+00:00
946,5,row_145,Shabba,General,local_gptoss,A,,B,False,False,"In the following sentence, what does ""Shabba"" mean?
Shabba on point!

Select only one answer.
A) Fashionable or stylish
B) A stereotypical alpha male that is strong, handsome, and attracts women.
C) To metaphorically die of laughter
D) the playful act of taking a friend's food

Respond with only the letter of your answer (A, B, C, or D).",B,2026-06-12T02:00:21.506085+00:00
947,5,row_146,Sheesh,General,local_gptoss,D,,D,True,False,"In the following sentence, what does ""Sheesh"" mean?
Sheesh! Thats crazy!

Select only one answer.
A) Acting crazily
B) Something that appears mundane but has hidden potential
C) The positive or relaxing energy of a place
D) To express disbelief

Respond with only the letter of your answer (A, B, C, or D).",D,2026-06-12T02:00:22.947902+00:00
948,5,row_147,Side eye,General,local_gptoss,A,,A,True,False,"In the following sentence, what does ""Side eye"" mean?
Why are you giving him the side eye?

Select only one answer.
A) To be skeptical about something
B) A near superhuman perfect male
C) A term for friends
D) Someone that is too left leaning politically

Respond with only the letter of your answer (A, B, C, or D).",A,2026-06-12T02:00:24.078930+00:00
949,5,row_148,Sigma,Identity,local_gptoss,B,D,B,True,False,"In the following sentence, what does ""Sigma"" mean?
You are giving off sigma energy right now.

Select only one answer.
A) A sudden feeling of disguest or repultion towards someone.
B) An independent, strong person
C) The anus
D) the 18th letter of the Greek alphabet

Respond with only the letter of your answer (A, B, C, or D).",B,2026-06-12T02:00:27.053943+00:00
950,5,row_149,Simp,Insult,local_gptoss,A,C,D,False,False,"In the following sentence, what does ""Simp"" mean?
Stop being a simp over her!

Select only one answer.
A) Someone that tries really hard to impress their crush
B) A nicotine pouch held between the upper lip and gums
C) a foolish or stupid person : simpleton
D) A submissive male that is often outside of traditional social hierarchies

Respond with only the letter of your answer (A, B, C, or D).",D,2026-06-12T02:00:29.512439+00:00
951,5,row_150,Situationship,Sexual,local_gptoss,C,,C,True,False,"In the following sentence, what does ""Situationship"" mean?
Joe ended up in a situationship over the summer.

Select only one answer.
A) Something untrue or unbeleivable
B) The vagina
C) A sexual relationship developed from situations without clear future intentions
D) A kilo of cocaine

Respond with only the letter of your answer (A, B, C, or D).",C,2026-06-12T02:00:30.041006+00:00
952,5,row_151,Skeet,Sexual,local_gptoss,B,D,D,False,True,"In the following sentence, what does ""Skeet"" mean?
He skeeted all over the court!

Select only one answer.
A) Describes activities or situations that are sexually aggressive
B) To shoot ones shot.
C) Mercedes Benz G class
D) trapshooting in which clay pigeons are thrown in such a way as to simulate the angles of flight of birds

Respond with only the letter of your answer (A, B, C, or D).",D,2026-06-12T02:00:33.656182+00:00
953,5,row_152,Skibidi,General,local_gptoss,B,,B,True,False,"In the following sentence, what does ""Skibidi"" mean?
That's so skibidi.

Select only one answer.
A) Someone who refused to wear a mask in covid times.
B) Nonsensical term
C) A term for someone that enjoys watching their wife have sex with another man
D) A rule used by some for dating that refers to someone who is six feet tall, has a 6 figure income, and has six-pack abs

Respond with only the letter of your answer (A, B, C, or D).",B,2026-06-12T02:00:36.506318+00:00
954,5,row_153,Skill issue,Insult,local_gptoss,B,,B,True,False,"In the following sentence, what does ""Skill issue"" mean?
You won't win. Its a skill issue.

Select only one answer.
A) An all denim outfit
B) An insult saying that the problem is due to lack of skill rather then luck
C) Something suspicious
D) The greatest of all time

Respond with only the letter of your answer (A, B, C, or D).",B,2026-06-12T02:00:37.460030+00:00
955,5,row_154,Slaps,General,local_gptoss,C,B,C,True,False,"In the following sentence, what does ""Slaps"" mean?
This place slaps!

Select only one answer.
A) A term for bringing someone over to watch some netflix and then have sex.
B) to strike sharply with or as if with the open hand
C) Something that is reallly good.
D) A commonplace person

Respond with only the letter of your answer (A, B, C, or D).",C,2026-06-12T02:00:38.033957+00:00
956,5,row_155,Slay,General,local_gptoss,D,C,D,True,False,"In the following sentence, what does ""Slay"" mean?
Slay girl!

Select only one answer.
A) Down to fuck
B) A term for someone that enjoys watching their wife have sex with another man
C) to kill violently, wantonly, or in great numbers
D) To do somethign very well

Respond with only the letter of your answer (A, B, C, or D).",D,2026-06-12T02:00:39.711933+00:00
957,5,row_156,sledge,Identity,local_gptoss,B,C,B,True,False,"In the following sentence, what does ""sledge"" mean?
What? Are you havin trouble you sledge?

Select only one answer.
A) To prepare for a fight
B) An insult commonly used in sports
C) sledgehammer
D) Talking too much

Respond with only the letter of your answer (A, B, C, or D).",B,2026-06-12T02:00:46.600398+00:00
958,5,row_157,sleeper,General,local_gptoss,B,A,B,True,False,"In the following sentence, what does ""sleeper"" mean?
That car has got to be a sleeper.

Select only one answer.
A) one that sleeps
B) Something that appears mundane but has hidden potential
C) An unattractive girl
D) To show off

Respond with only the letter of your answer (A, B, C, or D).",B,2026-06-12T02:00:47.576108+00:00
959,5,row_158,sleeper build,General,local_gptoss,D,,D,True,False,"In the following sentence, what does ""sleeper build"" mean?
Bro's rocking the sleeper build.

Select only one answer.
A) To metaphorically die of laughter
B) sweet talk
C) Fashionable or stylish
D) someone that looks ordinary but is actually very strong

Respond with only the letter of your answer (A, B, C, or D).",D,2026-06-12T02:00:49.014912+00:00
960,5,row_159,Snack,Sexual,local_gptoss,B,C,B,True,False,"In the following sentence, what does ""Snack"" mean?
That lady over there is a snack.

Select only one answer.
A) An endeering term used towards ones significant other
B) A descriptor for an attractive person
C) a light meal : food eaten between regular meals; also : food suitable for snacking
D) Someone acting aggressively and out of control

Respond with only the letter of your answer (A, B, C, or D).",B,2026-06-12T02:00:49.912708+00:00
961,5,row_160,snaggle,Identity,local_gptoss,C,D,C,True,False,"In the following sentence, what does ""snaggle"" mean?
Susanne is such a snaggle.

Select only one answer.
A) When you are outnumbered in a fight and call black people for the win
B) A glock pistol
C) An unattractive girl
D) snag

Respond with only the letter of your answer (A, B, C, or D).",C,2026-06-12T02:00:52.602627+00:00
962,5,row_161,Snatched,General,local_gptoss,B,D,B,True,False,"In the following sentence, what does ""Snatched"" mean?
You're looking snatched today.

Select only one answer.
A) To refer to ones imaginary audience like an internet steamer
B) A fashionable look
C) Someone who acts tries to act entertaining and amuzingly relentlessly
D) to attempt to seize something suddenly

Respond with only the letter of your answer (A, B, C, or D).",B,2026-06-12T02:00:54.275977+00:00
963,5,row_162,socials,General,local_gptoss,D,B,D,True,False,"In the following sentence, what does ""socials"" mean?
Catch me on the socials!

Select only one answer.
A) A fashionable look
B) an informal social event or gathering frequently involving a special activity or area of interest
C) An unattractive girl
D) Used to refer to the social media platforms one uses

Respond with only the letter of your answer (A, B, C, or D).",D,2026-06-12T02:00:55.935492+00:00
964,5,row_163,socio,Insult,local_gptoss,D,,D,True,False,"In the following sentence, what does ""socio"" mean?
The boy is a socio.

Select only one answer.
A) Weak or effeminate
B) fake soft penises and testicles designed to give a 'male' bulge to the crotches of female-to-male transsexuals.
C) Crack cocaine
D) Sociopath

Respond with only the letter of your answer (A, B, C, or D).",D,2026-06-12T02:00:59.553445+00:00
965,5,row_164,Soy,Insult,local_gptoss,A,,A,True,False,"In the following sentence, what does ""Soy"" mean?
Stop being so soy.

Select only one answer.
A) Weak or effeminate
B) Someone acting aggressively and out of control
C) Down to fuck
D) A knife

Respond with only the letter of your answer (A, B, C, or D).",A,2026-06-12T02:01:00.346806+00:00
966,5,row_165,soyboy,Identity,local_gptoss,C,,C,True,False,"In the following sentence, what does ""soyboy"" mean?
Get that soyboy out of here!

Select only one answer.
A) Something ugly or unattractive
B) drunk
C) Men that lack masculine characteristics
D) A term used by incels to refer to women in a way that dehumanizes them.

Respond with only the letter of your answer (A, B, C, or D).",C,2026-06-12T02:01:01.321783+00:00
967,5,row_166,Spanish dancer,General,local_gptoss,C,,D,False,False,"In the following sentence, what does ""Spanish dancer"" mean?
I sounds like I caught the spanish dancer.

Select only one answer.
A) Money
B) Acting crazily
C) Cancer
D) To get arrested

Respond with only the letter of your answer (A, B, C, or D).",D,2026-06-12T02:01:14.709663+00:00
968,5,row_167,spark,Violence,local_gptoss,A,B,D,False,False,"In the following sentence, what does ""spark"" mean?
Don't make me spark you out!

Select only one answer.
A) To knock someone out
B) a small particle of a burning substance thrown out by a body in combustion or remaining when combustion is nearly completed
C) To check the mood of a situation
D) Irritated, bitter, or resentful

Respond with only the letter of your answer (A, B, C, or D).",D,2026-06-12T02:01:18.208845+00:00
969,5,row_168,Stuyvie,Drugs,local_gptoss,C,,C,True,False,"In the following sentence, what does ""Stuyvie"" mean?
Lets go outside and smoke a suyvie.

Select only one answer.
A) Someone weak or a follower
B) Down to fuck
C) A cigarette
D) An expression of disbelief

Respond with only the letter of your answer (A, B, C, or D).",C,2026-06-12T02:01:19.323143+00:00
970,5,row_169,suiter,General,local_gptoss,B,D,B,True,False,"In the following sentence, what does ""suiter"" mean?
Her suiter was admiring her from afar.

Select only one answer.
A) Someone who is very stubborn
B) a significant other
C) Something ugly or unattractive
D) a suitcase for holding a specified number of suits —usually used in combination

Respond with only the letter of your answer (A, B, C, or D).",B,2026-06-12T02:01:21.420431+00:00
971,5,row_170,Sus,General,local_gptoss,D,,D,True,False,"In the following sentence, what does ""Sus"" mean?
That man over there is real sus.

Select only one answer.
A) Something that appears mundane but has hidden potential
B) Cancer
C) To win
D) Something suspicious

Respond with only the letter of your answer (A, B, C, or D).",D,2026-06-12T02:01:22.207646+00:00
972,5,row_171,Tea,General,local_gptoss,D,B,D,True,False,"In the following sentence, what does ""Tea"" mean?
Come on, spill the tea!

Select only one answer.
A) A knife
B) a widely cultivated shrub (Camellia sinensis of the family Theaceae, the tea family) native to China, northern India, and southeastern Asia and having glossy green leaves and fragrant white flowers
C) An insulting term to refer to someone as stupid
D) Gossip

Respond with only the letter of your answer (A, B, C, or D).",D,2026-06-12T02:01:23.358005+00:00
973,5,row_172,theybie,General,local_gptoss,C,,C,True,False,"In the following sentence, what does ""theybie"" mean?
The a couple and their theybie just moved in next door.

Select only one answer.
A) A canister of nitrous oxide
B) Someone that travels abroad with the sole purpose of having sex
C) A term used to describe a baby raised in a gender neutral environment
D) The greatest of all time

Respond with only the letter of your answer (A, B, C, or D).",C,2026-06-12T02:01:26.331553+00:00
974,5,row_173,Thirsty,Sexual,local_gptoss,C,B,C,True,False,"In the following sentence, what does ""Thirsty"" mean?
She's lookin real thirsty today.

Select only one answer.
A) A sudden feeling of disguest or repultion towards someone.
B) feeling thirst
C) Someone who is trying to get sexual attention overtly
D) A term used to describe a baby raised in a gender neutral environment

Respond with only the letter of your answer (A, B, C, or D).",C,2026-06-12T02:01:27.865404+00:00
975,5,row_174,Thot,Sexual,local_gptoss,C,,C,True,False,"In the following sentence, what does ""Thot"" mean?
I'm gonna dress like a thot tonight.

Select only one answer.
A) used to mock spoiled kids
B) To manipulated, trick, or fool someone
C) Another term that stands for that hoe over there
D) Main Character - Someone that acts as if they are the star of a story

Respond with only the letter of your answer (A, B, C, or D).",C,2026-06-12T02:01:29.767487+00:00
976,5,row_175,Thrust,General,local_gptoss,A,C,C,False,True,"In the following sentence, what does ""Thrust"" mean?
Hit the thrust!

Select only one answer.
A) A dance move
B) Something that is reallly good.
C) to push or drive with force : shove
D) Someone unappealing

Respond with only the letter of your answer (A, B, C, or D).",C,2026-06-12T02:01:32.321404+00:00
977,5,row_176,toe-cheese,Insult,local_gptoss,D,,D,True,False,"In the following sentence, what does ""toe-cheese"" mean?
My whole house smells like toe cheese.

Select only one answer.
A) A sexual relationship developed from situations without clear future intentions
B) The anus
C) Cool
D) Gross buildup between the toes

Respond with only the letter of your answer (A, B, C, or D).",D,2026-06-12T02:01:33.803145+00:00
978,5,row_177,tomdick,Insult,local_gptoss,B,,B,True,False,"In the following sentence, what does ""tomdick"" mean?
That secratary was a tomdick.

Select only one answer.
A) Somehting uncool or unfashionable
B) A commonplace person
C) A near superhuman perfect male
D) Someone unappealing

Respond with only the letter of your answer (A, B, C, or D).",B,2026-06-12T02:01:36.358253+00:00
979,5,row_178,Touch Grass,General,local_gptoss,A,,A,True,False,"In the following sentence, what does ""Touch Grass"" mean?
Go out and touch some grass.

Select only one answer.
A) A term used to say that someone is online too much and needs to get back to real life
B) fake soft penises and testicles designed to give a 'male' bulge to the crotches of female-to-male transsexuals.
C) An attractive older man
D) I just burst out laughing

Respond with only the letter of your answer (A, B, C, or D).",A,2026-06-12T02:01:38.436279+00:00
980,5,row_179,troll,Identity,local_gptoss,A,D,A,True,False,"In the following sentence, what does ""troll"" mean?
That guy in valorant was a such a troll.

Select only one answer.
A) Someone who deliberatly acts in ways to annoy or anger a group of people online.
B) A loss or failure
C) An unattractive girl
D) a dwarf or giant in Scandinavian folklore inhabiting caves or hills

Respond with only the letter of your answer (A, B, C, or D).",A,2026-06-12T02:01:39.533324+00:00
981,5,row_180,Tweaking,General,local_gptoss,B,A,B,True,False,"In the following sentence, what does ""Tweaking"" mean?
Why are you tweaking out?

Select only one answer.
A) to make usually small adjustments in or to; especially : fine-tune
B) Acting crazily
C) Charisma
D) To express disappointment dramatically

Respond with only the letter of your answer (A, B, C, or D).",B,2026-06-12T02:01:41.486945+00:00
982,5,row_181,twoz,Drugs,local_gptoss,A,,A,True,False,"In the following sentence, what does ""twoz"" mean?
Hey, hand me the twoz joint.

Select only one answer.
A) A canabis based cigarette that needs two paper rolls
B) Poorly dressed
C) something intense, aggressive, and unfiltered
D) An insult saying that the problem is due to lack of skill rather then luck

Respond with only the letter of your answer (A, B, C, or D).",A,2026-06-12T02:01:48.147239+00:00
983,5,row_182,Unc,Insult,local_gptoss,B,,D,False,False,"In the following sentence, what does ""Unc"" mean?
I'll explain it to you unc.

Select only one answer.
A) An insult commonly used in sports
B) An older person who is out of touch
C) Someone who sitts around commenting about others
D) Nonsensical term

Respond with only the letter of your answer (A, B, C, or D).",D,2026-06-12T02:01:52.743102+00:00
984,5,row_183,Understood the assignment,General,local_gptoss,B,,B,True,False,"In the following sentence, what does ""Understood the assignment"" mean?
All done. Understood the assignment.

Select only one answer.
A) A reaction to something uncomfortable
B) To confim that something was completed to expectation
C) An attractive older man
D) To give sympathy or signify a failure

Respond with only the letter of your answer (A, B, C, or D).",B,2026-06-12T02:01:53.986492+00:00
985,5,row_184,upper decky,Drugs,local_gptoss,B,,B,True,False,"In the following sentence, what does ""upper decky"" mean?
Hey bro, can I bum an upper decky zynn?

Select only one answer.
A) A man that takes care of children
B) A nicotine pouch held between the upper lip and gums
C) A dance move
D) To be high or drunk

Respond with only the letter of your answer (A, B, C, or D).",B,2026-06-12T02:01:56.237235+00:00
986,5,row_185,Vibe,General,local_gptoss,D,,D,True,False,"In the following sentence, what does ""Vibe"" mean?
I'm just enjoyin the vibe out here.

Select only one answer.
A) To do somethign very well
B) intensely and openely say something true
C) Another term that stands for that hoe over there
D) The positive or relaxing energy of a place

Respond with only the letter of your answer (A, B, C, or D).",D,2026-06-12T02:01:56.884775+00:00
987,5,row_186,Vibe Check,General,local_gptoss,B,,B,True,False,"In the following sentence, what does ""Vibe Check"" mean?
Can I get a vibe check?

Select only one answer.
A) Someone weak or a follower
B) To check the mood of a situation
C) An unattractive girl
D) Someone that is boring

Respond with only the letter of your answer (A, B, C, or D).",B,2026-06-12T02:01:57.691602+00:00
988,5,row_187,wahala,General,local_gptoss,A,,A,True,False,"In the following sentence, what does ""wahala"" mean?
Please, no wahala.

Select only one answer.
A) A significant problem
B) Someone who acts tries to act entertaining and amuzingly relentlessly
C) Another term that stands for that hoe over there
D) Get to the point

Respond with only the letter of your answer (A, B, C, or D).",A,2026-06-12T02:01:59.007168+00:00
989,5,row_188,waved,Drugs,local_gptoss,A,D,D,False,True,"In the following sentence, what does ""waved"" mean?
Bro's over on the bench waved out of his mind.

Select only one answer.
A) To be high or drunk
B) Fuckboy, someone just looking for sex
C) A fashionable look
D) having a wavelike form or outline

Respond with only the letter of your answer (A, B, C, or D).",D,2026-06-12T02:02:04.960122+00:00
990,5,row_189,What the sigma,General,local_gptoss,D,,D,True,False,"In the following sentence, what does ""What the sigma"" mean?
What the sigma? I thought you left?

Select only one answer.
A) A provocative dance
B) Ironically used to describe one as unique
C) To express excitement or approval for something
D) An expression of disbelief

Respond with only the letter of your answer (A, B, C, or D).",D,2026-06-12T02:02:06.370927+00:00
991,5,row_190,whitney,Drugs,local_gptoss,B,,B,True,False,"In the following sentence, what does ""whitney"" mean?
Hey man, you got any whitney on you?

Select only one answer.
A) A hot dog
B) Crack cocaine
C) Something suspicious
D) Fashionable or stylish

Respond with only the letter of your answer (A, B, C, or D).",B,2026-06-12T02:02:14.582237+00:00
992,5,row_191,Woke,Insult,local_gptoss,D,,D,True,False,"In the following sentence, what does ""Woke"" mean?
Stop being so woke.

Select only one answer.
A) someone that looks ordinary but is actually very strong
B) Gossip
C) To shoot ones shot.
D) Someone that is too left leaning politically

Respond with only the letter of your answer (A, B, C, or D).",D,2026-06-12T02:02:16.015053+00:00
993,5,row_192,womp womp,General,local_gptoss,A,,A,True,False,"In the following sentence, what does ""womp womp"" mean?
I failed that math quiz. Womp womp.

Select only one answer.
A) An expression of disappointment
B) An incel term meaning kissless, hugless, handholdless virgin
C) Stylish or flashy outfit style
D) A loss or failure

Respond with only the letter of your answer (A, B, C, or D).",A,2026-06-12T02:02:18.422004+00:00
994,5,row_193,wraparound,General,local_gptoss,C,A,A,False,True,"In the following sentence, what does ""wraparound"" mean?
I had to pull a wraparound this morning since I left my wallet at the bar.

Select only one answer.
A) made to be wrapped around something and especially the body
B) Gross buildup between the toes
C) Someone who is the last person to leave a location and the first to come back in the morning
D) an expression of surprise

Respond with only the letter of your answer (A, B, C, or D).",A,2026-06-12T02:02:23.441097+00:00
995,5,row_194,Yapping,Insult,local_gptoss,C,B,B,False,True,"In the following sentence, what does ""Yapping"" mean?
Stop your yapping and get over here.

Select only one answer.
A) Crack cocaine
B) to talk in a shrill insistent way : chatter
C) Talking too much
D) a bad charisma

Respond with only the letter of your answer (A, B, C, or D).",B,2026-06-12T02:02:28.078841+00:00
996,5,row_195,Yeet,General,local_gptoss,A,,C,False,False,"In the following sentence, what does ""Yeet"" mean?
Think I can make this? Yeet!

Select only one answer.
A) Throwing something
B) A significant problem
C) To express disbelief
D) A significant other

Respond with only the letter of your answer (A, B, C, or D).",C,2026-06-12T02:02:39.803189+00:00
997,5,row_196,ying,Violence,local_gptoss,C,,C,True,False,"In the following sentence, what does ""ying"" mean?
I'll walk in swinging my ying.

Select only one answer.
A) To metaphorically die of laughter
B) Poorly dressed
C) A knife
D) Saying something secretive or to keep low profile

Respond with only the letter of your answer (A, B, C, or D).",C,2026-06-12T02:02:44.638166+00:00
998,5,row_197,yoyo,General,local_gptoss,D,A,D,True,False,"In the following sentence, what does ""yoyo"" mean?
We've helped you in the past, but yoyo this time.

Select only one answer.
A) a thick grooved double disk with a string attached to its center axle that is made to fall and rise to the hand by unwinding and rewinding on the string
B) A commonplace person
C) A term to discuss sexual experiences
D) You're on Your own

Respond with only the letter of your answer (A, B, C, or D).",D,2026-06-12T02:02:46.529960+00:00
999,5,row_198,Zaddy,Sexual,local_gptoss,A,,A,True,False,"In the following sentence, what does ""Zaddy"" mean?
I'm meeting up with my zaddy later tonight.

Select only one answer.
A) An attractive older man
B) To metaphorically die of laughter
C) A provocative dance
D) To keep secretive or obscure

Respond with only the letter of your answer (A, B, C, or D).",A,2026-06-12T02:02:47.444582+00:00
1000,5,row_199,Zesty,Insult,local_gptoss,B,A,A,False,True,"In the following sentence, what does ""Zesty"" mean?
He's acting a bit zesty today.

Select only one answer.
A) having or characterized by zest : appealingly piquant or lively
B) A man that is feminine in nature
C) Acting crazily
D) To make a jawline more defined

Respond with only the letter of your answer (A, B, C, or D).",A,2026-06-12T02:02:48.583325+00:00
