run_id,iteration,prompt_id,slang_term,term_type,model,correct_letter,literal_letter,model_answer,is_correct,chose_literal,full_prompt,raw_response,timestamp_utc
1,1,row_000,'done,Drugs,local_qwen27b,A,,A,True,False,"In the following sentence, what does ""'done"" mean?
Do you have any of the 'done on you?

Select only one answer.
A) Methodone
B) Something low quality or bad
C) To prepare for a fight
D) A term for friends

Respond with only the letter of your answer (A, B, C, or D).",A,2026-06-12T02:05:30.763904+00:00
2,1,row_001,6-6-6,Identity,local_qwen27b,B,,B,True,False,"In the following sentence, what does ""6-6-6"" mean?
I only date a man who is a 6-6-6.

Select only one answer.
A) An endeering term used towards ones significant other
B) A rule used by some for dating that refers to someone who is six feet tall, has a 6 figure income, and has six-pack abs
C) a significant other
D) Done or ruined

Respond with only the letter of your answer (A, B, C, or D).",B,2026-06-12T02:05:59.998952+00:00
3,1,row_002,AF,General,local_qwen27b,D,,D,True,False,"In the following sentence, what does ""AF"" mean?
Thats cool AF!

Select only one answer.
A) Someone who deliberatly acts in ways to annoy or anger a group of people online.
B) One True Pairing
C) Money
D) As Fuck

Respond with only the letter of your answer (A, B, C, or D).",D,2026-06-12T02:06:12.072691+00:00
4,1,row_003,aggy,Violence,local_qwen27b,B,,B,True,False,"In the following sentence, what does ""aggy"" mean?
Why you so aggy?

Select only one answer.
A) Someone who acts tries to act entertaining and amuzingly relentlessly
B) to aggrivate
C) A fool or a prick
D) used to mock spoiled kids

Respond with only the letter of your answer (A, B, C, or D).",B,2026-06-12T02:06:47.378304+00:00
5,1,row_004,Alpha,Identity,local_qwen27b,B,C,B,True,False,"In the following sentence, what does ""Alpha"" mean?
What an alpha chad.

Select only one answer.
A) Throwing something
B) A strong, leader who commands those around them
C) the 1st letter of the Greek alphabet
D) To keep secretive or obscure

Respond with only the letter of your answer (A, B, C, or D).",B,2026-06-12T02:07:13.761722+00:00
6,1,row_005,ant,Sexual,local_qwen27b,D,A,D,True,False,"In the following sentence, what does ""ant"" mean?
I came across a real ant at the club earlier.

Select only one answer.
A) any of a family (Formicidae) of colonial hymenopterous insects with a complex social organization and various castes performing special duties
B) Down to fuck
C) A man that is feminine in nature
D) A charismatic, sexy, and quick witted man

Respond with only the letter of your answer (A, B, C, or D).",D,2026-06-12T02:08:18.088587+00:00
7,1,row_006,archer,Identity,local_qwen27b,A,D,A,True,False,"In the following sentence, what does ""archer"" mean?
Jim was an archer with her lies.

Select only one answer.
A) A person who is very good at spotting a lie
B) To mastrubate for extremeely long period regularly
C) A type of marijuana
D) a person who uses a bow and arrow

Respond with only the letter of your answer (A, B, C, or D).",A,2026-06-12T02:08:49.635266+00:00
8,1,row_007,ASL,Sexual,local_qwen27b,B,,B,True,False,"In the following sentence, what does ""ASL"" mean?
What's your ASL?

Select only one answer.
A) To confim that something was completed to expectation
B) Age Sex Location
C) Someone who sitts around commenting about others
D) Used to refer to the social media platforms one uses

Respond with only the letter of your answer (A, B, C, or D).",B,2026-06-12T02:09:08.962817+00:00
9,1,row_008,Aura Farming,Identity,local_qwen27b,D,,D,True,False,"In the following sentence, what does ""Aura Farming"" mean?
That skateboard group is trying really hard to aura farm, but its not working.

Select only one answer.
A) Methodone
B) sex
C) To check the mood of a situation
D) Activities that involve cultivating ones Aura

Respond with only the letter of your answer (A, B, C, or D).",D,2026-06-12T02:09:32.661771+00:00
10,1,row_009,babygirl,Sexual,local_qwen27b,B,,B,True,False,"In the following sentence, what does ""babygirl"" mean?
Hey babygirl, whanna metup tonight?

Select only one answer.
A) a bad charisma
B) An endeering term used towards ones significant other
C) Something really good
D) A kilo of cocaine

Respond with only the letter of your answer (A, B, C, or D).",B,2026-06-12T02:09:50.284699+00:00
11,1,row_010,backoff,Sexual,local_qwen27b,C,D,C,True,False,"In the following sentence, what does ""backoff"" mean?
That girl has a fat backoff!

Select only one answer.
A) Another term that stands for that hoe over there
B) A term used to describe a baby raised in a gender neutral environment
C) A large ass that stands out.
D) back down

Respond with only the letter of your answer (A, B, C, or D).",C,2026-06-12T02:10:34.239199+00:00
12,1,row_011,Bae,Sexual,local_qwen27b,C,,C,True,False,"In the following sentence, what does ""Bae"" mean?
She's my bae.

Select only one answer.
A) Short for happening
B) crazy or erratic
C) A significant other
D) Charisma

Respond with only the letter of your answer (A, B, C, or D).",C,2026-06-12T02:10:42.819999+00:00
13,1,row_012,bareface,Identity,local_qwen27b,C,D,C,True,False,"In the following sentence, what does ""bareface"" mean?
I saw a group of barefaces at the store this morning, so I won't be going back.

Select only one answer.
A) sweet talk
B) Down to fuck
C) Someone who refused to wear a mask in covid times.
D) having a clear finish and no nap

Respond with only the letter of your answer (A, B, C, or D).",C,2026-06-12T02:10:59.573896+00:00
14,1,row_013,based,General,local_qwen27b,C,A,C,True,False,"In the following sentence, what does ""based"" mean?
That show was based.

Select only one answer.
A) having a specified type of base or basis —often used in combination
B) Something untrue or unbeleivable
C) An unpopular opinion
D) Used to mock someone who doesnt think for themselves, says things repeatedly, or has no opinions

Respond with only the letter of your answer (A, B, C, or D).",C,2026-06-12T02:11:48.055167+00:00
15,1,row_014,Basic,Identity,local_qwen27b,A,B,A,True,False,"In the following sentence, what does ""Basic"" mean?
Shes so basic.

Select only one answer.
A) Someone that is boring
B) of, relating to, or forming the base or essence : fundamental
C) Poorly dressed
D) Something low quality or bad

Respond with only the letter of your answer (A, B, C, or D).",A,2026-06-12T02:12:12.734765+00:00
16,1,row_015,bb,Sexual,local_qwen27b,C,A,C,True,False,"In the following sentence, what does ""bb"" mean?
Hey bb, lets grab some food.

Select only one answer.
A) a shot pellet 0.18 inch in diameter for use in a shotgun cartridge
B) Someone who prepares for doomsday scenarios
C) A term for baby that people will call their significant other.
D) To make lifestyle changes to make your life more holistic

Respond with only the letter of your answer (A, B, C, or D).",C,2026-06-12T02:12:22.838149+00:00
17,1,row_016,Bet,General,local_qwen27b,B,C,B,True,False,"In the following sentence, what does ""Bet"" mean?
bet, lets go.

Select only one answer.
A) Something ugly or unattractive
B) An affirmative agreement
C) something that is laid, staked, or pledged typically between two parties on the outcome of a contest or a contingent issue : wager —often used figuratively in such phrases as all bets are off to stress the uncertainty of an outcome
D) To win

Respond with only the letter of your answer (A, B, C, or D).",B,2026-06-12T02:12:38.902473+00:00
18,1,row_017,Beta,Identity,local_qwen27b,D,A,D,True,False,"In the following sentence, what does ""Beta"" mean?
The beta's of the world aren't gonna like that.

Select only one answer.
A) the 2nd letter of the Greek alphabet
B) Someone that travels abroad with the sole purpose of having sex
C) A stereotypical alpha male that is strong, handsome, and attracts women.
D) Someone weak or a follower

Respond with only the letter of your answer (A, B, C, or D).",D,2026-06-12T02:13:00.460233+00:00
19,1,row_018,Bih,General,local_qwen27b,A,,D,False,False,"In the following sentence, what does ""Bih"" mean?
Bih, what?

Select only one answer.
A) Short for Bitch
B) A sudden feeling of disguest or repultion towards someone.
C) the playful act of taking a friend's food
D) an expression of surprise

Respond with only the letter of your answer (A, B, C, or D).",D,2026-06-12T02:13:18.339761+00:00
20,1,row_019,bine,Violence,local_qwen27b,D,C,D,True,False,"In the following sentence, what does ""bine"" mean?
Load the nine with ine and selek it.

Select only one answer.
A) A cigarette
B) the playful act of taking a friend's food
C) a twining stem or flexible shoot (as of the hop); also : a plant (such as woodbine) whose shoots are bines
D) bullets

Respond with only the letter of your answer (A, B, C, or D).",D,2026-06-12T02:16:19.274987+00:00
21,1,row_020,blackup,Violence,local_qwen27b,D,,D,True,False,"In the following sentence, what does ""blackup"" mean?
We are outnumbered. Call for black up.

Select only one answer.
A) Sociopath
B) Used to address friends with exasperation, releif, or disbeleif.
C) To express disbelief
D) When you are outnumbered in a fight and call black people for the win

Respond with only the letter of your answer (A, B, C, or D).",D,2026-06-12T02:16:54.804356+00:00
22,1,row_021,Brain Rot,General,local_qwen27b,B,,B,True,False,"In the following sentence, what does ""Brain Rot"" mean?
Kids these days just sit around and watch brain rot.

Select only one answer.
A) A large ass that stands out.
B) The videos one find on social media that cause people to scroll and do nothign for hours
C) A rule used by some for dating that refers to someone who is six feet tall, has a 6 figure income, and has six-pack abs
D) To express excitement or approval for something

Respond with only the letter of your answer (A, B, C, or D).",B,2026-06-12T02:17:15.457272+00:00
23,1,row_022,brizzy,Drugs,local_qwen27b,D,,D,True,False,"In the following sentence, what does ""brizzy"" mean?
Quickly, grab the brizzy.

Select only one answer.
A) to aggrivate
B) sweet talk
C) a live-action role-playing game in which a group of people enacts a fictional scenario (such as a fantasy adventure) in real time typically under the guidance of a facilitator or organizer; also : the activity of participating in such games : larping
D) A kilo of cocaine

Respond with only the letter of your answer (A, B, C, or D).",D,2026-06-12T02:18:22.558874+00:00
24,1,row_023,broomhandle,Violence,local_qwen27b,D,,D,True,False,"In the following sentence, what does ""broomhandle"" mean?
Get your broomhandle, we gotta go.

Select only one answer.
A) Used to mock someone who doesnt think for themselves, says things repeatedly, or has no opinions
B) Someone unappealing
C) To express disappointment dramatically
D) A mauser C96 pistol

Respond with only the letter of your answer (A, B, C, or D).",D,2026-06-12T02:19:01.504502+00:00
25,1,row_024,bruh!,General,local_qwen27b,C,A,C,True,False,"In the following sentence, what does ""bruh!"" mean?
Bruh! What was that?

Select only one answer.
A) brother
B) To be honest about something
C) Used to address friends with exasperation, releif, or disbeleif.
D) Someone who acts tries to act entertaining and amuzingly relentlessly

Respond with only the letter of your answer (A, B, C, or D).",C,2026-06-12T02:19:39.575829+00:00
26,1,row_025,Bruzz,General,local_qwen27b,C,,C,True,False,"In the following sentence, what does ""Bruzz"" mean?
Whats up bruzz?

Select only one answer.
A) Main Character - Someone that acts as if they are the star of a story
B) To stab or shoot
C) A term for friends
D) Someone that travels abroad with the sole purpose of having sex

Respond with only the letter of your answer (A, B, C, or D).",C,2026-06-12T02:19:55.075531+00:00
27,1,row_026,Bussin',General,local_qwen27b,A,,A,True,False,"In the following sentence, what does ""Bussin'"" mean?
This pizza is bussin, on god!

Select only one answer.
A) Very good
B) Used to refer to the social media platforms one uses
C) A cigarette
D) bullets

Respond with only the letter of your answer (A, B, C, or D).",A,2026-06-12T02:20:10.664097+00:00
28,1,row_027,Cake,Sexual,local_qwen27b,C,A,C,True,False,"In the following sentence, what does ""Cake"" mean?
Shes looking real caked up!

Select only one answer.
A) a breadlike food made from a dough or batter that is usually fried or baked in small flat shapes and is often unleavened
B) Something done regularly
C) A reference for ass
D) Something that appears mundane but has hidden potential

Respond with only the letter of your answer (A, B, C, or D).",C,2026-06-12T02:20:49.571679+00:00
29,1,row_028,Cap,General,local_qwen27b,B,D,B,True,False,"In the following sentence, what does ""Cap"" mean?
You're cappin. No way.

Select only one answer.
A) A loss or failure
B) Something untrue or unbeleivable
C) Done or ruined
D) a head covering especially with a visor and no brim

Respond with only the letter of your answer (A, B, C, or D).",B,2026-06-12T02:21:04.923387+00:00
30,1,row_029,Chad,Identity,local_qwen27b,C,A,C,True,False,"In the following sentence, what does ""Chad"" mean?
That was a total chad move.

Select only one answer.
A) small pieces of paper or cardboard produced in punching paper tape or data cards; also : a piece of chad.
B) A near superhuman perfect male
C) A stereotypical alpha male that is strong, handsome, and attracts women.
D) To stab or shoot

Respond with only the letter of your answer (A, B, C, or D).",C,2026-06-12T02:21:45.400318+00:00
31,1,row_030,Chaddam,Identity,local_qwen27b,A,,A,True,False,"In the following sentence, what does ""Chaddam"" mean?
Did you see the chaddam at the restraunt earlier?

Select only one answer.
A) An incel term for an attractive middle eastern man
B) Used to refer to the social media platforms one uses
C) drunk
D) A sexual relationship developed from situations without clear future intentions

Respond with only the letter of your answer (A, B, C, or D).",A,2026-06-12T02:22:31.860733+00:00
32,1,row_031,Chang,Drugs,local_qwen27b,B,,B,True,False,"In the following sentence, what does ""Chang"" mean?
Hey , you got a hookup for chang?

Select only one answer.
A) Someone that tries really hard to impress their crush
B) cocaine
C) An unattractive girl
D) Something that appears mundane but has hidden potential

Respond with only the letter of your answer (A, B, C, or D).",B,2026-06-12T02:22:46.520472+00:00
33,1,row_032,Chat,General,local_qwen27b,A,C,A,True,False,"In the following sentence, what does ""Chat"" mean?
Chat, how does this look?

Select only one answer.
A) To refer to ones imaginary audience like an internet steamer
B) A strong, leader who commands those around them
C) chatter, prattle
D) Someone unappealing

Respond with only the letter of your answer (A, B, C, or D).",A,2026-06-12T02:23:16.681213+00:00
34,1,row_033,Cheeks,General,local_qwen27b,A,D,A,True,False,"In the following sentence, what does ""Cheeks"" mean?
That movie was cheeks.

Select only one answer.
A) Somehting that is poor quality
B) To refer to ones imaginary audience like an internet steamer
C) sex
D) the fleshy side of the face below the eye and above and to the side of the mouth

Respond with only the letter of your answer (A, B, C, or D).",A,2026-06-12T02:23:30.289691+00:00
35,1,row_034,chenta,Insult,local_qwen27b,A,,A,True,False,"In the following sentence, what does ""chenta"" mean?
You are looking really chenta.

Select only one answer.
A) Something ugly or unattractive
B) Used to refer to the social media platforms one uses
C) To make a jawline more defined
D) a significant other

Respond with only the letter of your answer (A, B, C, or D).",A,2026-06-12T02:23:57.317520+00:00
36,1,row_035,cheugy,Insult,local_qwen27b,B,,B,True,False,"In the following sentence, what does ""cheugy"" mean?
That girl had such a cheugy outfit.

Select only one answer.
A) the playful act of taking a friend's food
B) Somehting uncool or unfashionable
C) An unattractive girl
D) a significant other

Respond with only the letter of your answer (A, B, C, or D).",B,2026-06-12T02:24:20.753351+00:00
37,1,row_036,chi-mo,Identity,local_qwen27b,B,,B,True,False,"In the following sentence, what does ""chi-mo"" mean?
Go fuck that chi-mo up.

Select only one answer.
A) To metaphorically die of laughter
B) A chlid molestor
C) To mastrubate for extremeely long period regularly
D) Someone weak or a follower

Respond with only the letter of your answer (A, B, C, or D).",B,2026-06-12T02:24:48.575370+00:00
38,1,row_037,Chungus,General,local_qwen27b,C,,C,True,False,"In the following sentence, what does ""Chungus"" mean?
Thats a very chungus pizza.

Select only one answer.
A) A submissive male that is often outside of traditional social hierarchies
B) A person who is very good at spotting a lie
C) Something that is adorably and chunky
D) Something that appears mundane but has hidden potential

Respond with only the letter of your answer (A, B, C, or D).",C,2026-06-12T02:25:03.788840+00:00
39,1,row_038,Clocked,Violence,local_qwen27b,D,A,D,True,False,"In the following sentence, what does ""Clocked"" mean?
He totally clocked that guy.

Select only one answer.
A) to time with a stopwatch or by an electric timing device
B) Age Sex Location
C) Cancer
D) When something hidden gets called out

Respond with only the letter of your answer (A, B, C, or D).",D,2026-06-12T02:25:20.994815+00:00
40,1,row_039,Cooked,General,local_qwen27b,C,B,C,True,False,"In the following sentence, what does ""Cooked"" mean?
You're cooked

Select only one answer.
A) An incel term meaning kissless, hugless, handholdless virgin
B) past tense and past participle of cook
C) Done or ruined
D) Something that is reallly good.

Respond with only the letter of your answer (A, B, C, or D).",C,2026-06-12T02:25:44.100727+00:00
41,1,row_040,coota suit,Identity,local_qwen27b,B,,B,True,False,"In the following sentence, what does ""coota suit"" mean?
Im gonna hit the town in my coota suit.

Select only one answer.
A) crazy or erratic
B) An all denim outfit
C) Ending the discussion on a topic
D) Something that is better then everything else

Respond with only the letter of your answer (A, B, C, or D).",B,2026-06-12T02:25:59.155111+00:00
42,1,row_041,Crashout,General,local_qwen27b,C,A,C,True,False,"In the following sentence, what does ""Crashout"" mean?
Jen had a total crashout after her breakup

Select only one answer.
A) a vehicular crash
B) A submissive male that is often outside of traditional social hierarchies
C) An emotional meltdown
D) Go in 100% on something

Respond with only the letter of your answer (A, B, C, or D).",C,2026-06-12T02:26:15.869177+00:00
43,1,row_042,Cringe,General,local_qwen27b,B,,B,True,False,"In the following sentence, what does ""Cringe"" mean?
Did you hear that pickup line? It was totally cringe!

Select only one answer.
A) bullets
B) to recoil in distaste
C) Someone that is boring
D) To stab or shoot

Respond with only the letter of your answer (A, B, C, or D).",B,2026-06-12T02:26:40.721120+00:00
44,1,row_043,crower,Insult,local_qwen27b,A,,A,True,False,"In the following sentence, what does ""crower"" mean?
Stop sitting around and being a crower

Select only one answer.
A) Someone who sitts around commenting about others
B) A man that takes care of children
C) A sexual relationship developed from situations without clear future intentions
D) Down to fuck

Respond with only the letter of your answer (A, B, C, or D).",A,2026-06-12T02:27:41.835650+00:00
45,1,row_044,cuck,Insult,local_qwen27b,C,B,B,False,True,"In the following sentence, what does ""cuck"" mean?
That guy must be a cuck letting his wife talk to others like that.

Select only one answer.
A) A reaction to something uncomfortable
B) a man whose wife is unfaithful : cuckold
C) A term for someone that enjoys watching their wife have sex with another man
D) Someone that travels abroad with the sole purpose of having sex

Respond with only the letter of your answer (A, B, C, or D).",B,2026-06-12T02:28:20.227912+00:00
46,1,row_045,d-low,General,local_qwen27b,A,,A,True,False,"In the following sentence, what does ""d-low"" mean?
Keep it on the d-low, okay?

Select only one answer.
A) To keep secretive or obscure
B) An insult saying that the problem is due to lack of skill rather then luck
C) To do something impressive
D) Somehting that is poor quality

Respond with only the letter of your answer (A, B, C, or D).",A,2026-06-12T02:28:26.992891+00:00
47,1,row_046,daggers,General,local_qwen27b,A,C,A,True,False,"In the following sentence, what does ""daggers"" mean?
Lets hit the dance floor and do the start daggering.

Select only one answer.
A) A provocative dance
B) Someone that is boring
C) a sharp pointed knife for stabbing
D) An older person who is out of touch

Respond with only the letter of your answer (A, B, C, or D).",A,2026-06-12T02:28:40.967677+00:00
48,1,row_047,Ded,General,local_qwen27b,A,,A,True,False,"In the following sentence, what does ""Ded"" mean?
I'm ded

Select only one answer.
A) To metaphorically die of laughter
B) A man that takes care of children
C) To express excitement or approval for something
D) Something that is messed up or not right.

Respond with only the letter of your answer (A, B, C, or D).",A,2026-06-12T02:29:01.342890+00:00
49,1,row_048,Delulu,General,local_qwen27b,A,,A,True,False,"In the following sentence, what does ""Delulu"" mean?
I'm feeling delulu after that show.

Select only one answer.
A) Delusional
B) Something ugly or unattractive
C) A sexual relationship developed from situations without clear future intentions
D) A knife

Respond with only the letter of your answer (A, B, C, or D).",A,2026-06-12T02:29:22.915986+00:00
50,1,row_049,Dog water,Insult,local_qwen27b,B,,B,True,False,"In the following sentence, what does ""Dog water"" mean?
You are playing like dog water.

Select only one answer.
A) Something that is messed up or not right.
B) Something low quality or bad
C) A loud and messy conflict
D) A man that is feminine in nature

Respond with only the letter of your answer (A, B, C, or D).",B,2026-06-12T02:29:52.818271+00:00
51,1,row_050,doommaxxing,Identity,local_qwen27b,D,,D,True,False,"In the following sentence, what does ""doommaxxing"" mean?
I'm just gonna be doommaxxing all weekend.

Select only one answer.
A) bullets
B) An attractive older man
C) The videos one find on social media that cause people to scroll and do nothign for hours
D) The abandonment of responsibilities

Respond with only the letter of your answer (A, B, C, or D).",D,2026-06-12T02:30:22.954986+00:00
52,1,row_051,Dope,General,local_qwen27b,A,C,A,True,False,"In the following sentence, what does ""Dope"" mean?
That car is dope.

Select only one answer.
A) Cool
B) A term of endearment for a significant other
C) a stupid person
D) One True Pairing

Respond with only the letter of your answer (A, B, C, or D).",A,2026-06-12T02:30:36.977122+00:00
53,1,row_052,Drip,Identity,local_qwen27b,D,A,D,True,False,"In the following sentence, what does ""Drip"" mean?
How is the drip?

Select only one answer.
A) to let fall in drops
B) A homosexual cowboy
C) Down to fuck
D) Stylish or flashy outfit style

Respond with only the letter of your answer (A, B, C, or D).",D,2026-06-12T02:30:50.520749+00:00
54,1,row_053,DTF,Sexual,local_qwen27b,A,,A,True,False,"In the following sentence, what does ""DTF"" mean?
She was totally DTF after the first date.

Select only one answer.
A) Down to fuck
B) An unattractive girl
C) A loss or failure
D) Something that is reallly good.

Respond with only the letter of your answer (A, B, C, or D).",A,2026-06-12T02:31:02.644246+00:00
55,1,row_054,dubs,General,local_qwen27b,D,C,D,True,False,"In the following sentence, what does ""dubs"" mean?
Take home the dubs!

Select only one answer.
A) sweet talk
B) Something that is better then everything else
C) to add (sound effects or new dialogue) to a film or to a radio or television production —usually used with in
D) To win

Respond with only the letter of your answer (A, B, C, or D).",D,2026-06-12T02:31:17.223460+00:00
56,1,row_055,epi,General,local_qwen27b,B,,B,True,False,"In the following sentence, what does ""epi"" mean?
Watch out, hes going through an epi.

Select only one answer.
A) Activities that involve cultivating ones Aura
B) Epileptic fit from a synthetic canabis
C) To be high or drunk
D) To metaphorically die of laughter

Respond with only the letter of your answer (A, B, C, or D).",B,2026-06-12T02:32:21.120616+00:00
57,1,row_056,F,General,local_qwen27b,D,B,D,True,False,"In the following sentence, what does ""F"" mean?
I almost had that one. F.

Select only one answer.
A) To tie up an arm to isolate a vein for injecting a drug
B) the 6th letter of the English alphabet
C) the playful act of taking a friend's food
D) To give sympathy or signify a failure

Respond with only the letter of your answer (A, B, C, or D).",D,2026-06-12T02:32:33.428722+00:00
58,1,row_057,Fanum Tax,General,local_qwen27b,A,,A,True,False,"In the following sentence, what does ""Fanum Tax"" mean?
I was at dinner with my girl and she fanum taxed me.

Select only one answer.
A) the playful act of taking a friend's food
B) To check the mood of a situation
C) Main Character - Someone that acts as if they are the star of a story
D) A cigarette

Respond with only the letter of your answer (A, B, C, or D).",A,2026-06-12T02:32:57.447790+00:00
59,1,row_058,FBOI,Sexual,local_qwen27b,A,,A,True,False,"In the following sentence, what does ""FBOI"" mean?
She just needs a FBOI to gegt out of her slump.

Select only one answer.
A) Fuckboy, someone just looking for sex
B) A sudden feeling of disguest or repultion towards someone.
C) A homosexual cowboy
D) Something that is better then everything else

Respond with only the letter of your answer (A, B, C, or D).",A,2026-06-12T02:33:11.434247+00:00
60,1,row_059,Fire,General,local_qwen27b,D,B,D,True,False,"In the following sentence, what does ""Fire"" mean?
That game war fire!

Select only one answer.
A) Someone that tries really hard to impress their crush
B) the phenomenon of combustion manifested in light, flame, and heat
C) To keep secretive or obscure
D) Something really good

Respond with only the letter of your answer (A, B, C, or D).",D,2026-06-12T02:33:23.531779+00:00
61,1,row_060,Flex,General,local_qwen27b,A,D,A,True,False,"In the following sentence, what does ""Flex"" mean?
Vinny with the car flex.

Select only one answer.
A) To show off
B) Talking too much
C) An unpopular opinion
D) to bend especially repeatedly

Respond with only the letter of your answer (A, B, C, or D).",A,2026-06-12T02:33:39.182662+00:00
62,1,row_061,foid,Insult,local_qwen27b,C,,C,True,False,"In the following sentence, what does ""foid"" mean?
Their was this group of foids at the store earlier, I couldn't satnd them!

Select only one answer.
A) Used to refer to the social media platforms one uses
B) to aggrivate
C) A term used by incels to refer to women in a way that dehumanizes them.
D) The vagina

Respond with only the letter of your answer (A, B, C, or D).",C,2026-06-12T02:33:56.759620+00:00
63,1,row_062,Fuckboy,Sexual,local_qwen27b,C,,C,True,False,"In the following sentence, what does ""Fuckboy"" mean?
That guy gave off total fuckboy energy.

Select only one answer.
A) An insult saying that the problem is due to lack of skill rather then luck
B) A fool or a prick
C) Fuckboy, someone just looking for sex
D) An all denim outfit

Respond with only the letter of your answer (A, B, C, or D).",C,2026-06-12T02:34:10.690894+00:00
64,1,row_063,fuckwhistle,Insult,local_qwen27b,D,,D,True,False,"In the following sentence, what does ""fuckwhistle"" mean?
Get out of here you fuckwhistle!

Select only one answer.
A) Crack cocaine
B) Someone who acts tries to act entertaining and amuzingly relentlessly
C) Someone that tries really hard to impress their crush
D) An insulting term to refer to someone as stupid

Respond with only the letter of your answer (A, B, C, or D).",D,2026-06-12T02:34:57.699440+00:00
65,1,row_064,Full send,General,local_qwen27b,D,,D,True,False,"In the following sentence, what does ""Full send"" mean?
I'm about to full send on this test!

Select only one answer.
A) An unpopular opinion
B) to recoil in distaste
C) Saying something secretive or to keep low profile
D) Go in 100% on something

Respond with only the letter of your answer (A, B, C, or D).",D,2026-06-12T02:35:07.865917+00:00
66,1,row_065,FWB,Sexual,local_qwen27b,B,,B,True,False,"In the following sentence, what does ""FWB"" mean?
Yea, we started a FWB sort of thing.

Select only one answer.
A) To express disappointment dramatically
B) Friends with benefits
C) A fool or a prick
D) when a reply gets more than the original post

Respond with only the letter of your answer (A, B, C, or D).",B,2026-06-12T02:35:22.576278+00:00
67,1,row_066,G-wagon,General,local_qwen27b,C,,C,True,False,"In the following sentence, what does ""G-wagon"" mean?
Yo, check out that g-wagon!

Select only one answer.
A) To express disappointment dramatically
B) Someone who is the last person to leave a location and the first to come back in the morning
C) Mercedes Benz G class
D) An incel term meaning kissless, hugless, handholdless virgin

Respond with only the letter of your answer (A, B, C, or D).",C,2026-06-12T02:35:36.632147+00:00
68,1,row_067,gabadost,Identity,local_qwen27b,A,,B,False,False,"In the following sentence, what does ""gabadost"" mean?
Did you even listen to me? Gabadost!

Select only one answer.
A) Someone who is very stubborn
B) A distinct trait, style, or outfit, often used in drag culture
C) A term used to describe a baby raised in a gender neutral environment
D) A provocative dance

Respond with only the letter of your answer (A, B, C, or D).",B,2026-06-12T02:36:05.973048+00:00
69,1,row_068,Giga Chad,Identity,local_qwen27b,C,,C,True,False,"In the following sentence, what does ""Giga Chad"" mean?
Did you see how he lifted that? What a giga chad.

Select only one answer.
A) To check the mood of a situation
B) An emotional meltdown
C) A near superhuman perfect male
D) A term to support someone going through a gender change.

Respond with only the letter of your answer (A, B, C, or D).",C,2026-06-12T02:36:23.455840+00:00
70,1,row_069,Glazing,Insult,local_qwen27b,C,D,C,True,False,"In the following sentence, what does ""Glazing"" mean?
Stop glazing over One Piece, its not that good.

Select only one answer.
A) A cigarette
B) Someone who is the last person to leave a location and the first to come back in the morning
C) Someone that is too much of a fan of something
D) the action, process, or trade of fitting windows with glass

Respond with only the letter of your answer (A, B, C, or D).",C,2026-06-12T02:36:57.383070+00:00
71,1,row_070,Glee,Violence,local_qwen27b,B,C,B,True,False,"In the following sentence, what does ""Glee"" mean?
Grab your glee and get outta here!

Select only one answer.
A) A dance move
B) A glock pistol
C) exultant high-spirited joy : merriment
D) Gossip

Respond with only the letter of your answer (A, B, C, or D).",B,2026-06-12T02:37:28.706872+00:00
72,1,row_071,glitter,Identity,local_qwen27b,A,D,B,False,False,"In the following sentence, what does ""glitter"" mean?
Go out htere and glittter!

Select only one answer.
A) A term to support someone going through a gender change.
B) something intense, aggressive, and unfiltered
C) Sociopath
D) to shine by reflection with many small flashes of brilliant light : sparkle

Respond with only the letter of your answer (A, B, C, or D).",B,2026-06-12T02:38:34.463390+00:00
73,1,row_072,glizzy,General,local_qwen27b,D,,D,True,False,"In the following sentence, what does ""glizzy"" mean?
Hey, lets grab some costco glizzys before we go.

Select only one answer.
A) Irritated, bitter, or resentful
B) Something very good
C) A kilo of cocaine
D) A hot dog

Respond with only the letter of your answer (A, B, C, or D).",D,2026-06-12T02:38:53.721628+00:00
74,1,row_073,Goated,General,local_qwen27b,B,,B,True,False,"In the following sentence, what does ""Goated"" mean?
That play was goated

Select only one answer.
A) A charismatic, sexy, and quick witted man
B) The greatest of all time
C) Something done regularly
D) Someone who sitts around commenting about others

Respond with only the letter of your answer (A, B, C, or D).",B,2026-06-12T02:39:09.387857+00:00
75,1,row_074,Gooning,Sexual,local_qwen27b,B,,B,True,False,"In the following sentence, what does ""Gooning"" mean?
He looks like he was gooning all break

Select only one answer.
A) An independent, strong person
B) Prolonged masturbation
C) To do something impressive
D) Someone who is trying to get sexual attention overtly

Respond with only the letter of your answer (A, B, C, or D).",B,2026-06-12T02:39:38.518787+00:00
76,1,row_075,goonmaxxing,Identity,local_qwen27b,D,,D,True,False,"In the following sentence, what does ""goonmaxxing"" mean?
He's been spending all summer goonmaxxing in his room

Select only one answer.
A) A chlid molestor
B) Something low quality or bad
C) A nicotine pouch held between the upper lip and gums
D) To mastrubate for extremeely long period regularly

Respond with only the letter of your answer (A, B, C, or D).",D,2026-06-12T02:40:11.853208+00:00
77,1,row_076,gouda,General,local_qwen27b,B,A,D,False,False,"In the following sentence, what does ""gouda"" mean?
Stop being so gouda.

Select only one answer.
A) a mild cheese of Dutch origin that is similar to Edam but contains more fat
B) Someone unappealing
C) A kilo of cocaine
D) A type of marijuana

Respond with only the letter of your answer (A, B, C, or D).",D,2026-06-12T02:43:07.060090+00:00
78,1,row_077,greazy,Insult,local_qwen27b,D,,D,True,False,"In the following sentence, what does ""greazy"" mean?
You lookin greazy today.

Select only one answer.
A) An affirmative agreement
B) A term to support someone going through a gender change.
C) A sexual relationship developed from situations without clear future intentions
D) Poorly dressed

Respond with only the letter of your answer (A, B, C, or D).",D,2026-06-12T02:44:53.793056+00:00
79,1,row_078,Griddy,General,local_qwen27b,D,,D,True,False,"In the following sentence, what does ""Griddy"" mean?
Hit the griddy!

Select only one answer.
A) A term used to describe a baby raised in a gender neutral environment
B) A canabis based cigarette that needs two paper rolls
C) A person who is very good at spotting a lie
D) A dance move

Respond with only the letter of your answer (A, B, C, or D).",D,2026-06-12T02:45:01.482679+00:00
80,1,row_079,grips up,Violence,local_qwen27b,A,,B,False,False,"In the following sentence, what does ""grips up"" mean?
grips up, we gotta head out.

Select only one answer.
A) To prepare for a fight
B) To check the mood of a situation
C) A fool or a prick
D) To express disappointment dramatically

Respond with only the letter of your answer (A, B, C, or D).",B,2026-06-12T02:45:33.249188+00:00
81,1,row_080,Gyatt,General,local_qwen27b,B,,B,True,False,"In the following sentence, what does ""Gyatt"" mean?
Oh, my gyatt, I really wanna see you.

Select only one answer.
A) To be honest about something
B) an expression of surprise
C) Someone that is too much of a fan of something
D) An insult saying that the problem is due to lack of skill rather then luck

Respond with only the letter of your answer (A, B, C, or D).",B,2026-06-12T02:45:54.403305+00:00
82,1,row_081,haps,General,local_qwen27b,A,,B,False,False,"In the following sentence, what does ""haps"" mean?
haps tonight?

Select only one answer.
A) Short for happening
B) A sexual relationship developed from situations without clear future intentions
C) Ending the discussion on a topic
D) A charismatic, sexy, and quick witted man

Respond with only the letter of your answer (A, B, C, or D).",B,2026-06-12T02:46:31.646045+00:00
83,1,row_082,hem up,General,local_qwen27b,C,,C,True,False,"In the following sentence, what does ""hem up"" mean?
Bro, don't hem up.

Select only one answer.
A) Somehting uncool or unfashionable
B) Someone who is very stubborn
C) To get arrested
D) A term used to describe a baby raised in a gender neutral environment

Respond with only the letter of your answer (A, B, C, or D).",C,2026-06-12T02:47:05.035848+00:00
84,1,row_083,highkey,General,local_qwen27b,A,C,A,True,False,"In the following sentence, what does ""highkey"" mean?
Highkey, this place is great!

Select only one answer.
A) intensely and openely say something true
B) A canabis based cigarette that needs two paper rolls
C) having or producing light tones only with little contrast —used of a photographic print or subject or of the lighting of a photographic subject
D) A loss or failure

Respond with only the letter of your answer (A, B, C, or D).",A,2026-06-12T02:47:20.854126+00:00
85,1,row_084,Hits different,General,local_qwen27b,D,,D,True,False,"In the following sentence, what does ""Hits different"" mean?
This hot dog hits different.

Select only one answer.
A) A term used by incels to refer to women in a way that dehumanizes them.
B) To win
C) Short for Bitch
D) Something very good

Respond with only the letter of your answer (A, B, C, or D).",D,2026-06-12T02:47:38.078410+00:00
86,1,row_085,Ick,Insult,local_qwen27b,D,,D,True,False,"In the following sentence, what does ""Ick"" mean?
His hairdue gave me the ick.

Select only one answer.
A) Someone who refused to wear a mask in covid times.
B) A submissive male that is often outside of traditional social hierarchies
C) A term for friends
D) A sudden feeling of disguest or repultion towards someone.

Respond with only the letter of your answer (A, B, C, or D).",D,2026-06-12T02:47:54.711377+00:00
87,1,row_086,IJBOL,General,local_qwen27b,A,,A,True,False,"In the following sentence, what does ""IJBOL"" mean?
That was aso funny. IJBOL!

Select only one answer.
A) I just burst out laughing
B) A near superhuman perfect male
C) Someone that tries really hard to impress their crush
D) A reaction to something uncomfortable

Respond with only the letter of your answer (A, B, C, or D).",A,2026-06-12T02:48:09.957628+00:00
88,1,row_087,Ipad Kid,General,local_qwen27b,D,,D,True,False,"In the following sentence, what does ""Ipad Kid"" mean?
They are just a bunch of Ipad kids.

Select only one answer.
A) a significant other
B) To keep secretive or obscure
C) Someone who is the last person to leave a location and the first to come back in the morning
D) used to mock spoiled kids

Respond with only the letter of your answer (A, B, C, or D).",D,2026-06-12T02:48:36.042544+00:00
89,1,row_088,Jebaited,General,local_qwen27b,D,,D,True,False,"In the following sentence, what does ""Jebaited"" mean?
Get jebaited!

Select only one answer.
A) To keep secretive or obscure
B) the playful act of taking a friend's food
C) An endeering term used towards ones significant other
D) To manipulated, trick, or fool someone

Respond with only the letter of your answer (A, B, C, or D).",D,2026-06-12T02:48:50.749941+00:00
90,1,row_089,jestermaxxing,Identity,local_qwen27b,D,,D,True,False,"In the following sentence, what does ""jestermaxxing"" mean?
Tommy's jestermaxxing in class just to annoy the teacher.

Select only one answer.
A) the playful act of taking a friend's food
B) Someone acting aggressively and out of control
C) Another term that stands for that hoe over there
D) Someone who acts tries to act entertaining and amuzingly relentlessly

Respond with only the letter of your answer (A, B, C, or D).",D,2026-06-12T02:49:21.597302+00:00
91,1,row_090,Jit,Insult,local_qwen27b,C,,C,True,False,"In the following sentence, what does ""Jit"" mean?
Who is this jit?

Select only one answer.
A) A canister of nitrous oxide
B) To express disbelief
C) Someone younger
D) drunk

Respond with only the letter of your answer (A, B, C, or D).",C,2026-06-12T02:49:39.000907+00:00
92,1,row_091,K.Y. cowboy,Insult,local_qwen27b,D,,B,False,False,"In the following sentence, what does ""K.Y. cowboy"" mean?
Stop being such a K.Y. cowboy.

Select only one answer.
A) Something that is better then everything else
B) Someone that travels abroad with the sole purpose of having sex
C) A descriptor for an attractive person
D) A homosexual cowboy

Respond with only the letter of your answer (A, B, C, or D).",B,2026-06-12T02:54:20.362467+00:00
93,1,row_092,keep it 100,General,local_qwen27b,C,,C,True,False,"In the following sentence, what does ""keep it 100"" mean?
Keep it 100, dod you see her last night?

Select only one answer.
A) An expression of disbelief
B) To mastrubate for extremeely long period regularly
C) To be honest about something
D) Saying something secretive or to keep low profile

Respond with only the letter of your answer (A, B, C, or D).",C,2026-06-12T02:54:34.417688+00:00
94,1,row_093,KHHV,Insult,local_qwen27b,A,,A,True,False,"In the following sentence, what does ""KHHV"" mean?
Looks like a total KHHV.

Select only one answer.
A) An incel term meaning kissless, hugless, handholdless virgin
B) A descriptor for an attractive person
C) Nonsensical term
D) Someone that travels abroad with the sole purpose of having sex

Respond with only the letter of your answer (A, B, C, or D).",A,2026-06-12T02:54:50.656544+00:00
95,1,row_094,knot off,Drugs,local_qwen27b,A,,A,True,False,"In the following sentence, what does ""knot off"" mean?
Get ready to knot off, I have the H.

Select only one answer.
A) To tie up an arm to isolate a vein for injecting a drug
B) Delusional
C) To metaphorically die of laughter
D) A kilo of cocaine

Respond with only the letter of your answer (A, B, C, or D).",A,2026-06-12T02:55:07.385176+00:00
96,1,row_095,kweff,Violence,local_qwen27b,C,,C,True,False,"In the following sentence, what does ""kweff"" mean?
Lock, aim, and kweff.

Select only one answer.
A) To manipulated, trick, or fool someone
B) The positive or relaxing energy of a place
C) To stab or shoot
D) Throwing something

Respond with only the letter of your answer (A, B, C, or D).",C,2026-06-12T02:55:39.792042+00:00
97,1,row_096,L,General,local_qwen27b,C,A,C,True,False,"In the following sentence, what does ""L"" mean?
We took the L at the basketball match.

Select only one answer.
A) the 12th letter of the English alphabet
B) Delusional
C) A loss or failure
D) A mauser C96 pistol

Respond with only the letter of your answer (A, B, C, or D).",C,2026-06-12T02:55:53.548797+00:00
98,1,row_097,lacag,General,local_qwen27b,B,,B,True,False,"In the following sentence, what does ""lacag"" mean?
I'll be out making lacag.

Select only one answer.
A) Someone who is the last person to leave a location and the first to come back in the morning
B) Money
C) Talking too much
D) Something really good

Respond with only the letter of your answer (A, B, C, or D).",B,2026-06-12T02:58:09.569890+00:00
99,1,row_098,larp,General,local_qwen27b,D,,D,True,False,"In the following sentence, what does ""larp"" mean?
I went to a LARP at the park this weekend.

Select only one answer.
A) intensely and openely say something true
B) A person who is very good at spotting a lie
C) A dance move
D) a live-action role-playing game in which a group of people enacts a fictional scenario (such as a fantasy adventure) in real time typically under the guidance of a facilitator or organizer; also : the activity of participating in such games : larping

Respond with only the letter of your answer (A, B, C, or D).",D,2026-06-12T02:58:24.017954+00:00
100,1,row_099,lewk,General,local_qwen27b,C,,C,True,False,"In the following sentence, what does ""lewk"" mean?
Jim is using his signature lewk tonight.

Select only one answer.
A) Someone who acts tries to act entertaining and amuzingly relentlessly
B) Main Character - Someone that acts as if they are the star of a story
C) A distinct trait, style, or outfit, often used in drag culture
D) A dance move

Respond with only the letter of your answer (A, B, C, or D).",C,2026-06-12T02:58:41.079487+00:00
101,1,row_100,lidge,General,local_qwen27b,B,,C,False,False,"In the following sentence, what does ""lidge"" mean?
I'm gettin money lidge.

Select only one answer.
A) An insult saying that the problem is due to lack of skill rather then luck
B) A criminal that turned their life arpound and are legitimate
C) Gross buildup between the toes
D) Someone who is trying to get sexual attention overtly

Respond with only the letter of your answer (A, B, C, or D).",C,2026-06-12T03:01:42.119340+00:00
102,1,row_101,lifemaxxing,Identity,local_qwen27b,A,,A,True,False,"In the following sentence, what does ""lifemaxxing"" mean?
Shes's reallly been trying to lifemax these past few months.

Select only one answer.
A) To make lifestyle changes to make your life more holistic
B) A commonplace person
C) A nicotine pouch held between the upper lip and gums
D) Main Character - Someone that acts as if they are the star of a story

Respond with only the letter of your answer (A, B, C, or D).",A,2026-06-12T03:02:01.795808+00:00
103,1,row_102,looksmaxxing,Identity,local_qwen27b,C,,C,True,False,"In the following sentence, what does ""looksmaxxing"" mean?
The looksmaxxing community

Select only one answer.
A) A loss or failure
B) A homosexual cowboy
C) To focus on making one as physically attractive as possible
D) someone that looks ordinary but is actually very strong

Respond with only the letter of your answer (A, B, C, or D).",C,2026-06-12T03:02:16.762443+00:00
104,1,row_103,lotion,General,local_qwen27b,D,A,D,True,False,"In the following sentence, what does ""lotion"" mean?
Lemme go lotion her up for you.

Select only one answer.
A) a liquid preparation for cosmetic or external medicinal use
B) To be fierce and unapologetic withing a social situation
C) Done or ruined
D) sweet talk

Respond with only the letter of your answer (A, B, C, or D).",D,2026-06-12T03:03:21.616210+00:00
105,1,row_104,Low Key,General,local_qwen27b,B,A,B,True,False,"In the following sentence, what does ""Low Key"" mean?
Low key, I want some ice cream.

Select only one answer.
A) having or producing dark tones only with little contrast
B) Saying something secretive or to keep low profile
C) An endeering term used towards ones significant other
D) An emotional meltdown

Respond with only the letter of your answer (A, B, C, or D).",B,2026-06-12T03:03:41.044938+00:00
106,1,row_105,main character,General,local_qwen27b,B,,B,True,False,"In the following sentence, what does ""main character"" mean?
You give off main character energy.

Select only one answer.
A) A canister of nitrous oxide
B) Main Character - Someone that acts as if they are the star of a story
C) The abandonment of responsibilities
D) Someone who deliberatly acts in ways to annoy or anger a group of people online.

Respond with only the letter of your answer (A, B, C, or D).",B,2026-06-12T03:03:56.725429+00:00
107,1,row_106,manny,Insult,local_qwen27b,C,,C,True,False,"In the following sentence, what does ""manny"" mean?
Look at the guy, he's just a manny.

Select only one answer.
A) A fashionable look
B) Something suspicious
C) A man that takes care of children
D) To express disappointment dramatically

Respond with only the letter of your answer (A, B, C, or D).",C,2026-06-12T03:04:05.920005+00:00
108,1,row_107,mascara,Sexual,local_qwen27b,A,B,B,False,True,"In the following sentence, what does ""mascara"" mean?
I lost my mascara for 5 years, but then I found it again, and I love it even more now.

Select only one answer.
A) A term to discuss sexual experiences
B) a cosmetic especially for making the eyelashes darker and more prominent
C) Something that is reallly good.
D) A chlid molestor

Respond with only the letter of your answer (A, B, C, or D).",B,2026-06-12T03:04:21.972235+00:00
109,1,row_108,Mewing,Identity,local_qwen27b,A,C,A,True,False,"In the following sentence, what does ""Mewing"" mean?
You've gotta start mewing to increase your status in society.

Select only one answer.
A) To make a jawline more defined
B) an expression of surprise
C) to utter a mew or similar sound
D) Saying something secretive or to keep low profile

Respond with only the letter of your answer (A, B, C, or D).",A,2026-06-12T03:04:43.921866+00:00
110,1,row_109,Mid,General,local_qwen27b,B,,B,True,False,"In the following sentence, what does ""Mid"" mean?
That was a mid burger.

Select only one answer.
A) A large ass that stands out.
B) Mediocre
C) Used to mock someone who doesnt think for themselves, says things repeatedly, or has no opinions
D) An all denim outfit

Respond with only the letter of your answer (A, B, C, or D).",B,2026-06-12T03:04:57.850744+00:00
111,1,row_110,minghiun,Insult,local_qwen27b,C,,C,True,False,"In the following sentence, what does ""minghiun"" mean?
Stop being a minghiun.

Select only one answer.
A) A canister of nitrous oxide
B) To show off
C) A fool or a prick
D) intensely and openely say something true

Respond with only the letter of your answer (A, B, C, or D).",C,2026-06-12T03:05:19.156313+00:00
112,1,row_111,nang,Drugs,local_qwen27b,A,,A,True,False,"In the following sentence, what does ""nang"" mean?
Dude, grab the nang, I wanna feel free.

Select only one answer.
A) A canister of nitrous oxide
B) A strong, leader who commands those around them
C) To make lifestyle changes to make your life more holistic
D) A man that is feminine in nature

Respond with only the letter of your answer (A, B, C, or D).",A,2026-06-12T03:05:37.646792+00:00
113,1,row_112,Negative Aura,Insult,local_qwen27b,C,,C,True,False,"In the following sentence, what does ""Negative Aura"" mean?
She's giving off negative aura.

Select only one answer.
A) Someone who sitts around commenting about others
B) Used to refer to the social media platforms one uses
C) a bad charisma
D) Something that is adorably and chunky

Respond with only the letter of your answer (A, B, C, or D).",C,2026-06-12T03:06:09.066778+00:00
114,1,row_113,Netflix and Chill,Sexual,local_qwen27b,A,,A,True,False,"In the following sentence, what does ""Netflix and Chill"" mean?
Wanna come back to my place and Netflix and Chill?

Select only one answer.
A) A term for bringing someone over to watch some netflix and then have sex.
B) A stereotypical alpha male that is strong, handsome, and attracts women.
C) Short for happening
D) The anus

Respond with only the letter of your answer (A, B, C, or D).",A,2026-06-12T03:06:24.115868+00:00
115,1,row_114,next-level,General,local_qwen27b,C,,C,True,False,"In the following sentence, what does ""next-level"" mean?
That movie was next level!

Select only one answer.
A) Used to mock someone who doesnt think for themselves, says things repeatedly, or has no opinions
B) A homosexual cowboy
C) Something that is better then everything else
D) To knock someone out

Respond with only the letter of your answer (A, B, C, or D).",C,2026-06-12T03:06:52.627627+00:00
116,1,row_115,NPC,Insult,local_qwen27b,D,C,D,True,False,"In the following sentence, what does ""NPC"" mean?
Stop being such an NPC.

Select only one answer.
A) To be honest about something
B) Throwing something
C) a character in a video game that does not represent and cannot be manipulated by a player —called also non-player character
D) Used to mock someone who doesnt think for themselves, says things repeatedly, or has no opinions

Respond with only the letter of your answer (A, B, C, or D).",D,2026-06-12T03:07:19.879185+00:00
117,1,row_116,Omega,Identity,local_qwen27b,B,D,B,True,False,"In the following sentence, what does ""Omega"" mean?
Those were some real omega moves right there.

Select only one answer.
A) Gross buildup between the toes
B) A submissive male that is often outside of traditional social hierarchies
C) Something suspicious
D) the 24th and last letter of the Greek alphabet

Respond with only the letter of your answer (A, B, C, or D).",B,2026-06-12T03:07:52.068144+00:00
118,1,row_117,on the regs,General,local_qwen27b,A,,A,True,False,"In the following sentence, what does ""on the regs"" mean?
I stop by the coffee shop on the regs.

Select only one answer.
A) Something done regularly
B) Men that lack masculine characteristics
C) Another term that stands for that hoe over there
D) Someone that tries really hard to impress their crush

Respond with only the letter of your answer (A, B, C, or D).",A,2026-06-12T03:08:08.257128+00:00
119,1,row_118,oof,General,local_qwen27b,D,,D,True,False,"In the following sentence, what does ""oof"" mean?
Oof, that was rough.

Select only one answer.
A) The abandonment of responsibilities
B) A significant problem
C) To express disbelief
D) A reaction to something uncomfortable

Respond with only the letter of your answer (A, B, C, or D).",D,2026-06-12T03:08:22.076159+00:00
120,1,row_119,ooga-booga,Sexual,local_qwen27b,B,,B,True,False,"In the following sentence, what does ""ooga-booga"" mean?
Me want ooga-booga!

Select only one answer.
A) To prepare for a fight
B) The vagina
C) A loss or failure
D) Activities that involve cultivating ones Aura

Respond with only the letter of your answer (A, B, C, or D).",B,2026-06-12T03:09:37.656658+00:00
121,1,row_120,Orange Crush,Drugs,local_qwen27b,D,,D,True,False,"In the following sentence, what does ""Orange Crush"" mean?
ets grab some of that orange crush tonight!

Select only one answer.
A) Saying something secretive or to keep low profile
B) A term used to describe a baby raised in a gender neutral environment
C) Someone who deliberatly acts in ways to annoy or anger a group of people online.
D) A type of marijuana

Respond with only the letter of your answer (A, B, C, or D).",D,2026-06-12T03:10:01.270473+00:00
122,1,row_121,OTP,General,local_qwen27b,A,,A,True,False,"In the following sentence, what does ""OTP"" mean?
Him and her are the OTP.

Select only one answer.
A) One True Pairing
B) A rule used by some for dating that refers to someone who is six feet tall, has a 6 figure income, and has six-pack abs
C) Someone who is trying to get sexual attention overtly
D) Gross buildup between the toes

Respond with only the letter of your answer (A, B, C, or D).",A,2026-06-12T03:10:27.477923+00:00
123,1,row_122,packers,Insult,local_qwen27b,D,A,C,False,False,"In the following sentence, what does ""packers"" mean?
Thats just a group of packers over there, don't waste your time.

Select only one answer.
A) one that packs
B) To confim that something was completed to expectation
C) A charismatic, sexy, and quick witted man
D) fake soft penises and testicles designed to give a 'male' bulge to the crotches of female-to-male transsexuals.

Respond with only the letter of your answer (A, B, C, or D).",C,2026-06-12T03:13:47.374899+00:00
124,1,row_123,passa passa,General,local_qwen27b,A,,A,True,False,"In the following sentence, what does ""passa passa"" mean?
I don't want any passa passa now.

Select only one answer.
A) A loud and messy conflict
B) An attractive older man
C) To make lifestyle changes to make your life more holistic
D) a significant other

Respond with only the letter of your answer (A, B, C, or D).",A,2026-06-12T03:14:05.469066+00:00
125,1,row_124,passport bro,Sexual,local_qwen27b,A,,A,True,False,"In the following sentence, what does ""passport bro"" mean?
A bunch of passport bro's just checked into the hotel.

Select only one answer.
A) Someone that travels abroad with the sole purpose of having sex
B) An endeering term used towards ones significant other
C) A strong, leader who commands those around them
D) To tie up an arm to isolate a vein for injecting a drug

Respond with only the letter of your answer (A, B, C, or D).",A,2026-06-12T03:14:28.391516+00:00
126,1,row_125,Period,General,local_qwen27b,A,C,A,True,False,"In the following sentence, what does ""Period"" mean?
She is the best, period.

Select only one answer.
A) Ending the discussion on a topic
B) An emotional meltdown
C) the completion of a cycle, a series of events, or a single action : conclusion
D) The greatest of all time

Respond with only the letter of your answer (A, B, C, or D).",A,2026-06-12T03:14:55.025294+00:00
127,1,row_126,plegic,Drugs,local_qwen27b,D,,D,True,False,"In the following sentence, what does ""plegic"" mean?
That guy stumbled out very plegic.

Select only one answer.
A) A reference for ass
B) To get arrested
C) A significant problem
D) drunk

Respond with only the letter of your answer (A, B, C, or D).",D,2026-06-12T03:15:10.960802+00:00
128,1,row_127,poggers,General,local_qwen27b,B,,B,True,False,"In the following sentence, what does ""poggers"" mean?
Thats a poggers painting.

Select only one answer.
A) A glock pistol
B) To express excitement or approval for something
C) Something that appears mundane but has hidden potential
D) A term used by incels to refer to women in a way that dehumanizes them.

Respond with only the letter of your answer (A, B, C, or D).",B,2026-06-12T03:15:22.399477+00:00
129,1,row_128,Pookie,Sexual,local_qwen27b,B,,B,True,False,"In the following sentence, what does ""Pookie"" mean?
My pookie loves a smash burger.

Select only one answer.
A) Someone that tries really hard to impress their crush
B) A term of endearment for a significant other
C) to recoil in distaste
D) An incel term for an attractive middle eastern man

Respond with only the letter of your answer (A, B, C, or D).",B,2026-06-12T03:15:41.286510+00:00
130,1,row_129,Pop off,General,local_qwen27b,D,A,D,True,False,"In the following sentence, what does ""Pop off"" mean?
I'm about to pop off!

Select only one answer.
A) to die unexpectedly
B) The anus
C) A term used to say that someone is online too much and needs to get back to real life
D) To do something impressive

Respond with only the letter of your answer (A, B, C, or D).",D,2026-06-12T03:16:11.947324+00:00
131,1,row_130,Posh and Becks,Sexual,local_qwen27b,C,,C,True,False,"In the following sentence, what does ""Posh and Becks"" mean?
Lets go back to my place and have the posh and becks.

Select only one answer.
A) An all denim outfit
B) To express excitement or approval for something
C) sex
D) Go in 100% on something

Respond with only the letter of your answer (A, B, C, or D).",C,2026-06-12T03:16:28.763164+00:00
132,1,row_131,prepper,Insult,local_qwen27b,B,,B,True,False,"In the following sentence, what does ""prepper"" mean?
We have a prepper down the block. They are kindof crazy, but its nice to know where to go.

Select only one answer.
A) Friends with benefits
B) Someone who prepares for doomsday scenarios
C) Prolonged masturbation
D) Someone who is trying to get sexual attention overtly

Respond with only the letter of your answer (A, B, C, or D).",B,2026-06-12T03:16:43.677238+00:00
133,1,row_132,Prison pocket,General,local_qwen27b,C,,C,True,False,"In the following sentence, what does ""Prison pocket"" mean?
Hold it in your prison pocket.

Select only one answer.
A) A term used to say that someone is online too much and needs to get back to real life
B) Cancer
C) The anus
D) Someone who is the last person to leave a location and the first to come back in the morning

Respond with only the letter of your answer (A, B, C, or D).",C,2026-06-12T03:17:11.458540+00:00
134,1,row_133,Put the fries in the bag,General,local_qwen27b,A,,A,True,False,"In the following sentence, what does ""Put the fries in the bag"" mean?
You're taking too long. Put the fires in the bag.

Select only one answer.
A) Get to the point
B) A person who is very good at spotting a lie
C) A term used to describe a baby raised in a gender neutral environment
D) Someone who acts tries to act entertaining and amuzingly relentlessly

Respond with only the letter of your answer (A, B, C, or D).",A,2026-06-12T03:18:36.243593+00:00
135,1,row_134,Quirky,Insult,local_qwen27b,D,C,C,False,True,"In the following sentence, what does ""Quirky"" mean?
I'm so quirky!

Select only one answer.
A) Crack cocaine
B) A term used to describe a baby raised in a gender neutral environment
C) having many quirks : unusual in especially an interesting or appealing way
D) Ironically used to describe one as unique

Respond with only the letter of your answer (A, B, C, or D).",C,2026-06-12T03:18:51.049283+00:00
136,1,row_135,rago,Insult,local_qwen27b,B,,B,True,False,"In the following sentence, what does ""rago"" mean?
It was just how rago he was.

Select only one answer.
A) sweet talk
B) Someone acting aggressively and out of control
C) A strong, leader who commands those around them
D) A canabis based cigarette that needs two paper rolls

Respond with only the letter of your answer (A, B, C, or D).",B,2026-06-12T03:19:17.995127+00:00
137,1,row_136,rapey,Sexual,local_qwen27b,D,,D,True,False,"In the following sentence, what does ""rapey"" mean?
That guy at the bar was feeling pretty rapey.

Select only one answer.
A) Mediocre
B) Fuckboy, someone just looking for sex
C) A criminal that turned their life arpound and are legitimate
D) Describes activities or situations that are sexually aggressive

Respond with only the letter of your answer (A, B, C, or D).",D,2026-06-12T03:19:52.673438+00:00
138,1,row_137,Ratio,General,local_qwen27b,A,D,A,True,False,"In the following sentence, what does ""Ratio"" mean?
Ratio if you like pizza.

Select only one answer.
A) when a reply gets more than the original post
B) intensely and openely say something true
C) To confim that something was completed to expectation
D) the indicated quotient of two mathematical expressions

Respond with only the letter of your answer (A, B, C, or D).",A,2026-06-12T03:20:09.948017+00:00
139,1,row_138,raw,General,local_qwen27b,B,C,B,True,False,"In the following sentence, what does ""raw"" mean?
He's been hitting the vape raw lately.

Select only one answer.
A) The abandonment of responsibilities
B) something intense, aggressive, and unfiltered
C) not cooked
D) Down to fuck

Respond with only the letter of your answer (A, B, C, or D).",B,2026-06-12T03:20:36.540155+00:00
140,1,row_139,RIP (me),General,local_qwen27b,B,,B,True,False,"In the following sentence, what does ""RIP (me)"" mean?
I think I just failed that test. RIP me.

Select only one answer.
A) Something that appears mundane but has hidden potential
B) To express disappointment dramatically
C) When you are outnumbered in a fight and call black people for the win
D) A sexual relationship developed from situations without clear future intentions

Respond with only the letter of your answer (A, B, C, or D).",B,2026-06-12T03:20:54.303307+00:00
141,1,row_140,Rizz,General,local_qwen27b,A,,A,True,False,"In the following sentence, what does ""Rizz"" mean?
The rizz you have today is stunning!

Select only one answer.
A) Charisma
B) A term used by incels to refer to women in a way that dehumanizes them.
C) An all denim outfit
D) A charismatic, sexy, and quick witted man

Respond with only the letter of your answer (A, B, C, or D).",A,2026-06-12T03:21:10.454163+00:00
142,1,row_141,Salty,Insult,local_qwen27b,A,D,A,True,False,"In the following sentence, what does ""Salty"" mean?
She's just salty that you have a boyfriend and she doesn't.

Select only one answer.
A) Irritated, bitter, or resentful
B) A kilo of cocaine
C) Someone acting aggressively and out of control
D) of, seasoned with, or containing salt

Respond with only the letter of your answer (A, B, C, or D).",A,2026-06-12T03:21:24.113435+00:00
143,1,row_142,savage,General,local_qwen27b,C,A,C,True,False,"In the following sentence, what does ""savage"" mean?
That was a savage comeback you gave.

Select only one answer.
A) not domesticated or under human control : untamed
B) Short for happening
C) To be fierce and unapologetic withing a social situation
D) Something ugly or unattractive

Respond with only the letter of your answer (A, B, C, or D).",C,2026-06-12T03:21:53.351562+00:00
144,1,row_143,Schizo,Insult,local_qwen27b,C,,C,True,False,"In the following sentence, what does ""Schizo"" mean?
Brians a total schitzo.

Select only one answer.
A) To prepare for a fight
B) A term for friends
C) crazy or erratic
D) A dance move

Respond with only the letter of your answer (A, B, C, or D).",C,2026-06-12T03:22:03.520405+00:00
145,1,row_144,scuffed,Insult,local_qwen27b,C,B,C,True,False,"In the following sentence, what does ""scuffed"" mean?
The was a scuffed performance last night.

Select only one answer.
A) Crack cocaine
B) to walk without lifting the feet : shuffle
C) Something that is messed up or not right.
D) An emotional meltdown

Respond with only the letter of your answer (A, B, C, or D).",C,2026-06-12T03:22:20.701565+00:00
146,1,row_145,Shabba,General,local_qwen27b,B,,B,True,False,"In the following sentence, what does ""Shabba"" mean?
Shabba on point!

Select only one answer.
A) An independent, strong person
B) Fashionable or stylish
C) An incel term for an attractive middle eastern man
D) the playful act of taking a friend's food

Respond with only the letter of your answer (A, B, C, or D).",B,2026-06-12T03:22:55.518351+00:00
147,1,row_146,Sheesh,General,local_qwen27b,C,,C,True,False,"In the following sentence, what does ""Sheesh"" mean?
Sheesh! Thats crazy!

Select only one answer.
A) When you are outnumbered in a fight and call black people for the win
B) To make lifestyle changes to make your life more holistic
C) To express disbelief
D) crazy or erratic

Respond with only the letter of your answer (A, B, C, or D).",C,2026-06-12T03:23:07.894215+00:00
148,1,row_147,Side eye,General,local_qwen27b,B,,B,True,False,"In the following sentence, what does ""Side eye"" mean?
Why are you giving him the side eye?

Select only one answer.
A) To stab or shoot
B) To be skeptical about something
C) Someone that travels abroad with the sole purpose of having sex
D) To be honest about something

Respond with only the letter of your answer (A, B, C, or D).",B,2026-06-12T03:23:17.685880+00:00
149,1,row_148,Sigma,Identity,local_qwen27b,D,B,D,True,False,"In the following sentence, what does ""Sigma"" mean?
You are giving off sigma energy right now.

Select only one answer.
A) Someone younger
B) the 18th letter of the Greek alphabet
C) Describes activities or situations that are sexually aggressive
D) An independent, strong person

Respond with only the letter of your answer (A, B, C, or D).",D,2026-06-12T03:23:37.765885+00:00
150,1,row_149,Simp,Insult,local_qwen27b,C,B,C,True,False,"In the following sentence, what does ""Simp"" mean?
Stop being a simp over her!

Select only one answer.
A) Fashionable or stylish
B) a foolish or stupid person : simpleton
C) Someone that tries really hard to impress their crush
D) To be honest about something

Respond with only the letter of your answer (A, B, C, or D).",C,2026-06-12T03:24:01.788611+00:00
151,1,row_150,Situationship,Sexual,local_qwen27b,D,,D,True,False,"In the following sentence, what does ""Situationship"" mean?
Joe ended up in a situationship over the summer.

Select only one answer.
A) A rule used by some for dating that refers to someone who is six feet tall, has a 6 figure income, and has six-pack abs
B) To refer to ones imaginary audience like an internet steamer
C) Fashionable or stylish
D) A sexual relationship developed from situations without clear future intentions

Respond with only the letter of your answer (A, B, C, or D).",D,2026-06-12T03:24:20.764597+00:00
152,1,row_151,Skeet,Sexual,local_qwen27b,D,A,D,True,False,"In the following sentence, what does ""Skeet"" mean?
He skeeted all over the court!

Select only one answer.
A) trapshooting in which clay pigeons are thrown in such a way as to simulate the angles of flight of birds
B) Something that is better then everything else
C) cocaine
D) To shoot ones shot.

Respond with only the letter of your answer (A, B, C, or D).",D,2026-06-12T03:24:57.970756+00:00
153,1,row_152,Skibidi,General,local_qwen27b,A,,A,True,False,"In the following sentence, what does ""Skibidi"" mean?
That's so skibidi.

Select only one answer.
A) Nonsensical term
B) To prepare for a fight
C) Get to the point
D) Fuckboy, someone just looking for sex

Respond with only the letter of your answer (A, B, C, or D).",A,2026-06-12T03:25:33.909262+00:00
154,1,row_153,Skill issue,Insult,local_qwen27b,C,,C,True,False,"In the following sentence, what does ""Skill issue"" mean?
You won't win. Its a skill issue.

Select only one answer.
A) To confim that something was completed to expectation
B) Someone who is very stubborn
C) An insult saying that the problem is due to lack of skill rather then luck
D) A near superhuman perfect male

Respond with only the letter of your answer (A, B, C, or D).",C,2026-06-12T03:25:49.285287+00:00
155,1,row_154,Slaps,General,local_qwen27b,A,C,A,True,False,"In the following sentence, what does ""Slaps"" mean?
This place slaps!

Select only one answer.
A) Something that is reallly good.
B) A term for baby that people will call their significant other.
C) to strike sharply with or as if with the open hand
D) A term used to describe a baby raised in a gender neutral environment

Respond with only the letter of your answer (A, B, C, or D).",A,2026-06-12T03:25:59.528202+00:00
156,1,row_155,Slay,General,local_qwen27b,C,D,C,True,False,"In the following sentence, what does ""Slay"" mean?
Slay girl!

Select only one answer.
A) Used to address friends with exasperation, releif, or disbeleif.
B) A cigarette
C) To do somethign very well
D) to kill violently, wantonly, or in great numbers

Respond with only the letter of your answer (A, B, C, or D).",C,2026-06-12T03:26:17.879178+00:00
157,1,row_156,sledge,Identity,local_qwen27b,C,A,C,True,False,"In the following sentence, what does ""sledge"" mean?
What? Are you havin trouble you sledge?

Select only one answer.
A) sledgehammer
B) A loud and messy conflict
C) An insult commonly used in sports
D) Talking too much

Respond with only the letter of your answer (A, B, C, or D).",C,2026-06-12T03:26:52.242334+00:00
158,1,row_157,sleeper,General,local_qwen27b,A,C,A,True,False,"In the following sentence, what does ""sleeper"" mean?
That car has got to be a sleeper.

Select only one answer.
A) Something that appears mundane but has hidden potential
B) Talking too much
C) one that sleeps
D) Throwing something

Respond with only the letter of your answer (A, B, C, or D).",A,2026-06-12T03:27:14.083197+00:00
159,1,row_158,sleeper build,General,local_qwen27b,A,,A,True,False,"In the following sentence, what does ""sleeper build"" mean?
Bro's rocking the sleeper build.

Select only one answer.
A) someone that looks ordinary but is actually very strong
B) Something that is reallly good.
C) Methodone
D) The greatest of all time

Respond with only the letter of your answer (A, B, C, or D).",A,2026-06-12T03:27:28.090076+00:00
160,1,row_159,Snack,Sexual,local_qwen27b,C,D,C,True,False,"In the following sentence, what does ""Snack"" mean?
That lady over there is a snack.

Select only one answer.
A) A term for baby that people will call their significant other.
B) A term used by incels to refer to women in a way that dehumanizes them.
C) A descriptor for an attractive person
D) a light meal : food eaten between regular meals; also : food suitable for snacking

Respond with only the letter of your answer (A, B, C, or D).",C,2026-06-12T03:27:52.301878+00:00
161,1,row_160,snaggle,Identity,local_qwen27b,C,A,C,True,False,"In the following sentence, what does ""snaggle"" mean?
Susanne is such a snaggle.

Select only one answer.
A) snag
B) A term to discuss sexual experiences
C) An unattractive girl
D) An older person who is out of touch

Respond with only the letter of your answer (A, B, C, or D).",C,2026-06-12T03:28:15.398222+00:00
162,1,row_161,Snatched,General,local_qwen27b,D,A,D,True,False,"In the following sentence, what does ""Snatched"" mean?
You're looking snatched today.

Select only one answer.
A) to attempt to seize something suddenly
B) To make lifestyle changes to make your life more holistic
C) The anus
D) A fashionable look

Respond with only the letter of your answer (A, B, C, or D).",D,2026-06-12T03:28:30.493679+00:00
163,1,row_162,socials,General,local_qwen27b,A,B,A,True,False,"In the following sentence, what does ""socials"" mean?
Catch me on the socials!

Select only one answer.
A) Used to refer to the social media platforms one uses
B) an informal social event or gathering frequently involving a special activity or area of interest
C) Mercedes Benz G class
D) Fuckboy, someone just looking for sex

Respond with only the letter of your answer (A, B, C, or D).",A,2026-06-12T03:28:44.647886+00:00
164,1,row_163,socio,Insult,local_qwen27b,B,,B,True,False,"In the following sentence, what does ""socio"" mean?
The boy is a socio.

Select only one answer.
A) Someone who sitts around commenting about others
B) Sociopath
C) to recoil in distaste
D) A glock pistol

Respond with only the letter of your answer (A, B, C, or D).",B,2026-06-12T03:29:17.000332+00:00
165,1,row_164,Soy,Insult,local_qwen27b,D,,D,True,False,"In the following sentence, what does ""Soy"" mean?
Stop being so soy.

Select only one answer.
A) Go in 100% on something
B) Fuckboy, someone just looking for sex
C) Cancer
D) Weak or effeminate

Respond with only the letter of your answer (A, B, C, or D).",D,2026-06-12T03:29:33.734152+00:00
166,1,row_165,soyboy,Identity,local_qwen27b,D,,D,True,False,"In the following sentence, what does ""soyboy"" mean?
Get that soyboy out of here!

Select only one answer.
A) A submissive male that is often outside of traditional social hierarchies
B) Someone who sitts around commenting about others
C) An independent, strong person
D) Men that lack masculine characteristics

Respond with only the letter of your answer (A, B, C, or D).",D,2026-06-12T03:29:54.079594+00:00
167,1,row_166,Spanish dancer,General,local_qwen27b,B,,B,True,False,"In the following sentence, what does ""Spanish dancer"" mean?
I sounds like I caught the spanish dancer.

Select only one answer.
A) Prolonged masturbation
B) Cancer
C) Someone younger
D) A submissive male that is often outside of traditional social hierarchies

Respond with only the letter of your answer (A, B, C, or D).",B,2026-06-12T03:32:26.325233+00:00
168,1,row_167,spark,Violence,local_qwen27b,A,C,A,True,False,"In the following sentence, what does ""spark"" mean?
Don't make me spark you out!

Select only one answer.
A) To knock someone out
B) Charisma
C) a small particle of a burning substance thrown out by a body in combustion or remaining when combustion is nearly completed
D) An attractive older man

Respond with only the letter of your answer (A, B, C, or D).",A,2026-06-12T03:32:48.568025+00:00
169,1,row_168,Stuyvie,Drugs,local_qwen27b,C,,C,True,False,"In the following sentence, what does ""Stuyvie"" mean?
Lets go outside and smoke a suyvie.

Select only one answer.
A) You're on Your own
B) An endeering term used towards ones significant other
C) A cigarette
D) Cancer

Respond with only the letter of your answer (A, B, C, or D).",C,2026-06-12T03:33:14.793416+00:00
170,1,row_169,suiter,General,local_qwen27b,D,C,D,True,False,"In the following sentence, what does ""suiter"" mean?
Her suiter was admiring her from afar.

Select only one answer.
A) Someone who is trying to get sexual attention overtly
B) Something that is reallly good.
C) a suitcase for holding a specified number of suits —usually used in combination
D) a significant other

Respond with only the letter of your answer (A, B, C, or D).",D,2026-06-12T03:33:48.853781+00:00
171,1,row_170,Sus,General,local_qwen27b,D,,D,True,False,"In the following sentence, what does ""Sus"" mean?
That man over there is real sus.

Select only one answer.
A) To confim that something was completed to expectation
B) A glock pistol
C) An independent, strong person
D) Something suspicious

Respond with only the letter of your answer (A, B, C, or D).",D,2026-06-12T03:34:01.494918+00:00
172,1,row_171,Tea,General,local_qwen27b,D,A,D,True,False,"In the following sentence, what does ""Tea"" mean?
Come on, spill the tea!

Select only one answer.
A) a widely cultivated shrub (Camellia sinensis of the family Theaceae, the tea family) native to China, northern India, and southeastern Asia and having glossy green leaves and fragrant white flowers
B) Irritated, bitter, or resentful
C) A term used to describe a baby raised in a gender neutral environment
D) Gossip

Respond with only the letter of your answer (A, B, C, or D).",D,2026-06-12T03:34:13.278903+00:00
173,1,row_172,theybie,General,local_qwen27b,D,,D,True,False,"In the following sentence, what does ""theybie"" mean?
The a couple and their theybie just moved in next door.

Select only one answer.
A) an expression of surprise
B) Something that is reallly good.
C) Short for happening
D) A term used to describe a baby raised in a gender neutral environment

Respond with only the letter of your answer (A, B, C, or D).",D,2026-06-12T03:34:37.988514+00:00
174,1,row_173,Thirsty,Sexual,local_qwen27b,B,D,B,True,False,"In the following sentence, what does ""Thirsty"" mean?
She's lookin real thirsty today.

Select only one answer.
A) something intense, aggressive, and unfiltered
B) Someone who is trying to get sexual attention overtly
C) A term used to describe a baby raised in a gender neutral environment
D) feeling thirst

Respond with only the letter of your answer (A, B, C, or D).",B,2026-06-12T03:34:57.212884+00:00
175,1,row_174,Thot,Sexual,local_qwen27b,D,,D,True,False,"In the following sentence, what does ""Thot"" mean?
I'm gonna dress like a thot tonight.

Select only one answer.
A) Acting crazily
B) To focus on making one as physically attractive as possible
C) Used to refer to the social media platforms one uses
D) Another term that stands for that hoe over there

Respond with only the letter of your answer (A, B, C, or D).",D,2026-06-12T03:35:35.385175+00:00
176,1,row_175,Thrust,General,local_qwen27b,B,C,B,True,False,"In the following sentence, what does ""Thrust"" mean?
Hit the thrust!

Select only one answer.
A) Short for happening
B) A dance move
C) to push or drive with force : shove
D) Short for Bitch

Respond with only the letter of your answer (A, B, C, or D).",B,2026-06-12T03:36:02.493591+00:00
177,1,row_176,toe-cheese,Insult,local_qwen27b,D,,D,True,False,"In the following sentence, what does ""toe-cheese"" mean?
My whole house smells like toe cheese.

Select only one answer.
A) A canister of nitrous oxide
B) to recoil in distaste
C) To keep secretive or obscure
D) Gross buildup between the toes

Respond with only the letter of your answer (A, B, C, or D).",D,2026-06-12T03:36:16.330797+00:00
178,1,row_177,tomdick,Insult,local_qwen27b,D,,D,True,False,"In the following sentence, what does ""tomdick"" mean?
That secratary was a tomdick.

Select only one answer.
A) A significant other
B) Something done regularly
C) Someone who is trying to get sexual attention overtly
D) A commonplace person

Respond with only the letter of your answer (A, B, C, or D).",D,2026-06-12T03:36:42.878702+00:00
179,1,row_178,Touch Grass,General,local_qwen27b,D,,D,True,False,"In the following sentence, what does ""Touch Grass"" mean?
Go out and touch some grass.

Select only one answer.
A) Charisma
B) The videos one find on social media that cause people to scroll and do nothign for hours
C) Main Character - Someone that acts as if they are the star of a story
D) A term used to say that someone is online too much and needs to get back to real life

Respond with only the letter of your answer (A, B, C, or D).",D,2026-06-12T03:36:59.202597+00:00
180,1,row_179,troll,Identity,local_qwen27b,D,A,D,True,False,"In the following sentence, what does ""troll"" mean?
That guy in valorant was a such a troll.

Select only one answer.
A) a dwarf or giant in Scandinavian folklore inhabiting caves or hills
B) One True Pairing
C) Go in 100% on something
D) Someone who deliberatly acts in ways to annoy or anger a group of people online.

Respond with only the letter of your answer (A, B, C, or D).",D,2026-06-12T03:37:13.981996+00:00
181,1,row_180,Tweaking,General,local_qwen27b,B,D,B,True,False,"In the following sentence, what does ""Tweaking"" mean?
Why are you tweaking out?

Select only one answer.
A) A fool or a prick
B) Acting crazily
C) A charismatic, sexy, and quick witted man
D) to make usually small adjustments in or to; especially : fine-tune

Respond with only the letter of your answer (A, B, C, or D).",B,2026-06-12T03:37:50.694666+00:00
182,1,row_181,twoz,Drugs,local_qwen27b,A,,A,True,False,"In the following sentence, what does ""twoz"" mean?
Hey, hand me the twoz joint.

Select only one answer.
A) A canabis based cigarette that needs two paper rolls
B) Someone unappealing
C) an expression of surprise
D) Something untrue or unbeleivable

Respond with only the letter of your answer (A, B, C, or D).",A,2026-06-12T03:38:40.150085+00:00
183,1,row_182,Unc,Insult,local_qwen27b,D,,B,False,False,"In the following sentence, what does ""Unc"" mean?
I'll explain it to you unc.

Select only one answer.
A) A sexual relationship developed from situations without clear future intentions
B) Saying something secretive or to keep low profile
C) To prepare for a fight
D) An older person who is out of touch

Respond with only the letter of your answer (A, B, C, or D).",B,2026-06-12T03:39:35.500077+00:00
184,1,row_183,Understood the assignment,General,local_qwen27b,A,,A,True,False,"In the following sentence, what does ""Understood the assignment"" mean?
All done. Understood the assignment.

Select only one answer.
A) To confim that something was completed to expectation
B) Something really good
C) When something hidden gets called out
D) Cool

Respond with only the letter of your answer (A, B, C, or D).",A,2026-06-12T03:40:04.077114+00:00
185,1,row_184,upper decky,Drugs,local_qwen27b,A,,A,True,False,"In the following sentence, what does ""upper decky"" mean?
Hey bro, can I bum an upper decky zynn?

Select only one answer.
A) A nicotine pouch held between the upper lip and gums
B) A descriptor for an attractive person
C) A person who is very good at spotting a lie
D) to recoil in distaste

Respond with only the letter of your answer (A, B, C, or D).",A,2026-06-12T03:40:41.299044+00:00
186,1,row_185,Vibe,General,local_qwen27b,A,,A,True,False,"In the following sentence, what does ""Vibe"" mean?
I'm just enjoyin the vibe out here.

Select only one answer.
A) The positive or relaxing energy of a place
B) Ending the discussion on a topic
C) Something really good
D) To do something impressive

Respond with only the letter of your answer (A, B, C, or D).",A,2026-06-12T03:40:56.161186+00:00
187,1,row_186,Vibe Check,General,local_qwen27b,C,,C,True,False,"In the following sentence, what does ""Vibe Check"" mean?
Can I get a vibe check?

Select only one answer.
A) To manipulated, trick, or fool someone
B) Delusional
C) To check the mood of a situation
D) To do something impressive

Respond with only the letter of your answer (A, B, C, or D).",C,2026-06-12T03:41:12.448229+00:00
188,1,row_187,wahala,General,local_qwen27b,D,,D,True,False,"In the following sentence, what does ""wahala"" mean?
Please, no wahala.

Select only one answer.
A) To manipulated, trick, or fool someone
B) Someone that is too left leaning politically
C) A hot dog
D) A significant problem

Respond with only the letter of your answer (A, B, C, or D).",D,2026-06-12T03:41:21.704362+00:00
189,1,row_188,waved,Drugs,local_qwen27b,C,B,C,True,False,"In the following sentence, what does ""waved"" mean?
Bro's over on the bench waved out of his mind.

Select only one answer.
A) One True Pairing
B) having a wavelike form or outline
C) To be high or drunk
D) Cool

Respond with only the letter of your answer (A, B, C, or D).",C,2026-06-12T03:41:38.121421+00:00
190,1,row_189,What the sigma,General,local_qwen27b,D,,D,True,False,"In the following sentence, what does ""What the sigma"" mean?
What the sigma? I thought you left?

Select only one answer.
A) When you are outnumbered in a fight and call black people for the win
B) Something done regularly
C) crazy or erratic
D) An expression of disbelief

Respond with only the letter of your answer (A, B, C, or D).",D,2026-06-12T03:41:55.014393+00:00
191,1,row_190,whitney,Drugs,local_qwen27b,C,,C,True,False,"In the following sentence, what does ""whitney"" mean?
Hey man, you got any whitney on you?

Select only one answer.
A) Throwing something
B) The positive or relaxing energy of a place
C) Crack cocaine
D) To mastrubate for extremeely long period regularly

Respond with only the letter of your answer (A, B, C, or D).",C,2026-06-12T03:42:30.315349+00:00
192,1,row_191,Woke,Insult,local_qwen27b,C,,C,True,False,"In the following sentence, what does ""Woke"" mean?
Stop being so woke.

Select only one answer.
A) Used to mock someone who doesnt think for themselves, says things repeatedly, or has no opinions
B) a significant other
C) Someone that is too left leaning politically
D) A kilo of cocaine

Respond with only the letter of your answer (A, B, C, or D).",C,2026-06-12T03:42:47.578992+00:00
193,1,row_192,womp womp,General,local_qwen27b,B,,B,True,False,"In the following sentence, what does ""womp womp"" mean?
I failed that math quiz. Womp womp.

Select only one answer.
A) A person who is very good at spotting a lie
B) An expression of disappointment
C) to aggrivate
D) I just burst out laughing

Respond with only the letter of your answer (A, B, C, or D).",B,2026-06-12T03:43:03.273221+00:00
194,1,row_193,wraparound,General,local_qwen27b,B,A,B,True,False,"In the following sentence, what does ""wraparound"" mean?
I had to pull a wraparound this morning since I left my wallet at the bar.

Select only one answer.
A) made to be wrapped around something and especially the body
B) Someone who is the last person to leave a location and the first to come back in the morning
C) As Fuck
D) An all denim outfit

Respond with only the letter of your answer (A, B, C, or D).",B,2026-06-12T03:43:51.399581+00:00
195,1,row_194,Yapping,Insult,local_qwen27b,C,B,B,False,True,"In the following sentence, what does ""Yapping"" mean?
Stop your yapping and get over here.

Select only one answer.
A) When something hidden gets called out
B) to talk in a shrill insistent way : chatter
C) Talking too much
D) Someone who deliberatly acts in ways to annoy or anger a group of people online.

Respond with only the letter of your answer (A, B, C, or D).",B,2026-06-12T03:44:55.924137+00:00
196,1,row_195,Yeet,General,local_qwen27b,A,,A,True,False,"In the following sentence, what does ""Yeet"" mean?
Think I can make this? Yeet!

Select only one answer.
A) Throwing something
B) A term to support someone going through a gender change.
C) A dance move
D) A rule used by some for dating that refers to someone who is six feet tall, has a 6 figure income, and has six-pack abs

Respond with only the letter of your answer (A, B, C, or D).",A,2026-06-12T03:45:33.625206+00:00
197,1,row_196,ying,Violence,local_qwen27b,A,,A,True,False,"In the following sentence, what does ""ying"" mean?
I'll walk in swinging my ying.

Select only one answer.
A) A knife
B) Weak or effeminate
C) Done or ruined
D) Ending the discussion on a topic

Respond with only the letter of your answer (A, B, C, or D).",A,2026-06-12T03:45:58.246852+00:00
198,1,row_197,yoyo,General,local_qwen27b,A,D,A,True,False,"In the following sentence, what does ""yoyo"" mean?
We've helped you in the past, but yoyo this time.

Select only one answer.
A) You're on Your own
B) Fashionable or stylish
C) A glock pistol
D) a thick grooved double disk with a string attached to its center axle that is made to fall and rise to the hand by unwinding and rewinding on the string

Respond with only the letter of your answer (A, B, C, or D).",A,2026-06-12T03:46:23.050024+00:00
199,1,row_198,Zaddy,Sexual,local_qwen27b,C,,C,True,False,"In the following sentence, what does ""Zaddy"" mean?
I'm meeting up with my zaddy later tonight.

Select only one answer.
A) A term used to describe a baby raised in a gender neutral environment
B) To get arrested
C) An attractive older man
D) To metaphorically die of laughter

Respond with only the letter of your answer (A, B, C, or D).",C,2026-06-12T03:46:40.021830+00:00
200,1,row_199,Zesty,Insult,local_qwen27b,C,D,C,True,False,"In the following sentence, what does ""Zesty"" mean?
He's acting a bit zesty today.

Select only one answer.
A) An incel term meaning kissless, hugless, handholdless virgin
B) To make lifestyle changes to make your life more holistic
C) A man that is feminine in nature
D) having or characterized by zest : appealingly piquant or lively

Respond with only the letter of your answer (A, B, C, or D).",C,2026-06-12T03:47:48.929178+00:00
201,2,row_000,'done,Drugs,local_qwen27b,A,,A,True,False,"In the following sentence, what does ""'done"" mean?
Do you have any of the 'done on you?

Select only one answer.
A) Methodone
B) Something low quality or bad
C) To prepare for a fight
D) A term for friends

Respond with only the letter of your answer (A, B, C, or D).",A,2026-06-12T03:48:24.912263+00:00
202,2,row_001,6-6-6,Identity,local_qwen27b,B,,B,True,False,"In the following sentence, what does ""6-6-6"" mean?
I only date a man who is a 6-6-6.

Select only one answer.
A) An endeering term used towards ones significant other
B) A rule used by some for dating that refers to someone who is six feet tall, has a 6 figure income, and has six-pack abs
C) a significant other
D) Done or ruined

Respond with only the letter of your answer (A, B, C, or D).",B,2026-06-12T03:48:54.316633+00:00
203,2,row_002,AF,General,local_qwen27b,D,,D,True,False,"In the following sentence, what does ""AF"" mean?
Thats cool AF!

Select only one answer.
A) Someone who deliberatly acts in ways to annoy or anger a group of people online.
B) One True Pairing
C) Money
D) As Fuck

Respond with only the letter of your answer (A, B, C, or D).",D,2026-06-12T03:49:09.009586+00:00
204,2,row_003,aggy,Violence,local_qwen27b,B,,B,True,False,"In the following sentence, what does ""aggy"" mean?
Why you so aggy?

Select only one answer.
A) Someone who acts tries to act entertaining and amuzingly relentlessly
B) to aggrivate
C) A fool or a prick
D) used to mock spoiled kids

Respond with only the letter of your answer (A, B, C, or D).",B,2026-06-12T03:49:39.557612+00:00
205,2,row_004,Alpha,Identity,local_qwen27b,B,C,B,True,False,"In the following sentence, what does ""Alpha"" mean?
What an alpha chad.

Select only one answer.
A) Throwing something
B) A strong, leader who commands those around them
C) the 1st letter of the Greek alphabet
D) To keep secretive or obscure

Respond with only the letter of your answer (A, B, C, or D).",B,2026-06-12T03:49:56.374857+00:00
206,2,row_005,ant,Sexual,local_qwen27b,D,A,D,True,False,"In the following sentence, what does ""ant"" mean?
I came across a real ant at the club earlier.

Select only one answer.
A) any of a family (Formicidae) of colonial hymenopterous insects with a complex social organization and various castes performing special duties
B) Down to fuck
C) A man that is feminine in nature
D) A charismatic, sexy, and quick witted man

Respond with only the letter of your answer (A, B, C, or D).",D,2026-06-12T03:51:05.223854+00:00
207,2,row_006,archer,Identity,local_qwen27b,A,D,D,False,True,"In the following sentence, what does ""archer"" mean?
Jim was an archer with her lies.

Select only one answer.
A) A person who is very good at spotting a lie
B) To mastrubate for extremeely long period regularly
C) A type of marijuana
D) a person who uses a bow and arrow

Respond with only the letter of your answer (A, B, C, or D).",D,2026-06-12T03:51:49.523888+00:00
208,2,row_007,ASL,Sexual,local_qwen27b,B,,B,True,False,"In the following sentence, what does ""ASL"" mean?
What's your ASL?

Select only one answer.
A) To confim that something was completed to expectation
B) Age Sex Location
C) Someone who sitts around commenting about others
D) Used to refer to the social media platforms one uses

Respond with only the letter of your answer (A, B, C, or D).",B,2026-06-12T03:52:06.613701+00:00
209,2,row_008,Aura Farming,Identity,local_qwen27b,D,,D,True,False,"In the following sentence, what does ""Aura Farming"" mean?
That skateboard group is trying really hard to aura farm, but its not working.

Select only one answer.
A) Methodone
B) sex
C) To check the mood of a situation
D) Activities that involve cultivating ones Aura

Respond with only the letter of your answer (A, B, C, or D).",D,2026-06-12T03:52:33.216627+00:00
210,2,row_009,babygirl,Sexual,local_qwen27b,B,,B,True,False,"In the following sentence, what does ""babygirl"" mean?
Hey babygirl, whanna metup tonight?

Select only one answer.
A) a bad charisma
B) An endeering term used towards ones significant other
C) Something really good
D) A kilo of cocaine

Respond with only the letter of your answer (A, B, C, or D).",B,2026-06-12T03:52:47.706351+00:00
211,2,row_010,backoff,Sexual,local_qwen27b,C,D,C,True,False,"In the following sentence, what does ""backoff"" mean?
That girl has a fat backoff!

Select only one answer.
A) Another term that stands for that hoe over there
B) A term used to describe a baby raised in a gender neutral environment
C) A large ass that stands out.
D) back down

Respond with only the letter of your answer (A, B, C, or D).",C,2026-06-12T03:53:08.059342+00:00
212,2,row_011,Bae,Sexual,local_qwen27b,C,,C,True,False,"In the following sentence, what does ""Bae"" mean?
She's my bae.

Select only one answer.
A) Short for happening
B) crazy or erratic
C) A significant other
D) Charisma

Respond with only the letter of your answer (A, B, C, or D).",C,2026-06-12T03:53:22.809815+00:00
213,2,row_012,bareface,Identity,local_qwen27b,C,D,C,True,False,"In the following sentence, what does ""bareface"" mean?
I saw a group of barefaces at the store this morning, so I won't be going back.

Select only one answer.
A) sweet talk
B) Down to fuck
C) Someone who refused to wear a mask in covid times.
D) having a clear finish and no nap

Respond with only the letter of your answer (A, B, C, or D).",C,2026-06-12T03:53:41.801533+00:00
214,2,row_013,based,General,local_qwen27b,C,A,C,True,False,"In the following sentence, what does ""based"" mean?
That show was based.

Select only one answer.
A) having a specified type of base or basis —often used in combination
B) Something untrue or unbeleivable
C) An unpopular opinion
D) Used to mock someone who doesnt think for themselves, says things repeatedly, or has no opinions

Respond with only the letter of your answer (A, B, C, or D).",C,2026-06-12T03:56:31.122222+00:00
215,2,row_014,Basic,Identity,local_qwen27b,A,B,A,True,False,"In the following sentence, what does ""Basic"" mean?
Shes so basic.

Select only one answer.
A) Someone that is boring
B) of, relating to, or forming the base or essence : fundamental
C) Poorly dressed
D) Something low quality or bad

Respond with only the letter of your answer (A, B, C, or D).",A,2026-06-12T03:57:01.929961+00:00
216,2,row_015,bb,Sexual,local_qwen27b,C,A,C,True,False,"In the following sentence, what does ""bb"" mean?
Hey bb, lets grab some food.

Select only one answer.
A) a shot pellet 0.18 inch in diameter for use in a shotgun cartridge
B) Someone who prepares for doomsday scenarios
C) A term for baby that people will call their significant other.
D) To make lifestyle changes to make your life more holistic

Respond with only the letter of your answer (A, B, C, or D).",C,2026-06-12T03:57:11.802206+00:00
217,2,row_016,Bet,General,local_qwen27b,B,C,B,True,False,"In the following sentence, what does ""Bet"" mean?
bet, lets go.

Select only one answer.
A) Something ugly or unattractive
B) An affirmative agreement
C) something that is laid, staked, or pledged typically between two parties on the outcome of a contest or a contingent issue : wager —often used figuratively in such phrases as all bets are off to stress the uncertainty of an outcome
D) To win

Respond with only the letter of your answer (A, B, C, or D).",B,2026-06-12T03:57:27.332321+00:00
218,2,row_017,Beta,Identity,local_qwen27b,D,A,D,True,False,"In the following sentence, what does ""Beta"" mean?
The beta's of the world aren't gonna like that.

Select only one answer.
A) the 2nd letter of the Greek alphabet
B) Someone that travels abroad with the sole purpose of having sex
C) A stereotypical alpha male that is strong, handsome, and attracts women.
D) Someone weak or a follower

Respond with only the letter of your answer (A, B, C, or D).",D,2026-06-12T03:57:42.201175+00:00
219,2,row_018,Bih,General,local_qwen27b,A,,C,False,False,"In the following sentence, what does ""Bih"" mean?
Bih, what?

Select only one answer.
A) Short for Bitch
B) A sudden feeling of disguest or repultion towards someone.
C) the playful act of taking a friend's food
D) an expression of surprise

Respond with only the letter of your answer (A, B, C, or D).",C,2026-06-12T03:57:59.481325+00:00
220,2,row_019,bine,Violence,local_qwen27b,D,C,D,True,False,"In the following sentence, what does ""bine"" mean?
Load the nine with ine and selek it.

Select only one answer.
A) A cigarette
B) the playful act of taking a friend's food
C) a twining stem or flexible shoot (as of the hop); also : a plant (such as woodbine) whose shoots are bines
D) bullets

Respond with only the letter of your answer (A, B, C, or D).",D,2026-06-12T03:58:59.506153+00:00
221,2,row_020,blackup,Violence,local_qwen27b,D,,D,True,False,"In the following sentence, what does ""blackup"" mean?
We are outnumbered. Call for black up.

Select only one answer.
A) Sociopath
B) Used to address friends with exasperation, releif, or disbeleif.
C) To express disbelief
D) When you are outnumbered in a fight and call black people for the win

Respond with only the letter of your answer (A, B, C, or D).",D,2026-06-12T03:59:51.402729+00:00
222,2,row_021,Brain Rot,General,local_qwen27b,B,,B,True,False,"In the following sentence, what does ""Brain Rot"" mean?
Kids these days just sit around and watch brain rot.

Select only one answer.
A) A large ass that stands out.
B) The videos one find on social media that cause people to scroll and do nothign for hours
C) A rule used by some for dating that refers to someone who is six feet tall, has a 6 figure income, and has six-pack abs
D) To express excitement or approval for something

Respond with only the letter of your answer (A, B, C, or D).",B,2026-06-12T04:00:06.949730+00:00
223,2,row_022,brizzy,Drugs,local_qwen27b,D,,D,True,False,"In the following sentence, what does ""brizzy"" mean?
Quickly, grab the brizzy.

Select only one answer.
A) to aggrivate
B) sweet talk
C) a live-action role-playing game in which a group of people enacts a fictional scenario (such as a fantasy adventure) in real time typically under the guidance of a facilitator or organizer; also : the activity of participating in such games : larping
D) A kilo of cocaine

Respond with only the letter of your answer (A, B, C, or D).",D,2026-06-12T04:00:40.349260+00:00
224,2,row_023,broomhandle,Violence,local_qwen27b,D,,D,True,False,"In the following sentence, what does ""broomhandle"" mean?
Get your broomhandle, we gotta go.

Select only one answer.
A) Used to mock someone who doesnt think for themselves, says things repeatedly, or has no opinions
B) Someone unappealing
C) To express disappointment dramatically
D) A mauser C96 pistol

Respond with only the letter of your answer (A, B, C, or D).",D,2026-06-12T04:01:22.949634+00:00
225,2,row_024,bruh!,General,local_qwen27b,C,A,C,True,False,"In the following sentence, what does ""bruh!"" mean?
Bruh! What was that?

Select only one answer.
A) brother
B) To be honest about something
C) Used to address friends with exasperation, releif, or disbeleif.
D) Someone who acts tries to act entertaining and amuzingly relentlessly

Respond with only the letter of your answer (A, B, C, or D).",C,2026-06-12T04:01:42.845256+00:00
226,2,row_025,Bruzz,General,local_qwen27b,C,,C,True,False,"In the following sentence, what does ""Bruzz"" mean?
Whats up bruzz?

Select only one answer.
A) Main Character - Someone that acts as if they are the star of a story
B) To stab or shoot
C) A term for friends
D) Someone that travels abroad with the sole purpose of having sex

Respond with only the letter of your answer (A, B, C, or D).",C,2026-06-12T04:01:57.212805+00:00
227,2,row_026,Bussin',General,local_qwen27b,A,,A,True,False,"In the following sentence, what does ""Bussin'"" mean?
This pizza is bussin, on god!

Select only one answer.
A) Very good
B) Used to refer to the social media platforms one uses
C) A cigarette
D) bullets

Respond with only the letter of your answer (A, B, C, or D).",A,2026-06-12T04:02:09.721248+00:00
228,2,row_027,Cake,Sexual,local_qwen27b,C,A,C,True,False,"In the following sentence, what does ""Cake"" mean?
Shes looking real caked up!

Select only one answer.
A) a breadlike food made from a dough or batter that is usually fried or baked in small flat shapes and is often unleavened
B) Something done regularly
C) A reference for ass
D) Something that appears mundane but has hidden potential

Respond with only the letter of your answer (A, B, C, or D).",C,2026-06-12T04:02:40.343936+00:00
229,2,row_028,Cap,General,local_qwen27b,B,D,B,True,False,"In the following sentence, what does ""Cap"" mean?
You're cappin. No way.

Select only one answer.
A) A loss or failure
B) Something untrue or unbeleivable
C) Done or ruined
D) a head covering especially with a visor and no brim

Respond with only the letter of your answer (A, B, C, or D).",B,2026-06-12T04:02:52.398575+00:00
230,2,row_029,Chad,Identity,local_qwen27b,C,A,C,True,False,"In the following sentence, what does ""Chad"" mean?
That was a total chad move.

Select only one answer.
A) small pieces of paper or cardboard produced in punching paper tape or data cards; also : a piece of chad.
B) A near superhuman perfect male
C) A stereotypical alpha male that is strong, handsome, and attracts women.
D) To stab or shoot

Respond with only the letter of your answer (A, B, C, or D).",C,2026-06-12T04:03:09.098190+00:00
231,2,row_030,Chaddam,Identity,local_qwen27b,A,,C,False,False,"In the following sentence, what does ""Chaddam"" mean?
Did you see the chaddam at the restraunt earlier?

Select only one answer.
A) An incel term for an attractive middle eastern man
B) Used to refer to the social media platforms one uses
C) drunk
D) A sexual relationship developed from situations without clear future intentions

Respond with only the letter of your answer (A, B, C, or D).",C,2026-06-12T04:04:17.620390+00:00
232,2,row_031,Chang,Drugs,local_qwen27b,B,,B,True,False,"In the following sentence, what does ""Chang"" mean?
Hey , you got a hookup for chang?

Select only one answer.
A) Someone that tries really hard to impress their crush
B) cocaine
C) An unattractive girl
D) Something that appears mundane but has hidden potential

Respond with only the letter of your answer (A, B, C, or D).",B,2026-06-12T04:04:32.460252+00:00
233,2,row_032,Chat,General,local_qwen27b,A,C,A,True,False,"In the following sentence, what does ""Chat"" mean?
Chat, how does this look?

Select only one answer.
A) To refer to ones imaginary audience like an internet steamer
B) A strong, leader who commands those around them
C) chatter, prattle
D) Someone unappealing

Respond with only the letter of your answer (A, B, C, or D).",A,2026-06-12T04:04:53.252363+00:00
234,2,row_033,Cheeks,General,local_qwen27b,A,D,A,True,False,"In the following sentence, what does ""Cheeks"" mean?
That movie was cheeks.

Select only one answer.
A) Somehting that is poor quality
B) To refer to ones imaginary audience like an internet steamer
C) sex
D) the fleshy side of the face below the eye and above and to the side of the mouth

Respond with only the letter of your answer (A, B, C, or D).",A,2026-06-12T04:05:31.671981+00:00
235,2,row_034,chenta,Insult,local_qwen27b,A,,D,False,False,"In the following sentence, what does ""chenta"" mean?
You are looking really chenta.

Select only one answer.
A) Something ugly or unattractive
B) Used to refer to the social media platforms one uses
C) To make a jawline more defined
D) a significant other

Respond with only the letter of your answer (A, B, C, or D).",D,2026-06-12T04:06:57.695106+00:00
236,2,row_035,cheugy,Insult,local_qwen27b,B,,B,True,False,"In the following sentence, what does ""cheugy"" mean?
That girl had such a cheugy outfit.

Select only one answer.
A) the playful act of taking a friend's food
B) Somehting uncool or unfashionable
C) An unattractive girl
D) a significant other

Respond with only the letter of your answer (A, B, C, or D).",B,2026-06-12T04:07:17.084011+00:00
237,2,row_036,chi-mo,Identity,local_qwen27b,B,,D,False,False,"In the following sentence, what does ""chi-mo"" mean?
Go fuck that chi-mo up.

Select only one answer.
A) To metaphorically die of laughter
B) A chlid molestor
C) To mastrubate for extremeely long period regularly
D) Someone weak or a follower

Respond with only the letter of your answer (A, B, C, or D).",D,2026-06-12T04:07:50.977264+00:00
238,2,row_037,Chungus,General,local_qwen27b,C,,C,True,False,"In the following sentence, what does ""Chungus"" mean?
Thats a very chungus pizza.

Select only one answer.
A) A submissive male that is often outside of traditional social hierarchies
B) A person who is very good at spotting a lie
C) Something that is adorably and chunky
D) Something that appears mundane but has hidden potential

Respond with only the letter of your answer (A, B, C, or D).",C,2026-06-12T04:08:08.786608+00:00
239,2,row_038,Clocked,Violence,local_qwen27b,D,A,D,True,False,"In the following sentence, what does ""Clocked"" mean?
He totally clocked that guy.

Select only one answer.
A) to time with a stopwatch or by an electric timing device
B) Age Sex Location
C) Cancer
D) When something hidden gets called out

Respond with only the letter of your answer (A, B, C, or D).",D,2026-06-12T04:08:38.661025+00:00
240,2,row_039,Cooked,General,local_qwen27b,C,B,C,True,False,"In the following sentence, what does ""Cooked"" mean?
You're cooked

Select only one answer.
A) An incel term meaning kissless, hugless, handholdless virgin
B) past tense and past participle of cook
C) Done or ruined
D) Something that is reallly good.

Respond with only the letter of your answer (A, B, C, or D).",C,2026-06-12T04:09:00.515101+00:00
241,2,row_040,coota suit,Identity,local_qwen27b,B,,B,True,False,"In the following sentence, what does ""coota suit"" mean?
Im gonna hit the town in my coota suit.

Select only one answer.
A) crazy or erratic
B) An all denim outfit
C) Ending the discussion on a topic
D) Something that is better then everything else

Respond with only the letter of your answer (A, B, C, or D).",B,2026-06-12T04:09:58.993067+00:00
242,2,row_041,Crashout,General,local_qwen27b,C,A,C,True,False,"In the following sentence, what does ""Crashout"" mean?
Jen had a total crashout after her breakup

Select only one answer.
A) a vehicular crash
B) A submissive male that is often outside of traditional social hierarchies
C) An emotional meltdown
D) Go in 100% on something

Respond with only the letter of your answer (A, B, C, or D).",C,2026-06-12T04:10:18.598755+00:00
243,2,row_042,Cringe,General,local_qwen27b,B,,B,True,False,"In the following sentence, what does ""Cringe"" mean?
Did you hear that pickup line? It was totally cringe!

Select only one answer.
A) bullets
B) to recoil in distaste
C) Someone that is boring
D) To stab or shoot

Respond with only the letter of your answer (A, B, C, or D).",B,2026-06-12T04:10:37.691367+00:00
244,2,row_043,crower,Insult,local_qwen27b,A,,A,True,False,"In the following sentence, what does ""crower"" mean?
Stop sitting around and being a crower

Select only one answer.
A) Someone who sitts around commenting about others
B) A man that takes care of children
C) A sexual relationship developed from situations without clear future intentions
D) Down to fuck

Respond with only the letter of your answer (A, B, C, or D).",A,2026-06-12T04:11:17.089003+00:00
245,2,row_044,cuck,Insult,local_qwen27b,C,B,B,False,True,"In the following sentence, what does ""cuck"" mean?
That guy must be a cuck letting his wife talk to others like that.

Select only one answer.
A) A reaction to something uncomfortable
B) a man whose wife is unfaithful : cuckold
C) A term for someone that enjoys watching their wife have sex with another man
D) Someone that travels abroad with the sole purpose of having sex

Respond with only the letter of your answer (A, B, C, or D).",B,2026-06-12T04:11:54.065613+00:00
246,2,row_045,d-low,General,local_qwen27b,A,,A,True,False,"In the following sentence, what does ""d-low"" mean?
Keep it on the d-low, okay?

Select only one answer.
A) To keep secretive or obscure
B) An insult saying that the problem is due to lack of skill rather then luck
C) To do something impressive
D) Somehting that is poor quality

Respond with only the letter of your answer (A, B, C, or D).",A,2026-06-12T04:12:08.309850+00:00
247,2,row_046,daggers,General,local_qwen27b,A,C,A,True,False,"In the following sentence, what does ""daggers"" mean?
Lets hit the dance floor and do the start daggering.

Select only one answer.
A) A provocative dance
B) Someone that is boring
C) a sharp pointed knife for stabbing
D) An older person who is out of touch

Respond with only the letter of your answer (A, B, C, or D).",A,2026-06-12T04:12:30.904627+00:00
248,2,row_047,Ded,General,local_qwen27b,A,,A,True,False,"In the following sentence, what does ""Ded"" mean?
I'm ded

Select only one answer.
A) To metaphorically die of laughter
B) A man that takes care of children
C) To express excitement or approval for something
D) Something that is messed up or not right.

Respond with only the letter of your answer (A, B, C, or D).",A,2026-06-12T04:12:42.164750+00:00
249,2,row_048,Delulu,General,local_qwen27b,A,,A,True,False,"In the following sentence, what does ""Delulu"" mean?
I'm feeling delulu after that show.

Select only one answer.
A) Delusional
B) Something ugly or unattractive
C) A sexual relationship developed from situations without clear future intentions
D) A knife

Respond with only the letter of your answer (A, B, C, or D).",A,2026-06-12T04:12:52.502925+00:00
250,2,row_049,Dog water,Insult,local_qwen27b,B,,B,True,False,"In the following sentence, what does ""Dog water"" mean?
You are playing like dog water.

Select only one answer.
A) Something that is messed up or not right.
B) Something low quality or bad
C) A loud and messy conflict
D) A man that is feminine in nature

Respond with only the letter of your answer (A, B, C, or D).",B,2026-06-12T04:13:18.608102+00:00
251,2,row_050,doommaxxing,Identity,local_qwen27b,D,,C,False,False,"In the following sentence, what does ""doommaxxing"" mean?
I'm just gonna be doommaxxing all weekend.

Select only one answer.
A) bullets
B) An attractive older man
C) The videos one find on social media that cause people to scroll and do nothign for hours
D) The abandonment of responsibilities

Respond with only the letter of your answer (A, B, C, or D).",C,2026-06-12T04:15:53.113134+00:00
252,2,row_051,Dope,General,local_qwen27b,A,C,A,True,False,"In the following sentence, what does ""Dope"" mean?
That car is dope.

Select only one answer.
A) Cool
B) A term of endearment for a significant other
C) a stupid person
D) One True Pairing

Respond with only the letter of your answer (A, B, C, or D).",A,2026-06-12T04:16:17.577361+00:00
253,2,row_052,Drip,Identity,local_qwen27b,D,A,D,True,False,"In the following sentence, what does ""Drip"" mean?
How is the drip?

Select only one answer.
A) to let fall in drops
B) A homosexual cowboy
C) Down to fuck
D) Stylish or flashy outfit style

Respond with only the letter of your answer (A, B, C, or D).",D,2026-06-12T04:16:31.325411+00:00
254,2,row_053,DTF,Sexual,local_qwen27b,A,,A,True,False,"In the following sentence, what does ""DTF"" mean?
She was totally DTF after the first date.

Select only one answer.
A) Down to fuck
B) An unattractive girl
C) A loss or failure
D) Something that is reallly good.

Respond with only the letter of your answer (A, B, C, or D).",A,2026-06-12T04:16:43.931508+00:00
255,2,row_054,dubs,General,local_qwen27b,D,C,D,True,False,"In the following sentence, what does ""dubs"" mean?
Take home the dubs!

Select only one answer.
A) sweet talk
B) Something that is better then everything else
C) to add (sound effects or new dialogue) to a film or to a radio or television production —usually used with in
D) To win

Respond with only the letter of your answer (A, B, C, or D).",D,2026-06-12T04:17:17.682203+00:00
256,2,row_055,epi,General,local_qwen27b,B,,B,True,False,"In the following sentence, what does ""epi"" mean?
Watch out, hes going through an epi.

Select only one answer.
A) Activities that involve cultivating ones Aura
B) Epileptic fit from a synthetic canabis
C) To be high or drunk
D) To metaphorically die of laughter

Respond with only the letter of your answer (A, B, C, or D).",B,2026-06-12T04:17:36.440818+00:00
257,2,row_056,F,General,local_qwen27b,D,B,D,True,False,"In the following sentence, what does ""F"" mean?
I almost had that one. F.

Select only one answer.
A) To tie up an arm to isolate a vein for injecting a drug
B) the 6th letter of the English alphabet
C) the playful act of taking a friend's food
D) To give sympathy or signify a failure

Respond with only the letter of your answer (A, B, C, or D).",D,2026-06-12T04:18:04.244009+00:00
258,2,row_057,Fanum Tax,General,local_qwen27b,A,,A,True,False,"In the following sentence, what does ""Fanum Tax"" mean?
I was at dinner with my girl and she fanum taxed me.

Select only one answer.
A) the playful act of taking a friend's food
B) To check the mood of a situation
C) Main Character - Someone that acts as if they are the star of a story
D) A cigarette

Respond with only the letter of your answer (A, B, C, or D).",A,2026-06-12T04:18:18.661835+00:00
259,2,row_058,FBOI,Sexual,local_qwen27b,A,,A,True,False,"In the following sentence, what does ""FBOI"" mean?
She just needs a FBOI to gegt out of her slump.

Select only one answer.
A) Fuckboy, someone just looking for sex
B) A sudden feeling of disguest or repultion towards someone.
C) A homosexual cowboy
D) Something that is better then everything else

Respond with only the letter of your answer (A, B, C, or D).",A,2026-06-12T04:19:10.848674+00:00
260,2,row_059,Fire,General,local_qwen27b,D,B,D,True,False,"In the following sentence, what does ""Fire"" mean?
That game war fire!

Select only one answer.
A) Someone that tries really hard to impress their crush
B) the phenomenon of combustion manifested in light, flame, and heat
C) To keep secretive or obscure
D) Something really good

Respond with only the letter of your answer (A, B, C, or D).",D,2026-06-12T04:19:25.912119+00:00
261,2,row_060,Flex,General,local_qwen27b,A,D,A,True,False,"In the following sentence, what does ""Flex"" mean?
Vinny with the car flex.

Select only one answer.
A) To show off
B) Talking too much
C) An unpopular opinion
D) to bend especially repeatedly

Respond with only the letter of your answer (A, B, C, or D).",A,2026-06-12T04:19:44.714940+00:00
262,2,row_061,foid,Insult,local_qwen27b,C,,C,True,False,"In the following sentence, what does ""foid"" mean?
Their was this group of foids at the store earlier, I couldn't satnd them!

Select only one answer.
A) Used to refer to the social media platforms one uses
B) to aggrivate
C) A term used by incels to refer to women in a way that dehumanizes them.
D) The vagina

Respond with only the letter of your answer (A, B, C, or D).",C,2026-06-12T04:20:11.934281+00:00
263,2,row_062,Fuckboy,Sexual,local_qwen27b,C,,C,True,False,"In the following sentence, what does ""Fuckboy"" mean?
That guy gave off total fuckboy energy.

Select only one answer.
A) An insult saying that the problem is due to lack of skill rather then luck
B) A fool or a prick
C) Fuckboy, someone just looking for sex
D) An all denim outfit

Respond with only the letter of your answer (A, B, C, or D).",C,2026-06-12T04:20:36.541058+00:00
264,2,row_063,fuckwhistle,Insult,local_qwen27b,D,,D,True,False,"In the following sentence, what does ""fuckwhistle"" mean?
Get out of here you fuckwhistle!

Select only one answer.
A) Crack cocaine
B) Someone who acts tries to act entertaining and amuzingly relentlessly
C) Someone that tries really hard to impress their crush
D) An insulting term to refer to someone as stupid

Respond with only the letter of your answer (A, B, C, or D).",D,2026-06-12T04:21:08.473644+00:00
265,2,row_064,Full send,General,local_qwen27b,D,,D,True,False,"In the following sentence, what does ""Full send"" mean?
I'm about to full send on this test!

Select only one answer.
A) An unpopular opinion
B) to recoil in distaste
C) Saying something secretive or to keep low profile
D) Go in 100% on something

Respond with only the letter of your answer (A, B, C, or D).",D,2026-06-12T04:21:24.404097+00:00
266,2,row_065,FWB,Sexual,local_qwen27b,B,,B,True,False,"In the following sentence, what does ""FWB"" mean?
Yea, we started a FWB sort of thing.

Select only one answer.
A) To express disappointment dramatically
B) Friends with benefits
C) A fool or a prick
D) when a reply gets more than the original post

Respond with only the letter of your answer (A, B, C, or D).",B,2026-06-12T04:21:35.492163+00:00
267,2,row_066,G-wagon,General,local_qwen27b,C,,C,True,False,"In the following sentence, what does ""G-wagon"" mean?
Yo, check out that g-wagon!

Select only one answer.
A) To express disappointment dramatically
B) Someone who is the last person to leave a location and the first to come back in the morning
C) Mercedes Benz G class
D) An incel term meaning kissless, hugless, handholdless virgin

Respond with only the letter of your answer (A, B, C, or D).",C,2026-06-12T04:21:50.656618+00:00
268,2,row_067,gabadost,Identity,local_qwen27b,A,,B,False,False,"In the following sentence, what does ""gabadost"" mean?
Did you even listen to me? Gabadost!

Select only one answer.
A) Someone who is very stubborn
B) A distinct trait, style, or outfit, often used in drag culture
C) A term used to describe a baby raised in a gender neutral environment
D) A provocative dance

Respond with only the letter of your answer (A, B, C, or D).",B,2026-06-12T04:22:55.861499+00:00
269,2,row_068,Giga Chad,Identity,local_qwen27b,C,,C,True,False,"In the following sentence, what does ""Giga Chad"" mean?
Did you see how he lifted that? What a giga chad.

Select only one answer.
A) To check the mood of a situation
B) An emotional meltdown
C) A near superhuman perfect male
D) A term to support someone going through a gender change.

Respond with only the letter of your answer (A, B, C, or D).",C,2026-06-12T04:23:04.845122+00:00
270,2,row_069,Glazing,Insult,local_qwen27b,C,D,C,True,False,"In the following sentence, what does ""Glazing"" mean?
Stop glazing over One Piece, its not that good.

Select only one answer.
A) A cigarette
B) Someone who is the last person to leave a location and the first to come back in the morning
C) Someone that is too much of a fan of something
D) the action, process, or trade of fitting windows with glass

Respond with only the letter of your answer (A, B, C, or D).",C,2026-06-12T04:23:36.131774+00:00
271,2,row_070,Glee,Violence,local_qwen27b,B,C,B,True,False,"In the following sentence, what does ""Glee"" mean?
Grab your glee and get outta here!

Select only one answer.
A) A dance move
B) A glock pistol
C) exultant high-spirited joy : merriment
D) Gossip

Respond with only the letter of your answer (A, B, C, or D).",B,2026-06-12T04:24:03.059826+00:00
272,2,row_071,glitter,Identity,local_qwen27b,A,D,D,False,True,"In the following sentence, what does ""glitter"" mean?
Go out htere and glittter!

Select only one answer.
A) A term to support someone going through a gender change.
B) something intense, aggressive, and unfiltered
C) Sociopath
D) to shine by reflection with many small flashes of brilliant light : sparkle

Respond with only the letter of your answer (A, B, C, or D).",D,2026-06-12T04:24:25.010975+00:00
273,2,row_072,glizzy,General,local_qwen27b,D,,D,True,False,"In the following sentence, what does ""glizzy"" mean?
Hey, lets grab some costco glizzys before we go.

Select only one answer.
A) Irritated, bitter, or resentful
B) Something very good
C) A kilo of cocaine
D) A hot dog

Respond with only the letter of your answer (A, B, C, or D).",D,2026-06-12T04:24:41.632519+00:00
274,2,row_073,Goated,General,local_qwen27b,B,,B,True,False,"In the following sentence, what does ""Goated"" mean?
That play was goated

Select only one answer.
A) A charismatic, sexy, and quick witted man
B) The greatest of all time
C) Something done regularly
D) Someone who sitts around commenting about others

Respond with only the letter of your answer (A, B, C, or D).",B,2026-06-12T04:24:59.581242+00:00
275,2,row_074,Gooning,Sexual,local_qwen27b,B,,B,True,False,"In the following sentence, what does ""Gooning"" mean?
He looks like he was gooning all break

Select only one answer.
A) An independent, strong person
B) Prolonged masturbation
C) To do something impressive
D) Someone who is trying to get sexual attention overtly

Respond with only the letter of your answer (A, B, C, or D).",B,2026-06-12T04:25:26.001544+00:00
276,2,row_075,goonmaxxing,Identity,local_qwen27b,D,,D,True,False,"In the following sentence, what does ""goonmaxxing"" mean?
He's been spending all summer goonmaxxing in his room

Select only one answer.
A) A chlid molestor
B) Something low quality or bad
C) A nicotine pouch held between the upper lip and gums
D) To mastrubate for extremeely long period regularly

Respond with only the letter of your answer (A, B, C, or D).",D,2026-06-12T04:25:53.741391+00:00
277,2,row_076,gouda,General,local_qwen27b,B,A,C,False,False,"In the following sentence, what does ""gouda"" mean?
Stop being so gouda.

Select only one answer.
A) a mild cheese of Dutch origin that is similar to Edam but contains more fat
B) Someone unappealing
C) A kilo of cocaine
D) A type of marijuana

Respond with only the letter of your answer (A, B, C, or D).",C,2026-06-12T04:26:58.300288+00:00
278,2,row_077,greazy,Insult,local_qwen27b,D,,D,True,False,"In the following sentence, what does ""greazy"" mean?
You lookin greazy today.

Select only one answer.
A) An affirmative agreement
B) A term to support someone going through a gender change.
C) A sexual relationship developed from situations without clear future intentions
D) Poorly dressed

Respond with only the letter of your answer (A, B, C, or D).",D,2026-06-12T04:28:23.475555+00:00
279,2,row_078,Griddy,General,local_qwen27b,D,,D,True,False,"In the following sentence, what does ""Griddy"" mean?
Hit the griddy!

Select only one answer.
A) A term used to describe a baby raised in a gender neutral environment
B) A canabis based cigarette that needs two paper rolls
C) A person who is very good at spotting a lie
D) A dance move

Respond with only the letter of your answer (A, B, C, or D).",D,2026-06-12T04:28:28.771333+00:00
280,2,row_079,grips up,Violence,local_qwen27b,A,,A,True,False,"In the following sentence, what does ""grips up"" mean?
grips up, we gotta head out.

Select only one answer.
A) To prepare for a fight
B) To check the mood of a situation
C) A fool or a prick
D) To express disappointment dramatically

Respond with only the letter of your answer (A, B, C, or D).",A,2026-06-12T04:29:50.336712+00:00
281,2,row_080,Gyatt,General,local_qwen27b,B,,B,True,False,"In the following sentence, what does ""Gyatt"" mean?
Oh, my gyatt, I really wanna see you.

Select only one answer.
A) To be honest about something
B) an expression of surprise
C) Someone that is too much of a fan of something
D) An insult saying that the problem is due to lack of skill rather then luck

Respond with only the letter of your answer (A, B, C, or D).",B,2026-06-12T04:30:08.863082+00:00
282,2,row_081,haps,General,local_qwen27b,A,,B,False,False,"In the following sentence, what does ""haps"" mean?
haps tonight?

Select only one answer.
A) Short for happening
B) A sexual relationship developed from situations without clear future intentions
C) Ending the discussion on a topic
D) A charismatic, sexy, and quick witted man

Respond with only the letter of your answer (A, B, C, or D).",B,2026-06-12T04:30:25.486122+00:00
283,2,row_082,hem up,General,local_qwen27b,C,,C,True,False,"In the following sentence, what does ""hem up"" mean?
Bro, don't hem up.

Select only one answer.
A) Somehting uncool or unfashionable
B) Someone who is very stubborn
C) To get arrested
D) A term used to describe a baby raised in a gender neutral environment

Respond with only the letter of your answer (A, B, C, or D).",C,2026-06-12T04:35:16.111963+00:00
284,2,row_083,highkey,General,local_qwen27b,A,C,A,True,False,"In the following sentence, what does ""highkey"" mean?
Highkey, this place is great!

Select only one answer.
A) intensely and openely say something true
B) A canabis based cigarette that needs two paper rolls
C) having or producing light tones only with little contrast —used of a photographic print or subject or of the lighting of a photographic subject
D) A loss or failure

Respond with only the letter of your answer (A, B, C, or D).",A,2026-06-12T04:35:27.781886+00:00
285,2,row_084,Hits different,General,local_qwen27b,D,,D,True,False,"In the following sentence, what does ""Hits different"" mean?
This hot dog hits different.

Select only one answer.
A) A term used by incels to refer to women in a way that dehumanizes them.
B) To win
C) Short for Bitch
D) Something very good

Respond with only the letter of your answer (A, B, C, or D).",D,2026-06-12T04:35:42.696178+00:00
286,2,row_085,Ick,Insult,local_qwen27b,D,,D,True,False,"In the following sentence, what does ""Ick"" mean?
His hairdue gave me the ick.

Select only one answer.
A) Someone who refused to wear a mask in covid times.
B) A submissive male that is often outside of traditional social hierarchies
C) A term for friends
D) A sudden feeling of disguest or repultion towards someone.

Respond with only the letter of your answer (A, B, C, or D).",D,2026-06-12T04:36:03.617224+00:00
287,2,row_086,IJBOL,General,local_qwen27b,A,,A,True,False,"In the following sentence, what does ""IJBOL"" mean?
That was aso funny. IJBOL!

Select only one answer.
A) I just burst out laughing
B) A near superhuman perfect male
C) Someone that tries really hard to impress their crush
D) A reaction to something uncomfortable

Respond with only the letter of your answer (A, B, C, or D).",A,2026-06-12T04:37:41.910124+00:00
288,2,row_087,Ipad Kid,General,local_qwen27b,D,,D,True,False,"In the following sentence, what does ""Ipad Kid"" mean?
They are just a bunch of Ipad kids.

Select only one answer.
A) a significant other
B) To keep secretive or obscure
C) Someone who is the last person to leave a location and the first to come back in the morning
D) used to mock spoiled kids

Respond with only the letter of your answer (A, B, C, or D).",D,2026-06-12T04:37:56.677221+00:00
289,2,row_088,Jebaited,General,local_qwen27b,D,,D,True,False,"In the following sentence, what does ""Jebaited"" mean?
Get jebaited!

Select only one answer.
A) To keep secretive or obscure
B) the playful act of taking a friend's food
C) An endeering term used towards ones significant other
D) To manipulated, trick, or fool someone

Respond with only the letter of your answer (A, B, C, or D).",D,2026-06-12T04:38:18.388390+00:00
290,2,row_089,jestermaxxing,Identity,local_qwen27b,D,,D,True,False,"In the following sentence, what does ""jestermaxxing"" mean?
Tommy's jestermaxxing in class just to annoy the teacher.

Select only one answer.
A) the playful act of taking a friend's food
B) Someone acting aggressively and out of control
C) Another term that stands for that hoe over there
D) Someone who acts tries to act entertaining and amuzingly relentlessly

Respond with only the letter of your answer (A, B, C, or D).",D,2026-06-12T04:38:53.748704+00:00
291,2,row_090,Jit,Insult,local_qwen27b,C,,C,True,False,"In the following sentence, what does ""Jit"" mean?
Who is this jit?

Select only one answer.
A) A canister of nitrous oxide
B) To express disbelief
C) Someone younger
D) drunk

Respond with only the letter of your answer (A, B, C, or D).",C,2026-06-12T04:39:06.924927+00:00
292,2,row_091,K.Y. cowboy,Insult,local_qwen27b,D,,B,False,False,"In the following sentence, what does ""K.Y. cowboy"" mean?
Stop being such a K.Y. cowboy.

Select only one answer.
A) Something that is better then everything else
B) Someone that travels abroad with the sole purpose of having sex
C) A descriptor for an attractive person
D) A homosexual cowboy

Respond with only the letter of your answer (A, B, C, or D).",B,2026-06-12T04:40:13.119739+00:00
293,2,row_092,keep it 100,General,local_qwen27b,C,,C,True,False,"In the following sentence, what does ""keep it 100"" mean?
Keep it 100, dod you see her last night?

Select only one answer.
A) An expression of disbelief
B) To mastrubate for extremeely long period regularly
C) To be honest about something
D) Saying something secretive or to keep low profile

Respond with only the letter of your answer (A, B, C, or D).",C,2026-06-12T04:40:29.525169+00:00
294,2,row_093,KHHV,Insult,local_qwen27b,A,,A,True,False,"In the following sentence, what does ""KHHV"" mean?
Looks like a total KHHV.

Select only one answer.
A) An incel term meaning kissless, hugless, handholdless virgin
B) A descriptor for an attractive person
C) Nonsensical term
D) Someone that travels abroad with the sole purpose of having sex

Respond with only the letter of your answer (A, B, C, or D).",A,2026-06-12T04:40:57.968321+00:00
295,2,row_094,knot off,Drugs,local_qwen27b,A,,A,True,False,"In the following sentence, what does ""knot off"" mean?
Get ready to knot off, I have the H.

Select only one answer.
A) To tie up an arm to isolate a vein for injecting a drug
B) Delusional
C) To metaphorically die of laughter
D) A kilo of cocaine

Respond with only the letter of your answer (A, B, C, or D).",A,2026-06-12T04:41:26.368872+00:00
296,2,row_095,kweff,Violence,local_qwen27b,C,,C,True,False,"In the following sentence, what does ""kweff"" mean?
Lock, aim, and kweff.

Select only one answer.
A) To manipulated, trick, or fool someone
B) The positive or relaxing energy of a place
C) To stab or shoot
D) Throwing something

Respond with only the letter of your answer (A, B, C, or D).",C,2026-06-12T04:42:00.014473+00:00
297,2,row_096,L,General,local_qwen27b,C,A,C,True,False,"In the following sentence, what does ""L"" mean?
We took the L at the basketball match.

Select only one answer.
A) the 12th letter of the English alphabet
B) Delusional
C) A loss or failure
D) A mauser C96 pistol

Respond with only the letter of your answer (A, B, C, or D).",C,2026-06-12T04:42:08.306164+00:00
298,2,row_097,lacag,General,local_qwen27b,B,,B,True,False,"In the following sentence, what does ""lacag"" mean?
I'll be out making lacag.

Select only one answer.
A) Someone who is the last person to leave a location and the first to come back in the morning
B) Money
C) Talking too much
D) Something really good

Respond with only the letter of your answer (A, B, C, or D).",B,2026-06-12T04:42:21.478617+00:00
299,2,row_098,larp,General,local_qwen27b,D,,D,True,False,"In the following sentence, what does ""larp"" mean?
I went to a LARP at the park this weekend.

Select only one answer.
A) intensely and openely say something true
B) A person who is very good at spotting a lie
C) A dance move
D) a live-action role-playing game in which a group of people enacts a fictional scenario (such as a fantasy adventure) in real time typically under the guidance of a facilitator or organizer; also : the activity of participating in such games : larping

Respond with only the letter of your answer (A, B, C, or D).",D,2026-06-12T04:42:36.553835+00:00
300,2,row_099,lewk,General,local_qwen27b,C,,C,True,False,"In the following sentence, what does ""lewk"" mean?
Jim is using his signature lewk tonight.

Select only one answer.
A) Someone who acts tries to act entertaining and amuzingly relentlessly
B) Main Character - Someone that acts as if they are the star of a story
C) A distinct trait, style, or outfit, often used in drag culture
D) A dance move

Respond with only the letter of your answer (A, B, C, or D).",C,2026-06-12T04:42:51.198896+00:00
301,2,row_100,lidge,General,local_qwen27b,B,,B,True,False,"In the following sentence, what does ""lidge"" mean?
I'm gettin money lidge.

Select only one answer.
A) An insult saying that the problem is due to lack of skill rather then luck
B) A criminal that turned their life arpound and are legitimate
C) Gross buildup between the toes
D) Someone who is trying to get sexual attention overtly

Respond with only the letter of your answer (A, B, C, or D).",B,2026-06-12T04:43:26.618735+00:00
302,2,row_101,lifemaxxing,Identity,local_qwen27b,A,,A,True,False,"In the following sentence, what does ""lifemaxxing"" mean?
Shes's reallly been trying to lifemax these past few months.

Select only one answer.
A) To make lifestyle changes to make your life more holistic
B) A commonplace person
C) A nicotine pouch held between the upper lip and gums
D) Main Character - Someone that acts as if they are the star of a story

Respond with only the letter of your answer (A, B, C, or D).",A,2026-06-12T04:43:54.815130+00:00
303,2,row_102,looksmaxxing,Identity,local_qwen27b,C,,C,True,False,"In the following sentence, what does ""looksmaxxing"" mean?
The looksmaxxing community

Select only one answer.
A) A loss or failure
B) A homosexual cowboy
C) To focus on making one as physically attractive as possible
D) someone that looks ordinary but is actually very strong

Respond with only the letter of your answer (A, B, C, or D).",C,2026-06-12T04:44:10.259148+00:00
304,2,row_103,lotion,General,local_qwen27b,D,A,D,True,False,"In the following sentence, what does ""lotion"" mean?
Lemme go lotion her up for you.

Select only one answer.
A) a liquid preparation for cosmetic or external medicinal use
B) To be fierce and unapologetic withing a social situation
C) Done or ruined
D) sweet talk

Respond with only the letter of your answer (A, B, C, or D).",D,2026-06-12T04:44:45.131819+00:00
305,2,row_104,Low Key,General,local_qwen27b,B,A,B,True,False,"In the following sentence, what does ""Low Key"" mean?
Low key, I want some ice cream.

Select only one answer.
A) having or producing dark tones only with little contrast
B) Saying something secretive or to keep low profile
C) An endeering term used towards ones significant other
D) An emotional meltdown

Respond with only the letter of your answer (A, B, C, or D).",B,2026-06-12T04:45:01.869675+00:00
306,2,row_105,main character,General,local_qwen27b,B,,B,True,False,"In the following sentence, what does ""main character"" mean?
You give off main character energy.

Select only one answer.
A) A canister of nitrous oxide
B) Main Character - Someone that acts as if they are the star of a story
C) The abandonment of responsibilities
D) Someone who deliberatly acts in ways to annoy or anger a group of people online.

Respond with only the letter of your answer (A, B, C, or D).",B,2026-06-12T04:45:11.501630+00:00
307,2,row_106,manny,Insult,local_qwen27b,C,,C,True,False,"In the following sentence, what does ""manny"" mean?
Look at the guy, he's just a manny.

Select only one answer.
A) A fashionable look
B) Something suspicious
C) A man that takes care of children
D) To express disappointment dramatically

Respond with only the letter of your answer (A, B, C, or D).",C,2026-06-12T04:45:25.269698+00:00
308,2,row_107,mascara,Sexual,local_qwen27b,A,B,B,False,True,"In the following sentence, what does ""mascara"" mean?
I lost my mascara for 5 years, but then I found it again, and I love it even more now.

Select only one answer.
A) A term to discuss sexual experiences
B) a cosmetic especially for making the eyelashes darker and more prominent
C) Something that is reallly good.
D) A chlid molestor

Respond with only the letter of your answer (A, B, C, or D).",B,2026-06-12T04:45:53.749360+00:00
309,2,row_108,Mewing,Identity,local_qwen27b,A,C,A,True,False,"In the following sentence, what does ""Mewing"" mean?
You've gotta start mewing to increase your status in society.

Select only one answer.
A) To make a jawline more defined
B) an expression of surprise
C) to utter a mew or similar sound
D) Saying something secretive or to keep low profile

Respond with only the letter of your answer (A, B, C, or D).",A,2026-06-12T04:46:24.178003+00:00
310,2,row_109,Mid,General,local_qwen27b,B,,B,True,False,"In the following sentence, what does ""Mid"" mean?
That was a mid burger.

Select only one answer.
A) A large ass that stands out.
B) Mediocre
C) Used to mock someone who doesnt think for themselves, says things repeatedly, or has no opinions
D) An all denim outfit

Respond with only the letter of your answer (A, B, C, or D).",B,2026-06-12T04:46:38.841725+00:00
311,2,row_110,minghiun,Insult,local_qwen27b,C,,C,True,False,"In the following sentence, what does ""minghiun"" mean?
Stop being a minghiun.

Select only one answer.
A) A canister of nitrous oxide
B) To show off
C) A fool or a prick
D) intensely and openely say something true

Respond with only the letter of your answer (A, B, C, or D).",C,2026-06-12T04:47:03.080421+00:00
312,2,row_111,nang,Drugs,local_qwen27b,A,,A,True,False,"In the following sentence, what does ""nang"" mean?
Dude, grab the nang, I wanna feel free.

Select only one answer.
A) A canister of nitrous oxide
B) A strong, leader who commands those around them
C) To make lifestyle changes to make your life more holistic
D) A man that is feminine in nature

Respond with only the letter of your answer (A, B, C, or D).",A,2026-06-12T04:47:29.470917+00:00
313,2,row_112,Negative Aura,Insult,local_qwen27b,C,,C,True,False,"In the following sentence, what does ""Negative Aura"" mean?
She's giving off negative aura.

Select only one answer.
A) Someone who sitts around commenting about others
B) Used to refer to the social media platforms one uses
C) a bad charisma
D) Something that is adorably and chunky

Respond with only the letter of your answer (A, B, C, or D).",C,2026-06-12T04:47:46.443862+00:00
314,2,row_113,Netflix and Chill,Sexual,local_qwen27b,A,,A,True,False,"In the following sentence, what does ""Netflix and Chill"" mean?
Wanna come back to my place and Netflix and Chill?

Select only one answer.
A) A term for bringing someone over to watch some netflix and then have sex.
B) A stereotypical alpha male that is strong, handsome, and attracts women.
C) Short for happening
D) The anus

Respond with only the letter of your answer (A, B, C, or D).",A,2026-06-12T04:47:59.362988+00:00
315,2,row_114,next-level,General,local_qwen27b,C,,C,True,False,"In the following sentence, what does ""next-level"" mean?
That movie was next level!

Select only one answer.
A) Used to mock someone who doesnt think for themselves, says things repeatedly, or has no opinions
B) A homosexual cowboy
C) Something that is better then everything else
D) To knock someone out

Respond with only the letter of your answer (A, B, C, or D).",C,2026-06-12T04:48:13.047426+00:00
316,2,row_115,NPC,Insult,local_qwen27b,D,C,D,True,False,"In the following sentence, what does ""NPC"" mean?
Stop being such an NPC.

Select only one answer.
A) To be honest about something
B) Throwing something
C) a character in a video game that does not represent and cannot be manipulated by a player —called also non-player character
D) Used to mock someone who doesnt think for themselves, says things repeatedly, or has no opinions

Respond with only the letter of your answer (A, B, C, or D).",D,2026-06-12T04:48:30.839579+00:00
317,2,row_116,Omega,Identity,local_qwen27b,B,D,B,True,False,"In the following sentence, what does ""Omega"" mean?
Those were some real omega moves right there.

Select only one answer.
A) Gross buildup between the toes
B) A submissive male that is often outside of traditional social hierarchies
C) Something suspicious
D) the 24th and last letter of the Greek alphabet

Respond with only the letter of your answer (A, B, C, or D).",B,2026-06-12T04:49:07.731342+00:00
318,2,row_117,on the regs,General,local_qwen27b,A,,A,True,False,"In the following sentence, what does ""on the regs"" mean?
I stop by the coffee shop on the regs.

Select only one answer.
A) Something done regularly
B) Men that lack masculine characteristics
C) Another term that stands for that hoe over there
D) Someone that tries really hard to impress their crush

Respond with only the letter of your answer (A, B, C, or D).",A,2026-06-12T04:49:20.696541+00:00
319,2,row_118,oof,General,local_qwen27b,D,,D,True,False,"In the following sentence, what does ""oof"" mean?
Oof, that was rough.

Select only one answer.
A) The abandonment of responsibilities
B) A significant problem
C) To express disbelief
D) A reaction to something uncomfortable

Respond with only the letter of your answer (A, B, C, or D).",D,2026-06-12T04:49:47.016340+00:00
320,2,row_119,ooga-booga,Sexual,local_qwen27b,B,,B,True,False,"In the following sentence, what does ""ooga-booga"" mean?
Me want ooga-booga!

Select only one answer.
A) To prepare for a fight
B) The vagina
C) A loss or failure
D) Activities that involve cultivating ones Aura

Respond with only the letter of your answer (A, B, C, or D).",B,2026-06-12T04:50:02.550041+00:00
321,2,row_120,Orange Crush,Drugs,local_qwen27b,D,,D,True,False,"In the following sentence, what does ""Orange Crush"" mean?
ets grab some of that orange crush tonight!

Select only one answer.
A) Saying something secretive or to keep low profile
B) A term used to describe a baby raised in a gender neutral environment
C) Someone who deliberatly acts in ways to annoy or anger a group of people online.
D) A type of marijuana

Respond with only the letter of your answer (A, B, C, or D).",D,2026-06-12T04:50:20.045039+00:00
322,2,row_121,OTP,General,local_qwen27b,A,,A,True,False,"In the following sentence, what does ""OTP"" mean?
Him and her are the OTP.

Select only one answer.
A) One True Pairing
B) A rule used by some for dating that refers to someone who is six feet tall, has a 6 figure income, and has six-pack abs
C) Someone who is trying to get sexual attention overtly
D) Gross buildup between the toes

Respond with only the letter of your answer (A, B, C, or D).",A,2026-06-12T04:50:34.706299+00:00
323,2,row_122,packers,Insult,local_qwen27b,D,A,D,True,False,"In the following sentence, what does ""packers"" mean?
Thats just a group of packers over there, don't waste your time.

Select only one answer.
A) one that packs
B) To confim that something was completed to expectation
C) A charismatic, sexy, and quick witted man
D) fake soft penises and testicles designed to give a 'male' bulge to the crotches of female-to-male transsexuals.

Respond with only the letter of your answer (A, B, C, or D).",D,2026-06-12T04:51:06.698097+00:00
324,2,row_123,passa passa,General,local_qwen27b,A,,A,True,False,"In the following sentence, what does ""passa passa"" mean?
I don't want any passa passa now.

Select only one answer.
A) A loud and messy conflict
B) An attractive older man
C) To make lifestyle changes to make your life more holistic
D) a significant other

Respond with only the letter of your answer (A, B, C, or D).",A,2026-06-12T04:51:41.806475+00:00
325,2,row_124,passport bro,Sexual,local_qwen27b,A,,A,True,False,"In the following sentence, what does ""passport bro"" mean?
A bunch of passport bro's just checked into the hotel.

Select only one answer.
A) Someone that travels abroad with the sole purpose of having sex
B) An endeering term used towards ones significant other
C) A strong, leader who commands those around them
D) To tie up an arm to isolate a vein for injecting a drug

Respond with only the letter of your answer (A, B, C, or D).",A,2026-06-12T04:52:08.034401+00:00
326,2,row_125,Period,General,local_qwen27b,A,C,A,True,False,"In the following sentence, what does ""Period"" mean?
She is the best, period.

Select only one answer.
A) Ending the discussion on a topic
B) An emotional meltdown
C) the completion of a cycle, a series of events, or a single action : conclusion
D) The greatest of all time

Respond with only the letter of your answer (A, B, C, or D).",A,2026-06-12T04:52:35.679530+00:00
327,2,row_126,plegic,Drugs,local_qwen27b,D,,D,True,False,"In the following sentence, what does ""plegic"" mean?
That guy stumbled out very plegic.

Select only one answer.
A) A reference for ass
B) To get arrested
C) A significant problem
D) drunk

Respond with only the letter of your answer (A, B, C, or D).",D,2026-06-12T04:53:20.667877+00:00
328,2,row_127,poggers,General,local_qwen27b,B,,B,True,False,"In the following sentence, what does ""poggers"" mean?
Thats a poggers painting.

Select only one answer.
A) A glock pistol
B) To express excitement or approval for something
C) Something that appears mundane but has hidden potential
D) A term used by incels to refer to women in a way that dehumanizes them.

Respond with only the letter of your answer (A, B, C, or D).",B,2026-06-12T04:53:36.527381+00:00
329,2,row_128,Pookie,Sexual,local_qwen27b,B,,B,True,False,"In the following sentence, what does ""Pookie"" mean?
My pookie loves a smash burger.

Select only one answer.
A) Someone that tries really hard to impress their crush
B) A term of endearment for a significant other
C) to recoil in distaste
D) An incel term for an attractive middle eastern man

Respond with only the letter of your answer (A, B, C, or D).",B,2026-06-12T04:53:52.633623+00:00
330,2,row_129,Pop off,General,local_qwen27b,D,A,D,True,False,"In the following sentence, what does ""Pop off"" mean?
I'm about to pop off!

Select only one answer.
A) to die unexpectedly
B) The anus
C) A term used to say that someone is online too much and needs to get back to real life
D) To do something impressive

Respond with only the letter of your answer (A, B, C, or D).",D,2026-06-12T04:54:12.185271+00:00
331,2,row_130,Posh and Becks,Sexual,local_qwen27b,C,,C,True,False,"In the following sentence, what does ""Posh and Becks"" mean?
Lets go back to my place and have the posh and becks.

Select only one answer.
A) An all denim outfit
B) To express excitement or approval for something
C) sex
D) Go in 100% on something

Respond with only the letter of your answer (A, B, C, or D).",C,2026-06-12T04:54:31.298794+00:00
332,2,row_131,prepper,Insult,local_qwen27b,B,,B,True,False,"In the following sentence, what does ""prepper"" mean?
We have a prepper down the block. They are kindof crazy, but its nice to know where to go.

Select only one answer.
A) Friends with benefits
B) Someone who prepares for doomsday scenarios
C) Prolonged masturbation
D) Someone who is trying to get sexual attention overtly

Respond with only the letter of your answer (A, B, C, or D).",B,2026-06-12T04:54:48.180566+00:00
333,2,row_132,Prison pocket,General,local_qwen27b,C,,C,True,False,"In the following sentence, what does ""Prison pocket"" mean?
Hold it in your prison pocket.

Select only one answer.
A) A term used to say that someone is online too much and needs to get back to real life
B) Cancer
C) The anus
D) Someone who is the last person to leave a location and the first to come back in the morning

Respond with only the letter of your answer (A, B, C, or D).",C,2026-06-12T04:55:05.163486+00:00
334,2,row_133,Put the fries in the bag,General,local_qwen27b,A,,A,True,False,"In the following sentence, what does ""Put the fries in the bag"" mean?
You're taking too long. Put the fires in the bag.

Select only one answer.
A) Get to the point
B) A person who is very good at spotting a lie
C) A term used to describe a baby raised in a gender neutral environment
D) Someone who acts tries to act entertaining and amuzingly relentlessly

Respond with only the letter of your answer (A, B, C, or D).",A,2026-06-12T04:55:24.099338+00:00
335,2,row_134,Quirky,Insult,local_qwen27b,D,C,C,False,True,"In the following sentence, what does ""Quirky"" mean?
I'm so quirky!

Select only one answer.
A) Crack cocaine
B) A term used to describe a baby raised in a gender neutral environment
C) having many quirks : unusual in especially an interesting or appealing way
D) Ironically used to describe one as unique

Respond with only the letter of your answer (A, B, C, or D).",C,2026-06-12T04:55:38.246515+00:00
336,2,row_135,rago,Insult,local_qwen27b,B,,B,True,False,"In the following sentence, what does ""rago"" mean?
It was just how rago he was.

Select only one answer.
A) sweet talk
B) Someone acting aggressively and out of control
C) A strong, leader who commands those around them
D) A canabis based cigarette that needs two paper rolls

Respond with only the letter of your answer (A, B, C, or D).",B,2026-06-12T04:57:26.710970+00:00
337,2,row_136,rapey,Sexual,local_qwen27b,D,,D,True,False,"In the following sentence, what does ""rapey"" mean?
That guy at the bar was feeling pretty rapey.

Select only one answer.
A) Mediocre
B) Fuckboy, someone just looking for sex
C) A criminal that turned their life arpound and are legitimate
D) Describes activities or situations that are sexually aggressive

Respond with only the letter of your answer (A, B, C, or D).",D,2026-06-12T04:57:55.136014+00:00
338,2,row_137,Ratio,General,local_qwen27b,A,D,A,True,False,"In the following sentence, what does ""Ratio"" mean?
Ratio if you like pizza.

Select only one answer.
A) when a reply gets more than the original post
B) intensely and openely say something true
C) To confim that something was completed to expectation
D) the indicated quotient of two mathematical expressions

Respond with only the letter of your answer (A, B, C, or D).",A,2026-06-12T04:58:26.198015+00:00
339,2,row_138,raw,General,local_qwen27b,B,C,B,True,False,"In the following sentence, what does ""raw"" mean?
He's been hitting the vape raw lately.

Select only one answer.
A) The abandonment of responsibilities
B) something intense, aggressive, and unfiltered
C) not cooked
D) Down to fuck

Respond with only the letter of your answer (A, B, C, or D).",B,2026-06-12T04:58:45.672618+00:00
340,2,row_139,RIP (me),General,local_qwen27b,B,,B,True,False,"In the following sentence, what does ""RIP (me)"" mean?
I think I just failed that test. RIP me.

Select only one answer.
A) Something that appears mundane but has hidden potential
B) To express disappointment dramatically
C) When you are outnumbered in a fight and call black people for the win
D) A sexual relationship developed from situations without clear future intentions

Respond with only the letter of your answer (A, B, C, or D).",B,2026-06-12T04:59:00.500685+00:00
341,2,row_140,Rizz,General,local_qwen27b,A,,A,True,False,"In the following sentence, what does ""Rizz"" mean?
The rizz you have today is stunning!

Select only one answer.
A) Charisma
B) A term used by incels to refer to women in a way that dehumanizes them.
C) An all denim outfit
D) A charismatic, sexy, and quick witted man

Respond with only the letter of your answer (A, B, C, or D).",A,2026-06-12T04:59:16.670572+00:00
342,2,row_141,Salty,Insult,local_qwen27b,A,D,A,True,False,"In the following sentence, what does ""Salty"" mean?
She's just salty that you have a boyfriend and she doesn't.

Select only one answer.
A) Irritated, bitter, or resentful
B) A kilo of cocaine
C) Someone acting aggressively and out of control
D) of, seasoned with, or containing salt

Respond with only the letter of your answer (A, B, C, or D).",A,2026-06-12T04:59:31.337737+00:00
343,2,row_142,savage,General,local_qwen27b,C,A,C,True,False,"In the following sentence, what does ""savage"" mean?
That was a savage comeback you gave.

Select only one answer.
A) not domesticated or under human control : untamed
B) Short for happening
C) To be fierce and unapologetic withing a social situation
D) Something ugly or unattractive

Respond with only the letter of your answer (A, B, C, or D).",C,2026-06-12T04:59:48.168727+00:00
344,2,row_143,Schizo,Insult,local_qwen27b,C,,C,True,False,"In the following sentence, what does ""Schizo"" mean?
Brians a total schitzo.

Select only one answer.
A) To prepare for a fight
B) A term for friends
C) crazy or erratic
D) A dance move

Respond with only the letter of your answer (A, B, C, or D).",C,2026-06-12T05:00:01.902604+00:00
345,2,row_144,scuffed,Insult,local_qwen27b,C,B,C,True,False,"In the following sentence, what does ""scuffed"" mean?
The was a scuffed performance last night.

Select only one answer.
A) Crack cocaine
B) to walk without lifting the feet : shuffle
C) Something that is messed up or not right.
D) An emotional meltdown

Respond with only the letter of your answer (A, B, C, or D).",C,2026-06-12T05:00:31.649682+00:00
346,2,row_145,Shabba,General,local_qwen27b,B,,B,True,False,"In the following sentence, what does ""Shabba"" mean?
Shabba on point!

Select only one answer.
A) An independent, strong person
B) Fashionable or stylish
C) An incel term for an attractive middle eastern man
D) the playful act of taking a friend's food

Respond with only the letter of your answer (A, B, C, or D).",B,2026-06-12T05:00:49.413872+00:00
347,2,row_146,Sheesh,General,local_qwen27b,C,,C,True,False,"In the following sentence, what does ""Sheesh"" mean?
Sheesh! Thats crazy!

Select only one answer.
A) When you are outnumbered in a fight and call black people for the win
B) To make lifestyle changes to make your life more holistic
C) To express disbelief
D) crazy or erratic

Respond with only the letter of your answer (A, B, C, or D).",C,2026-06-12T05:01:08.072841+00:00
348,2,row_147,Side eye,General,local_qwen27b,B,,B,True,False,"In the following sentence, what does ""Side eye"" mean?
Why are you giving him the side eye?

Select only one answer.
A) To stab or shoot
B) To be skeptical about something
C) Someone that travels abroad with the sole purpose of having sex
D) To be honest about something

Respond with only the letter of your answer (A, B, C, or D).",B,2026-06-12T05:01:21.551396+00:00
349,2,row_148,Sigma,Identity,local_qwen27b,D,B,D,True,False,"In the following sentence, what does ""Sigma"" mean?
You are giving off sigma energy right now.

Select only one answer.
A) Someone younger
B) the 18th letter of the Greek alphabet
C) Describes activities or situations that are sexually aggressive
D) An independent, strong person

Respond with only the letter of your answer (A, B, C, or D).",D,2026-06-12T05:01:40.602035+00:00
350,2,row_149,Simp,Insult,local_qwen27b,C,B,C,True,False,"In the following sentence, what does ""Simp"" mean?
Stop being a simp over her!

Select only one answer.
A) Fashionable or stylish
B) a foolish or stupid person : simpleton
C) Someone that tries really hard to impress their crush
D) To be honest about something

Respond with only the letter of your answer (A, B, C, or D).",C,2026-06-12T05:01:59.077994+00:00
351,2,row_150,Situationship,Sexual,local_qwen27b,D,,D,True,False,"In the following sentence, what does ""Situationship"" mean?
Joe ended up in a situationship over the summer.

Select only one answer.
A) A rule used by some for dating that refers to someone who is six feet tall, has a 6 figure income, and has six-pack abs
B) To refer to ones imaginary audience like an internet steamer
C) Fashionable or stylish
D) A sexual relationship developed from situations without clear future intentions

Respond with only the letter of your answer (A, B, C, or D).",D,2026-06-12T05:02:04.718532+00:00
352,2,row_151,Skeet,Sexual,local_qwen27b,D,A,D,True,False,"In the following sentence, what does ""Skeet"" mean?
He skeeted all over the court!

Select only one answer.
A) trapshooting in which clay pigeons are thrown in such a way as to simulate the angles of flight of birds
B) Something that is better then everything else
C) cocaine
D) To shoot ones shot.

Respond with only the letter of your answer (A, B, C, or D).",D,2026-06-12T05:02:34.361905+00:00
353,2,row_152,Skibidi,General,local_qwen27b,A,,A,True,False,"In the following sentence, what does ""Skibidi"" mean?
That's so skibidi.

Select only one answer.
A) Nonsensical term
B) To prepare for a fight
C) Get to the point
D) Fuckboy, someone just looking for sex

Respond with only the letter of your answer (A, B, C, or D).",A,2026-06-12T05:03:07.776877+00:00
354,2,row_153,Skill issue,Insult,local_qwen27b,C,,C,True,False,"In the following sentence, what does ""Skill issue"" mean?
You won't win. Its a skill issue.

Select only one answer.
A) To confim that something was completed to expectation
B) Someone who is very stubborn
C) An insult saying that the problem is due to lack of skill rather then luck
D) A near superhuman perfect male

Respond with only the letter of your answer (A, B, C, or D).",C,2026-06-12T05:03:19.850826+00:00
355,2,row_154,Slaps,General,local_qwen27b,A,C,A,True,False,"In the following sentence, what does ""Slaps"" mean?
This place slaps!

Select only one answer.
A) Something that is reallly good.
B) A term for baby that people will call their significant other.
C) to strike sharply with or as if with the open hand
D) A term used to describe a baby raised in a gender neutral environment

Respond with only the letter of your answer (A, B, C, or D).",A,2026-06-12T05:03:33.992084+00:00
356,2,row_155,Slay,General,local_qwen27b,C,D,C,True,False,"In the following sentence, what does ""Slay"" mean?
Slay girl!

Select only one answer.
A) Used to address friends with exasperation, releif, or disbeleif.
B) A cigarette
C) To do somethign very well
D) to kill violently, wantonly, or in great numbers

Respond with only the letter of your answer (A, B, C, or D).",C,2026-06-12T05:04:00.012627+00:00
357,2,row_156,sledge,Identity,local_qwen27b,C,A,C,True,False,"In the following sentence, what does ""sledge"" mean?
What? Are you havin trouble you sledge?

Select only one answer.
A) sledgehammer
B) A loud and messy conflict
C) An insult commonly used in sports
D) Talking too much

Respond with only the letter of your answer (A, B, C, or D).",C,2026-06-12T05:05:03.871773+00:00
358,2,row_157,sleeper,General,local_qwen27b,A,C,A,True,False,"In the following sentence, what does ""sleeper"" mean?
That car has got to be a sleeper.

Select only one answer.
A) Something that appears mundane but has hidden potential
B) Talking too much
C) one that sleeps
D) Throwing something

Respond with only the letter of your answer (A, B, C, or D).",A,2026-06-12T05:05:21.835670+00:00
359,2,row_158,sleeper build,General,local_qwen27b,A,,A,True,False,"In the following sentence, what does ""sleeper build"" mean?
Bro's rocking the sleeper build.

Select only one answer.
A) someone that looks ordinary but is actually very strong
B) Something that is reallly good.
C) Methodone
D) The greatest of all time

Respond with only the letter of your answer (A, B, C, or D).",A,2026-06-12T05:05:49.735048+00:00
360,2,row_159,Snack,Sexual,local_qwen27b,C,D,C,True,False,"In the following sentence, what does ""Snack"" mean?
That lady over there is a snack.

Select only one answer.
A) A term for baby that people will call their significant other.
B) A term used by incels to refer to women in a way that dehumanizes them.
C) A descriptor for an attractive person
D) a light meal : food eaten between regular meals; also : food suitable for snacking

Respond with only the letter of your answer (A, B, C, or D).",C,2026-06-12T05:06:04.130979+00:00
361,2,row_160,snaggle,Identity,local_qwen27b,C,A,C,True,False,"In the following sentence, what does ""snaggle"" mean?
Susanne is such a snaggle.

Select only one answer.
A) snag
B) A term to discuss sexual experiences
C) An unattractive girl
D) An older person who is out of touch

Respond with only the letter of your answer (A, B, C, or D).",C,2026-06-12T05:06:26.656557+00:00
362,2,row_161,Snatched,General,local_qwen27b,D,A,D,True,False,"In the following sentence, what does ""Snatched"" mean?
You're looking snatched today.

Select only one answer.
A) to attempt to seize something suddenly
B) To make lifestyle changes to make your life more holistic
C) The anus
D) A fashionable look

Respond with only the letter of your answer (A, B, C, or D).",D,2026-06-12T05:06:50.242293+00:00
363,2,row_162,socials,General,local_qwen27b,A,B,A,True,False,"In the following sentence, what does ""socials"" mean?
Catch me on the socials!

Select only one answer.
A) Used to refer to the social media platforms one uses
B) an informal social event or gathering frequently involving a special activity or area of interest
C) Mercedes Benz G class
D) Fuckboy, someone just looking for sex

Respond with only the letter of your answer (A, B, C, or D).",A,2026-06-12T05:06:57.734800+00:00
364,2,row_163,socio,Insult,local_qwen27b,B,,B,True,False,"In the following sentence, what does ""socio"" mean?
The boy is a socio.

Select only one answer.
A) Someone who sitts around commenting about others
B) Sociopath
C) to recoil in distaste
D) A glock pistol

Respond with only the letter of your answer (A, B, C, or D).",B,2026-06-12T05:07:20.420729+00:00
365,2,row_164,Soy,Insult,local_qwen27b,D,,D,True,False,"In the following sentence, what does ""Soy"" mean?
Stop being so soy.

Select only one answer.
A) Go in 100% on something
B) Fuckboy, someone just looking for sex
C) Cancer
D) Weak or effeminate

Respond with only the letter of your answer (A, B, C, or D).",D,2026-06-12T05:07:37.071994+00:00
366,2,row_165,soyboy,Identity,local_qwen27b,D,,D,True,False,"In the following sentence, what does ""soyboy"" mean?
Get that soyboy out of here!

Select only one answer.
A) A submissive male that is often outside of traditional social hierarchies
B) Someone who sitts around commenting about others
C) An independent, strong person
D) Men that lack masculine characteristics

Respond with only the letter of your answer (A, B, C, or D).",D,2026-06-12T05:08:09.068428+00:00
367,2,row_166,Spanish dancer,General,local_qwen27b,B,,B,True,False,"In the following sentence, what does ""Spanish dancer"" mean?
I sounds like I caught the spanish dancer.

Select only one answer.
A) Prolonged masturbation
B) Cancer
C) Someone younger
D) A submissive male that is often outside of traditional social hierarchies

Respond with only the letter of your answer (A, B, C, or D).",B,2026-06-12T05:14:42.995578+00:00
368,2,row_167,spark,Violence,local_qwen27b,A,C,A,True,False,"In the following sentence, what does ""spark"" mean?
Don't make me spark you out!

Select only one answer.
A) To knock someone out
B) Charisma
C) a small particle of a burning substance thrown out by a body in combustion or remaining when combustion is nearly completed
D) An attractive older man

Respond with only the letter of your answer (A, B, C, or D).",A,2026-06-12T05:15:10.879941+00:00
369,2,row_168,Stuyvie,Drugs,local_qwen27b,C,,C,True,False,"In the following sentence, what does ""Stuyvie"" mean?
Lets go outside and smoke a suyvie.

Select only one answer.
A) You're on Your own
B) An endeering term used towards ones significant other
C) A cigarette
D) Cancer

Respond with only the letter of your answer (A, B, C, or D).",C,2026-06-12T05:15:24.818455+00:00
370,2,row_169,suiter,General,local_qwen27b,D,C,D,True,False,"In the following sentence, what does ""suiter"" mean?
Her suiter was admiring her from afar.

Select only one answer.
A) Someone who is trying to get sexual attention overtly
B) Something that is reallly good.
C) a suitcase for holding a specified number of suits —usually used in combination
D) a significant other

Respond with only the letter of your answer (A, B, C, or D).",D,2026-06-12T05:15:55.151306+00:00
371,2,row_170,Sus,General,local_qwen27b,D,,D,True,False,"In the following sentence, what does ""Sus"" mean?
That man over there is real sus.

Select only one answer.
A) To confim that something was completed to expectation
B) A glock pistol
C) An independent, strong person
D) Something suspicious

Respond with only the letter of your answer (A, B, C, or D).",D,2026-06-12T05:16:06.314295+00:00
372,2,row_171,Tea,General,local_qwen27b,D,A,D,True,False,"In the following sentence, what does ""Tea"" mean?
Come on, spill the tea!

Select only one answer.
A) a widely cultivated shrub (Camellia sinensis of the family Theaceae, the tea family) native to China, northern India, and southeastern Asia and having glossy green leaves and fragrant white flowers
B) Irritated, bitter, or resentful
C) A term used to describe a baby raised in a gender neutral environment
D) Gossip

Respond with only the letter of your answer (A, B, C, or D).",D,2026-06-12T05:16:19.244472+00:00
373,2,row_172,theybie,General,local_qwen27b,D,,D,True,False,"In the following sentence, what does ""theybie"" mean?
The a couple and their theybie just moved in next door.

Select only one answer.
A) an expression of surprise
B) Something that is reallly good.
C) Short for happening
D) A term used to describe a baby raised in a gender neutral environment

Respond with only the letter of your answer (A, B, C, or D).",D,2026-06-12T05:16:37.300667+00:00
374,2,row_173,Thirsty,Sexual,local_qwen27b,B,D,B,True,False,"In the following sentence, what does ""Thirsty"" mean?
She's lookin real thirsty today.

Select only one answer.
A) something intense, aggressive, and unfiltered
B) Someone who is trying to get sexual attention overtly
C) A term used to describe a baby raised in a gender neutral environment
D) feeling thirst

Respond with only the letter of your answer (A, B, C, or D).",B,2026-06-12T05:16:52.344074+00:00
375,2,row_174,Thot,Sexual,local_qwen27b,D,,D,True,False,"In the following sentence, what does ""Thot"" mean?
I'm gonna dress like a thot tonight.

Select only one answer.
A) Acting crazily
B) To focus on making one as physically attractive as possible
C) Used to refer to the social media platforms one uses
D) Another term that stands for that hoe over there

Respond with only the letter of your answer (A, B, C, or D).",D,2026-06-12T05:17:32.200439+00:00
376,2,row_175,Thrust,General,local_qwen27b,B,C,B,True,False,"In the following sentence, what does ""Thrust"" mean?
Hit the thrust!

Select only one answer.
A) Short for happening
B) A dance move
C) to push or drive with force : shove
D) Short for Bitch

Respond with only the letter of your answer (A, B, C, or D).",B,2026-06-12T05:17:57.036753+00:00
377,2,row_176,toe-cheese,Insult,local_qwen27b,D,,D,True,False,"In the following sentence, what does ""toe-cheese"" mean?
My whole house smells like toe cheese.

Select only one answer.
A) A canister of nitrous oxide
B) to recoil in distaste
C) To keep secretive or obscure
D) Gross buildup between the toes

Respond with only the letter of your answer (A, B, C, or D).",D,2026-06-12T05:18:07.788181+00:00
378,2,row_177,tomdick,Insult,local_qwen27b,D,,D,True,False,"In the following sentence, what does ""tomdick"" mean?
That secratary was a tomdick.

Select only one answer.
A) A significant other
B) Something done regularly
C) Someone who is trying to get sexual attention overtly
D) A commonplace person

Respond with only the letter of your answer (A, B, C, or D).",D,2026-06-12T05:18:54.031208+00:00
379,2,row_178,Touch Grass,General,local_qwen27b,D,,D,True,False,"In the following sentence, what does ""Touch Grass"" mean?
Go out and touch some grass.

Select only one answer.
A) Charisma
B) The videos one find on social media that cause people to scroll and do nothign for hours
C) Main Character - Someone that acts as if they are the star of a story
D) A term used to say that someone is online too much and needs to get back to real life

Respond with only the letter of your answer (A, B, C, or D).",D,2026-06-12T05:19:07.915520+00:00
380,2,row_179,troll,Identity,local_qwen27b,D,A,D,True,False,"In the following sentence, what does ""troll"" mean?
That guy in valorant was a such a troll.

Select only one answer.
A) a dwarf or giant in Scandinavian folklore inhabiting caves or hills
B) One True Pairing
C) Go in 100% on something
D) Someone who deliberatly acts in ways to annoy or anger a group of people online.

Respond with only the letter of your answer (A, B, C, or D).",D,2026-06-12T05:19:28.594794+00:00
381,2,row_180,Tweaking,General,local_qwen27b,B,D,B,True,False,"In the following sentence, what does ""Tweaking"" mean?
Why are you tweaking out?

Select only one answer.
A) A fool or a prick
B) Acting crazily
C) A charismatic, sexy, and quick witted man
D) to make usually small adjustments in or to; especially : fine-tune

Respond with only the letter of your answer (A, B, C, or D).",B,2026-06-12T05:20:03.755203+00:00
382,2,row_181,twoz,Drugs,local_qwen27b,A,,D,False,False,"In the following sentence, what does ""twoz"" mean?
Hey, hand me the twoz joint.

Select only one answer.
A) A canabis based cigarette that needs two paper rolls
B) Someone unappealing
C) an expression of surprise
D) Something untrue or unbeleivable

Respond with only the letter of your answer (A, B, C, or D).",D,2026-06-12T05:21:43.378141+00:00
383,2,row_182,Unc,Insult,local_qwen27b,D,,B,False,False,"In the following sentence, what does ""Unc"" mean?
I'll explain it to you unc.

Select only one answer.
A) A sexual relationship developed from situations without clear future intentions
B) Saying something secretive or to keep low profile
C) To prepare for a fight
D) An older person who is out of touch

Respond with only the letter of your answer (A, B, C, or D).",B,2026-06-12T05:22:28.916080+00:00
384,2,row_183,Understood the assignment,General,local_qwen27b,A,,A,True,False,"In the following sentence, what does ""Understood the assignment"" mean?
All done. Understood the assignment.

Select only one answer.
A) To confim that something was completed to expectation
B) Something really good
C) When something hidden gets called out
D) Cool

Respond with only the letter of your answer (A, B, C, or D).",A,2026-06-12T05:22:42.902975+00:00
385,2,row_184,upper decky,Drugs,local_qwen27b,A,,A,True,False,"In the following sentence, what does ""upper decky"" mean?
Hey bro, can I bum an upper decky zynn?

Select only one answer.
A) A nicotine pouch held between the upper lip and gums
B) A descriptor for an attractive person
C) A person who is very good at spotting a lie
D) to recoil in distaste

Respond with only the letter of your answer (A, B, C, or D).",A,2026-06-12T05:23:02.098999+00:00
386,2,row_185,Vibe,General,local_qwen27b,A,,A,True,False,"In the following sentence, what does ""Vibe"" mean?
I'm just enjoyin the vibe out here.

Select only one answer.
A) The positive or relaxing energy of a place
B) Ending the discussion on a topic
C) Something really good
D) To do something impressive

Respond with only the letter of your answer (A, B, C, or D).",A,2026-06-12T05:23:14.259177+00:00
387,2,row_186,Vibe Check,General,local_qwen27b,C,,C,True,False,"In the following sentence, what does ""Vibe Check"" mean?
Can I get a vibe check?

Select only one answer.
A) To manipulated, trick, or fool someone
B) Delusional
C) To check the mood of a situation
D) To do something impressive

Respond with only the letter of your answer (A, B, C, or D).",C,2026-06-12T05:23:35.354030+00:00
388,2,row_187,wahala,General,local_qwen27b,D,,D,True,False,"In the following sentence, what does ""wahala"" mean?
Please, no wahala.

Select only one answer.
A) To manipulated, trick, or fool someone
B) Someone that is too left leaning politically
C) A hot dog
D) A significant problem

Respond with only the letter of your answer (A, B, C, or D).",D,2026-06-12T05:23:41.238755+00:00
389,2,row_188,waved,Drugs,local_qwen27b,C,B,C,True,False,"In the following sentence, what does ""waved"" mean?
Bro's over on the bench waved out of his mind.

Select only one answer.
A) One True Pairing
B) having a wavelike form or outline
C) To be high or drunk
D) Cool

Respond with only the letter of your answer (A, B, C, or D).",C,2026-06-12T05:24:00.110959+00:00
390,2,row_189,What the sigma,General,local_qwen27b,D,,D,True,False,"In the following sentence, what does ""What the sigma"" mean?
What the sigma? I thought you left?

Select only one answer.
A) When you are outnumbered in a fight and call black people for the win
B) Something done regularly
C) crazy or erratic
D) An expression of disbelief

Respond with only the letter of your answer (A, B, C, or D).",D,2026-06-12T05:24:22.050067+00:00
391,2,row_190,whitney,Drugs,local_qwen27b,C,,C,True,False,"In the following sentence, what does ""whitney"" mean?
Hey man, you got any whitney on you?

Select only one answer.
A) Throwing something
B) The positive or relaxing energy of a place
C) Crack cocaine
D) To mastrubate for extremeely long period regularly

Respond with only the letter of your answer (A, B, C, or D).",C,2026-06-12T05:24:57.233443+00:00
392,2,row_191,Woke,Insult,local_qwen27b,C,,C,True,False,"In the following sentence, what does ""Woke"" mean?
Stop being so woke.

Select only one answer.
A) Used to mock someone who doesnt think for themselves, says things repeatedly, or has no opinions
B) a significant other
C) Someone that is too left leaning politically
D) A kilo of cocaine

Respond with only the letter of your answer (A, B, C, or D).",C,2026-06-12T05:25:22.568401+00:00
393,2,row_192,womp womp,General,local_qwen27b,B,,B,True,False,"In the following sentence, what does ""womp womp"" mean?
I failed that math quiz. Womp womp.

Select only one answer.
A) A person who is very good at spotting a lie
B) An expression of disappointment
C) to aggrivate
D) I just burst out laughing

Respond with only the letter of your answer (A, B, C, or D).",B,2026-06-12T05:25:39.165633+00:00
394,2,row_193,wraparound,General,local_qwen27b,B,A,A,False,True,"In the following sentence, what does ""wraparound"" mean?
I had to pull a wraparound this morning since I left my wallet at the bar.

Select only one answer.
A) made to be wrapped around something and especially the body
B) Someone who is the last person to leave a location and the first to come back in the morning
C) As Fuck
D) An all denim outfit

Respond with only the letter of your answer (A, B, C, or D).",A,2026-06-12T05:27:24.119704+00:00
395,2,row_194,Yapping,Insult,local_qwen27b,C,B,B,False,True,"In the following sentence, what does ""Yapping"" mean?
Stop your yapping and get over here.

Select only one answer.
A) When something hidden gets called out
B) to talk in a shrill insistent way : chatter
C) Talking too much
D) Someone who deliberatly acts in ways to annoy or anger a group of people online.

Respond with only the letter of your answer (A, B, C, or D).",B,2026-06-12T05:28:10.154418+00:00
396,2,row_195,Yeet,General,local_qwen27b,A,,A,True,False,"In the following sentence, what does ""Yeet"" mean?
Think I can make this? Yeet!

Select only one answer.
A) Throwing something
B) A term to support someone going through a gender change.
C) A dance move
D) A rule used by some for dating that refers to someone who is six feet tall, has a 6 figure income, and has six-pack abs

Respond with only the letter of your answer (A, B, C, or D).",A,2026-06-12T05:28:26.568590+00:00
397,2,row_196,ying,Violence,local_qwen27b,A,,A,True,False,"In the following sentence, what does ""ying"" mean?
I'll walk in swinging my ying.

Select only one answer.
A) A knife
B) Weak or effeminate
C) Done or ruined
D) Ending the discussion on a topic

Respond with only the letter of your answer (A, B, C, or D).",A,2026-06-12T05:29:11.879405+00:00
398,2,row_197,yoyo,General,local_qwen27b,A,D,A,True,False,"In the following sentence, what does ""yoyo"" mean?
We've helped you in the past, but yoyo this time.

Select only one answer.
A) You're on Your own
B) Fashionable or stylish
C) A glock pistol
D) a thick grooved double disk with a string attached to its center axle that is made to fall and rise to the hand by unwinding and rewinding on the string

Respond with only the letter of your answer (A, B, C, or D).",A,2026-06-12T05:29:44.301581+00:00
399,2,row_198,Zaddy,Sexual,local_qwen27b,C,,C,True,False,"In the following sentence, what does ""Zaddy"" mean?
I'm meeting up with my zaddy later tonight.

Select only one answer.
A) A term used to describe a baby raised in a gender neutral environment
B) To get arrested
C) An attractive older man
D) To metaphorically die of laughter

Respond with only the letter of your answer (A, B, C, or D).",C,2026-06-12T05:30:00.146556+00:00
400,2,row_199,Zesty,Insult,local_qwen27b,C,D,D,False,True,"In the following sentence, what does ""Zesty"" mean?
He's acting a bit zesty today.

Select only one answer.
A) An incel term meaning kissless, hugless, handholdless virgin
B) To make lifestyle changes to make your life more holistic
C) A man that is feminine in nature
D) having or characterized by zest : appealingly piquant or lively

Respond with only the letter of your answer (A, B, C, or D).",D,2026-06-12T05:30:28.281066+00:00
401,3,row_000,'done,Drugs,local_qwen27b,A,,A,True,False,"In the following sentence, what does ""'done"" mean?
Do you have any of the 'done on you?

Select only one answer.
A) Methodone
B) Something low quality or bad
C) To prepare for a fight
D) A term for friends

Respond with only the letter of your answer (A, B, C, or D).",A,2026-06-12T05:31:08.212754+00:00
402,3,row_001,6-6-6,Identity,local_qwen27b,B,,B,True,False,"In the following sentence, what does ""6-6-6"" mean?
I only date a man who is a 6-6-6.

Select only one answer.
A) An endeering term used towards ones significant other
B) A rule used by some for dating that refers to someone who is six feet tall, has a 6 figure income, and has six-pack abs
C) a significant other
D) Done or ruined

Respond with only the letter of your answer (A, B, C, or D).",B,2026-06-12T05:31:25.191211+00:00
403,3,row_002,AF,General,local_qwen27b,D,,D,True,False,"In the following sentence, what does ""AF"" mean?
Thats cool AF!

Select only one answer.
A) Someone who deliberatly acts in ways to annoy or anger a group of people online.
B) One True Pairing
C) Money
D) As Fuck

Respond with only the letter of your answer (A, B, C, or D).",D,2026-06-12T05:31:32.200018+00:00
404,3,row_003,aggy,Violence,local_qwen27b,B,,B,True,False,"In the following sentence, what does ""aggy"" mean?
Why you so aggy?

Select only one answer.
A) Someone who acts tries to act entertaining and amuzingly relentlessly
B) to aggrivate
C) A fool or a prick
D) used to mock spoiled kids

Respond with only the letter of your answer (A, B, C, or D).",B,2026-06-12T05:32:17.018320+00:00
405,3,row_004,Alpha,Identity,local_qwen27b,B,C,B,True,False,"In the following sentence, what does ""Alpha"" mean?
What an alpha chad.

Select only one answer.
A) Throwing something
B) A strong, leader who commands those around them
C) the 1st letter of the Greek alphabet
D) To keep secretive or obscure

Respond with only the letter of your answer (A, B, C, or D).",B,2026-06-12T05:32:32.777362+00:00
406,3,row_005,ant,Sexual,local_qwen27b,D,A,D,True,False,"In the following sentence, what does ""ant"" mean?
I came across a real ant at the club earlier.

Select only one answer.
A) any of a family (Formicidae) of colonial hymenopterous insects with a complex social organization and various castes performing special duties
B) Down to fuck
C) A man that is feminine in nature
D) A charismatic, sexy, and quick witted man

Respond with only the letter of your answer (A, B, C, or D).",D,2026-06-12T05:33:15.545055+00:00
407,3,row_006,archer,Identity,local_qwen27b,A,D,A,True,False,"In the following sentence, what does ""archer"" mean?
Jim was an archer with her lies.

Select only one answer.
A) A person who is very good at spotting a lie
B) To mastrubate for extremeely long period regularly
C) A type of marijuana
D) a person who uses a bow and arrow

Respond with only the letter of your answer (A, B, C, or D).",A,2026-06-12T05:34:43.999281+00:00
408,3,row_007,ASL,Sexual,local_qwen27b,B,,B,True,False,"In the following sentence, what does ""ASL"" mean?
What's your ASL?

Select only one answer.
A) To confim that something was completed to expectation
B) Age Sex Location
C) Someone who sitts around commenting about others
D) Used to refer to the social media platforms one uses

Respond with only the letter of your answer (A, B, C, or D).",B,2026-06-12T05:34:56.958609+00:00
409,3,row_008,Aura Farming,Identity,local_qwen27b,D,,D,True,False,"In the following sentence, what does ""Aura Farming"" mean?
That skateboard group is trying really hard to aura farm, but its not working.

Select only one answer.
A) Methodone
B) sex
C) To check the mood of a situation
D) Activities that involve cultivating ones Aura

Respond with only the letter of your answer (A, B, C, or D).",D,2026-06-12T05:35:22.238964+00:00
410,3,row_009,babygirl,Sexual,local_qwen27b,B,,B,True,False,"In the following sentence, what does ""babygirl"" mean?
Hey babygirl, whanna metup tonight?

Select only one answer.
A) a bad charisma
B) An endeering term used towards ones significant other
C) Something really good
D) A kilo of cocaine

Respond with only the letter of your answer (A, B, C, or D).",B,2026-06-12T05:35:28.467717+00:00
411,3,row_010,backoff,Sexual,local_qwen27b,C,D,C,True,False,"In the following sentence, what does ""backoff"" mean?
That girl has a fat backoff!

Select only one answer.
A) Another term that stands for that hoe over there
B) A term used to describe a baby raised in a gender neutral environment
C) A large ass that stands out.
D) back down

Respond with only the letter of your answer (A, B, C, or D).",C,2026-06-12T05:35:58.784428+00:00
412,3,row_011,Bae,Sexual,local_qwen27b,C,,C,True,False,"In the following sentence, what does ""Bae"" mean?
She's my bae.

Select only one answer.
A) Short for happening
B) crazy or erratic
C) A significant other
D) Charisma

Respond with only the letter of your answer (A, B, C, or D).",C,2026-06-12T05:36:04.019253+00:00
413,3,row_012,bareface,Identity,local_qwen27b,C,D,C,True,False,"In the following sentence, what does ""bareface"" mean?
I saw a group of barefaces at the store this morning, so I won't be going back.

Select only one answer.
A) sweet talk
B) Down to fuck
C) Someone who refused to wear a mask in covid times.
D) having a clear finish and no nap

Respond with only the letter of your answer (A, B, C, or D).",C,2026-06-12T05:36:20.440625+00:00
414,3,row_013,based,General,local_qwen27b,C,A,C,True,False,"In the following sentence, what does ""based"" mean?
That show was based.

Select only one answer.
A) having a specified type of base or basis —often used in combination
B) Something untrue or unbeleivable
C) An unpopular opinion
D) Used to mock someone who doesnt think for themselves, says things repeatedly, or has no opinions

Respond with only the letter of your answer (A, B, C, or D).",C,2026-06-12T05:36:56.691165+00:00
415,3,row_014,Basic,Identity,local_qwen27b,A,B,A,True,False,"In the following sentence, what does ""Basic"" mean?
Shes so basic.

Select only one answer.
A) Someone that is boring
B) of, relating to, or forming the base or essence : fundamental
C) Poorly dressed
D) Something low quality or bad

Respond with only the letter of your answer (A, B, C, or D).",A,2026-06-12T05:37:16.234048+00:00
416,3,row_015,bb,Sexual,local_qwen27b,C,A,C,True,False,"In the following sentence, what does ""bb"" mean?
Hey bb, lets grab some food.

Select only one answer.
A) a shot pellet 0.18 inch in diameter for use in a shotgun cartridge
B) Someone who prepares for doomsday scenarios
C) A term for baby that people will call their significant other.
D) To make lifestyle changes to make your life more holistic

Respond with only the letter of your answer (A, B, C, or D).",C,2026-06-12T05:37:28.133675+00:00
417,3,row_016,Bet,General,local_qwen27b,B,C,B,True,False,"In the following sentence, what does ""Bet"" mean?
bet, lets go.

Select only one answer.
A) Something ugly or unattractive
B) An affirmative agreement
C) something that is laid, staked, or pledged typically between two parties on the outcome of a contest or a contingent issue : wager —often used figuratively in such phrases as all bets are off to stress the uncertainty of an outcome
D) To win

Respond with only the letter of your answer (A, B, C, or D).",B,2026-06-12T05:37:39.024895+00:00
418,3,row_017,Beta,Identity,local_qwen27b,D,A,D,True,False,"In the following sentence, what does ""Beta"" mean?
The beta's of the world aren't gonna like that.

Select only one answer.
A) the 2nd letter of the Greek alphabet
B) Someone that travels abroad with the sole purpose of having sex
C) A stereotypical alpha male that is strong, handsome, and attracts women.
D) Someone weak or a follower

Respond with only the letter of your answer (A, B, C, or D).",D,2026-06-12T05:37:55.972750+00:00
419,3,row_018,Bih,General,local_qwen27b,A,,A,True,False,"In the following sentence, what does ""Bih"" mean?
Bih, what?

Select only one answer.
A) Short for Bitch
B) A sudden feeling of disguest or repultion towards someone.
C) the playful act of taking a friend's food
D) an expression of surprise

Respond with only the letter of your answer (A, B, C, or D).",A,2026-06-12T05:38:44.977236+00:00
420,3,row_019,bine,Violence,local_qwen27b,D,C,D,True,False,"In the following sentence, what does ""bine"" mean?
Load the nine with ine and selek it.

Select only one answer.
A) A cigarette
B) the playful act of taking a friend's food
C) a twining stem or flexible shoot (as of the hop); also : a plant (such as woodbine) whose shoots are bines
D) bullets

Respond with only the letter of your answer (A, B, C, or D).",D,2026-06-12T05:39:24.214544+00:00
421,3,row_020,blackup,Violence,local_qwen27b,D,,B,False,False,"In the following sentence, what does ""blackup"" mean?
We are outnumbered. Call for black up.

Select only one answer.
A) Sociopath
B) Used to address friends with exasperation, releif, or disbeleif.
C) To express disbelief
D) When you are outnumbered in a fight and call black people for the win

Respond with only the letter of your answer (A, B, C, or D).",B,2026-06-12T05:42:14.827411+00:00
422,3,row_021,Brain Rot,General,local_qwen27b,B,,B,True,False,"In the following sentence, what does ""Brain Rot"" mean?
Kids these days just sit around and watch brain rot.

Select only one answer.
A) A large ass that stands out.
B) The videos one find on social media that cause people to scroll and do nothign for hours
C) A rule used by some for dating that refers to someone who is six feet tall, has a 6 figure income, and has six-pack abs
D) To express excitement or approval for something

Respond with only the letter of your answer (A, B, C, or D).",B,2026-06-12T05:42:28.350148+00:00
423,3,row_022,brizzy,Drugs,local_qwen27b,D,,D,True,False,"In the following sentence, what does ""brizzy"" mean?
Quickly, grab the brizzy.

Select only one answer.
A) to aggrivate
B) sweet talk
C) a live-action role-playing game in which a group of people enacts a fictional scenario (such as a fantasy adventure) in real time typically under the guidance of a facilitator or organizer; also : the activity of participating in such games : larping
D) A kilo of cocaine

Respond with only the letter of your answer (A, B, C, or D).",D,2026-06-12T05:42:59.629039+00:00
424,3,row_023,broomhandle,Violence,local_qwen27b,D,,D,True,False,"In the following sentence, what does ""broomhandle"" mean?
Get your broomhandle, we gotta go.

Select only one answer.
A) Used to mock someone who doesnt think for themselves, says things repeatedly, or has no opinions
B) Someone unappealing
C) To express disappointment dramatically
D) A mauser C96 pistol

Respond with only the letter of your answer (A, B, C, or D).",D,2026-06-12T05:43:26.027205+00:00
425,3,row_024,bruh!,General,local_qwen27b,C,A,C,True,False,"In the following sentence, what does ""bruh!"" mean?
Bruh! What was that?

Select only one answer.
A) brother
B) To be honest about something
C) Used to address friends with exasperation, releif, or disbeleif.
D) Someone who acts tries to act entertaining and amuzingly relentlessly

Respond with only the letter of your answer (A, B, C, or D).",C,2026-06-12T05:43:53.791455+00:00
426,3,row_025,Bruzz,General,local_qwen27b,C,,C,True,False,"In the following sentence, what does ""Bruzz"" mean?
Whats up bruzz?

Select only one answer.
A) Main Character - Someone that acts as if they are the star of a story
B) To stab or shoot
C) A term for friends
D) Someone that travels abroad with the sole purpose of having sex

Respond with only the letter of your answer (A, B, C, or D).",C,2026-06-12T05:44:09.770957+00:00
427,3,row_026,Bussin',General,local_qwen27b,A,,A,True,False,"In the following sentence, what does ""Bussin'"" mean?
This pizza is bussin, on god!

Select only one answer.
A) Very good
B) Used to refer to the social media platforms one uses
C) A cigarette
D) bullets

Respond with only the letter of your answer (A, B, C, or D).",A,2026-06-12T05:44:21.718075+00:00
428,3,row_027,Cake,Sexual,local_qwen27b,C,A,C,True,False,"In the following sentence, what does ""Cake"" mean?
Shes looking real caked up!

Select only one answer.
A) a breadlike food made from a dough or batter that is usually fried or baked in small flat shapes and is often unleavened
B) Something done regularly
C) A reference for ass
D) Something that appears mundane but has hidden potential

Respond with only the letter of your answer (A, B, C, or D).",C,2026-06-12T05:45:04.630043+00:00
429,3,row_028,Cap,General,local_qwen27b,B,D,B,True,False,"In the following sentence, what does ""Cap"" mean?
You're cappin. No way.

Select only one answer.
A) A loss or failure
B) Something untrue or unbeleivable
C) Done or ruined
D) a head covering especially with a visor and no brim

Respond with only the letter of your answer (A, B, C, or D).",B,2026-06-12T05:45:19.519916+00:00
430,3,row_029,Chad,Identity,local_qwen27b,C,A,C,True,False,"In the following sentence, what does ""Chad"" mean?
That was a total chad move.

Select only one answer.
A) small pieces of paper or cardboard produced in punching paper tape or data cards; also : a piece of chad.
B) A near superhuman perfect male
C) A stereotypical alpha male that is strong, handsome, and attracts women.
D) To stab or shoot

Respond with only the letter of your answer (A, B, C, or D).",C,2026-06-12T05:45:36.565524+00:00
431,3,row_030,Chaddam,Identity,local_qwen27b,A,,A,True,False,"In the following sentence, what does ""Chaddam"" mean?
Did you see the chaddam at the restraunt earlier?

Select only one answer.
A) An incel term for an attractive middle eastern man
B) Used to refer to the social media platforms one uses
C) drunk
D) A sexual relationship developed from situations without clear future intentions

Respond with only the letter of your answer (A, B, C, or D).",A,2026-06-12T05:46:56.448715+00:00
432,3,row_031,Chang,Drugs,local_qwen27b,B,,B,True,False,"In the following sentence, what does ""Chang"" mean?
Hey , you got a hookup for chang?

Select only one answer.
A) Someone that tries really hard to impress their crush
B) cocaine
C) An unattractive girl
D) Something that appears mundane but has hidden potential

Respond with only the letter of your answer (A, B, C, or D).",B,2026-06-12T05:47:13.004464+00:00
433,3,row_032,Chat,General,local_qwen27b,A,C,A,True,False,"In the following sentence, what does ""Chat"" mean?
Chat, how does this look?

Select only one answer.
A) To refer to ones imaginary audience like an internet steamer
B) A strong, leader who commands those around them
C) chatter, prattle
D) Someone unappealing

Respond with only the letter of your answer (A, B, C, or D).",A,2026-06-12T05:47:31.913733+00:00
434,3,row_033,Cheeks,General,local_qwen27b,A,D,A,True,False,"In the following sentence, what does ""Cheeks"" mean?
That movie was cheeks.

Select only one answer.
A) Somehting that is poor quality
B) To refer to ones imaginary audience like an internet steamer
C) sex
D) the fleshy side of the face below the eye and above and to the side of the mouth

Respond with only the letter of your answer (A, B, C, or D).",A,2026-06-12T05:48:11.642112+00:00
435,3,row_034,chenta,Insult,local_qwen27b,A,,A,True,False,"In the following sentence, what does ""chenta"" mean?
You are looking really chenta.

Select only one answer.
A) Something ugly or unattractive
B) Used to refer to the social media platforms one uses
C) To make a jawline more defined
D) a significant other

Respond with only the letter of your answer (A, B, C, or D).",A,2026-06-12T05:48:42.692157+00:00
436,3,row_035,cheugy,Insult,local_qwen27b,B,,B,True,False,"In the following sentence, what does ""cheugy"" mean?
That girl had such a cheugy outfit.

Select only one answer.
A) the playful act of taking a friend's food
B) Somehting uncool or unfashionable
C) An unattractive girl
D) a significant other

Respond with only the letter of your answer (A, B, C, or D).",B,2026-06-12T05:49:00.207924+00:00
437,3,row_036,chi-mo,Identity,local_qwen27b,B,,D,False,False,"In the following sentence, what does ""chi-mo"" mean?
Go fuck that chi-mo up.

Select only one answer.
A) To metaphorically die of laughter
B) A chlid molestor
C) To mastrubate for extremeely long period regularly
D) Someone weak or a follower

Respond with only the letter of your answer (A, B, C, or D).",D,2026-06-12T05:49:24.666153+00:00
438,3,row_037,Chungus,General,local_qwen27b,C,,C,True,False,"In the following sentence, what does ""Chungus"" mean?
Thats a very chungus pizza.

Select only one answer.
A) A submissive male that is often outside of traditional social hierarchies
B) A person who is very good at spotting a lie
C) Something that is adorably and chunky
D) Something that appears mundane but has hidden potential

Respond with only the letter of your answer (A, B, C, or D).",C,2026-06-12T05:49:34.355282+00:00
439,3,row_038,Clocked,Violence,local_qwen27b,D,A,D,True,False,"In the following sentence, what does ""Clocked"" mean?
He totally clocked that guy.

Select only one answer.
A) to time with a stopwatch or by an electric timing device
B) Age Sex Location
C) Cancer
D) When something hidden gets called out

Respond with only the letter of your answer (A, B, C, or D).",D,2026-06-12T05:49:56.667934+00:00
440,3,row_039,Cooked,General,local_qwen27b,C,B,C,True,False,"In the following sentence, what does ""Cooked"" mean?
You're cooked

Select only one answer.
A) An incel term meaning kissless, hugless, handholdless virgin
B) past tense and past participle of cook
C) Done or ruined
D) Something that is reallly good.

Respond with only the letter of your answer (A, B, C, or D).",C,2026-06-12T05:50:14.746927+00:00
441,3,row_040,coota suit,Identity,local_qwen27b,B,,B,True,False,"In the following sentence, what does ""coota suit"" mean?
Im gonna hit the town in my coota suit.

Select only one answer.
A) crazy or erratic
B) An all denim outfit
C) Ending the discussion on a topic
D) Something that is better then everything else

Respond with only the letter of your answer (A, B, C, or D).",B,2026-06-12T05:50:41.104570+00:00
442,3,row_041,Crashout,General,local_qwen27b,C,A,C,True,False,"In the following sentence, what does ""Crashout"" mean?
Jen had a total crashout after her breakup

Select only one answer.
A) a vehicular crash
B) A submissive male that is often outside of traditional social hierarchies
C) An emotional meltdown
D) Go in 100% on something

Respond with only the letter of your answer (A, B, C, or D).",C,2026-06-12T05:51:12.861786+00:00
443,3,row_042,Cringe,General,local_qwen27b,B,,B,True,False,"In the following sentence, what does ""Cringe"" mean?
Did you hear that pickup line? It was totally cringe!

Select only one answer.
A) bullets
B) to recoil in distaste
C) Someone that is boring
D) To stab or shoot

Respond with only the letter of your answer (A, B, C, or D).",B,2026-06-12T05:51:23.337777+00:00
444,3,row_043,crower,Insult,local_qwen27b,A,,A,True,False,"In the following sentence, what does ""crower"" mean?
Stop sitting around and being a crower

Select only one answer.
A) Someone who sitts around commenting about others
B) A man that takes care of children
C) A sexual relationship developed from situations without clear future intentions
D) Down to fuck

Respond with only the letter of your answer (A, B, C, or D).",A,2026-06-12T05:52:00.018032+00:00
445,3,row_044,cuck,Insult,local_qwen27b,C,B,B,False,True,"In the following sentence, what does ""cuck"" mean?
That guy must be a cuck letting his wife talk to others like that.

Select only one answer.
A) A reaction to something uncomfortable
B) a man whose wife is unfaithful : cuckold
C) A term for someone that enjoys watching their wife have sex with another man
D) Someone that travels abroad with the sole purpose of having sex

Respond with only the letter of your answer (A, B, C, or D).",B,2026-06-12T05:52:39.646878+00:00
446,3,row_045,d-low,General,local_qwen27b,A,,A,True,False,"In the following sentence, what does ""d-low"" mean?
Keep it on the d-low, okay?

Select only one answer.
A) To keep secretive or obscure
B) An insult saying that the problem is due to lack of skill rather then luck
C) To do something impressive
D) Somehting that is poor quality

Respond with only the letter of your answer (A, B, C, or D).",A,2026-06-12T05:52:53.981579+00:00
447,3,row_046,daggers,General,local_qwen27b,A,C,A,True,False,"In the following sentence, what does ""daggers"" mean?
Lets hit the dance floor and do the start daggering.

Select only one answer.
A) A provocative dance
B) Someone that is boring
C) a sharp pointed knife for stabbing
D) An older person who is out of touch

Respond with only the letter of your answer (A, B, C, or D).",A,2026-06-12T05:53:12.915627+00:00
448,3,row_047,Ded,General,local_qwen27b,A,,A,True,False,"In the following sentence, what does ""Ded"" mean?
I'm ded

Select only one answer.
A) To metaphorically die of laughter
B) A man that takes care of children
C) To express excitement or approval for something
D) Something that is messed up or not right.

Respond with only the letter of your answer (A, B, C, or D).",A,2026-06-12T05:53:32.140904+00:00
449,3,row_048,Delulu,General,local_qwen27b,A,,A,True,False,"In the following sentence, what does ""Delulu"" mean?
I'm feeling delulu after that show.

Select only one answer.
A) Delusional
B) Something ugly or unattractive
C) A sexual relationship developed from situations without clear future intentions
D) A knife

Respond with only the letter of your answer (A, B, C, or D).",A,2026-06-12T05:53:46.095873+00:00
450,3,row_049,Dog water,Insult,local_qwen27b,B,,B,True,False,"In the following sentence, what does ""Dog water"" mean?
You are playing like dog water.

Select only one answer.
A) Something that is messed up or not right.
B) Something low quality or bad
C) A loud and messy conflict
D) A man that is feminine in nature

Respond with only the letter of your answer (A, B, C, or D).",B,2026-06-12T05:54:06.328524+00:00
451,3,row_050,doommaxxing,Identity,local_qwen27b,D,,D,True,False,"In the following sentence, what does ""doommaxxing"" mean?
I'm just gonna be doommaxxing all weekend.

Select only one answer.
A) bullets
B) An attractive older man
C) The videos one find on social media that cause people to scroll and do nothign for hours
D) The abandonment of responsibilities

Respond with only the letter of your answer (A, B, C, or D).",D,2026-06-12T05:54:53.761375+00:00
452,3,row_051,Dope,General,local_qwen27b,A,C,A,True,False,"In the following sentence, what does ""Dope"" mean?
That car is dope.

Select only one answer.
A) Cool
B) A term of endearment for a significant other
C) a stupid person
D) One True Pairing

Respond with only the letter of your answer (A, B, C, or D).",A,2026-06-12T05:55:15.971142+00:00
453,3,row_052,Drip,Identity,local_qwen27b,D,A,D,True,False,"In the following sentence, what does ""Drip"" mean?
How is the drip?

Select only one answer.
A) to let fall in drops
B) A homosexual cowboy
C) Down to fuck
D) Stylish or flashy outfit style

Respond with only the letter of your answer (A, B, C, or D).",D,2026-06-12T05:55:31.878886+00:00
454,3,row_053,DTF,Sexual,local_qwen27b,A,,A,True,False,"In the following sentence, what does ""DTF"" mean?
She was totally DTF after the first date.

Select only one answer.
A) Down to fuck
B) An unattractive girl
C) A loss or failure
D) Something that is reallly good.

Respond with only the letter of your answer (A, B, C, or D).",A,2026-06-12T05:55:43.828761+00:00
455,3,row_054,dubs,General,local_qwen27b,D,C,D,True,False,"In the following sentence, what does ""dubs"" mean?
Take home the dubs!

Select only one answer.
A) sweet talk
B) Something that is better then everything else
C) to add (sound effects or new dialogue) to a film or to a radio or television production —usually used with in
D) To win

Respond with only the letter of your answer (A, B, C, or D).",D,2026-06-12T05:56:09.805124+00:00
456,3,row_055,epi,General,local_qwen27b,B,,B,True,False,"In the following sentence, what does ""epi"" mean?
Watch out, hes going through an epi.

Select only one answer.
A) Activities that involve cultivating ones Aura
B) Epileptic fit from a synthetic canabis
C) To be high or drunk
D) To metaphorically die of laughter

Respond with only the letter of your answer (A, B, C, or D).",B,2026-06-12T05:56:44.657741+00:00
457,3,row_056,F,General,local_qwen27b,D,B,D,True,False,"In the following sentence, what does ""F"" mean?
I almost had that one. F.

Select only one answer.
A) To tie up an arm to isolate a vein for injecting a drug
B) the 6th letter of the English alphabet
C) the playful act of taking a friend's food
D) To give sympathy or signify a failure

Respond with only the letter of your answer (A, B, C, or D).",D,2026-06-12T05:57:03.028522+00:00
458,3,row_057,Fanum Tax,General,local_qwen27b,A,,A,True,False,"In the following sentence, what does ""Fanum Tax"" mean?
I was at dinner with my girl and she fanum taxed me.

Select only one answer.
A) the playful act of taking a friend's food
B) To check the mood of a situation
C) Main Character - Someone that acts as if they are the star of a story
D) A cigarette

Respond with only the letter of your answer (A, B, C, or D).",A,2026-06-12T05:57:25.984761+00:00
459,3,row_058,FBOI,Sexual,local_qwen27b,A,,A,True,False,"In the following sentence, what does ""FBOI"" mean?
She just needs a FBOI to gegt out of her slump.

Select only one answer.
A) Fuckboy, someone just looking for sex
B) A sudden feeling of disguest or repultion towards someone.
C) A homosexual cowboy
D) Something that is better then everything else

Respond with only the letter of your answer (A, B, C, or D).",A,2026-06-12T05:57:56.455765+00:00
460,3,row_059,Fire,General,local_qwen27b,D,B,D,True,False,"In the following sentence, what does ""Fire"" mean?
That game war fire!

Select only one answer.
A) Someone that tries really hard to impress their crush
B) the phenomenon of combustion manifested in light, flame, and heat
C) To keep secretive or obscure
D) Something really good

Respond with only the letter of your answer (A, B, C, or D).",D,2026-06-12T05:58:11.667511+00:00
461,3,row_060,Flex,General,local_qwen27b,A,D,A,True,False,"In the following sentence, what does ""Flex"" mean?
Vinny with the car flex.

Select only one answer.
A) To show off
B) Talking too much
C) An unpopular opinion
D) to bend especially repeatedly

Respond with only the letter of your answer (A, B, C, or D).",A,2026-06-12T05:58:28.087414+00:00
462,3,row_061,foid,Insult,local_qwen27b,C,,C,True,False,"In the following sentence, what does ""foid"" mean?
Their was this group of foids at the store earlier, I couldn't satnd them!

Select only one answer.
A) Used to refer to the social media platforms one uses
B) to aggrivate
C) A term used by incels to refer to women in a way that dehumanizes them.
D) The vagina

Respond with only the letter of your answer (A, B, C, or D).",C,2026-06-12T05:59:00.817269+00:00
463,3,row_062,Fuckboy,Sexual,local_qwen27b,C,,C,True,False,"In the following sentence, what does ""Fuckboy"" mean?
That guy gave off total fuckboy energy.

Select only one answer.
A) An insult saying that the problem is due to lack of skill rather then luck
B) A fool or a prick
C) Fuckboy, someone just looking for sex
D) An all denim outfit

Respond with only the letter of your answer (A, B, C, or D).",C,2026-06-12T05:59:15.426962+00:00
464,3,row_063,fuckwhistle,Insult,local_qwen27b,D,,B,False,False,"In the following sentence, what does ""fuckwhistle"" mean?
Get out of here you fuckwhistle!

Select only one answer.
A) Crack cocaine
B) Someone who acts tries to act entertaining and amuzingly relentlessly
C) Someone that tries really hard to impress their crush
D) An insulting term to refer to someone as stupid

Respond with only the letter of your answer (A, B, C, or D).",B,2026-06-12T05:59:48.574325+00:00
465,3,row_064,Full send,General,local_qwen27b,D,,D,True,False,"In the following sentence, what does ""Full send"" mean?
I'm about to full send on this test!

Select only one answer.
A) An unpopular opinion
B) to recoil in distaste
C) Saying something secretive or to keep low profile
D) Go in 100% on something

Respond with only the letter of your answer (A, B, C, or D).",D,2026-06-12T06:00:03.406034+00:00
466,3,row_065,FWB,Sexual,local_qwen27b,B,,B,True,False,"In the following sentence, what does ""FWB"" mean?
Yea, we started a FWB sort of thing.

Select only one answer.
A) To express disappointment dramatically
B) Friends with benefits
C) A fool or a prick
D) when a reply gets more than the original post

Respond with only the letter of your answer (A, B, C, or D).",B,2026-06-12T06:00:08.762039+00:00
467,3,row_066,G-wagon,General,local_qwen27b,C,,C,True,False,"In the following sentence, what does ""G-wagon"" mean?
Yo, check out that g-wagon!

Select only one answer.
A) To express disappointment dramatically
B) Someone who is the last person to leave a location and the first to come back in the morning
C) Mercedes Benz G class
D) An incel term meaning kissless, hugless, handholdless virgin

Respond with only the letter of your answer (A, B, C, or D).",C,2026-06-12T06:00:35.040020+00:00
468,3,row_067,gabadost,Identity,local_qwen27b,A,,B,False,False,"In the following sentence, what does ""gabadost"" mean?
Did you even listen to me? Gabadost!

Select only one answer.
A) Someone who is very stubborn
B) A distinct trait, style, or outfit, often used in drag culture
C) A term used to describe a baby raised in a gender neutral environment
D) A provocative dance

Respond with only the letter of your answer (A, B, C, or D).",B,2026-06-12T06:02:58.280856+00:00
469,3,row_068,Giga Chad,Identity,local_qwen27b,C,,C,True,False,"In the following sentence, what does ""Giga Chad"" mean?
Did you see how he lifted that? What a giga chad.

Select only one answer.
A) To check the mood of a situation
B) An emotional meltdown
C) A near superhuman perfect male
D) A term to support someone going through a gender change.

Respond with only the letter of your answer (A, B, C, or D).",C,2026-06-12T06:03:15.657417+00:00
470,3,row_069,Glazing,Insult,local_qwen27b,C,D,C,True,False,"In the following sentence, what does ""Glazing"" mean?
Stop glazing over One Piece, its not that good.

Select only one answer.
A) A cigarette
B) Someone who is the last person to leave a location and the first to come back in the morning
C) Someone that is too much of a fan of something
D) the action, process, or trade of fitting windows with glass

Respond with only the letter of your answer (A, B, C, or D).",C,2026-06-12T06:03:30.756996+00:00
471,3,row_070,Glee,Violence,local_qwen27b,B,C,B,True,False,"In the following sentence, what does ""Glee"" mean?
Grab your glee and get outta here!

Select only one answer.
A) A dance move
B) A glock pistol
C) exultant high-spirited joy : merriment
D) Gossip

Respond with only the letter of your answer (A, B, C, or D).",B,2026-06-12T06:06:23.479811+00:00
472,3,row_071,glitter,Identity,local_qwen27b,A,D,D,False,True,"In the following sentence, what does ""glitter"" mean?
Go out htere and glittter!

Select only one answer.
A) A term to support someone going through a gender change.
B) something intense, aggressive, and unfiltered
C) Sociopath
D) to shine by reflection with many small flashes of brilliant light : sparkle

Respond with only the letter of your answer (A, B, C, or D).",D,2026-06-12T06:06:48.767381+00:00
473,3,row_072,glizzy,General,local_qwen27b,D,,D,True,False,"In the following sentence, what does ""glizzy"" mean?
Hey, lets grab some costco glizzys before we go.

Select only one answer.
A) Irritated, bitter, or resentful
B) Something very good
C) A kilo of cocaine
D) A hot dog

Respond with only the letter of your answer (A, B, C, or D).",D,2026-06-12T06:07:21.275158+00:00
474,3,row_073,Goated,General,local_qwen27b,B,,B,True,False,"In the following sentence, what does ""Goated"" mean?
That play was goated

Select only one answer.
A) A charismatic, sexy, and quick witted man
B) The greatest of all time
C) Something done regularly
D) Someone who sitts around commenting about others

Respond with only the letter of your answer (A, B, C, or D).",B,2026-06-12T06:07:43.483217+00:00
475,3,row_074,Gooning,Sexual,local_qwen27b,B,,B,True,False,"In the following sentence, what does ""Gooning"" mean?
He looks like he was gooning all break

Select only one answer.
A) An independent, strong person
B) Prolonged masturbation
C) To do something impressive
D) Someone who is trying to get sexual attention overtly

Respond with only the letter of your answer (A, B, C, or D).",B,2026-06-12T06:08:12.038971+00:00
476,3,row_075,goonmaxxing,Identity,local_qwen27b,D,,D,True,False,"In the following sentence, what does ""goonmaxxing"" mean?
He's been spending all summer goonmaxxing in his room

Select only one answer.
A) A chlid molestor
B) Something low quality or bad
C) A nicotine pouch held between the upper lip and gums
D) To mastrubate for extremeely long period regularly

Respond with only the letter of your answer (A, B, C, or D).",D,2026-06-12T06:08:36.196374+00:00
477,3,row_076,gouda,General,local_qwen27b,B,A,A,False,True,"In the following sentence, what does ""gouda"" mean?
Stop being so gouda.

Select only one answer.
A) a mild cheese of Dutch origin that is similar to Edam but contains more fat
B) Someone unappealing
C) A kilo of cocaine
D) A type of marijuana

Respond with only the letter of your answer (A, B, C, or D).",A,2026-06-12T06:09:33.757837+00:00
478,3,row_077,greazy,Insult,local_qwen27b,D,,D,True,False,"In the following sentence, what does ""greazy"" mean?
You lookin greazy today.

Select only one answer.
A) An affirmative agreement
B) A term to support someone going through a gender change.
C) A sexual relationship developed from situations without clear future intentions
D) Poorly dressed

Respond with only the letter of your answer (A, B, C, or D).",D,2026-06-12T06:11:29.698413+00:00
479,3,row_078,Griddy,General,local_qwen27b,D,,D,True,False,"In the following sentence, what does ""Griddy"" mean?
Hit the griddy!

Select only one answer.
A) A term used to describe a baby raised in a gender neutral environment
B) A canabis based cigarette that needs two paper rolls
C) A person who is very good at spotting a lie
D) A dance move

Respond with only the letter of your answer (A, B, C, or D).",D,2026-06-12T06:11:39.409635+00:00
480,3,row_079,grips up,Violence,local_qwen27b,A,,B,False,False,"In the following sentence, what does ""grips up"" mean?
grips up, we gotta head out.

Select only one answer.
A) To prepare for a fight
B) To check the mood of a situation
C) A fool or a prick
D) To express disappointment dramatically

Respond with only the letter of your answer (A, B, C, or D).",B,2026-06-12T06:12:18.693502+00:00
481,3,row_080,Gyatt,General,local_qwen27b,B,,B,True,False,"In the following sentence, what does ""Gyatt"" mean?
Oh, my gyatt, I really wanna see you.

Select only one answer.
A) To be honest about something
B) an expression of surprise
C) Someone that is too much of a fan of something
D) An insult saying that the problem is due to lack of skill rather then luck

Respond with only the letter of your answer (A, B, C, or D).",B,2026-06-12T06:12:38.052601+00:00
482,3,row_081,haps,General,local_qwen27b,A,,B,False,False,"In the following sentence, what does ""haps"" mean?
haps tonight?

Select only one answer.
A) Short for happening
B) A sexual relationship developed from situations without clear future intentions
C) Ending the discussion on a topic
D) A charismatic, sexy, and quick witted man

Respond with only the letter of your answer (A, B, C, or D).",B,2026-06-12T06:13:10.297209+00:00
483,3,row_082,hem up,General,local_qwen27b,C,,A,False,False,"In the following sentence, what does ""hem up"" mean?
Bro, don't hem up.

Select only one answer.
A) Somehting uncool or unfashionable
B) Someone who is very stubborn
C) To get arrested
D) A term used to describe a baby raised in a gender neutral environment

Respond with only the letter of your answer (A, B, C, or D).",A,2026-06-12T06:13:49.288768+00:00
484,3,row_083,highkey,General,local_qwen27b,A,C,A,True,False,"In the following sentence, what does ""highkey"" mean?
Highkey, this place is great!

Select only one answer.
A) intensely and openely say something true
B) A canabis based cigarette that needs two paper rolls
C) having or producing light tones only with little contrast —used of a photographic print or subject or of the lighting of a photographic subject
D) A loss or failure

Respond with only the letter of your answer (A, B, C, or D).",A,2026-06-12T06:14:18.167967+00:00
485,3,row_084,Hits different,General,local_qwen27b,D,,D,True,False,"In the following sentence, what does ""Hits different"" mean?
This hot dog hits different.

Select only one answer.
A) A term used by incels to refer to women in a way that dehumanizes them.
B) To win
C) Short for Bitch
D) Something very good

Respond with only the letter of your answer (A, B, C, or D).",D,2026-06-12T06:14:33.424703+00:00
486,3,row_085,Ick,Insult,local_qwen27b,D,,D,True,False,"In the following sentence, what does ""Ick"" mean?
His hairdue gave me the ick.

Select only one answer.
A) Someone who refused to wear a mask in covid times.
B) A submissive male that is often outside of traditional social hierarchies
C) A term for friends
D) A sudden feeling of disguest or repultion towards someone.

Respond with only the letter of your answer (A, B, C, or D).",D,2026-06-12T06:14:43.328449+00:00
487,3,row_086,IJBOL,General,local_qwen27b,A,,A,True,False,"In the following sentence, what does ""IJBOL"" mean?
That was aso funny. IJBOL!

Select only one answer.
A) I just burst out laughing
B) A near superhuman perfect male
C) Someone that tries really hard to impress their crush
D) A reaction to something uncomfortable

Respond with only the letter of your answer (A, B, C, or D).",A,2026-06-12T06:15:04.312650+00:00
488,3,row_087,Ipad Kid,General,local_qwen27b,D,,D,True,False,"In the following sentence, what does ""Ipad Kid"" mean?
They are just a bunch of Ipad kids.

Select only one answer.
A) a significant other
B) To keep secretive or obscure
C) Someone who is the last person to leave a location and the first to come back in the morning
D) used to mock spoiled kids

Respond with only the letter of your answer (A, B, C, or D).",D,2026-06-12T06:15:36.647234+00:00
489,3,row_088,Jebaited,General,local_qwen27b,D,,D,True,False,"In the following sentence, what does ""Jebaited"" mean?
Get jebaited!

Select only one answer.
A) To keep secretive or obscure
B) the playful act of taking a friend's food
C) An endeering term used towards ones significant other
D) To manipulated, trick, or fool someone

Respond with only the letter of your answer (A, B, C, or D).",D,2026-06-12T06:15:54.016626+00:00
490,3,row_089,jestermaxxing,Identity,local_qwen27b,D,,D,True,False,"In the following sentence, what does ""jestermaxxing"" mean?
Tommy's jestermaxxing in class just to annoy the teacher.

Select only one answer.
A) the playful act of taking a friend's food
B) Someone acting aggressively and out of control
C) Another term that stands for that hoe over there
D) Someone who acts tries to act entertaining and amuzingly relentlessly

Respond with only the letter of your answer (A, B, C, or D).",D,2026-06-12T06:16:17.713673+00:00
491,3,row_090,Jit,Insult,local_qwen27b,C,,C,True,False,"In the following sentence, what does ""Jit"" mean?
Who is this jit?

Select only one answer.
A) A canister of nitrous oxide
B) To express disbelief
C) Someone younger
D) drunk

Respond with only the letter of your answer (A, B, C, or D).",C,2026-06-12T06:16:35.130454+00:00
492,3,row_091,K.Y. cowboy,Insult,local_qwen27b,D,,D,True,False,"In the following sentence, what does ""K.Y. cowboy"" mean?
Stop being such a K.Y. cowboy.

Select only one answer.
A) Something that is better then everything else
B) Someone that travels abroad with the sole purpose of having sex
C) A descriptor for an attractive person
D) A homosexual cowboy

Respond with only the letter of your answer (A, B, C, or D).",D,2026-06-12T06:18:12.454727+00:00
493,3,row_092,keep it 100,General,local_qwen27b,C,,C,True,False,"In the following sentence, what does ""keep it 100"" mean?
Keep it 100, dod you see her last night?

Select only one answer.
A) An expression of disbelief
B) To mastrubate for extremeely long period regularly
C) To be honest about something
D) Saying something secretive or to keep low profile

Respond with only the letter of your answer (A, B, C, or D).",C,2026-06-12T06:18:29.892115+00:00
494,3,row_093,KHHV,Insult,local_qwen27b,A,,A,True,False,"In the following sentence, what does ""KHHV"" mean?
Looks like a total KHHV.

Select only one answer.
A) An incel term meaning kissless, hugless, handholdless virgin
B) A descriptor for an attractive person
C) Nonsensical term
D) Someone that travels abroad with the sole purpose of having sex

Respond with only the letter of your answer (A, B, C, or D).",A,2026-06-12T06:18:46.991730+00:00
495,3,row_094,knot off,Drugs,local_qwen27b,A,,A,True,False,"In the following sentence, what does ""knot off"" mean?
Get ready to knot off, I have the H.

Select only one answer.
A) To tie up an arm to isolate a vein for injecting a drug
B) Delusional
C) To metaphorically die of laughter
D) A kilo of cocaine

Respond with only the letter of your answer (A, B, C, or D).",A,2026-06-12T06:19:52.120798+00:00
496,3,row_095,kweff,Violence,local_qwen27b,C,,C,True,False,"In the following sentence, what does ""kweff"" mean?
Lock, aim, and kweff.

Select only one answer.
A) To manipulated, trick, or fool someone
B) The positive or relaxing energy of a place
C) To stab or shoot
D) Throwing something

Respond with only the letter of your answer (A, B, C, or D).",C,2026-06-12T06:20:16.348521+00:00
497,3,row_096,L,General,local_qwen27b,C,A,C,True,False,"In the following sentence, what does ""L"" mean?
We took the L at the basketball match.

Select only one answer.
A) the 12th letter of the English alphabet
B) Delusional
C) A loss or failure
D) A mauser C96 pistol

Respond with only the letter of your answer (A, B, C, or D).",C,2026-06-12T06:20:26.373964+00:00
498,3,row_097,lacag,General,local_qwen27b,B,,B,True,False,"In the following sentence, what does ""lacag"" mean?
I'll be out making lacag.

Select only one answer.
A) Someone who is the last person to leave a location and the first to come back in the morning
B) Money
C) Talking too much
D) Something really good

Respond with only the letter of your answer (A, B, C, or D).",B,2026-06-12T06:21:45.056439+00:00
499,3,row_098,larp,General,local_qwen27b,D,,D,True,False,"In the following sentence, what does ""larp"" mean?
I went to a LARP at the park this weekend.

Select only one answer.
A) intensely and openely say something true
B) A person who is very good at spotting a lie
C) A dance move
D) a live-action role-playing game in which a group of people enacts a fictional scenario (such as a fantasy adventure) in real time typically under the guidance of a facilitator or organizer; also : the activity of participating in such games : larping

Respond with only the letter of your answer (A, B, C, or D).",D,2026-06-12T06:21:55.019268+00:00
500,3,row_099,lewk,General,local_qwen27b,C,,C,True,False,"In the following sentence, what does ""lewk"" mean?
Jim is using his signature lewk tonight.

Select only one answer.
A) Someone who acts tries to act entertaining and amuzingly relentlessly
B) Main Character - Someone that acts as if they are the star of a story
C) A distinct trait, style, or outfit, often used in drag culture
D) A dance move

Respond with only the letter of your answer (A, B, C, or D).",C,2026-06-12T06:22:28.014321+00:00
501,3,row_100,lidge,General,local_qwen27b,B,,D,False,False,"In the following sentence, what does ""lidge"" mean?
I'm gettin money lidge.

Select only one answer.
A) An insult saying that the problem is due to lack of skill rather then luck
B) A criminal that turned their life arpound and are legitimate
C) Gross buildup between the toes
D) Someone who is trying to get sexual attention overtly

Respond with only the letter of your answer (A, B, C, or D).",D,2026-06-12T06:22:57.241059+00:00
502,3,row_101,lifemaxxing,Identity,local_qwen27b,A,,A,True,False,"In the following sentence, what does ""lifemaxxing"" mean?
Shes's reallly been trying to lifemax these past few months.

Select only one answer.
A) To make lifestyle changes to make your life more holistic
B) A commonplace person
C) A nicotine pouch held between the upper lip and gums
D) Main Character - Someone that acts as if they are the star of a story

Respond with only the letter of your answer (A, B, C, or D).",A,2026-06-12T06:23:18.300876+00:00
503,3,row_102,looksmaxxing,Identity,local_qwen27b,C,,C,True,False,"In the following sentence, what does ""looksmaxxing"" mean?
The looksmaxxing community

Select only one answer.
A) A loss or failure
B) A homosexual cowboy
C) To focus on making one as physically attractive as possible
D) someone that looks ordinary but is actually very strong

Respond with only the letter of your answer (A, B, C, or D).",C,2026-06-12T06:23:43.455676+00:00
504,3,row_103,lotion,General,local_qwen27b,D,A,D,True,False,"In the following sentence, what does ""lotion"" mean?
Lemme go lotion her up for you.

Select only one answer.
A) a liquid preparation for cosmetic or external medicinal use
B) To be fierce and unapologetic withing a social situation
C) Done or ruined
D) sweet talk

Respond with only the letter of your answer (A, B, C, or D).",D,2026-06-12T06:24:20.585734+00:00
505,3,row_104,Low Key,General,local_qwen27b,B,A,B,True,False,"In the following sentence, what does ""Low Key"" mean?
Low key, I want some ice cream.

Select only one answer.
A) having or producing dark tones only with little contrast
B) Saying something secretive or to keep low profile
C) An endeering term used towards ones significant other
D) An emotional meltdown

Respond with only the letter of your answer (A, B, C, or D).",B,2026-06-12T06:24:40.597902+00:00
506,3,row_105,main character,General,local_qwen27b,B,,B,True,False,"In the following sentence, what does ""main character"" mean?
You give off main character energy.

Select only one answer.
A) A canister of nitrous oxide
B) Main Character - Someone that acts as if they are the star of a story
C) The abandonment of responsibilities
D) Someone who deliberatly acts in ways to annoy or anger a group of people online.

Respond with only the letter of your answer (A, B, C, or D).",B,2026-06-12T06:24:56.368246+00:00
507,3,row_106,manny,Insult,local_qwen27b,C,,C,True,False,"In the following sentence, what does ""manny"" mean?
Look at the guy, he's just a manny.

Select only one answer.
A) A fashionable look
B) Something suspicious
C) A man that takes care of children
D) To express disappointment dramatically

Respond with only the letter of your answer (A, B, C, or D).",C,2026-06-12T06:25:10.670233+00:00
508,3,row_107,mascara,Sexual,local_qwen27b,A,B,B,False,True,"In the following sentence, what does ""mascara"" mean?
I lost my mascara for 5 years, but then I found it again, and I love it even more now.

Select only one answer.
A) A term to discuss sexual experiences
B) a cosmetic especially for making the eyelashes darker and more prominent
C) Something that is reallly good.
D) A chlid molestor

Respond with only the letter of your answer (A, B, C, or D).",B,2026-06-12T06:25:24.221298+00:00
509,3,row_108,Mewing,Identity,local_qwen27b,A,C,A,True,False,"In the following sentence, what does ""Mewing"" mean?
You've gotta start mewing to increase your status in society.

Select only one answer.
A) To make a jawline more defined
B) an expression of surprise
C) to utter a mew or similar sound
D) Saying something secretive or to keep low profile

Respond with only the letter of your answer (A, B, C, or D).",A,2026-06-12T06:25:46.089743+00:00
510,3,row_109,Mid,General,local_qwen27b,B,,B,True,False,"In the following sentence, what does ""Mid"" mean?
That was a mid burger.

Select only one answer.
A) A large ass that stands out.
B) Mediocre
C) Used to mock someone who doesnt think for themselves, says things repeatedly, or has no opinions
D) An all denim outfit

Respond with only the letter of your answer (A, B, C, or D).",B,2026-06-12T06:26:01.637131+00:00
511,3,row_110,minghiun,Insult,local_qwen27b,C,,C,True,False,"In the following sentence, what does ""minghiun"" mean?
Stop being a minghiun.

Select only one answer.
A) A canister of nitrous oxide
B) To show off
C) A fool or a prick
D) intensely and openely say something true

Respond with only the letter of your answer (A, B, C, or D).",C,2026-06-12T06:29:42.418832+00:00
512,3,row_111,nang,Drugs,local_qwen27b,A,,A,True,False,"In the following sentence, what does ""nang"" mean?
Dude, grab the nang, I wanna feel free.

Select only one answer.
A) A canister of nitrous oxide
B) A strong, leader who commands those around them
C) To make lifestyle changes to make your life more holistic
D) A man that is feminine in nature

Respond with only the letter of your answer (A, B, C, or D).",A,2026-06-12T06:30:03.836005+00:00
513,3,row_112,Negative Aura,Insult,local_qwen27b,C,,C,True,False,"In the following sentence, what does ""Negative Aura"" mean?
She's giving off negative aura.

Select only one answer.
A) Someone who sitts around commenting about others
B) Used to refer to the social media platforms one uses
C) a bad charisma
D) Something that is adorably and chunky

Respond with only the letter of your answer (A, B, C, or D).",C,2026-06-12T06:30:28.399654+00:00
514,3,row_113,Netflix and Chill,Sexual,local_qwen27b,A,,A,True,False,"In the following sentence, what does ""Netflix and Chill"" mean?
Wanna come back to my place and Netflix and Chill?

Select only one answer.
A) A term for bringing someone over to watch some netflix and then have sex.
B) A stereotypical alpha male that is strong, handsome, and attracts women.
C) Short for happening
D) The anus

Respond with only the letter of your answer (A, B, C, or D).",A,2026-06-12T06:30:39.719425+00:00
515,3,row_114,next-level,General,local_qwen27b,C,,C,True,False,"In the following sentence, what does ""next-level"" mean?
That movie was next level!

Select only one answer.
A) Used to mock someone who doesnt think for themselves, says things repeatedly, or has no opinions
B) A homosexual cowboy
C) Something that is better then everything else
D) To knock someone out

Respond with only the letter of your answer (A, B, C, or D).",C,2026-06-12T06:31:06.319017+00:00
516,3,row_115,NPC,Insult,local_qwen27b,D,C,D,True,False,"In the following sentence, what does ""NPC"" mean?
Stop being such an NPC.

Select only one answer.
A) To be honest about something
B) Throwing something
C) a character in a video game that does not represent and cannot be manipulated by a player —called also non-player character
D) Used to mock someone who doesnt think for themselves, says things repeatedly, or has no opinions

Respond with only the letter of your answer (A, B, C, or D).",D,2026-06-12T06:31:26.840197+00:00
517,3,row_116,Omega,Identity,local_qwen27b,B,D,B,True,False,"In the following sentence, what does ""Omega"" mean?
Those were some real omega moves right there.

Select only one answer.
A) Gross buildup between the toes
B) A submissive male that is often outside of traditional social hierarchies
C) Something suspicious
D) the 24th and last letter of the Greek alphabet

Respond with only the letter of your answer (A, B, C, or D).",B,2026-06-12T06:32:03.951375+00:00
518,3,row_117,on the regs,General,local_qwen27b,A,,A,True,False,"In the following sentence, what does ""on the regs"" mean?
I stop by the coffee shop on the regs.

Select only one answer.
A) Something done regularly
B) Men that lack masculine characteristics
C) Another term that stands for that hoe over there
D) Someone that tries really hard to impress their crush

Respond with only the letter of your answer (A, B, C, or D).",A,2026-06-12T06:32:19.003945+00:00
519,3,row_118,oof,General,local_qwen27b,D,,D,True,False,"In the following sentence, what does ""oof"" mean?
Oof, that was rough.

Select only one answer.
A) The abandonment of responsibilities
B) A significant problem
C) To express disbelief
D) A reaction to something uncomfortable

Respond with only the letter of your answer (A, B, C, or D).",D,2026-06-12T06:32:35.869563+00:00
520,3,row_119,ooga-booga,Sexual,local_qwen27b,B,,B,True,False,"In the following sentence, what does ""ooga-booga"" mean?
Me want ooga-booga!

Select only one answer.
A) To prepare for a fight
B) The vagina
C) A loss or failure
D) Activities that involve cultivating ones Aura

Respond with only the letter of your answer (A, B, C, or D).",B,2026-06-12T06:33:14.559339+00:00
521,3,row_120,Orange Crush,Drugs,local_qwen27b,D,,D,True,False,"In the following sentence, what does ""Orange Crush"" mean?
ets grab some of that orange crush tonight!

Select only one answer.
A) Saying something secretive or to keep low profile
B) A term used to describe a baby raised in a gender neutral environment
C) Someone who deliberatly acts in ways to annoy or anger a group of people online.
D) A type of marijuana

Respond with only the letter of your answer (A, B, C, or D).",D,2026-06-12T06:33:33.628556+00:00
522,3,row_121,OTP,General,local_qwen27b,A,,A,True,False,"In the following sentence, what does ""OTP"" mean?
Him and her are the OTP.

Select only one answer.
A) One True Pairing
B) A rule used by some for dating that refers to someone who is six feet tall, has a 6 figure income, and has six-pack abs
C) Someone who is trying to get sexual attention overtly
D) Gross buildup between the toes

Respond with only the letter of your answer (A, B, C, or D).",A,2026-06-12T06:33:48.256552+00:00
523,3,row_122,packers,Insult,local_qwen27b,D,A,A,False,True,"In the following sentence, what does ""packers"" mean?
Thats just a group of packers over there, don't waste your time.

Select only one answer.
A) one that packs
B) To confim that something was completed to expectation
C) A charismatic, sexy, and quick witted man
D) fake soft penises and testicles designed to give a 'male' bulge to the crotches of female-to-male transsexuals.

Respond with only the letter of your answer (A, B, C, or D).",A,2026-06-12T06:35:10.646831+00:00
524,3,row_123,passa passa,General,local_qwen27b,A,,D,False,False,"In the following sentence, what does ""passa passa"" mean?
I don't want any passa passa now.

Select only one answer.
A) A loud and messy conflict
B) An attractive older man
C) To make lifestyle changes to make your life more holistic
D) a significant other

Respond with only the letter of your answer (A, B, C, or D).",D,2026-06-12T06:35:46.619307+00:00
525,3,row_124,passport bro,Sexual,local_qwen27b,A,,A,True,False,"In the following sentence, what does ""passport bro"" mean?
A bunch of passport bro's just checked into the hotel.

Select only one answer.
A) Someone that travels abroad with the sole purpose of having sex
B) An endeering term used towards ones significant other
C) A strong, leader who commands those around them
D) To tie up an arm to isolate a vein for injecting a drug

Respond with only the letter of your answer (A, B, C, or D).",A,2026-06-12T06:36:18.659260+00:00
526,3,row_125,Period,General,local_qwen27b,A,C,A,True,False,"In the following sentence, what does ""Period"" mean?
She is the best, period.

Select only one answer.
A) Ending the discussion on a topic
B) An emotional meltdown
C) the completion of a cycle, a series of events, or a single action : conclusion
D) The greatest of all time

Respond with only the letter of your answer (A, B, C, or D).",A,2026-06-12T06:36:38.976056+00:00
527,3,row_126,plegic,Drugs,local_qwen27b,D,,D,True,False,"In the following sentence, what does ""plegic"" mean?
That guy stumbled out very plegic.

Select only one answer.
A) A reference for ass
B) To get arrested
C) A significant problem
D) drunk

Respond with only the letter of your answer (A, B, C, or D).",D,2026-06-12T06:36:54.609297+00:00
528,3,row_127,poggers,General,local_qwen27b,B,,B,True,False,"In the following sentence, what does ""poggers"" mean?
Thats a poggers painting.

Select only one answer.
A) A glock pistol
B) To express excitement or approval for something
C) Something that appears mundane but has hidden potential
D) A term used by incels to refer to women in a way that dehumanizes them.

Respond with only the letter of your answer (A, B, C, or D).",B,2026-06-12T06:37:19.216021+00:00
529,3,row_128,Pookie,Sexual,local_qwen27b,B,,B,True,False,"In the following sentence, what does ""Pookie"" mean?
My pookie loves a smash burger.

Select only one answer.
A) Someone that tries really hard to impress their crush
B) A term of endearment for a significant other
C) to recoil in distaste
D) An incel term for an attractive middle eastern man

Respond with only the letter of your answer (A, B, C, or D).",B,2026-06-12T06:37:34.234840+00:00
530,3,row_129,Pop off,General,local_qwen27b,D,A,D,True,False,"In the following sentence, what does ""Pop off"" mean?
I'm about to pop off!

Select only one answer.
A) to die unexpectedly
B) The anus
C) A term used to say that someone is online too much and needs to get back to real life
D) To do something impressive

Respond with only the letter of your answer (A, B, C, or D).","D
Done. Let's double check. ""Pop off"" in modern slang (especially Gen Z/AAVE origins) means to perform exceptionally well, become very energetic/hyped, or dominate. ""To do something impressive"" matches this perfectly is the best match among the choices provided.

Final answer: D
✅",2026-06-12T06:37:56.448055+00:00
531,3,row_130,Posh and Becks,Sexual,local_qwen27b,C,,C,True,False,"In the following sentence, what does ""Posh and Becks"" mean?
Lets go back to my place and have the posh and becks.

Select only one answer.
A) An all denim outfit
B) To express excitement or approval for something
C) sex
D) Go in 100% on something

Respond with only the letter of your answer (A, B, C, or D).",C,2026-06-12T06:38:29.495706+00:00
532,3,row_131,prepper,Insult,local_qwen27b,B,,B,True,False,"In the following sentence, what does ""prepper"" mean?
We have a prepper down the block. They are kindof crazy, but its nice to know where to go.

Select only one answer.
A) Friends with benefits
B) Someone who prepares for doomsday scenarios
C) Prolonged masturbation
D) Someone who is trying to get sexual attention overtly

Respond with only the letter of your answer (A, B, C, or D).",B,2026-06-12T06:38:45.217981+00:00
533,3,row_132,Prison pocket,General,local_qwen27b,C,,C,True,False,"In the following sentence, what does ""Prison pocket"" mean?
Hold it in your prison pocket.

Select only one answer.
A) A term used to say that someone is online too much and needs to get back to real life
B) Cancer
C) The anus
D) Someone who is the last person to leave a location and the first to come back in the morning

Respond with only the letter of your answer (A, B, C, or D).",C,2026-06-12T06:39:15.616680+00:00
534,3,row_133,Put the fries in the bag,General,local_qwen27b,A,,A,True,False,"In the following sentence, what does ""Put the fries in the bag"" mean?
You're taking too long. Put the fires in the bag.

Select only one answer.
A) Get to the point
B) A person who is very good at spotting a lie
C) A term used to describe a baby raised in a gender neutral environment
D) Someone who acts tries to act entertaining and amuzingly relentlessly

Respond with only the letter of your answer (A, B, C, or D).",A,2026-06-12T06:40:17.848942+00:00
535,3,row_134,Quirky,Insult,local_qwen27b,D,C,C,False,True,"In the following sentence, what does ""Quirky"" mean?
I'm so quirky!

Select only one answer.
A) Crack cocaine
B) A term used to describe a baby raised in a gender neutral environment
C) having many quirks : unusual in especially an interesting or appealing way
D) Ironically used to describe one as unique

Respond with only the letter of your answer (A, B, C, or D).",C,2026-06-12T06:40:31.242706+00:00
536,3,row_135,rago,Insult,local_qwen27b,B,,B,True,False,"In the following sentence, what does ""rago"" mean?
It was just how rago he was.

Select only one answer.
A) sweet talk
B) Someone acting aggressively and out of control
C) A strong, leader who commands those around them
D) A canabis based cigarette that needs two paper rolls

Respond with only the letter of your answer (A, B, C, or D).",B,2026-06-12T06:40:55.908158+00:00
537,3,row_136,rapey,Sexual,local_qwen27b,D,,D,True,False,"In the following sentence, what does ""rapey"" mean?
That guy at the bar was feeling pretty rapey.

Select only one answer.
A) Mediocre
B) Fuckboy, someone just looking for sex
C) A criminal that turned their life arpound and are legitimate
D) Describes activities or situations that are sexually aggressive

Respond with only the letter of your answer (A, B, C, or D).",D,2026-06-12T06:41:20.945413+00:00
538,3,row_137,Ratio,General,local_qwen27b,A,D,A,True,False,"In the following sentence, what does ""Ratio"" mean?
Ratio if you like pizza.

Select only one answer.
A) when a reply gets more than the original post
B) intensely and openely say something true
C) To confim that something was completed to expectation
D) the indicated quotient of two mathematical expressions

Respond with only the letter of your answer (A, B, C, or D).",A,2026-06-12T06:41:37.393381+00:00
539,3,row_138,raw,General,local_qwen27b,B,C,B,True,False,"In the following sentence, what does ""raw"" mean?
He's been hitting the vape raw lately.

Select only one answer.
A) The abandonment of responsibilities
B) something intense, aggressive, and unfiltered
C) not cooked
D) Down to fuck

Respond with only the letter of your answer (A, B, C, or D).",B,2026-06-12T06:41:55.823950+00:00
540,3,row_139,RIP (me),General,local_qwen27b,B,,B,True,False,"In the following sentence, what does ""RIP (me)"" mean?
I think I just failed that test. RIP me.

Select only one answer.
A) Something that appears mundane but has hidden potential
B) To express disappointment dramatically
C) When you are outnumbered in a fight and call black people for the win
D) A sexual relationship developed from situations without clear future intentions

Respond with only the letter of your answer (A, B, C, or D).",B,2026-06-12T06:42:14.043309+00:00
541,3,row_140,Rizz,General,local_qwen27b,A,,A,True,False,"In the following sentence, what does ""Rizz"" mean?
The rizz you have today is stunning!

Select only one answer.
A) Charisma
B) A term used by incels to refer to women in a way that dehumanizes them.
C) An all denim outfit
D) A charismatic, sexy, and quick witted man

Respond with only the letter of your answer (A, B, C, or D).",A,2026-06-12T06:42:32.266225+00:00
542,3,row_141,Salty,Insult,local_qwen27b,A,D,A,True,False,"In the following sentence, what does ""Salty"" mean?
She's just salty that you have a boyfriend and she doesn't.

Select only one answer.
A) Irritated, bitter, or resentful
B) A kilo of cocaine
C) Someone acting aggressively and out of control
D) of, seasoned with, or containing salt

Respond with only the letter of your answer (A, B, C, or D).",A,2026-06-12T06:42:54.490289+00:00
543,3,row_142,savage,General,local_qwen27b,C,A,C,True,False,"In the following sentence, what does ""savage"" mean?
That was a savage comeback you gave.

Select only one answer.
A) not domesticated or under human control : untamed
B) Short for happening
C) To be fierce and unapologetic withing a social situation
D) Something ugly or unattractive

Respond with only the letter of your answer (A, B, C, or D).",C,2026-06-12T06:43:24.390326+00:00
544,3,row_143,Schizo,Insult,local_qwen27b,C,,C,True,False,"In the following sentence, what does ""Schizo"" mean?
Brians a total schitzo.

Select only one answer.
A) To prepare for a fight
B) A term for friends
C) crazy or erratic
D) A dance move

Respond with only the letter of your answer (A, B, C, or D).",C,2026-06-12T06:43:38.343687+00:00
545,3,row_144,scuffed,Insult,local_qwen27b,C,B,C,True,False,"In the following sentence, what does ""scuffed"" mean?
The was a scuffed performance last night.

Select only one answer.
A) Crack cocaine
B) to walk without lifting the feet : shuffle
C) Something that is messed up or not right.
D) An emotional meltdown

Respond with only the letter of your answer (A, B, C, or D).",C,2026-06-12T06:44:10.693353+00:00
546,3,row_145,Shabba,General,local_qwen27b,B,,B,True,False,"In the following sentence, what does ""Shabba"" mean?
Shabba on point!

Select only one answer.
A) An independent, strong person
B) Fashionable or stylish
C) An incel term for an attractive middle eastern man
D) the playful act of taking a friend's food

Respond with only the letter of your answer (A, B, C, or D).",B,2026-06-12T06:45:28.717091+00:00
547,3,row_146,Sheesh,General,local_qwen27b,C,,C,True,False,"In the following sentence, what does ""Sheesh"" mean?
Sheesh! Thats crazy!

Select only one answer.
A) When you are outnumbered in a fight and call black people for the win
B) To make lifestyle changes to make your life more holistic
C) To express disbelief
D) crazy or erratic

Respond with only the letter of your answer (A, B, C, or D).",C,2026-06-12T06:45:39.459992+00:00
548,3,row_147,Side eye,General,local_qwen27b,B,,B,True,False,"In the following sentence, what does ""Side eye"" mean?
Why are you giving him the side eye?

Select only one answer.
A) To stab or shoot
B) To be skeptical about something
C) Someone that travels abroad with the sole purpose of having sex
D) To be honest about something

Respond with only the letter of your answer (A, B, C, or D).",B,2026-06-12T06:45:55.210092+00:00
549,3,row_148,Sigma,Identity,local_qwen27b,D,B,D,True,False,"In the following sentence, what does ""Sigma"" mean?
You are giving off sigma energy right now.

Select only one answer.
A) Someone younger
B) the 18th letter of the Greek alphabet
C) Describes activities or situations that are sexually aggressive
D) An independent, strong person

Respond with only the letter of your answer (A, B, C, or D).",D,2026-06-12T06:46:15.377778+00:00
550,3,row_149,Simp,Insult,local_qwen27b,C,B,C,True,False,"In the following sentence, what does ""Simp"" mean?
Stop being a simp over her!

Select only one answer.
A) Fashionable or stylish
B) a foolish or stupid person : simpleton
C) Someone that tries really hard to impress their crush
D) To be honest about something

Respond with only the letter of your answer (A, B, C, or D).",C,2026-06-12T06:46:30.935143+00:00
551,3,row_150,Situationship,Sexual,local_qwen27b,D,,D,True,False,"In the following sentence, what does ""Situationship"" mean?
Joe ended up in a situationship over the summer.

Select only one answer.
A) A rule used by some for dating that refers to someone who is six feet tall, has a 6 figure income, and has six-pack abs
B) To refer to ones imaginary audience like an internet steamer
C) Fashionable or stylish
D) A sexual relationship developed from situations without clear future intentions

Respond with only the letter of your answer (A, B, C, or D).",D,2026-06-12T06:46:49.330197+00:00
552,3,row_151,Skeet,Sexual,local_qwen27b,D,A,D,True,False,"In the following sentence, what does ""Skeet"" mean?
He skeeted all over the court!

Select only one answer.
A) trapshooting in which clay pigeons are thrown in such a way as to simulate the angles of flight of birds
B) Something that is better then everything else
C) cocaine
D) To shoot ones shot.

Respond with only the letter of your answer (A, B, C, or D).",D,2026-06-12T06:47:19.984605+00:00
553,3,row_152,Skibidi,General,local_qwen27b,A,,A,True,False,"In the following sentence, what does ""Skibidi"" mean?
That's so skibidi.

Select only one answer.
A) Nonsensical term
B) To prepare for a fight
C) Get to the point
D) Fuckboy, someone just looking for sex

Respond with only the letter of your answer (A, B, C, or D).",A,2026-06-12T06:47:54.051474+00:00
554,3,row_153,Skill issue,Insult,local_qwen27b,C,,C,True,False,"In the following sentence, what does ""Skill issue"" mean?
You won't win. Its a skill issue.

Select only one answer.
A) To confim that something was completed to expectation
B) Someone who is very stubborn
C) An insult saying that the problem is due to lack of skill rather then luck
D) A near superhuman perfect male

Respond with only the letter of your answer (A, B, C, or D).",C,2026-06-12T06:48:08.625070+00:00
555,3,row_154,Slaps,General,local_qwen27b,A,C,A,True,False,"In the following sentence, what does ""Slaps"" mean?
This place slaps!

Select only one answer.
A) Something that is reallly good.
B) A term for baby that people will call their significant other.
C) to strike sharply with or as if with the open hand
D) A term used to describe a baby raised in a gender neutral environment

Respond with only the letter of your answer (A, B, C, or D).",A,2026-06-12T06:48:16.152545+00:00
556,3,row_155,Slay,General,local_qwen27b,C,D,C,True,False,"In the following sentence, what does ""Slay"" mean?
Slay girl!

Select only one answer.
A) Used to address friends with exasperation, releif, or disbeleif.
B) A cigarette
C) To do somethign very well
D) to kill violently, wantonly, or in great numbers

Respond with only the letter of your answer (A, B, C, or D).",C,2026-06-12T06:48:31.630037+00:00
557,3,row_156,sledge,Identity,local_qwen27b,C,A,C,True,False,"In the following sentence, what does ""sledge"" mean?
What? Are you havin trouble you sledge?

Select only one answer.
A) sledgehammer
B) A loud and messy conflict
C) An insult commonly used in sports
D) Talking too much

Respond with only the letter of your answer (A, B, C, or D).",C,2026-06-12T06:49:23.099626+00:00
558,3,row_157,sleeper,General,local_qwen27b,A,C,A,True,False,"In the following sentence, what does ""sleeper"" mean?
That car has got to be a sleeper.

Select only one answer.
A) Something that appears mundane but has hidden potential
B) Talking too much
C) one that sleeps
D) Throwing something

Respond with only the letter of your answer (A, B, C, or D).",A,2026-06-12T06:49:34.613484+00:00
559,3,row_158,sleeper build,General,local_qwen27b,A,,A,True,False,"In the following sentence, what does ""sleeper build"" mean?
Bro's rocking the sleeper build.

Select only one answer.
A) someone that looks ordinary but is actually very strong
B) Something that is reallly good.
C) Methodone
D) The greatest of all time

Respond with only the letter of your answer (A, B, C, or D).",A,2026-06-12T06:49:49.449435+00:00
560,3,row_159,Snack,Sexual,local_qwen27b,C,D,C,True,False,"In the following sentence, what does ""Snack"" mean?
That lady over there is a snack.

Select only one answer.
A) A term for baby that people will call their significant other.
B) A term used by incels to refer to women in a way that dehumanizes them.
C) A descriptor for an attractive person
D) a light meal : food eaten between regular meals; also : food suitable for snacking

Respond with only the letter of your answer (A, B, C, or D).",C,2026-06-12T06:50:09.775310+00:00
561,3,row_160,snaggle,Identity,local_qwen27b,C,A,C,True,False,"In the following sentence, what does ""snaggle"" mean?
Susanne is such a snaggle.

Select only one answer.
A) snag
B) A term to discuss sexual experiences
C) An unattractive girl
D) An older person who is out of touch

Respond with only the letter of your answer (A, B, C, or D).",C,2026-06-12T06:50:53.163867+00:00
562,3,row_161,Snatched,General,local_qwen27b,D,A,D,True,False,"In the following sentence, what does ""Snatched"" mean?
You're looking snatched today.

Select only one answer.
A) to attempt to seize something suddenly
B) To make lifestyle changes to make your life more holistic
C) The anus
D) A fashionable look

Respond with only the letter of your answer (A, B, C, or D).",D,2026-06-12T06:51:06.408981+00:00
563,3,row_162,socials,General,local_qwen27b,A,B,A,True,False,"In the following sentence, what does ""socials"" mean?
Catch me on the socials!

Select only one answer.
A) Used to refer to the social media platforms one uses
B) an informal social event or gathering frequently involving a special activity or area of interest
C) Mercedes Benz G class
D) Fuckboy, someone just looking for sex

Respond with only the letter of your answer (A, B, C, or D).",A,2026-06-12T06:51:20.734589+00:00
564,3,row_163,socio,Insult,local_qwen27b,B,,B,True,False,"In the following sentence, what does ""socio"" mean?
The boy is a socio.

Select only one answer.
A) Someone who sitts around commenting about others
B) Sociopath
C) to recoil in distaste
D) A glock pistol

Respond with only the letter of your answer (A, B, C, or D).",B,2026-06-12T06:51:45.380266+00:00
565,3,row_164,Soy,Insult,local_qwen27b,D,,D,True,False,"In the following sentence, what does ""Soy"" mean?
Stop being so soy.

Select only one answer.
A) Go in 100% on something
B) Fuckboy, someone just looking for sex
C) Cancer
D) Weak or effeminate

Respond with only the letter of your answer (A, B, C, or D).",D,2026-06-12T06:52:02.255598+00:00
566,3,row_165,soyboy,Identity,local_qwen27b,D,,D,True,False,"In the following sentence, what does ""soyboy"" mean?
Get that soyboy out of here!

Select only one answer.
A) A submissive male that is often outside of traditional social hierarchies
B) Someone who sitts around commenting about others
C) An independent, strong person
D) Men that lack masculine characteristics

Respond with only the letter of your answer (A, B, C, or D).",D,2026-06-12T06:52:25.507625+00:00
567,3,row_166,Spanish dancer,General,local_qwen27b,B,,B,True,False,"In the following sentence, what does ""Spanish dancer"" mean?
I sounds like I caught the spanish dancer.

Select only one answer.
A) Prolonged masturbation
B) Cancer
C) Someone younger
D) A submissive male that is often outside of traditional social hierarchies

Respond with only the letter of your answer (A, B, C, or D).",B,2026-06-12T06:52:50.139872+00:00
568,3,row_167,spark,Violence,local_qwen27b,A,C,A,True,False,"In the following sentence, what does ""spark"" mean?
Don't make me spark you out!

Select only one answer.
A) To knock someone out
B) Charisma
C) a small particle of a burning substance thrown out by a body in combustion or remaining when combustion is nearly completed
D) An attractive older man

Respond with only the letter of your answer (A, B, C, or D).",A,2026-06-12T06:53:05.018559+00:00
569,3,row_168,Stuyvie,Drugs,local_qwen27b,C,,C,True,False,"In the following sentence, what does ""Stuyvie"" mean?
Lets go outside and smoke a suyvie.

Select only one answer.
A) You're on Your own
B) An endeering term used towards ones significant other
C) A cigarette
D) Cancer

Respond with only the letter of your answer (A, B, C, or D).",C,2026-06-12T06:53:26.927864+00:00
570,3,row_169,suiter,General,local_qwen27b,D,C,D,True,False,"In the following sentence, what does ""suiter"" mean?
Her suiter was admiring her from afar.

Select only one answer.
A) Someone who is trying to get sexual attention overtly
B) Something that is reallly good.
C) a suitcase for holding a specified number of suits —usually used in combination
D) a significant other

Respond with only the letter of your answer (A, B, C, or D).",D,2026-06-12T06:54:04.971916+00:00
571,3,row_170,Sus,General,local_qwen27b,D,,D,True,False,"In the following sentence, what does ""Sus"" mean?
That man over there is real sus.

Select only one answer.
A) To confim that something was completed to expectation
B) A glock pistol
C) An independent, strong person
D) Something suspicious

Respond with only the letter of your answer (A, B, C, or D).",D,2026-06-12T06:54:11.673318+00:00
572,3,row_171,Tea,General,local_qwen27b,D,A,D,True,False,"In the following sentence, what does ""Tea"" mean?
Come on, spill the tea!

Select only one answer.
A) a widely cultivated shrub (Camellia sinensis of the family Theaceae, the tea family) native to China, northern India, and southeastern Asia and having glossy green leaves and fragrant white flowers
B) Irritated, bitter, or resentful
C) A term used to describe a baby raised in a gender neutral environment
D) Gossip

Respond with only the letter of your answer (A, B, C, or D).",D,2026-06-12T06:54:24.894773+00:00
573,3,row_172,theybie,General,local_qwen27b,D,,D,True,False,"In the following sentence, what does ""theybie"" mean?
The a couple and their theybie just moved in next door.

Select only one answer.
A) an expression of surprise
B) Something that is reallly good.
C) Short for happening
D) A term used to describe a baby raised in a gender neutral environment

Respond with only the letter of your answer (A, B, C, or D).",D,2026-06-12T06:54:44.093825+00:00
574,3,row_173,Thirsty,Sexual,local_qwen27b,B,D,B,True,False,"In the following sentence, what does ""Thirsty"" mean?
She's lookin real thirsty today.

Select only one answer.
A) something intense, aggressive, and unfiltered
B) Someone who is trying to get sexual attention overtly
C) A term used to describe a baby raised in a gender neutral environment
D) feeling thirst

Respond with only the letter of your answer (A, B, C, or D).",B,2026-06-12T06:55:13.367998+00:00
575,3,row_174,Thot,Sexual,local_qwen27b,D,,D,True,False,"In the following sentence, what does ""Thot"" mean?
I'm gonna dress like a thot tonight.

Select only one answer.
A) Acting crazily
B) To focus on making one as physically attractive as possible
C) Used to refer to the social media platforms one uses
D) Another term that stands for that hoe over there

Respond with only the letter of your answer (A, B, C, or D).",D,2026-06-12T06:55:38.349241+00:00
576,3,row_175,Thrust,General,local_qwen27b,B,C,B,True,False,"In the following sentence, what does ""Thrust"" mean?
Hit the thrust!

Select only one answer.
A) Short for happening
B) A dance move
C) to push or drive with force : shove
D) Short for Bitch

Respond with only the letter of your answer (A, B, C, or D).",B,2026-06-12T06:56:09.095033+00:00
577,3,row_176,toe-cheese,Insult,local_qwen27b,D,,D,True,False,"In the following sentence, what does ""toe-cheese"" mean?
My whole house smells like toe cheese.

Select only one answer.
A) A canister of nitrous oxide
B) to recoil in distaste
C) To keep secretive or obscure
D) Gross buildup between the toes

Respond with only the letter of your answer (A, B, C, or D).",D,2026-06-12T06:56:25.151148+00:00
578,3,row_177,tomdick,Insult,local_qwen27b,D,,D,True,False,"In the following sentence, what does ""tomdick"" mean?
That secratary was a tomdick.

Select only one answer.
A) A significant other
B) Something done regularly
C) Someone who is trying to get sexual attention overtly
D) A commonplace person

Respond with only the letter of your answer (A, B, C, or D).",D,2026-06-12T06:56:58.770447+00:00
579,3,row_178,Touch Grass,General,local_qwen27b,D,,D,True,False,"In the following sentence, what does ""Touch Grass"" mean?
Go out and touch some grass.

Select only one answer.
A) Charisma
B) The videos one find on social media that cause people to scroll and do nothign for hours
C) Main Character - Someone that acts as if they are the star of a story
D) A term used to say that someone is online too much and needs to get back to real life

Respond with only the letter of your answer (A, B, C, or D).",D,2026-06-12T06:57:20.123227+00:00
580,3,row_179,troll,Identity,local_qwen27b,D,A,D,True,False,"In the following sentence, what does ""troll"" mean?
That guy in valorant was a such a troll.

Select only one answer.
A) a dwarf or giant in Scandinavian folklore inhabiting caves or hills
B) One True Pairing
C) Go in 100% on something
D) Someone who deliberatly acts in ways to annoy or anger a group of people online.

Respond with only the letter of your answer (A, B, C, or D).",D,2026-06-12T06:57:34.794987+00:00
581,3,row_180,Tweaking,General,local_qwen27b,B,D,B,True,False,"In the following sentence, what does ""Tweaking"" mean?
Why are you tweaking out?

Select only one answer.
A) A fool or a prick
B) Acting crazily
C) A charismatic, sexy, and quick witted man
D) to make usually small adjustments in or to; especially : fine-tune

Respond with only the letter of your answer (A, B, C, or D).",B,2026-06-12T06:58:01.724265+00:00
582,3,row_181,twoz,Drugs,local_qwen27b,A,,A,True,False,"In the following sentence, what does ""twoz"" mean?
Hey, hand me the twoz joint.

Select only one answer.
A) A canabis based cigarette that needs two paper rolls
B) Someone unappealing
C) an expression of surprise
D) Something untrue or unbeleivable

Respond with only the letter of your answer (A, B, C, or D).",A,2026-06-12T06:58:46.413895+00:00
583,3,row_182,Unc,Insult,local_qwen27b,D,,D,True,False,"In the following sentence, what does ""Unc"" mean?
I'll explain it to you unc.

Select only one answer.
A) A sexual relationship developed from situations without clear future intentions
B) Saying something secretive or to keep low profile
C) To prepare for a fight
D) An older person who is out of touch

Respond with only the letter of your answer (A, B, C, or D).",D,2026-06-12T06:59:09.841854+00:00
584,3,row_183,Understood the assignment,General,local_qwen27b,A,,A,True,False,"In the following sentence, what does ""Understood the assignment"" mean?
All done. Understood the assignment.

Select only one answer.
A) To confim that something was completed to expectation
B) Something really good
C) When something hidden gets called out
D) Cool

Respond with only the letter of your answer (A, B, C, or D).",A,2026-06-12T06:59:40.492538+00:00
585,3,row_184,upper decky,Drugs,local_qwen27b,A,,A,True,False,"In the following sentence, what does ""upper decky"" mean?
Hey bro, can I bum an upper decky zynn?

Select only one answer.
A) A nicotine pouch held between the upper lip and gums
B) A descriptor for an attractive person
C) A person who is very good at spotting a lie
D) to recoil in distaste

Respond with only the letter of your answer (A, B, C, or D).",A,2026-06-12T07:00:11.790539+00:00
586,3,row_185,Vibe,General,local_qwen27b,A,,A,True,False,"In the following sentence, what does ""Vibe"" mean?
I'm just enjoyin the vibe out here.

Select only one answer.
A) The positive or relaxing energy of a place
B) Ending the discussion on a topic
C) Something really good
D) To do something impressive

Respond with only the letter of your answer (A, B, C, or D).",A,2026-06-12T07:00:27.925241+00:00
587,3,row_186,Vibe Check,General,local_qwen27b,C,,C,True,False,"In the following sentence, what does ""Vibe Check"" mean?
Can I get a vibe check?

Select only one answer.
A) To manipulated, trick, or fool someone
B) Delusional
C) To check the mood of a situation
D) To do something impressive

Respond with only the letter of your answer (A, B, C, or D).",C,2026-06-12T07:00:39.851053+00:00
588,3,row_187,wahala,General,local_qwen27b,D,,D,True,False,"In the following sentence, what does ""wahala"" mean?
Please, no wahala.

Select only one answer.
A) To manipulated, trick, or fool someone
B) Someone that is too left leaning politically
C) A hot dog
D) A significant problem

Respond with only the letter of your answer (A, B, C, or D).",D,2026-06-12T07:00:59.880433+00:00
589,3,row_188,waved,Drugs,local_qwen27b,C,B,C,True,False,"In the following sentence, what does ""waved"" mean?
Bro's over on the bench waved out of his mind.

Select only one answer.
A) One True Pairing
B) having a wavelike form or outline
C) To be high or drunk
D) Cool

Respond with only the letter of your answer (A, B, C, or D).",C,2026-06-12T07:01:35.925246+00:00
590,3,row_189,What the sigma,General,local_qwen27b,D,,D,True,False,"In the following sentence, what does ""What the sigma"" mean?
What the sigma? I thought you left?

Select only one answer.
A) When you are outnumbered in a fight and call black people for the win
B) Something done regularly
C) crazy or erratic
D) An expression of disbelief

Respond with only the letter of your answer (A, B, C, or D).",D,2026-06-12T07:01:55.983529+00:00
591,3,row_190,whitney,Drugs,local_qwen27b,C,,C,True,False,"In the following sentence, what does ""whitney"" mean?
Hey man, you got any whitney on you?

Select only one answer.
A) Throwing something
B) The positive or relaxing energy of a place
C) Crack cocaine
D) To mastrubate for extremeely long period regularly

Respond with only the letter of your answer (A, B, C, or D).",C,2026-06-12T07:02:27.399926+00:00
592,3,row_191,Woke,Insult,local_qwen27b,C,,C,True,False,"In the following sentence, what does ""Woke"" mean?
Stop being so woke.

Select only one answer.
A) Used to mock someone who doesnt think for themselves, says things repeatedly, or has no opinions
B) a significant other
C) Someone that is too left leaning politically
D) A kilo of cocaine

Respond with only the letter of your answer (A, B, C, or D).",C,2026-06-12T07:02:48.676180+00:00
593,3,row_192,womp womp,General,local_qwen27b,B,,B,True,False,"In the following sentence, what does ""womp womp"" mean?
I failed that math quiz. Womp womp.

Select only one answer.
A) A person who is very good at spotting a lie
B) An expression of disappointment
C) to aggrivate
D) I just burst out laughing

Respond with only the letter of your answer (A, B, C, or D).",B,2026-06-12T07:03:04.004594+00:00
594,3,row_193,wraparound,General,local_qwen27b,B,A,B,True,False,"In the following sentence, what does ""wraparound"" mean?
I had to pull a wraparound this morning since I left my wallet at the bar.

Select only one answer.
A) made to be wrapped around something and especially the body
B) Someone who is the last person to leave a location and the first to come back in the morning
C) As Fuck
D) An all denim outfit

Respond with only the letter of your answer (A, B, C, or D).",B,2026-06-12T07:06:00.449409+00:00
595,3,row_194,Yapping,Insult,local_qwen27b,C,B,B,False,True,"In the following sentence, what does ""Yapping"" mean?
Stop your yapping and get over here.

Select only one answer.
A) When something hidden gets called out
B) to talk in a shrill insistent way : chatter
C) Talking too much
D) Someone who deliberatly acts in ways to annoy or anger a group of people online.

Respond with only the letter of your answer (A, B, C, or D).",B,2026-06-12T07:06:46.118616+00:00
596,3,row_195,Yeet,General,local_qwen27b,A,,A,True,False,"In the following sentence, what does ""Yeet"" mean?
Think I can make this? Yeet!

Select only one answer.
A) Throwing something
B) A term to support someone going through a gender change.
C) A dance move
D) A rule used by some for dating that refers to someone who is six feet tall, has a 6 figure income, and has six-pack abs

Respond with only the letter of your answer (A, B, C, or D).",A,2026-06-12T07:07:09.243560+00:00
597,3,row_196,ying,Violence,local_qwen27b,A,,A,True,False,"In the following sentence, what does ""ying"" mean?
I'll walk in swinging my ying.

Select only one answer.
A) A knife
B) Weak or effeminate
C) Done or ruined
D) Ending the discussion on a topic

Respond with only the letter of your answer (A, B, C, or D).",A,2026-06-12T07:07:35.593785+00:00
598,3,row_197,yoyo,General,local_qwen27b,A,D,A,True,False,"In the following sentence, what does ""yoyo"" mean?
We've helped you in the past, but yoyo this time.

Select only one answer.
A) You're on Your own
B) Fashionable or stylish
C) A glock pistol
D) a thick grooved double disk with a string attached to its center axle that is made to fall and rise to the hand by unwinding and rewinding on the string

Respond with only the letter of your answer (A, B, C, or D).",A,2026-06-12T07:07:47.556280+00:00
599,3,row_198,Zaddy,Sexual,local_qwen27b,C,,C,True,False,"In the following sentence, what does ""Zaddy"" mean?
I'm meeting up with my zaddy later tonight.

Select only one answer.
A) A term used to describe a baby raised in a gender neutral environment
B) To get arrested
C) An attractive older man
D) To metaphorically die of laughter

Respond with only the letter of your answer (A, B, C, or D).",C,2026-06-12T07:08:02.694226+00:00
600,3,row_199,Zesty,Insult,local_qwen27b,C,D,D,False,True,"In the following sentence, what does ""Zesty"" mean?
He's acting a bit zesty today.

Select only one answer.
A) An incel term meaning kissless, hugless, handholdless virgin
B) To make lifestyle changes to make your life more holistic
C) A man that is feminine in nature
D) having or characterized by zest : appealingly piquant or lively

Respond with only the letter of your answer (A, B, C, or D).",D,2026-06-12T07:08:30.876097+00:00
601,4,row_000,'done,Drugs,local_qwen27b,A,,A,True,False,"In the following sentence, what does ""'done"" mean?
Do you have any of the 'done on you?

Select only one answer.
A) Methodone
B) Something low quality or bad
C) To prepare for a fight
D) A term for friends

Respond with only the letter of your answer (A, B, C, or D).",A,2026-06-12T07:09:17.108332+00:00
602,4,row_001,6-6-6,Identity,local_qwen27b,B,,B,True,False,"In the following sentence, what does ""6-6-6"" mean?
I only date a man who is a 6-6-6.

Select only one answer.
A) An endeering term used towards ones significant other
B) A rule used by some for dating that refers to someone who is six feet tall, has a 6 figure income, and has six-pack abs
C) a significant other
D) Done or ruined

Respond with only the letter of your answer (A, B, C, or D).",B,2026-06-12T07:09:37.116732+00:00
603,4,row_002,AF,General,local_qwen27b,D,,D,True,False,"In the following sentence, what does ""AF"" mean?
Thats cool AF!

Select only one answer.
A) Someone who deliberatly acts in ways to annoy or anger a group of people online.
B) One True Pairing
C) Money
D) As Fuck

Respond with only the letter of your answer (A, B, C, or D).",D,2026-06-12T07:09:47.964664+00:00
604,4,row_003,aggy,Violence,local_qwen27b,B,,B,True,False,"In the following sentence, what does ""aggy"" mean?
Why you so aggy?

Select only one answer.
A) Someone who acts tries to act entertaining and amuzingly relentlessly
B) to aggrivate
C) A fool or a prick
D) used to mock spoiled kids

Respond with only the letter of your answer (A, B, C, or D).",B,2026-06-12T07:10:11.979661+00:00
605,4,row_004,Alpha,Identity,local_qwen27b,B,C,B,True,False,"In the following sentence, what does ""Alpha"" mean?
What an alpha chad.

Select only one answer.
A) Throwing something
B) A strong, leader who commands those around them
C) the 1st letter of the Greek alphabet
D) To keep secretive or obscure

Respond with only the letter of your answer (A, B, C, or D).",B,2026-06-12T07:10:30.900195+00:00
606,4,row_005,ant,Sexual,local_qwen27b,D,A,B,False,False,"In the following sentence, what does ""ant"" mean?
I came across a real ant at the club earlier.

Select only one answer.
A) any of a family (Formicidae) of colonial hymenopterous insects with a complex social organization and various castes performing special duties
B) Down to fuck
C) A man that is feminine in nature
D) A charismatic, sexy, and quick witted man

Respond with only the letter of your answer (A, B, C, or D).",B,2026-06-12T07:11:05.471636+00:00
607,4,row_006,archer,Identity,local_qwen27b,A,D,D,False,True,"In the following sentence, what does ""archer"" mean?
Jim was an archer with her lies.

Select only one answer.
A) A person who is very good at spotting a lie
B) To mastrubate for extremeely long period regularly
C) A type of marijuana
D) a person who uses a bow and arrow

Respond with only the letter of your answer (A, B, C, or D).",D,2026-06-12T07:12:03.877998+00:00
608,4,row_007,ASL,Sexual,local_qwen27b,B,,B,True,False,"In the following sentence, what does ""ASL"" mean?
What's your ASL?

Select only one answer.
A) To confim that something was completed to expectation
B) Age Sex Location
C) Someone who sitts around commenting about others
D) Used to refer to the social media platforms one uses

Respond with only the letter of your answer (A, B, C, or D).",B,2026-06-12T07:12:17.533639+00:00
609,4,row_008,Aura Farming,Identity,local_qwen27b,D,,D,True,False,"In the following sentence, what does ""Aura Farming"" mean?
That skateboard group is trying really hard to aura farm, but its not working.

Select only one answer.
A) Methodone
B) sex
C) To check the mood of a situation
D) Activities that involve cultivating ones Aura

Respond with only the letter of your answer (A, B, C, or D).",D,2026-06-12T07:12:33.391786+00:00
610,4,row_009,babygirl,Sexual,local_qwen27b,B,,B,True,False,"In the following sentence, what does ""babygirl"" mean?
Hey babygirl, whanna metup tonight?

Select only one answer.
A) a bad charisma
B) An endeering term used towards ones significant other
C) Something really good
D) A kilo of cocaine

Respond with only the letter of your answer (A, B, C, or D).",B,2026-06-12T07:12:57.069682+00:00
611,4,row_010,backoff,Sexual,local_qwen27b,C,D,C,True,False,"In the following sentence, what does ""backoff"" mean?
That girl has a fat backoff!

Select only one answer.
A) Another term that stands for that hoe over there
B) A term used to describe a baby raised in a gender neutral environment
C) A large ass that stands out.
D) back down

Respond with only the letter of your answer (A, B, C, or D).",C,2026-06-12T07:13:15.298981+00:00
612,4,row_011,Bae,Sexual,local_qwen27b,C,,C,True,False,"In the following sentence, what does ""Bae"" mean?
She's my bae.

Select only one answer.
A) Short for happening
B) crazy or erratic
C) A significant other
D) Charisma

Respond with only the letter of your answer (A, B, C, or D).",C,2026-06-12T07:13:31.401743+00:00
613,4,row_012,bareface,Identity,local_qwen27b,C,D,C,True,False,"In the following sentence, what does ""bareface"" mean?
I saw a group of barefaces at the store this morning, so I won't be going back.

Select only one answer.
A) sweet talk
B) Down to fuck
C) Someone who refused to wear a mask in covid times.
D) having a clear finish and no nap

Respond with only the letter of your answer (A, B, C, or D).",C,2026-06-12T07:13:49.498851+00:00
614,4,row_013,based,General,local_qwen27b,C,A,C,True,False,"In the following sentence, what does ""based"" mean?
That show was based.

Select only one answer.
A) having a specified type of base or basis —often used in combination
B) Something untrue or unbeleivable
C) An unpopular opinion
D) Used to mock someone who doesnt think for themselves, says things repeatedly, or has no opinions

Respond with only the letter of your answer (A, B, C, or D).",C,2026-06-12T07:16:37.033079+00:00
615,4,row_014,Basic,Identity,local_qwen27b,A,B,A,True,False,"In the following sentence, what does ""Basic"" mean?
Shes so basic.

Select only one answer.
A) Someone that is boring
B) of, relating to, or forming the base or essence : fundamental
C) Poorly dressed
D) Something low quality or bad

Respond with only the letter of your answer (A, B, C, or D).",A,2026-06-12T07:17:00.218704+00:00
616,4,row_015,bb,Sexual,local_qwen27b,C,A,C,True,False,"In the following sentence, what does ""bb"" mean?
Hey bb, lets grab some food.

Select only one answer.
A) a shot pellet 0.18 inch in diameter for use in a shotgun cartridge
B) Someone who prepares for doomsday scenarios
C) A term for baby that people will call their significant other.
D) To make lifestyle changes to make your life more holistic

Respond with only the letter of your answer (A, B, C, or D).",C,2026-06-12T07:17:14.917359+00:00
617,4,row_016,Bet,General,local_qwen27b,B,C,B,True,False,"In the following sentence, what does ""Bet"" mean?
bet, lets go.

Select only one answer.
A) Something ugly or unattractive
B) An affirmative agreement
C) something that is laid, staked, or pledged typically between two parties on the outcome of a contest or a contingent issue : wager —often used figuratively in such phrases as all bets are off to stress the uncertainty of an outcome
D) To win

Respond with only the letter of your answer (A, B, C, or D).",B,2026-06-12T07:17:32.358777+00:00
618,4,row_017,Beta,Identity,local_qwen27b,D,A,D,True,False,"In the following sentence, what does ""Beta"" mean?
The beta's of the world aren't gonna like that.

Select only one answer.
A) the 2nd letter of the Greek alphabet
B) Someone that travels abroad with the sole purpose of having sex
C) A stereotypical alpha male that is strong, handsome, and attracts women.
D) Someone weak or a follower

Respond with only the letter of your answer (A, B, C, or D).",D,2026-06-12T07:17:51.197788+00:00
619,4,row_018,Bih,General,local_qwen27b,A,,C,False,False,"In the following sentence, what does ""Bih"" mean?
Bih, what?

Select only one answer.
A) Short for Bitch
B) A sudden feeling of disguest or repultion towards someone.
C) the playful act of taking a friend's food
D) an expression of surprise

Respond with only the letter of your answer (A, B, C, or D).",C,2026-06-12T07:18:11.214903+00:00
620,4,row_019,bine,Violence,local_qwen27b,D,C,D,True,False,"In the following sentence, what does ""bine"" mean?
Load the nine with ine and selek it.

Select only one answer.
A) A cigarette
B) the playful act of taking a friend's food
C) a twining stem or flexible shoot (as of the hop); also : a plant (such as woodbine) whose shoots are bines
D) bullets

Respond with only the letter of your answer (A, B, C, or D).",D,2026-06-12T07:19:10.487632+00:00
621,4,row_020,blackup,Violence,local_qwen27b,D,,B,False,False,"In the following sentence, what does ""blackup"" mean?
We are outnumbered. Call for black up.

Select only one answer.
A) Sociopath
B) Used to address friends with exasperation, releif, or disbeleif.
C) To express disbelief
D) When you are outnumbered in a fight and call black people for the win

Respond with only the letter of your answer (A, B, C, or D).",B,2026-06-12T07:21:08.132835+00:00
622,4,row_021,Brain Rot,General,local_qwen27b,B,,B,True,False,"In the following sentence, what does ""Brain Rot"" mean?
Kids these days just sit around and watch brain rot.

Select only one answer.
A) A large ass that stands out.
B) The videos one find on social media that cause people to scroll and do nothign for hours
C) A rule used by some for dating that refers to someone who is six feet tall, has a 6 figure income, and has six-pack abs
D) To express excitement or approval for something

Respond with only the letter of your answer (A, B, C, or D).",B,2026-06-12T07:21:32.315409+00:00
623,4,row_022,brizzy,Drugs,local_qwen27b,D,,D,True,False,"In the following sentence, what does ""brizzy"" mean?
Quickly, grab the brizzy.

Select only one answer.
A) to aggrivate
B) sweet talk
C) a live-action role-playing game in which a group of people enacts a fictional scenario (such as a fantasy adventure) in real time typically under the guidance of a facilitator or organizer; also : the activity of participating in such games : larping
D) A kilo of cocaine

Respond with only the letter of your answer (A, B, C, or D).",D,2026-06-12T07:22:06.766776+00:00
624,4,row_023,broomhandle,Violence,local_qwen27b,D,,D,True,False,"In the following sentence, what does ""broomhandle"" mean?
Get your broomhandle, we gotta go.

Select only one answer.
A) Used to mock someone who doesnt think for themselves, says things repeatedly, or has no opinions
B) Someone unappealing
C) To express disappointment dramatically
D) A mauser C96 pistol

Respond with only the letter of your answer (A, B, C, or D).",D,2026-06-12T07:22:35.056626+00:00
625,4,row_024,bruh!,General,local_qwen27b,C,A,C,True,False,"In the following sentence, what does ""bruh!"" mean?
Bruh! What was that?

Select only one answer.
A) brother
B) To be honest about something
C) Used to address friends with exasperation, releif, or disbeleif.
D) Someone who acts tries to act entertaining and amuzingly relentlessly

Respond with only the letter of your answer (A, B, C, or D).",C,2026-06-12T07:23:06.415851+00:00
626,4,row_025,Bruzz,General,local_qwen27b,C,,D,False,False,"In the following sentence, what does ""Bruzz"" mean?
Whats up bruzz?

Select only one answer.
A) Main Character - Someone that acts as if they are the star of a story
B) To stab or shoot
C) A term for friends
D) Someone that travels abroad with the sole purpose of having sex

Respond with only the letter of your answer (A, B, C, or D).",D,2026-06-12T07:23:44.733594+00:00
627,4,row_026,Bussin',General,local_qwen27b,A,,A,True,False,"In the following sentence, what does ""Bussin'"" mean?
This pizza is bussin, on god!

Select only one answer.
A) Very good
B) Used to refer to the social media platforms one uses
C) A cigarette
D) bullets

Respond with only the letter of your answer (A, B, C, or D).",A,2026-06-12T07:23:58.978898+00:00
628,4,row_027,Cake,Sexual,local_qwen27b,C,A,C,True,False,"In the following sentence, what does ""Cake"" mean?
Shes looking real caked up!

Select only one answer.
A) a breadlike food made from a dough or batter that is usually fried or baked in small flat shapes and is often unleavened
B) Something done regularly
C) A reference for ass
D) Something that appears mundane but has hidden potential

Respond with only the letter of your answer (A, B, C, or D).",C,2026-06-12T07:24:57.107490+00:00
629,4,row_028,Cap,General,local_qwen27b,B,D,B,True,False,"In the following sentence, what does ""Cap"" mean?
You're cappin. No way.

Select only one answer.
A) A loss or failure
B) Something untrue or unbeleivable
C) Done or ruined
D) a head covering especially with a visor and no brim

Respond with only the letter of your answer (A, B, C, or D).",B,2026-06-12T07:25:06.615540+00:00
630,4,row_029,Chad,Identity,local_qwen27b,C,A,C,True,False,"In the following sentence, what does ""Chad"" mean?
That was a total chad move.

Select only one answer.
A) small pieces of paper or cardboard produced in punching paper tape or data cards; also : a piece of chad.
B) A near superhuman perfect male
C) A stereotypical alpha male that is strong, handsome, and attracts women.
D) To stab or shoot

Respond with only the letter of your answer (A, B, C, or D).",C,2026-06-12T07:25:27.646346+00:00
631,4,row_030,Chaddam,Identity,local_qwen27b,A,,A,True,False,"In the following sentence, what does ""Chaddam"" mean?
Did you see the chaddam at the restraunt earlier?

Select only one answer.
A) An incel term for an attractive middle eastern man
B) Used to refer to the social media platforms one uses
C) drunk
D) A sexual relationship developed from situations without clear future intentions

Respond with only the letter of your answer (A, B, C, or D).",A,2026-06-12T07:28:08.900907+00:00
632,4,row_031,Chang,Drugs,local_qwen27b,B,,B,True,False,"In the following sentence, what does ""Chang"" mean?
Hey , you got a hookup for chang?

Select only one answer.
A) Someone that tries really hard to impress their crush
B) cocaine
C) An unattractive girl
D) Something that appears mundane but has hidden potential

Respond with only the letter of your answer (A, B, C, or D).",B,2026-06-12T07:28:57.235963+00:00
633,4,row_032,Chat,General,local_qwen27b,A,C,A,True,False,"In the following sentence, what does ""Chat"" mean?
Chat, how does this look?

Select only one answer.
A) To refer to ones imaginary audience like an internet steamer
B) A strong, leader who commands those around them
C) chatter, prattle
D) Someone unappealing

Respond with only the letter of your answer (A, B, C, or D).",A,2026-06-12T07:29:31.773670+00:00
634,4,row_033,Cheeks,General,local_qwen27b,A,D,A,True,False,"In the following sentence, what does ""Cheeks"" mean?
That movie was cheeks.

Select only one answer.
A) Somehting that is poor quality
B) To refer to ones imaginary audience like an internet steamer
C) sex
D) the fleshy side of the face below the eye and above and to the side of the mouth

Respond with only the letter of your answer (A, B, C, or D).",A,2026-06-12T07:30:18.148990+00:00
635,4,row_034,chenta,Insult,local_qwen27b,A,,A,True,False,"In the following sentence, what does ""chenta"" mean?
You are looking really chenta.

Select only one answer.
A) Something ugly or unattractive
B) Used to refer to the social media platforms one uses
C) To make a jawline more defined
D) a significant other

Respond with only the letter of your answer (A, B, C, or D).",A,2026-06-12T07:31:09.929615+00:00
636,4,row_035,cheugy,Insult,local_qwen27b,B,,B,True,False,"In the following sentence, what does ""cheugy"" mean?
That girl had such a cheugy outfit.

Select only one answer.
A) the playful act of taking a friend's food
B) Somehting uncool or unfashionable
C) An unattractive girl
D) a significant other

Respond with only the letter of your answer (A, B, C, or D).",B,2026-06-12T07:31:25.029576+00:00
637,4,row_036,chi-mo,Identity,local_qwen27b,B,,D,False,False,"In the following sentence, what does ""chi-mo"" mean?
Go fuck that chi-mo up.

Select only one answer.
A) To metaphorically die of laughter
B) A chlid molestor
C) To mastrubate for extremeely long period regularly
D) Someone weak or a follower

Respond with only the letter of your answer (A, B, C, or D).",D,2026-06-12T07:33:17.768158+00:00
638,4,row_037,Chungus,General,local_qwen27b,C,,C,True,False,"In the following sentence, what does ""Chungus"" mean?
Thats a very chungus pizza.

Select only one answer.
A) A submissive male that is often outside of traditional social hierarchies
B) A person who is very good at spotting a lie
C) Something that is adorably and chunky
D) Something that appears mundane but has hidden potential

Respond with only the letter of your answer (A, B, C, or D).",C,2026-06-12T07:33:33.794345+00:00
639,4,row_038,Clocked,Violence,local_qwen27b,D,A,D,True,False,"In the following sentence, what does ""Clocked"" mean?
He totally clocked that guy.

Select only one answer.
A) to time with a stopwatch or by an electric timing device
B) Age Sex Location
C) Cancer
D) When something hidden gets called out

Respond with only the letter of your answer (A, B, C, or D).",D,2026-06-12T07:33:53.547163+00:00
640,4,row_039,Cooked,General,local_qwen27b,C,B,C,True,False,"In the following sentence, what does ""Cooked"" mean?
You're cooked

Select only one answer.
A) An incel term meaning kissless, hugless, handholdless virgin
B) past tense and past participle of cook
C) Done or ruined
D) Something that is reallly good.

Respond with only the letter of your answer (A, B, C, or D).",C,2026-06-12T07:34:15.221185+00:00
641,4,row_040,coota suit,Identity,local_qwen27b,B,,B,True,False,"In the following sentence, what does ""coota suit"" mean?
Im gonna hit the town in my coota suit.

Select only one answer.
A) crazy or erratic
B) An all denim outfit
C) Ending the discussion on a topic
D) Something that is better then everything else

Respond with only the letter of your answer (A, B, C, or D).",B,2026-06-12T07:34:42.752675+00:00
642,4,row_041,Crashout,General,local_qwen27b,C,A,C,True,False,"In the following sentence, what does ""Crashout"" mean?
Jen had a total crashout after her breakup

Select only one answer.
A) a vehicular crash
B) A submissive male that is often outside of traditional social hierarchies
C) An emotional meltdown
D) Go in 100% on something

Respond with only the letter of your answer (A, B, C, or D).",C,2026-06-12T07:35:03.230635+00:00
643,4,row_042,Cringe,General,local_qwen27b,B,,B,True,False,"In the following sentence, what does ""Cringe"" mean?
Did you hear that pickup line? It was totally cringe!

Select only one answer.
A) bullets
B) to recoil in distaste
C) Someone that is boring
D) To stab or shoot

Respond with only the letter of your answer (A, B, C, or D).",B,2026-06-12T07:35:23.554924+00:00
644,4,row_043,crower,Insult,local_qwen27b,A,,D,False,False,"In the following sentence, what does ""crower"" mean?
Stop sitting around and being a crower

Select only one answer.
A) Someone who sitts around commenting about others
B) A man that takes care of children
C) A sexual relationship developed from situations without clear future intentions
D) Down to fuck

Respond with only the letter of your answer (A, B, C, or D).",D,2026-06-12T07:36:07.321382+00:00
645,4,row_044,cuck,Insult,local_qwen27b,C,B,B,False,True,"In the following sentence, what does ""cuck"" mean?
That guy must be a cuck letting his wife talk to others like that.

Select only one answer.
A) A reaction to something uncomfortable
B) a man whose wife is unfaithful : cuckold
C) A term for someone that enjoys watching their wife have sex with another man
D) Someone that travels abroad with the sole purpose of having sex

Respond with only the letter of your answer (A, B, C, or D).",B,2026-06-12T07:36:53.708766+00:00
646,4,row_045,d-low,General,local_qwen27b,A,,A,True,False,"In the following sentence, what does ""d-low"" mean?
Keep it on the d-low, okay?

Select only one answer.
A) To keep secretive or obscure
B) An insult saying that the problem is due to lack of skill rather then luck
C) To do something impressive
D) Somehting that is poor quality

Respond with only the letter of your answer (A, B, C, or D).",A,2026-06-12T07:37:09.758485+00:00
647,4,row_046,daggers,General,local_qwen27b,A,C,A,True,False,"In the following sentence, what does ""daggers"" mean?
Lets hit the dance floor and do the start daggering.

Select only one answer.
A) A provocative dance
B) Someone that is boring
C) a sharp pointed knife for stabbing
D) An older person who is out of touch

Respond with only the letter of your answer (A, B, C, or D).",A,2026-06-12T07:37:34.331547+00:00
648,4,row_047,Ded,General,local_qwen27b,A,,A,True,False,"In the following sentence, what does ""Ded"" mean?
I'm ded

Select only one answer.
A) To metaphorically die of laughter
B) A man that takes care of children
C) To express excitement or approval for something
D) Something that is messed up or not right.

Respond with only the letter of your answer (A, B, C, or D).",A,2026-06-12T07:37:49.305053+00:00
649,4,row_048,Delulu,General,local_qwen27b,A,,A,True,False,"In the following sentence, what does ""Delulu"" mean?
I'm feeling delulu after that show.

Select only one answer.
A) Delusional
B) Something ugly or unattractive
C) A sexual relationship developed from situations without clear future intentions
D) A knife

Respond with only the letter of your answer (A, B, C, or D).",A,2026-06-12T07:38:07.247153+00:00
650,4,row_049,Dog water,Insult,local_qwen27b,B,,B,True,False,"In the following sentence, what does ""Dog water"" mean?
You are playing like dog water.

Select only one answer.
A) Something that is messed up or not right.
B) Something low quality or bad
C) A loud and messy conflict
D) A man that is feminine in nature

Respond with only the letter of your answer (A, B, C, or D).",B,2026-06-12T07:38:23.364015+00:00
651,4,row_050,doommaxxing,Identity,local_qwen27b,D,,C,False,False,"In the following sentence, what does ""doommaxxing"" mean?
I'm just gonna be doommaxxing all weekend.

Select only one answer.
A) bullets
B) An attractive older man
C) The videos one find on social media that cause people to scroll and do nothign for hours
D) The abandonment of responsibilities

Respond with only the letter of your answer (A, B, C, or D).",C,2026-06-12T07:39:03.650531+00:00
652,4,row_051,Dope,General,local_qwen27b,A,C,A,True,False,"In the following sentence, what does ""Dope"" mean?
That car is dope.

Select only one answer.
A) Cool
B) A term of endearment for a significant other
C) a stupid person
D) One True Pairing

Respond with only the letter of your answer (A, B, C, or D).",A,2026-06-12T07:39:20.979814+00:00
653,4,row_052,Drip,Identity,local_qwen27b,D,A,D,True,False,"In the following sentence, what does ""Drip"" mean?
How is the drip?

Select only one answer.
A) to let fall in drops
B) A homosexual cowboy
C) Down to fuck
D) Stylish or flashy outfit style

Respond with only the letter of your answer (A, B, C, or D).",D,2026-06-12T07:39:43.433250+00:00
654,4,row_053,DTF,Sexual,local_qwen27b,A,,A,True,False,"In the following sentence, what does ""DTF"" mean?
She was totally DTF after the first date.

Select only one answer.
A) Down to fuck
B) An unattractive girl
C) A loss or failure
D) Something that is reallly good.

Respond with only the letter of your answer (A, B, C, or D).",A,2026-06-12T07:40:06.796656+00:00
655,4,row_054,dubs,General,local_qwen27b,D,C,D,True,False,"In the following sentence, what does ""dubs"" mean?
Take home the dubs!

Select only one answer.
A) sweet talk
B) Something that is better then everything else
C) to add (sound effects or new dialogue) to a film or to a radio or television production —usually used with in
D) To win

Respond with only the letter of your answer (A, B, C, or D).",D,2026-06-12T07:40:41.220590+00:00
656,4,row_055,epi,General,local_qwen27b,B,,B,True,False,"In the following sentence, what does ""epi"" mean?
Watch out, hes going through an epi.

Select only one answer.
A) Activities that involve cultivating ones Aura
B) Epileptic fit from a synthetic canabis
C) To be high or drunk
D) To metaphorically die of laughter

Respond with only the letter of your answer (A, B, C, or D).",B,2026-06-12T07:41:15.284613+00:00
657,4,row_056,F,General,local_qwen27b,D,B,D,True,False,"In the following sentence, what does ""F"" mean?
I almost had that one. F.

Select only one answer.
A) To tie up an arm to isolate a vein for injecting a drug
B) the 6th letter of the English alphabet
C) the playful act of taking a friend's food
D) To give sympathy or signify a failure

Respond with only the letter of your answer (A, B, C, or D).",D,2026-06-12T07:41:31.065933+00:00
658,4,row_057,Fanum Tax,General,local_qwen27b,A,,A,True,False,"In the following sentence, what does ""Fanum Tax"" mean?
I was at dinner with my girl and she fanum taxed me.

Select only one answer.
A) the playful act of taking a friend's food
B) To check the mood of a situation
C) Main Character - Someone that acts as if they are the star of a story
D) A cigarette

Respond with only the letter of your answer (A, B, C, or D).",A,2026-06-12T07:41:46.168748+00:00
659,4,row_058,FBOI,Sexual,local_qwen27b,A,,A,True,False,"In the following sentence, what does ""FBOI"" mean?
She just needs a FBOI to gegt out of her slump.

Select only one answer.
A) Fuckboy, someone just looking for sex
B) A sudden feeling of disguest or repultion towards someone.
C) A homosexual cowboy
D) Something that is better then everything else

Respond with only the letter of your answer (A, B, C, or D).",A,2026-06-12T07:42:28.251522+00:00
660,4,row_059,Fire,General,local_qwen27b,D,B,D,True,False,"In the following sentence, what does ""Fire"" mean?
That game war fire!

Select only one answer.
A) Someone that tries really hard to impress their crush
B) the phenomenon of combustion manifested in light, flame, and heat
C) To keep secretive or obscure
D) Something really good

Respond with only the letter of your answer (A, B, C, or D).",D,2026-06-12T07:42:45.090465+00:00
661,4,row_060,Flex,General,local_qwen27b,A,D,A,True,False,"In the following sentence, what does ""Flex"" mean?
Vinny with the car flex.

Select only one answer.
A) To show off
B) Talking too much
C) An unpopular opinion
D) to bend especially repeatedly

Respond with only the letter of your answer (A, B, C, or D).",A,2026-06-12T07:42:53.519455+00:00
662,4,row_061,foid,Insult,local_qwen27b,C,,C,True,False,"In the following sentence, what does ""foid"" mean?
Their was this group of foids at the store earlier, I couldn't satnd them!

Select only one answer.
A) Used to refer to the social media platforms one uses
B) to aggrivate
C) A term used by incels to refer to women in a way that dehumanizes them.
D) The vagina

Respond with only the letter of your answer (A, B, C, or D).",C,2026-06-12T07:43:22.405059+00:00
663,4,row_062,Fuckboy,Sexual,local_qwen27b,C,,C,True,False,"In the following sentence, what does ""Fuckboy"" mean?
That guy gave off total fuckboy energy.

Select only one answer.
A) An insult saying that the problem is due to lack of skill rather then luck
B) A fool or a prick
C) Fuckboy, someone just looking for sex
D) An all denim outfit

Respond with only the letter of your answer (A, B, C, or D).",C,2026-06-12T07:43:35.311827+00:00
664,4,row_063,fuckwhistle,Insult,local_qwen27b,D,,D,True,False,"In the following sentence, what does ""fuckwhistle"" mean?
Get out of here you fuckwhistle!

Select only one answer.
A) Crack cocaine
B) Someone who acts tries to act entertaining and amuzingly relentlessly
C) Someone that tries really hard to impress their crush
D) An insulting term to refer to someone as stupid

Respond with only the letter of your answer (A, B, C, or D).",D,2026-06-12T07:44:36.591251+00:00
665,4,row_064,Full send,General,local_qwen27b,D,,D,True,False,"In the following sentence, what does ""Full send"" mean?
I'm about to full send on this test!

Select only one answer.
A) An unpopular opinion
B) to recoil in distaste
C) Saying something secretive or to keep low profile
D) Go in 100% on something

Respond with only the letter of your answer (A, B, C, or D).",D,2026-06-12T07:44:56.703759+00:00
666,4,row_065,FWB,Sexual,local_qwen27b,B,,B,True,False,"In the following sentence, what does ""FWB"" mean?
Yea, we started a FWB sort of thing.

Select only one answer.
A) To express disappointment dramatically
B) Friends with benefits
C) A fool or a prick
D) when a reply gets more than the original post

Respond with only the letter of your answer (A, B, C, or D).",B,2026-06-12T07:45:10.565756+00:00
667,4,row_066,G-wagon,General,local_qwen27b,C,,C,True,False,"In the following sentence, what does ""G-wagon"" mean?
Yo, check out that g-wagon!

Select only one answer.
A) To express disappointment dramatically
B) Someone who is the last person to leave a location and the first to come back in the morning
C) Mercedes Benz G class
D) An incel term meaning kissless, hugless, handholdless virgin

Respond with only the letter of your answer (A, B, C, or D).",C,2026-06-12T07:45:31.541341+00:00
668,4,row_067,gabadost,Identity,local_qwen27b,A,,B,False,False,"In the following sentence, what does ""gabadost"" mean?
Did you even listen to me? Gabadost!

Select only one answer.
A) Someone who is very stubborn
B) A distinct trait, style, or outfit, often used in drag culture
C) A term used to describe a baby raised in a gender neutral environment
D) A provocative dance

Respond with only the letter of your answer (A, B, C, or D).",B,2026-06-12T07:46:54.512394+00:00
669,4,row_068,Giga Chad,Identity,local_qwen27b,C,,C,True,False,"In the following sentence, what does ""Giga Chad"" mean?
Did you see how he lifted that? What a giga chad.

Select only one answer.
A) To check the mood of a situation
B) An emotional meltdown
C) A near superhuman perfect male
D) A term to support someone going through a gender change.

Respond with only the letter of your answer (A, B, C, or D).",C,2026-06-12T07:47:03.584612+00:00
670,4,row_069,Glazing,Insult,local_qwen27b,C,D,C,True,False,"In the following sentence, what does ""Glazing"" mean?
Stop glazing over One Piece, its not that good.

Select only one answer.
A) A cigarette
B) Someone who is the last person to leave a location and the first to come back in the morning
C) Someone that is too much of a fan of something
D) the action, process, or trade of fitting windows with glass

Respond with only the letter of your answer (A, B, C, or D).",C,2026-06-12T07:47:33.443010+00:00
671,4,row_070,Glee,Violence,local_qwen27b,B,C,B,True,False,"In the following sentence, what does ""Glee"" mean?
Grab your glee and get outta here!

Select only one answer.
A) A dance move
B) A glock pistol
C) exultant high-spirited joy : merriment
D) Gossip

Respond with only the letter of your answer (A, B, C, or D).",B,2026-06-12T07:48:20.024599+00:00
672,4,row_071,glitter,Identity,local_qwen27b,A,D,D,False,True,"In the following sentence, what does ""glitter"" mean?
Go out htere and glittter!

Select only one answer.
A) A term to support someone going through a gender change.
B) something intense, aggressive, and unfiltered
C) Sociopath
D) to shine by reflection with many small flashes of brilliant light : sparkle

Respond with only the letter of your answer (A, B, C, or D).",D,2026-06-12T07:48:43.458551+00:00
673,4,row_072,glizzy,General,local_qwen27b,D,,D,True,False,"In the following sentence, what does ""glizzy"" mean?
Hey, lets grab some costco glizzys before we go.

Select only one answer.
A) Irritated, bitter, or resentful
B) Something very good
C) A kilo of cocaine
D) A hot dog

Respond with only the letter of your answer (A, B, C, or D).",D,2026-06-12T07:48:58.753713+00:00
674,4,row_073,Goated,General,local_qwen27b,B,,B,True,False,"In the following sentence, what does ""Goated"" mean?
That play was goated

Select only one answer.
A) A charismatic, sexy, and quick witted man
B) The greatest of all time
C) Something done regularly
D) Someone who sitts around commenting about others

Respond with only the letter of your answer (A, B, C, or D).",B,2026-06-12T07:49:19.884618+00:00
675,4,row_074,Gooning,Sexual,local_qwen27b,B,,B,True,False,"In the following sentence, what does ""Gooning"" mean?
He looks like he was gooning all break

Select only one answer.
A) An independent, strong person
B) Prolonged masturbation
C) To do something impressive
D) Someone who is trying to get sexual attention overtly

Respond with only the letter of your answer (A, B, C, or D).",B,2026-06-12T07:49:51.248589+00:00
676,4,row_075,goonmaxxing,Identity,local_qwen27b,D,,D,True,False,"In the following sentence, what does ""goonmaxxing"" mean?
He's been spending all summer goonmaxxing in his room

Select only one answer.
A) A chlid molestor
B) Something low quality or bad
C) A nicotine pouch held between the upper lip and gums
D) To mastrubate for extremeely long period regularly

Respond with only the letter of your answer (A, B, C, or D).",D,2026-06-12T07:50:25.486409+00:00
677,4,row_076,gouda,General,local_qwen27b,B,A,A,False,True,"In the following sentence, what does ""gouda"" mean?
Stop being so gouda.

Select only one answer.
A) a mild cheese of Dutch origin that is similar to Edam but contains more fat
B) Someone unappealing
C) A kilo of cocaine
D) A type of marijuana

Respond with only the letter of your answer (A, B, C, or D).",A,2026-06-12T07:51:03.359463+00:00
678,4,row_077,greazy,Insult,local_qwen27b,D,,D,True,False,"In the following sentence, what does ""greazy"" mean?
You lookin greazy today.

Select only one answer.
A) An affirmative agreement
B) A term to support someone going through a gender change.
C) A sexual relationship developed from situations without clear future intentions
D) Poorly dressed

Respond with only the letter of your answer (A, B, C, or D).",D,2026-06-12T07:52:46.761198+00:00
679,4,row_078,Griddy,General,local_qwen27b,D,,D,True,False,"In the following sentence, what does ""Griddy"" mean?
Hit the griddy!

Select only one answer.
A) A term used to describe a baby raised in a gender neutral environment
B) A canabis based cigarette that needs two paper rolls
C) A person who is very good at spotting a lie
D) A dance move

Respond with only the letter of your answer (A, B, C, or D).",D,2026-06-12T07:52:59.781147+00:00
680,4,row_079,grips up,Violence,local_qwen27b,A,,C,False,False,"In the following sentence, what does ""grips up"" mean?
grips up, we gotta head out.

Select only one answer.
A) To prepare for a fight
B) To check the mood of a situation
C) A fool or a prick
D) To express disappointment dramatically

Respond with only the letter of your answer (A, B, C, or D).",C,2026-06-12T07:54:04.990222+00:00
681,4,row_080,Gyatt,General,local_qwen27b,B,,B,True,False,"In the following sentence, what does ""Gyatt"" mean?
Oh, my gyatt, I really wanna see you.

Select only one answer.
A) To be honest about something
B) an expression of surprise
C) Someone that is too much of a fan of something
D) An insult saying that the problem is due to lack of skill rather then luck

Respond with only the letter of your answer (A, B, C, or D).",B,2026-06-12T07:54:26.835187+00:00
682,4,row_081,haps,General,local_qwen27b,A,,A,True,False,"In the following sentence, what does ""haps"" mean?
haps tonight?

Select only one answer.
A) Short for happening
B) A sexual relationship developed from situations without clear future intentions
C) Ending the discussion on a topic
D) A charismatic, sexy, and quick witted man

Respond with only the letter of your answer (A, B, C, or D).",A,2026-06-12T07:54:55.661693+00:00
683,4,row_082,hem up,General,local_qwen27b,C,,B,False,False,"In the following sentence, what does ""hem up"" mean?
Bro, don't hem up.

Select only one answer.
A) Somehting uncool or unfashionable
B) Someone who is very stubborn
C) To get arrested
D) A term used to describe a baby raised in a gender neutral environment

Respond with only the letter of your answer (A, B, C, or D).",B,2026-06-12T07:58:24.189948+00:00
684,4,row_083,highkey,General,local_qwen27b,A,C,A,True,False,"In the following sentence, what does ""highkey"" mean?
Highkey, this place is great!

Select only one answer.
A) intensely and openely say something true
B) A canabis based cigarette that needs two paper rolls
C) having or producing light tones only with little contrast —used of a photographic print or subject or of the lighting of a photographic subject
D) A loss or failure

Respond with only the letter of your answer (A, B, C, or D).",A,2026-06-12T07:58:43.170803+00:00
685,4,row_084,Hits different,General,local_qwen27b,D,,D,True,False,"In the following sentence, what does ""Hits different"" mean?
This hot dog hits different.

Select only one answer.
A) A term used by incels to refer to women in a way that dehumanizes them.
B) To win
C) Short for Bitch
D) Something very good

Respond with only the letter of your answer (A, B, C, or D).",D,2026-06-12T07:58:57.896708+00:00
686,4,row_085,Ick,Insult,local_qwen27b,D,,D,True,False,"In the following sentence, what does ""Ick"" mean?
His hairdue gave me the ick.

Select only one answer.
A) Someone who refused to wear a mask in covid times.
B) A submissive male that is often outside of traditional social hierarchies
C) A term for friends
D) A sudden feeling of disguest or repultion towards someone.

Respond with only the letter of your answer (A, B, C, or D).",D,2026-06-12T07:59:19.381095+00:00
687,4,row_086,IJBOL,General,local_qwen27b,A,,A,True,False,"In the following sentence, what does ""IJBOL"" mean?
That was aso funny. IJBOL!

Select only one answer.
A) I just burst out laughing
B) A near superhuman perfect male
C) Someone that tries really hard to impress their crush
D) A reaction to something uncomfortable

Respond with only the letter of your answer (A, B, C, or D).",A,2026-06-12T07:59:54.120566+00:00
688,4,row_087,Ipad Kid,General,local_qwen27b,D,,D,True,False,"In the following sentence, what does ""Ipad Kid"" mean?
They are just a bunch of Ipad kids.

Select only one answer.
A) a significant other
B) To keep secretive or obscure
C) Someone who is the last person to leave a location and the first to come back in the morning
D) used to mock spoiled kids

Respond with only the letter of your answer (A, B, C, or D).",D,2026-06-12T08:00:18.758006+00:00
689,4,row_088,Jebaited,General,local_qwen27b,D,,D,True,False,"In the following sentence, what does ""Jebaited"" mean?
Get jebaited!

Select only one answer.
A) To keep secretive or obscure
B) the playful act of taking a friend's food
C) An endeering term used towards ones significant other
D) To manipulated, trick, or fool someone

Respond with only the letter of your answer (A, B, C, or D).",D,2026-06-12T08:00:33.502014+00:00
690,4,row_089,jestermaxxing,Identity,local_qwen27b,D,,D,True,False,"In the following sentence, what does ""jestermaxxing"" mean?
Tommy's jestermaxxing in class just to annoy the teacher.

Select only one answer.
A) the playful act of taking a friend's food
B) Someone acting aggressively and out of control
C) Another term that stands for that hoe over there
D) Someone who acts tries to act entertaining and amuzingly relentlessly

Respond with only the letter of your answer (A, B, C, or D).",D,2026-06-12T08:00:54.020860+00:00
691,4,row_090,Jit,Insult,local_qwen27b,C,,C,True,False,"In the following sentence, what does ""Jit"" mean?
Who is this jit?

Select only one answer.
A) A canister of nitrous oxide
B) To express disbelief
C) Someone younger
D) drunk

Respond with only the letter of your answer (A, B, C, or D).",C,2026-06-12T08:01:20.464361+00:00
692,4,row_091,K.Y. cowboy,Insult,local_qwen27b,D,,D,True,False,"In the following sentence, what does ""K.Y. cowboy"" mean?
Stop being such a K.Y. cowboy.

Select only one answer.
A) Something that is better then everything else
B) Someone that travels abroad with the sole purpose of having sex
C) A descriptor for an attractive person
D) A homosexual cowboy

Respond with only the letter of your answer (A, B, C, or D).",D,2026-06-12T08:06:10.256350+00:00
693,4,row_092,keep it 100,General,local_qwen27b,C,,C,True,False,"In the following sentence, what does ""keep it 100"" mean?
Keep it 100, dod you see her last night?

Select only one answer.
A) An expression of disbelief
B) To mastrubate for extremeely long period regularly
C) To be honest about something
D) Saying something secretive or to keep low profile

Respond with only the letter of your answer (A, B, C, or D).",C,2026-06-12T08:06:25.515898+00:00
694,4,row_093,KHHV,Insult,local_qwen27b,A,,A,True,False,"In the following sentence, what does ""KHHV"" mean?
Looks like a total KHHV.

Select only one answer.
A) An incel term meaning kissless, hugless, handholdless virgin
B) A descriptor for an attractive person
C) Nonsensical term
D) Someone that travels abroad with the sole purpose of having sex

Respond with only the letter of your answer (A, B, C, or D).",A,2026-06-12T08:06:51.497315+00:00
695,4,row_094,knot off,Drugs,local_qwen27b,A,,A,True,False,"In the following sentence, what does ""knot off"" mean?
Get ready to knot off, I have the H.

Select only one answer.
A) To tie up an arm to isolate a vein for injecting a drug
B) Delusional
C) To metaphorically die of laughter
D) A kilo of cocaine

Respond with only the letter of your answer (A, B, C, or D).",A,2026-06-12T08:07:13.945367+00:00
696,4,row_095,kweff,Violence,local_qwen27b,C,,D,False,False,"In the following sentence, what does ""kweff"" mean?
Lock, aim, and kweff.

Select only one answer.
A) To manipulated, trick, or fool someone
B) The positive or relaxing energy of a place
C) To stab or shoot
D) Throwing something

Respond with only the letter of your answer (A, B, C, or D).",D,2026-06-12T08:07:50.799800+00:00
697,4,row_096,L,General,local_qwen27b,C,A,C,True,False,"In the following sentence, what does ""L"" mean?
We took the L at the basketball match.

Select only one answer.
A) the 12th letter of the English alphabet
B) Delusional
C) A loss or failure
D) A mauser C96 pistol

Respond with only the letter of your answer (A, B, C, or D).",C,2026-06-12T08:07:58.543667+00:00
698,4,row_097,lacag,General,local_qwen27b,B,,B,True,False,"In the following sentence, what does ""lacag"" mean?
I'll be out making lacag.

Select only one answer.
A) Someone who is the last person to leave a location and the first to come back in the morning
B) Money
C) Talking too much
D) Something really good

Respond with only the letter of your answer (A, B, C, or D).",B,2026-06-12T08:08:16.460256+00:00
699,4,row_098,larp,General,local_qwen27b,D,,D,True,False,"In the following sentence, what does ""larp"" mean?
I went to a LARP at the park this weekend.

Select only one answer.
A) intensely and openely say something true
B) A person who is very good at spotting a lie
C) A dance move
D) a live-action role-playing game in which a group of people enacts a fictional scenario (such as a fantasy adventure) in real time typically under the guidance of a facilitator or organizer; also : the activity of participating in such games : larping

Respond with only the letter of your answer (A, B, C, or D).",D,2026-06-12T08:08:22.262411+00:00
700,4,row_099,lewk,General,local_qwen27b,C,,C,True,False,"In the following sentence, what does ""lewk"" mean?
Jim is using his signature lewk tonight.

Select only one answer.
A) Someone who acts tries to act entertaining and amuzingly relentlessly
B) Main Character - Someone that acts as if they are the star of a story
C) A distinct trait, style, or outfit, often used in drag culture
D) A dance move

Respond with only the letter of your answer (A, B, C, or D).",C,2026-06-12T08:08:37.083832+00:00
701,4,row_100,lidge,General,local_qwen27b,B,,C,False,False,"In the following sentence, what does ""lidge"" mean?
I'm gettin money lidge.

Select only one answer.
A) An insult saying that the problem is due to lack of skill rather then luck
B) A criminal that turned their life arpound and are legitimate
C) Gross buildup between the toes
D) Someone who is trying to get sexual attention overtly

Respond with only the letter of your answer (A, B, C, or D).",C,2026-06-12T08:09:14.031655+00:00
702,4,row_101,lifemaxxing,Identity,local_qwen27b,A,,A,True,False,"In the following sentence, what does ""lifemaxxing"" mean?
Shes's reallly been trying to lifemax these past few months.

Select only one answer.
A) To make lifestyle changes to make your life more holistic
B) A commonplace person
C) A nicotine pouch held between the upper lip and gums
D) Main Character - Someone that acts as if they are the star of a story

Respond with only the letter of your answer (A, B, C, or D).",A,2026-06-12T08:09:47.802614+00:00
703,4,row_102,looksmaxxing,Identity,local_qwen27b,C,,C,True,False,"In the following sentence, what does ""looksmaxxing"" mean?
The looksmaxxing community

Select only one answer.
A) A loss or failure
B) A homosexual cowboy
C) To focus on making one as physically attractive as possible
D) someone that looks ordinary but is actually very strong

Respond with only the letter of your answer (A, B, C, or D).",C,2026-06-12T08:10:03.327869+00:00
704,4,row_103,lotion,General,local_qwen27b,D,A,D,True,False,"In the following sentence, what does ""lotion"" mean?
Lemme go lotion her up for you.

Select only one answer.
A) a liquid preparation for cosmetic or external medicinal use
B) To be fierce and unapologetic withing a social situation
C) Done or ruined
D) sweet talk

Respond with only the letter of your answer (A, B, C, or D).",D,2026-06-12T08:10:37.704613+00:00
705,4,row_104,Low Key,General,local_qwen27b,B,A,B,True,False,"In the following sentence, what does ""Low Key"" mean?
Low key, I want some ice cream.

Select only one answer.
A) having or producing dark tones only with little contrast
B) Saying something secretive or to keep low profile
C) An endeering term used towards ones significant other
D) An emotional meltdown

Respond with only the letter of your answer (A, B, C, or D).",B,2026-06-12T08:10:58.666742+00:00
706,4,row_105,main character,General,local_qwen27b,B,,B,True,False,"In the following sentence, what does ""main character"" mean?
You give off main character energy.

Select only one answer.
A) A canister of nitrous oxide
B) Main Character - Someone that acts as if they are the star of a story
C) The abandonment of responsibilities
D) Someone who deliberatly acts in ways to annoy or anger a group of people online.

Respond with only the letter of your answer (A, B, C, or D).",B,2026-06-12T08:11:08.114729+00:00
707,4,row_106,manny,Insult,local_qwen27b,C,,C,True,False,"In the following sentence, what does ""manny"" mean?
Look at the guy, he's just a manny.

Select only one answer.
A) A fashionable look
B) Something suspicious
C) A man that takes care of children
D) To express disappointment dramatically

Respond with only the letter of your answer (A, B, C, or D).",C,2026-06-12T08:11:16.936095+00:00
708,4,row_107,mascara,Sexual,local_qwen27b,A,B,B,False,True,"In the following sentence, what does ""mascara"" mean?
I lost my mascara for 5 years, but then I found it again, and I love it even more now.

Select only one answer.
A) A term to discuss sexual experiences
B) a cosmetic especially for making the eyelashes darker and more prominent
C) Something that is reallly good.
D) A chlid molestor

Respond with only the letter of your answer (A, B, C, or D).",B,2026-06-12T08:11:38.852317+00:00
709,4,row_108,Mewing,Identity,local_qwen27b,A,C,A,True,False,"In the following sentence, what does ""Mewing"" mean?
You've gotta start mewing to increase your status in society.

Select only one answer.
A) To make a jawline more defined
B) an expression of surprise
C) to utter a mew or similar sound
D) Saying something secretive or to keep low profile

Respond with only the letter of your answer (A, B, C, or D).",A,2026-06-12T08:11:55.205201+00:00
710,4,row_109,Mid,General,local_qwen27b,B,,B,True,False,"In the following sentence, what does ""Mid"" mean?
That was a mid burger.

Select only one answer.
A) A large ass that stands out.
B) Mediocre
C) Used to mock someone who doesnt think for themselves, says things repeatedly, or has no opinions
D) An all denim outfit

Respond with only the letter of your answer (A, B, C, or D).",B,2026-06-12T08:12:09.432001+00:00
711,4,row_110,minghiun,Insult,local_qwen27b,C,,C,True,False,"In the following sentence, what does ""minghiun"" mean?
Stop being a minghiun.

Select only one answer.
A) A canister of nitrous oxide
B) To show off
C) A fool or a prick
D) intensely and openely say something true

Respond with only the letter of your answer (A, B, C, or D).",C,2026-06-12T08:12:49.617248+00:00
712,4,row_111,nang,Drugs,local_qwen27b,A,,A,True,False,"In the following sentence, what does ""nang"" mean?
Dude, grab the nang, I wanna feel free.

Select only one answer.
A) A canister of nitrous oxide
B) A strong, leader who commands those around them
C) To make lifestyle changes to make your life more holistic
D) A man that is feminine in nature

Respond with only the letter of your answer (A, B, C, or D).",A,2026-06-12T08:13:15.682262+00:00
713,4,row_112,Negative Aura,Insult,local_qwen27b,C,,C,True,False,"In the following sentence, what does ""Negative Aura"" mean?
She's giving off negative aura.

Select only one answer.
A) Someone who sitts around commenting about others
B) Used to refer to the social media platforms one uses
C) a bad charisma
D) Something that is adorably and chunky

Respond with only the letter of your answer (A, B, C, or D).",C,2026-06-12T08:13:33.790453+00:00
714,4,row_113,Netflix and Chill,Sexual,local_qwen27b,A,,A,True,False,"In the following sentence, what does ""Netflix and Chill"" mean?
Wanna come back to my place and Netflix and Chill?

Select only one answer.
A) A term for bringing someone over to watch some netflix and then have sex.
B) A stereotypical alpha male that is strong, handsome, and attracts women.
C) Short for happening
D) The anus

Respond with only the letter of your answer (A, B, C, or D).",A,2026-06-12T08:13:55.596915+00:00
715,4,row_114,next-level,General,local_qwen27b,C,,C,True,False,"In the following sentence, what does ""next-level"" mean?
That movie was next level!

Select only one answer.
A) Used to mock someone who doesnt think for themselves, says things repeatedly, or has no opinions
B) A homosexual cowboy
C) Something that is better then everything else
D) To knock someone out

Respond with only the letter of your answer (A, B, C, or D).",C,2026-06-12T08:14:10.757657+00:00
716,4,row_115,NPC,Insult,local_qwen27b,D,C,D,True,False,"In the following sentence, what does ""NPC"" mean?
Stop being such an NPC.

Select only one answer.
A) To be honest about something
B) Throwing something
C) a character in a video game that does not represent and cannot be manipulated by a player —called also non-player character
D) Used to mock someone who doesnt think for themselves, says things repeatedly, or has no opinions

Respond with only the letter of your answer (A, B, C, or D).",D,2026-06-12T08:14:35.945829+00:00
717,4,row_116,Omega,Identity,local_qwen27b,B,D,B,True,False,"In the following sentence, what does ""Omega"" mean?
Those were some real omega moves right there.

Select only one answer.
A) Gross buildup between the toes
B) A submissive male that is often outside of traditional social hierarchies
C) Something suspicious
D) the 24th and last letter of the Greek alphabet

Respond with only the letter of your answer (A, B, C, or D).",B,2026-06-12T08:14:55.769217+00:00
718,4,row_117,on the regs,General,local_qwen27b,A,,A,True,False,"In the following sentence, what does ""on the regs"" mean?
I stop by the coffee shop on the regs.

Select only one answer.
A) Something done regularly
B) Men that lack masculine characteristics
C) Another term that stands for that hoe over there
D) Someone that tries really hard to impress their crush

Respond with only the letter of your answer (A, B, C, or D).",A,2026-06-12T08:15:10.883583+00:00
719,4,row_118,oof,General,local_qwen27b,D,,D,True,False,"In the following sentence, what does ""oof"" mean?
Oof, that was rough.

Select only one answer.
A) The abandonment of responsibilities
B) A significant problem
C) To express disbelief
D) A reaction to something uncomfortable

Respond with only the letter of your answer (A, B, C, or D).",D,2026-06-12T08:15:32.493678+00:00
720,4,row_119,ooga-booga,Sexual,local_qwen27b,B,,B,True,False,"In the following sentence, what does ""ooga-booga"" mean?
Me want ooga-booga!

Select only one answer.
A) To prepare for a fight
B) The vagina
C) A loss or failure
D) Activities that involve cultivating ones Aura

Respond with only the letter of your answer (A, B, C, or D).",B,2026-06-12T08:16:08.150791+00:00
721,4,row_120,Orange Crush,Drugs,local_qwen27b,D,,D,True,False,"In the following sentence, what does ""Orange Crush"" mean?
ets grab some of that orange crush tonight!

Select only one answer.
A) Saying something secretive or to keep low profile
B) A term used to describe a baby raised in a gender neutral environment
C) Someone who deliberatly acts in ways to annoy or anger a group of people online.
D) A type of marijuana

Respond with only the letter of your answer (A, B, C, or D).",D,2026-06-12T08:16:32.292893+00:00
722,4,row_121,OTP,General,local_qwen27b,A,,A,True,False,"In the following sentence, what does ""OTP"" mean?
Him and her are the OTP.

Select only one answer.
A) One True Pairing
B) A rule used by some for dating that refers to someone who is six feet tall, has a 6 figure income, and has six-pack abs
C) Someone who is trying to get sexual attention overtly
D) Gross buildup between the toes

Respond with only the letter of your answer (A, B, C, or D).",A,2026-06-12T08:16:46.786959+00:00
723,4,row_122,packers,Insult,local_qwen27b,D,A,A,False,True,"In the following sentence, what does ""packers"" mean?
Thats just a group of packers over there, don't waste your time.

Select only one answer.
A) one that packs
B) To confim that something was completed to expectation
C) A charismatic, sexy, and quick witted man
D) fake soft penises and testicles designed to give a 'male' bulge to the crotches of female-to-male transsexuals.

Respond with only the letter of your answer (A, B, C, or D).",A,2026-06-12T08:17:57.024526+00:00
724,4,row_123,passa passa,General,local_qwen27b,A,,D,False,False,"In the following sentence, what does ""passa passa"" mean?
I don't want any passa passa now.

Select only one answer.
A) A loud and messy conflict
B) An attractive older man
C) To make lifestyle changes to make your life more holistic
D) a significant other

Respond with only the letter of your answer (A, B, C, or D).",D,2026-06-12T08:18:18.927712+00:00
725,4,row_124,passport bro,Sexual,local_qwen27b,A,,A,True,False,"In the following sentence, what does ""passport bro"" mean?
A bunch of passport bro's just checked into the hotel.

Select only one answer.
A) Someone that travels abroad with the sole purpose of having sex
B) An endeering term used towards ones significant other
C) A strong, leader who commands those around them
D) To tie up an arm to isolate a vein for injecting a drug

Respond with only the letter of your answer (A, B, C, or D).",A,2026-06-12T08:18:35.813883+00:00
726,4,row_125,Period,General,local_qwen27b,A,C,A,True,False,"In the following sentence, what does ""Period"" mean?
She is the best, period.

Select only one answer.
A) Ending the discussion on a topic
B) An emotional meltdown
C) the completion of a cycle, a series of events, or a single action : conclusion
D) The greatest of all time

Respond with only the letter of your answer (A, B, C, or D).",A,2026-06-12T08:19:03.296167+00:00
727,4,row_126,plegic,Drugs,local_qwen27b,D,,D,True,False,"In the following sentence, what does ""plegic"" mean?
That guy stumbled out very plegic.

Select only one answer.
A) A reference for ass
B) To get arrested
C) A significant problem
D) drunk

Respond with only the letter of your answer (A, B, C, or D).",D,2026-06-12T08:20:05.116015+00:00
728,4,row_127,poggers,General,local_qwen27b,B,,B,True,False,"In the following sentence, what does ""poggers"" mean?
Thats a poggers painting.

Select only one answer.
A) A glock pistol
B) To express excitement or approval for something
C) Something that appears mundane but has hidden potential
D) A term used by incels to refer to women in a way that dehumanizes them.

Respond with only the letter of your answer (A, B, C, or D).",B,2026-06-12T08:20:15.014746+00:00
729,4,row_128,Pookie,Sexual,local_qwen27b,B,,B,True,False,"In the following sentence, what does ""Pookie"" mean?
My pookie loves a smash burger.

Select only one answer.
A) Someone that tries really hard to impress their crush
B) A term of endearment for a significant other
C) to recoil in distaste
D) An incel term for an attractive middle eastern man

Respond with only the letter of your answer (A, B, C, or D).",B,2026-06-12T08:20:27.251814+00:00
730,4,row_129,Pop off,General,local_qwen27b,D,A,D,True,False,"In the following sentence, what does ""Pop off"" mean?
I'm about to pop off!

Select only one answer.
A) to die unexpectedly
B) The anus
C) A term used to say that someone is online too much and needs to get back to real life
D) To do something impressive

Respond with only the letter of your answer (A, B, C, or D).",D,2026-06-12T08:20:52.657524+00:00
731,4,row_130,Posh and Becks,Sexual,local_qwen27b,C,,C,True,False,"In the following sentence, what does ""Posh and Becks"" mean?
Lets go back to my place and have the posh and becks.

Select only one answer.
A) An all denim outfit
B) To express excitement or approval for something
C) sex
D) Go in 100% on something

Respond with only the letter of your answer (A, B, C, or D).",C,2026-06-12T08:21:16.640300+00:00
732,4,row_131,prepper,Insult,local_qwen27b,B,,B,True,False,"In the following sentence, what does ""prepper"" mean?
We have a prepper down the block. They are kindof crazy, but its nice to know where to go.

Select only one answer.
A) Friends with benefits
B) Someone who prepares for doomsday scenarios
C) Prolonged masturbation
D) Someone who is trying to get sexual attention overtly

Respond with only the letter of your answer (A, B, C, or D).",B,2026-06-12T08:21:33.340451+00:00
733,4,row_132,Prison pocket,General,local_qwen27b,C,,C,True,False,"In the following sentence, what does ""Prison pocket"" mean?
Hold it in your prison pocket.

Select only one answer.
A) A term used to say that someone is online too much and needs to get back to real life
B) Cancer
C) The anus
D) Someone who is the last person to leave a location and the first to come back in the morning

Respond with only the letter of your answer (A, B, C, or D).",C,2026-06-12T08:22:08.551648+00:00
734,4,row_133,Put the fries in the bag,General,local_qwen27b,A,,A,True,False,"In the following sentence, what does ""Put the fries in the bag"" mean?
You're taking too long. Put the fires in the bag.

Select only one answer.
A) Get to the point
B) A person who is very good at spotting a lie
C) A term used to describe a baby raised in a gender neutral environment
D) Someone who acts tries to act entertaining and amuzingly relentlessly

Respond with only the letter of your answer (A, B, C, or D).",A,2026-06-12T08:23:14.847509+00:00
735,4,row_134,Quirky,Insult,local_qwen27b,D,C,C,False,True,"In the following sentence, what does ""Quirky"" mean?
I'm so quirky!

Select only one answer.
A) Crack cocaine
B) A term used to describe a baby raised in a gender neutral environment
C) having many quirks : unusual in especially an interesting or appealing way
D) Ironically used to describe one as unique

Respond with only the letter of your answer (A, B, C, or D).",C,2026-06-12T08:23:32.069587+00:00
736,4,row_135,rago,Insult,local_qwen27b,B,,B,True,False,"In the following sentence, what does ""rago"" mean?
It was just how rago he was.

Select only one answer.
A) sweet talk
B) Someone acting aggressively and out of control
C) A strong, leader who commands those around them
D) A canabis based cigarette that needs two paper rolls

Respond with only the letter of your answer (A, B, C, or D).",B,2026-06-12T08:24:06.925011+00:00
737,4,row_136,rapey,Sexual,local_qwen27b,D,,D,True,False,"In the following sentence, what does ""rapey"" mean?
That guy at the bar was feeling pretty rapey.

Select only one answer.
A) Mediocre
B) Fuckboy, someone just looking for sex
C) A criminal that turned their life arpound and are legitimate
D) Describes activities or situations that are sexually aggressive

Respond with only the letter of your answer (A, B, C, or D).",D,2026-06-12T08:24:34.099649+00:00
738,4,row_137,Ratio,General,local_qwen27b,A,D,A,True,False,"In the following sentence, what does ""Ratio"" mean?
Ratio if you like pizza.

Select only one answer.
A) when a reply gets more than the original post
B) intensely and openely say something true
C) To confim that something was completed to expectation
D) the indicated quotient of two mathematical expressions

Respond with only the letter of your answer (A, B, C, or D).",A,2026-06-12T08:24:50.923399+00:00
739,4,row_138,raw,General,local_qwen27b,B,C,B,True,False,"In the following sentence, what does ""raw"" mean?
He's been hitting the vape raw lately.

Select only one answer.
A) The abandonment of responsibilities
B) something intense, aggressive, and unfiltered
C) not cooked
D) Down to fuck

Respond with only the letter of your answer (A, B, C, or D).",B,2026-06-12T08:25:06.671747+00:00
740,4,row_139,RIP (me),General,local_qwen27b,B,,B,True,False,"In the following sentence, what does ""RIP (me)"" mean?
I think I just failed that test. RIP me.

Select only one answer.
A) Something that appears mundane but has hidden potential
B) To express disappointment dramatically
C) When you are outnumbered in a fight and call black people for the win
D) A sexual relationship developed from situations without clear future intentions

Respond with only the letter of your answer (A, B, C, or D).",B,2026-06-12T08:25:23.653514+00:00
741,4,row_140,Rizz,General,local_qwen27b,A,,A,True,False,"In the following sentence, what does ""Rizz"" mean?
The rizz you have today is stunning!

Select only one answer.
A) Charisma
B) A term used by incels to refer to women in a way that dehumanizes them.
C) An all denim outfit
D) A charismatic, sexy, and quick witted man

Respond with only the letter of your answer (A, B, C, or D).",A,2026-06-12T08:25:53.298105+00:00
742,4,row_141,Salty,Insult,local_qwen27b,A,D,A,True,False,"In the following sentence, what does ""Salty"" mean?
She's just salty that you have a boyfriend and she doesn't.

Select only one answer.
A) Irritated, bitter, or resentful
B) A kilo of cocaine
C) Someone acting aggressively and out of control
D) of, seasoned with, or containing salt

Respond with only the letter of your answer (A, B, C, or D).",A,2026-06-12T08:26:07.324231+00:00
743,4,row_142,savage,General,local_qwen27b,C,A,C,True,False,"In the following sentence, what does ""savage"" mean?
That was a savage comeback you gave.

Select only one answer.
A) not domesticated or under human control : untamed
B) Short for happening
C) To be fierce and unapologetic withing a social situation
D) Something ugly or unattractive

Respond with only the letter of your answer (A, B, C, or D).",C,2026-06-12T08:26:42.890207+00:00
744,4,row_143,Schizo,Insult,local_qwen27b,C,,C,True,False,"In the following sentence, what does ""Schizo"" mean?
Brians a total schitzo.

Select only one answer.
A) To prepare for a fight
B) A term for friends
C) crazy or erratic
D) A dance move

Respond with only the letter of your answer (A, B, C, or D).",C,2026-06-12T08:26:52.140416+00:00
745,4,row_144,scuffed,Insult,local_qwen27b,C,B,C,True,False,"In the following sentence, what does ""scuffed"" mean?
The was a scuffed performance last night.

Select only one answer.
A) Crack cocaine
B) to walk without lifting the feet : shuffle
C) Something that is messed up or not right.
D) An emotional meltdown

Respond with only the letter of your answer (A, B, C, or D).",C,2026-06-12T08:27:15.897215+00:00
746,4,row_145,Shabba,General,local_qwen27b,B,,B,True,False,"In the following sentence, what does ""Shabba"" mean?
Shabba on point!

Select only one answer.
A) An independent, strong person
B) Fashionable or stylish
C) An incel term for an attractive middle eastern man
D) the playful act of taking a friend's food

Respond with only the letter of your answer (A, B, C, or D).",B,2026-06-12T08:27:36.186176+00:00
747,4,row_146,Sheesh,General,local_qwen27b,C,,C,True,False,"In the following sentence, what does ""Sheesh"" mean?
Sheesh! Thats crazy!

Select only one answer.
A) When you are outnumbered in a fight and call black people for the win
B) To make lifestyle changes to make your life more holistic
C) To express disbelief
D) crazy or erratic

Respond with only the letter of your answer (A, B, C, or D).",C,2026-06-12T08:27:49.422405+00:00
748,4,row_147,Side eye,General,local_qwen27b,B,,B,True,False,"In the following sentence, what does ""Side eye"" mean?
Why are you giving him the side eye?

Select only one answer.
A) To stab or shoot
B) To be skeptical about something
C) Someone that travels abroad with the sole purpose of having sex
D) To be honest about something

Respond with only the letter of your answer (A, B, C, or D).",B,2026-06-12T08:28:04.812595+00:00
749,4,row_148,Sigma,Identity,local_qwen27b,D,B,D,True,False,"In the following sentence, what does ""Sigma"" mean?
You are giving off sigma energy right now.

Select only one answer.
A) Someone younger
B) the 18th letter of the Greek alphabet
C) Describes activities or situations that are sexually aggressive
D) An independent, strong person

Respond with only the letter of your answer (A, B, C, or D).",D,2026-06-12T08:28:14.649233+00:00
750,4,row_149,Simp,Insult,local_qwen27b,C,B,C,True,False,"In the following sentence, what does ""Simp"" mean?
Stop being a simp over her!

Select only one answer.
A) Fashionable or stylish
B) a foolish or stupid person : simpleton
C) Someone that tries really hard to impress their crush
D) To be honest about something

Respond with only the letter of your answer (A, B, C, or D).",C,2026-06-12T08:28:40.243949+00:00
751,4,row_150,Situationship,Sexual,local_qwen27b,D,,D,True,False,"In the following sentence, what does ""Situationship"" mean?
Joe ended up in a situationship over the summer.

Select only one answer.
A) A rule used by some for dating that refers to someone who is six feet tall, has a 6 figure income, and has six-pack abs
B) To refer to ones imaginary audience like an internet steamer
C) Fashionable or stylish
D) A sexual relationship developed from situations without clear future intentions

Respond with only the letter of your answer (A, B, C, or D).",D,2026-06-12T08:28:55.270475+00:00
752,4,row_151,Skeet,Sexual,local_qwen27b,D,A,D,True,False,"In the following sentence, what does ""Skeet"" mean?
He skeeted all over the court!

Select only one answer.
A) trapshooting in which clay pigeons are thrown in such a way as to simulate the angles of flight of birds
B) Something that is better then everything else
C) cocaine
D) To shoot ones shot.

Respond with only the letter of your answer (A, B, C, or D).",D,2026-06-12T08:29:29.955874+00:00
753,4,row_152,Skibidi,General,local_qwen27b,A,,A,True,False,"In the following sentence, what does ""Skibidi"" mean?
That's so skibidi.

Select only one answer.
A) Nonsensical term
B) To prepare for a fight
C) Get to the point
D) Fuckboy, someone just looking for sex

Respond with only the letter of your answer (A, B, C, or D).",A,2026-06-12T08:30:01.866349+00:00
754,4,row_153,Skill issue,Insult,local_qwen27b,C,,C,True,False,"In the following sentence, what does ""Skill issue"" mean?
You won't win. Its a skill issue.

Select only one answer.
A) To confim that something was completed to expectation
B) Someone who is very stubborn
C) An insult saying that the problem is due to lack of skill rather then luck
D) A near superhuman perfect male

Respond with only the letter of your answer (A, B, C, or D).",C,2026-06-12T08:30:16.359690+00:00
755,4,row_154,Slaps,General,local_qwen27b,A,C,A,True,False,"In the following sentence, what does ""Slaps"" mean?
This place slaps!

Select only one answer.
A) Something that is reallly good.
B) A term for baby that people will call their significant other.
C) to strike sharply with or as if with the open hand
D) A term used to describe a baby raised in a gender neutral environment

Respond with only the letter of your answer (A, B, C, or D).",A,2026-06-12T08:30:37.175830+00:00
756,4,row_155,Slay,General,local_qwen27b,C,D,C,True,False,"In the following sentence, what does ""Slay"" mean?
Slay girl!

Select only one answer.
A) Used to address friends with exasperation, releif, or disbeleif.
B) A cigarette
C) To do somethign very well
D) to kill violently, wantonly, or in great numbers

Respond with only the letter of your answer (A, B, C, or D).",C,2026-06-12T08:31:01.689096+00:00
757,4,row_156,sledge,Identity,local_qwen27b,C,A,C,True,False,"In the following sentence, what does ""sledge"" mean?
What? Are you havin trouble you sledge?

Select only one answer.
A) sledgehammer
B) A loud and messy conflict
C) An insult commonly used in sports
D) Talking too much

Respond with only the letter of your answer (A, B, C, or D).",C,2026-06-12T08:31:52.445190+00:00
758,4,row_157,sleeper,General,local_qwen27b,A,C,A,True,False,"In the following sentence, what does ""sleeper"" mean?
That car has got to be a sleeper.

Select only one answer.
A) Something that appears mundane but has hidden potential
B) Talking too much
C) one that sleeps
D) Throwing something

Respond with only the letter of your answer (A, B, C, or D).",A,2026-06-12T08:32:13.158060+00:00
759,4,row_158,sleeper build,General,local_qwen27b,A,,A,True,False,"In the following sentence, what does ""sleeper build"" mean?
Bro's rocking the sleeper build.

Select only one answer.
A) someone that looks ordinary but is actually very strong
B) Something that is reallly good.
C) Methodone
D) The greatest of all time

Respond with only the letter of your answer (A, B, C, or D).",A,2026-06-12T08:32:32.570268+00:00
760,4,row_159,Snack,Sexual,local_qwen27b,C,D,C,True,False,"In the following sentence, what does ""Snack"" mean?
That lady over there is a snack.

Select only one answer.
A) A term for baby that people will call their significant other.
B) A term used by incels to refer to women in a way that dehumanizes them.
C) A descriptor for an attractive person
D) a light meal : food eaten between regular meals; also : food suitable for snacking

Respond with only the letter of your answer (A, B, C, or D).",C,2026-06-12T08:32:55.065164+00:00
761,4,row_160,snaggle,Identity,local_qwen27b,C,A,C,True,False,"In the following sentence, what does ""snaggle"" mean?
Susanne is such a snaggle.

Select only one answer.
A) snag
B) A term to discuss sexual experiences
C) An unattractive girl
D) An older person who is out of touch

Respond with only the letter of your answer (A, B, C, or D).",C,2026-06-12T08:33:22.036594+00:00
762,4,row_161,Snatched,General,local_qwen27b,D,A,D,True,False,"In the following sentence, what does ""Snatched"" mean?
You're looking snatched today.

Select only one answer.
A) to attempt to seize something suddenly
B) To make lifestyle changes to make your life more holistic
C) The anus
D) A fashionable look

Respond with only the letter of your answer (A, B, C, or D).",D,2026-06-12T08:33:57.532321+00:00
763,4,row_162,socials,General,local_qwen27b,A,B,A,True,False,"In the following sentence, what does ""socials"" mean?
Catch me on the socials!

Select only one answer.
A) Used to refer to the social media platforms one uses
B) an informal social event or gathering frequently involving a special activity or area of interest
C) Mercedes Benz G class
D) Fuckboy, someone just looking for sex

Respond with only the letter of your answer (A, B, C, or D).",A,2026-06-12T08:34:13.465006+00:00
764,4,row_163,socio,Insult,local_qwen27b,B,,B,True,False,"In the following sentence, what does ""socio"" mean?
The boy is a socio.

Select only one answer.
A) Someone who sitts around commenting about others
B) Sociopath
C) to recoil in distaste
D) A glock pistol

Respond with only the letter of your answer (A, B, C, or D).",B,2026-06-12T08:34:29.387521+00:00
765,4,row_164,Soy,Insult,local_qwen27b,D,,D,True,False,"In the following sentence, what does ""Soy"" mean?
Stop being so soy.

Select only one answer.
A) Go in 100% on something
B) Fuckboy, someone just looking for sex
C) Cancer
D) Weak or effeminate

Respond with only the letter of your answer (A, B, C, or D).",D,2026-06-12T08:34:45.907583+00:00
766,4,row_165,soyboy,Identity,local_qwen27b,D,,D,True,False,"In the following sentence, what does ""soyboy"" mean?
Get that soyboy out of here!

Select only one answer.
A) A submissive male that is often outside of traditional social hierarchies
B) Someone who sitts around commenting about others
C) An independent, strong person
D) Men that lack masculine characteristics

Respond with only the letter of your answer (A, B, C, or D).",D,2026-06-12T08:35:03.339816+00:00
767,4,row_166,Spanish dancer,General,local_qwen27b,B,,B,True,False,"In the following sentence, what does ""Spanish dancer"" mean?
I sounds like I caught the spanish dancer.

Select only one answer.
A) Prolonged masturbation
B) Cancer
C) Someone younger
D) A submissive male that is often outside of traditional social hierarchies

Respond with only the letter of your answer (A, B, C, or D).",B,2026-06-12T08:36:56.358574+00:00
768,4,row_167,spark,Violence,local_qwen27b,A,C,A,True,False,"In the following sentence, what does ""spark"" mean?
Don't make me spark you out!

Select only one answer.
A) To knock someone out
B) Charisma
C) a small particle of a burning substance thrown out by a body in combustion or remaining when combustion is nearly completed
D) An attractive older man

Respond with only the letter of your answer (A, B, C, or D).",A,2026-06-12T08:37:19.371287+00:00
769,4,row_168,Stuyvie,Drugs,local_qwen27b,C,,C,True,False,"In the following sentence, what does ""Stuyvie"" mean?
Lets go outside and smoke a suyvie.

Select only one answer.
A) You're on Your own
B) An endeering term used towards ones significant other
C) A cigarette
D) Cancer

Respond with only the letter of your answer (A, B, C, or D).",C,2026-06-12T08:38:11.196947+00:00
770,4,row_169,suiter,General,local_qwen27b,D,C,D,True,False,"In the following sentence, what does ""suiter"" mean?
Her suiter was admiring her from afar.

Select only one answer.
A) Someone who is trying to get sexual attention overtly
B) Something that is reallly good.
C) a suitcase for holding a specified number of suits —usually used in combination
D) a significant other

Respond with only the letter of your answer (A, B, C, or D).",D,2026-06-12T08:38:43.950167+00:00
771,4,row_170,Sus,General,local_qwen27b,D,,D,True,False,"In the following sentence, what does ""Sus"" mean?
That man over there is real sus.

Select only one answer.
A) To confim that something was completed to expectation
B) A glock pistol
C) An independent, strong person
D) Something suspicious

Respond with only the letter of your answer (A, B, C, or D).",D,2026-06-12T08:38:50.624303+00:00
772,4,row_171,Tea,General,local_qwen27b,D,A,D,True,False,"In the following sentence, what does ""Tea"" mean?
Come on, spill the tea!

Select only one answer.
A) a widely cultivated shrub (Camellia sinensis of the family Theaceae, the tea family) native to China, northern India, and southeastern Asia and having glossy green leaves and fragrant white flowers
B) Irritated, bitter, or resentful
C) A term used to describe a baby raised in a gender neutral environment
D) Gossip

Respond with only the letter of your answer (A, B, C, or D).",D,2026-06-12T08:38:58.392544+00:00
773,4,row_172,theybie,General,local_qwen27b,D,,D,True,False,"In the following sentence, what does ""theybie"" mean?
The a couple and their theybie just moved in next door.

Select only one answer.
A) an expression of surprise
B) Something that is reallly good.
C) Short for happening
D) A term used to describe a baby raised in a gender neutral environment

Respond with only the letter of your answer (A, B, C, or D).",D,2026-06-12T08:39:16.145118+00:00
774,4,row_173,Thirsty,Sexual,local_qwen27b,B,D,B,True,False,"In the following sentence, what does ""Thirsty"" mean?
She's lookin real thirsty today.

Select only one answer.
A) something intense, aggressive, and unfiltered
B) Someone who is trying to get sexual attention overtly
C) A term used to describe a baby raised in a gender neutral environment
D) feeling thirst

Respond with only the letter of your answer (A, B, C, or D).",B,2026-06-12T08:39:32.654064+00:00
775,4,row_174,Thot,Sexual,local_qwen27b,D,,D,True,False,"In the following sentence, what does ""Thot"" mean?
I'm gonna dress like a thot tonight.

Select only one answer.
A) Acting crazily
B) To focus on making one as physically attractive as possible
C) Used to refer to the social media platforms one uses
D) Another term that stands for that hoe over there

Respond with only the letter of your answer (A, B, C, or D).",D,2026-06-12T08:40:08.008932+00:00
776,4,row_175,Thrust,General,local_qwen27b,B,C,B,True,False,"In the following sentence, what does ""Thrust"" mean?
Hit the thrust!

Select only one answer.
A) Short for happening
B) A dance move
C) to push or drive with force : shove
D) Short for Bitch

Respond with only the letter of your answer (A, B, C, or D).",B,2026-06-12T08:40:25.782873+00:00
777,4,row_176,toe-cheese,Insult,local_qwen27b,D,,D,True,False,"In the following sentence, what does ""toe-cheese"" mean?
My whole house smells like toe cheese.

Select only one answer.
A) A canister of nitrous oxide
B) to recoil in distaste
C) To keep secretive or obscure
D) Gross buildup between the toes

Respond with only the letter of your answer (A, B, C, or D).",D,2026-06-12T08:40:40.245683+00:00
778,4,row_177,tomdick,Insult,local_qwen27b,D,,D,True,False,"In the following sentence, what does ""tomdick"" mean?
That secratary was a tomdick.

Select only one answer.
A) A significant other
B) Something done regularly
C) Someone who is trying to get sexual attention overtly
D) A commonplace person

Respond with only the letter of your answer (A, B, C, or D).",D,2026-06-12T08:41:49.963731+00:00
779,4,row_178,Touch Grass,General,local_qwen27b,D,,D,True,False,"In the following sentence, what does ""Touch Grass"" mean?
Go out and touch some grass.

Select only one answer.
A) Charisma
B) The videos one find on social media that cause people to scroll and do nothign for hours
C) Main Character - Someone that acts as if they are the star of a story
D) A term used to say that someone is online too much and needs to get back to real life

Respond with only the letter of your answer (A, B, C, or D).",D,2026-06-12T08:42:05.356177+00:00
780,4,row_179,troll,Identity,local_qwen27b,D,A,D,True,False,"In the following sentence, what does ""troll"" mean?
That guy in valorant was a such a troll.

Select only one answer.
A) a dwarf or giant in Scandinavian folklore inhabiting caves or hills
B) One True Pairing
C) Go in 100% on something
D) Someone who deliberatly acts in ways to annoy or anger a group of people online.

Respond with only the letter of your answer (A, B, C, or D).",D,2026-06-12T08:42:20.885591+00:00
781,4,row_180,Tweaking,General,local_qwen27b,B,D,B,True,False,"In the following sentence, what does ""Tweaking"" mean?
Why are you tweaking out?

Select only one answer.
A) A fool or a prick
B) Acting crazily
C) A charismatic, sexy, and quick witted man
D) to make usually small adjustments in or to; especially : fine-tune

Respond with only the letter of your answer (A, B, C, or D).",B,2026-06-12T08:42:47.769136+00:00
782,4,row_181,twoz,Drugs,local_qwen27b,A,,D,False,False,"In the following sentence, what does ""twoz"" mean?
Hey, hand me the twoz joint.

Select only one answer.
A) A canabis based cigarette that needs two paper rolls
B) Someone unappealing
C) an expression of surprise
D) Something untrue or unbeleivable

Respond with only the letter of your answer (A, B, C, or D).",D,2026-06-12T08:47:22.607569+00:00
783,4,row_182,Unc,Insult,local_qwen27b,D,,D,True,False,"In the following sentence, what does ""Unc"" mean?
I'll explain it to you unc.

Select only one answer.
A) A sexual relationship developed from situations without clear future intentions
B) Saying something secretive or to keep low profile
C) To prepare for a fight
D) An older person who is out of touch

Respond with only the letter of your answer (A, B, C, or D).",D,2026-06-12T08:47:58.153253+00:00
784,4,row_183,Understood the assignment,General,local_qwen27b,A,,A,True,False,"In the following sentence, what does ""Understood the assignment"" mean?
All done. Understood the assignment.

Select only one answer.
A) To confim that something was completed to expectation
B) Something really good
C) When something hidden gets called out
D) Cool

Respond with only the letter of your answer (A, B, C, or D).",A,2026-06-12T08:48:22.542847+00:00
785,4,row_184,upper decky,Drugs,local_qwen27b,A,,A,True,False,"In the following sentence, what does ""upper decky"" mean?
Hey bro, can I bum an upper decky zynn?

Select only one answer.
A) A nicotine pouch held between the upper lip and gums
B) A descriptor for an attractive person
C) A person who is very good at spotting a lie
D) to recoil in distaste

Respond with only the letter of your answer (A, B, C, or D).",A,2026-06-12T08:48:51.683505+00:00
786,4,row_185,Vibe,General,local_qwen27b,A,,A,True,False,"In the following sentence, what does ""Vibe"" mean?
I'm just enjoyin the vibe out here.

Select only one answer.
A) The positive or relaxing energy of a place
B) Ending the discussion on a topic
C) Something really good
D) To do something impressive

Respond with only the letter of your answer (A, B, C, or D).",A,2026-06-12T08:49:05.903598+00:00
787,4,row_186,Vibe Check,General,local_qwen27b,C,,C,True,False,"In the following sentence, what does ""Vibe Check"" mean?
Can I get a vibe check?

Select only one answer.
A) To manipulated, trick, or fool someone
B) Delusional
C) To check the mood of a situation
D) To do something impressive

Respond with only the letter of your answer (A, B, C, or D).",C,2026-06-12T08:49:23.163086+00:00
788,4,row_187,wahala,General,local_qwen27b,D,,D,True,False,"In the following sentence, what does ""wahala"" mean?
Please, no wahala.

Select only one answer.
A) To manipulated, trick, or fool someone
B) Someone that is too left leaning politically
C) A hot dog
D) A significant problem

Respond with only the letter of your answer (A, B, C, or D).",D,2026-06-12T08:49:38.282329+00:00
789,4,row_188,waved,Drugs,local_qwen27b,C,B,C,True,False,"In the following sentence, what does ""waved"" mean?
Bro's over on the bench waved out of his mind.

Select only one answer.
A) One True Pairing
B) having a wavelike form or outline
C) To be high or drunk
D) Cool

Respond with only the letter of your answer (A, B, C, or D).",C,2026-06-12T08:49:51.913277+00:00
790,4,row_189,What the sigma,General,local_qwen27b,D,,D,True,False,"In the following sentence, what does ""What the sigma"" mean?
What the sigma? I thought you left?

Select only one answer.
A) When you are outnumbered in a fight and call black people for the win
B) Something done regularly
C) crazy or erratic
D) An expression of disbelief

Respond with only the letter of your answer (A, B, C, or D).",D,2026-06-12T08:50:06.877605+00:00
791,4,row_190,whitney,Drugs,local_qwen27b,C,,C,True,False,"In the following sentence, what does ""whitney"" mean?
Hey man, you got any whitney on you?

Select only one answer.
A) Throwing something
B) The positive or relaxing energy of a place
C) Crack cocaine
D) To mastrubate for extremeely long period regularly

Respond with only the letter of your answer (A, B, C, or D).",C,2026-06-12T08:50:37.982373+00:00
792,4,row_191,Woke,Insult,local_qwen27b,C,,C,True,False,"In the following sentence, what does ""Woke"" mean?
Stop being so woke.

Select only one answer.
A) Used to mock someone who doesnt think for themselves, says things repeatedly, or has no opinions
B) a significant other
C) Someone that is too left leaning politically
D) A kilo of cocaine

Respond with only the letter of your answer (A, B, C, or D).",C,2026-06-12T08:50:56.723797+00:00
793,4,row_192,womp womp,General,local_qwen27b,B,,B,True,False,"In the following sentence, what does ""womp womp"" mean?
I failed that math quiz. Womp womp.

Select only one answer.
A) A person who is very good at spotting a lie
B) An expression of disappointment
C) to aggrivate
D) I just burst out laughing

Respond with only the letter of your answer (A, B, C, or D).",B,2026-06-12T08:51:14.994749+00:00
794,4,row_193,wraparound,General,local_qwen27b,B,A,B,True,False,"In the following sentence, what does ""wraparound"" mean?
I had to pull a wraparound this morning since I left my wallet at the bar.

Select only one answer.
A) made to be wrapped around something and especially the body
B) Someone who is the last person to leave a location and the first to come back in the morning
C) As Fuck
D) An all denim outfit

Respond with only the letter of your answer (A, B, C, or D).",B,2026-06-12T08:52:32.500476+00:00
795,4,row_194,Yapping,Insult,local_qwen27b,C,B,B,False,True,"In the following sentence, what does ""Yapping"" mean?
Stop your yapping and get over here.

Select only one answer.
A) When something hidden gets called out
B) to talk in a shrill insistent way : chatter
C) Talking too much
D) Someone who deliberatly acts in ways to annoy or anger a group of people online.

Respond with only the letter of your answer (A, B, C, or D).",B,2026-06-12T08:53:11.676020+00:00
796,4,row_195,Yeet,General,local_qwen27b,A,,A,True,False,"In the following sentence, what does ""Yeet"" mean?
Think I can make this? Yeet!

Select only one answer.
A) Throwing something
B) A term to support someone going through a gender change.
C) A dance move
D) A rule used by some for dating that refers to someone who is six feet tall, has a 6 figure income, and has six-pack abs

Respond with only the letter of your answer (A, B, C, or D).",A,2026-06-12T08:53:34.483960+00:00
797,4,row_196,ying,Violence,local_qwen27b,A,,A,True,False,"In the following sentence, what does ""ying"" mean?
I'll walk in swinging my ying.

Select only one answer.
A) A knife
B) Weak or effeminate
C) Done or ruined
D) Ending the discussion on a topic

Respond with only the letter of your answer (A, B, C, or D).",A,2026-06-12T08:54:04.852206+00:00
798,4,row_197,yoyo,General,local_qwen27b,A,D,A,True,False,"In the following sentence, what does ""yoyo"" mean?
We've helped you in the past, but yoyo this time.

Select only one answer.
A) You're on Your own
B) Fashionable or stylish
C) A glock pistol
D) a thick grooved double disk with a string attached to its center axle that is made to fall and rise to the hand by unwinding and rewinding on the string

Respond with only the letter of your answer (A, B, C, or D).",A,2026-06-12T08:54:39.322791+00:00
799,4,row_198,Zaddy,Sexual,local_qwen27b,C,,C,True,False,"In the following sentence, what does ""Zaddy"" mean?
I'm meeting up with my zaddy later tonight.

Select only one answer.
A) A term used to describe a baby raised in a gender neutral environment
B) To get arrested
C) An attractive older man
D) To metaphorically die of laughter

Respond with only the letter of your answer (A, B, C, or D).",C,2026-06-12T08:54:58.385427+00:00
800,4,row_199,Zesty,Insult,local_qwen27b,C,D,D,False,True,"In the following sentence, what does ""Zesty"" mean?
He's acting a bit zesty today.

Select only one answer.
A) An incel term meaning kissless, hugless, handholdless virgin
B) To make lifestyle changes to make your life more holistic
C) A man that is feminine in nature
D) having or characterized by zest : appealingly piquant or lively

Respond with only the letter of your answer (A, B, C, or D).",D,2026-06-12T08:55:27.282604+00:00
801,5,row_000,'done,Drugs,local_qwen27b,A,,A,True,False,"In the following sentence, what does ""'done"" mean?
Do you have any of the 'done on you?

Select only one answer.
A) Methodone
B) Something low quality or bad
C) To prepare for a fight
D) A term for friends

Respond with only the letter of your answer (A, B, C, or D).",A,2026-06-12T08:56:09.835494+00:00
802,5,row_001,6-6-6,Identity,local_qwen27b,B,,B,True,False,"In the following sentence, what does ""6-6-6"" mean?
I only date a man who is a 6-6-6.

Select only one answer.
A) An endeering term used towards ones significant other
B) A rule used by some for dating that refers to someone who is six feet tall, has a 6 figure income, and has six-pack abs
C) a significant other
D) Done or ruined

Respond with only the letter of your answer (A, B, C, or D).",B,2026-06-12T08:56:24.989092+00:00
803,5,row_002,AF,General,local_qwen27b,D,,D,True,False,"In the following sentence, what does ""AF"" mean?
Thats cool AF!

Select only one answer.
A) Someone who deliberatly acts in ways to annoy or anger a group of people online.
B) One True Pairing
C) Money
D) As Fuck

Respond with only the letter of your answer (A, B, C, or D).",D,2026-06-12T08:56:32.345374+00:00
804,5,row_003,aggy,Violence,local_qwen27b,B,,B,True,False,"In the following sentence, what does ""aggy"" mean?
Why you so aggy?

Select only one answer.
A) Someone who acts tries to act entertaining and amuzingly relentlessly
B) to aggrivate
C) A fool or a prick
D) used to mock spoiled kids

Respond with only the letter of your answer (A, B, C, or D).",B,2026-06-12T08:57:27.207879+00:00
805,5,row_004,Alpha,Identity,local_qwen27b,B,C,B,True,False,"In the following sentence, what does ""Alpha"" mean?
What an alpha chad.

Select only one answer.
A) Throwing something
B) A strong, leader who commands those around them
C) the 1st letter of the Greek alphabet
D) To keep secretive or obscure

Respond with only the letter of your answer (A, B, C, or D).",B,2026-06-12T08:57:53.304707+00:00
806,5,row_005,ant,Sexual,local_qwen27b,D,A,D,True,False,"In the following sentence, what does ""ant"" mean?
I came across a real ant at the club earlier.

Select only one answer.
A) any of a family (Formicidae) of colonial hymenopterous insects with a complex social organization and various castes performing special duties
B) Down to fuck
C) A man that is feminine in nature
D) A charismatic, sexy, and quick witted man

Respond with only the letter of your answer (A, B, C, or D).",D,2026-06-12T08:58:33.958578+00:00
807,5,row_006,archer,Identity,local_qwen27b,A,D,D,False,True,"In the following sentence, what does ""archer"" mean?
Jim was an archer with her lies.

Select only one answer.
A) A person who is very good at spotting a lie
B) To mastrubate for extremeely long period regularly
C) A type of marijuana
D) a person who uses a bow and arrow

Respond with only the letter of your answer (A, B, C, or D).",D,2026-06-12T09:01:06.405366+00:00
808,5,row_007,ASL,Sexual,local_qwen27b,B,,B,True,False,"In the following sentence, what does ""ASL"" mean?
What's your ASL?

Select only one answer.
A) To confim that something was completed to expectation
B) Age Sex Location
C) Someone who sitts around commenting about others
D) Used to refer to the social media platforms one uses

Respond with only the letter of your answer (A, B, C, or D).",B,2026-06-12T09:01:24.648646+00:00
809,5,row_008,Aura Farming,Identity,local_qwen27b,D,,D,True,False,"In the following sentence, what does ""Aura Farming"" mean?
That skateboard group is trying really hard to aura farm, but its not working.

Select only one answer.
A) Methodone
B) sex
C) To check the mood of a situation
D) Activities that involve cultivating ones Aura

Respond with only the letter of your answer (A, B, C, or D).",D,2026-06-12T09:01:54.884993+00:00
810,5,row_009,babygirl,Sexual,local_qwen27b,B,,B,True,False,"In the following sentence, what does ""babygirl"" mean?
Hey babygirl, whanna metup tonight?

Select only one answer.
A) a bad charisma
B) An endeering term used towards ones significant other
C) Something really good
D) A kilo of cocaine

Respond with only the letter of your answer (A, B, C, or D).",B,2026-06-12T09:02:08.748648+00:00
811,5,row_010,backoff,Sexual,local_qwen27b,C,D,C,True,False,"In the following sentence, what does ""backoff"" mean?
That girl has a fat backoff!

Select only one answer.
A) Another term that stands for that hoe over there
B) A term used to describe a baby raised in a gender neutral environment
C) A large ass that stands out.
D) back down

Respond with only the letter of your answer (A, B, C, or D).",C,2026-06-12T09:02:44.394752+00:00
812,5,row_011,Bae,Sexual,local_qwen27b,C,,C,True,False,"In the following sentence, what does ""Bae"" mean?
She's my bae.

Select only one answer.
A) Short for happening
B) crazy or erratic
C) A significant other
D) Charisma

Respond with only the letter of your answer (A, B, C, or D).",C,2026-06-12T09:02:54.101702+00:00
813,5,row_012,bareface,Identity,local_qwen27b,C,D,C,True,False,"In the following sentence, what does ""bareface"" mean?
I saw a group of barefaces at the store this morning, so I won't be going back.

Select only one answer.
A) sweet talk
B) Down to fuck
C) Someone who refused to wear a mask in covid times.
D) having a clear finish and no nap

Respond with only the letter of your answer (A, B, C, or D).",C,2026-06-12T09:03:19.556134+00:00
814,5,row_013,based,General,local_qwen27b,C,A,C,True,False,"In the following sentence, what does ""based"" mean?
That show was based.

Select only one answer.
A) having a specified type of base or basis —often used in combination
B) Something untrue or unbeleivable
C) An unpopular opinion
D) Used to mock someone who doesnt think for themselves, says things repeatedly, or has no opinions

Respond with only the letter of your answer (A, B, C, or D).",C,2026-06-12T09:04:14.722670+00:00
815,5,row_014,Basic,Identity,local_qwen27b,A,B,A,True,False,"In the following sentence, what does ""Basic"" mean?
Shes so basic.

Select only one answer.
A) Someone that is boring
B) of, relating to, or forming the base or essence : fundamental
C) Poorly dressed
D) Something low quality or bad

Respond with only the letter of your answer (A, B, C, or D).",A,2026-06-12T09:04:50.889828+00:00
816,5,row_015,bb,Sexual,local_qwen27b,C,A,C,True,False,"In the following sentence, what does ""bb"" mean?
Hey bb, lets grab some food.

Select only one answer.
A) a shot pellet 0.18 inch in diameter for use in a shotgun cartridge
B) Someone who prepares for doomsday scenarios
C) A term for baby that people will call their significant other.
D) To make lifestyle changes to make your life more holistic

Respond with only the letter of your answer (A, B, C, or D).",C,2026-06-12T09:05:00.160986+00:00
817,5,row_016,Bet,General,local_qwen27b,B,C,B,True,False,"In the following sentence, what does ""Bet"" mean?
bet, lets go.

Select only one answer.
A) Something ugly or unattractive
B) An affirmative agreement
C) something that is laid, staked, or pledged typically between two parties on the outcome of a contest or a contingent issue : wager —often used figuratively in such phrases as all bets are off to stress the uncertainty of an outcome
D) To win

Respond with only the letter of your answer (A, B, C, or D).",B,2026-06-12T09:05:14.042773+00:00
818,5,row_017,Beta,Identity,local_qwen27b,D,A,D,True,False,"In the following sentence, what does ""Beta"" mean?
The beta's of the world aren't gonna like that.

Select only one answer.
A) the 2nd letter of the Greek alphabet
B) Someone that travels abroad with the sole purpose of having sex
C) A stereotypical alpha male that is strong, handsome, and attracts women.
D) Someone weak or a follower

Respond with only the letter of your answer (A, B, C, or D).",D,2026-06-12T09:05:34.610643+00:00
819,5,row_018,Bih,General,local_qwen27b,A,,C,False,False,"In the following sentence, what does ""Bih"" mean?
Bih, what?

Select only one answer.
A) Short for Bitch
B) A sudden feeling of disguest or repultion towards someone.
C) the playful act of taking a friend's food
D) an expression of surprise

Respond with only the letter of your answer (A, B, C, or D).",C,2026-06-12T09:05:56.591174+00:00
820,5,row_019,bine,Violence,local_qwen27b,D,C,D,True,False,"In the following sentence, what does ""bine"" mean?
Load the nine with ine and selek it.

Select only one answer.
A) A cigarette
B) the playful act of taking a friend's food
C) a twining stem or flexible shoot (as of the hop); also : a plant (such as woodbine) whose shoots are bines
D) bullets

Respond with only the letter of your answer (A, B, C, or D).",D,2026-06-12T09:06:36.314107+00:00
821,5,row_020,blackup,Violence,local_qwen27b,D,,D,True,False,"In the following sentence, what does ""blackup"" mean?
We are outnumbered. Call for black up.

Select only one answer.
A) Sociopath
B) Used to address friends with exasperation, releif, or disbeleif.
C) To express disbelief
D) When you are outnumbered in a fight and call black people for the win

Respond with only the letter of your answer (A, B, C, or D).",D,2026-06-12T09:08:34.509245+00:00
822,5,row_021,Brain Rot,General,local_qwen27b,B,,B,True,False,"In the following sentence, what does ""Brain Rot"" mean?
Kids these days just sit around and watch brain rot.

Select only one answer.
A) A large ass that stands out.
B) The videos one find on social media that cause people to scroll and do nothign for hours
C) A rule used by some for dating that refers to someone who is six feet tall, has a 6 figure income, and has six-pack abs
D) To express excitement or approval for something

Respond with only the letter of your answer (A, B, C, or D).",B,2026-06-12T09:08:43.681270+00:00
823,5,row_022,brizzy,Drugs,local_qwen27b,D,,D,True,False,"In the following sentence, what does ""brizzy"" mean?
Quickly, grab the brizzy.

Select only one answer.
A) to aggrivate
B) sweet talk
C) a live-action role-playing game in which a group of people enacts a fictional scenario (such as a fantasy adventure) in real time typically under the guidance of a facilitator or organizer; also : the activity of participating in such games : larping
D) A kilo of cocaine

Respond with only the letter of your answer (A, B, C, or D).",D,2026-06-12T09:09:34.235466+00:00
824,5,row_023,broomhandle,Violence,local_qwen27b,D,,D,True,False,"In the following sentence, what does ""broomhandle"" mean?
Get your broomhandle, we gotta go.

Select only one answer.
A) Used to mock someone who doesnt think for themselves, says things repeatedly, or has no opinions
B) Someone unappealing
C) To express disappointment dramatically
D) A mauser C96 pistol

Respond with only the letter of your answer (A, B, C, or D).",D,2026-06-12T09:10:16.255063+00:00
825,5,row_024,bruh!,General,local_qwen27b,C,A,C,True,False,"In the following sentence, what does ""bruh!"" mean?
Bruh! What was that?

Select only one answer.
A) brother
B) To be honest about something
C) Used to address friends with exasperation, releif, or disbeleif.
D) Someone who acts tries to act entertaining and amuzingly relentlessly

Respond with only the letter of your answer (A, B, C, or D).",C,2026-06-12T09:10:38.389514+00:00
826,5,row_025,Bruzz,General,local_qwen27b,C,,C,True,False,"In the following sentence, what does ""Bruzz"" mean?
Whats up bruzz?

Select only one answer.
A) Main Character - Someone that acts as if they are the star of a story
B) To stab or shoot
C) A term for friends
D) Someone that travels abroad with the sole purpose of having sex

Respond with only the letter of your answer (A, B, C, or D).",C,2026-06-12T09:11:00.881680+00:00
827,5,row_026,Bussin',General,local_qwen27b,A,,A,True,False,"In the following sentence, what does ""Bussin'"" mean?
This pizza is bussin, on god!

Select only one answer.
A) Very good
B) Used to refer to the social media platforms one uses
C) A cigarette
D) bullets

Respond with only the letter of your answer (A, B, C, or D).",A,2026-06-12T09:11:06.533606+00:00
828,5,row_027,Cake,Sexual,local_qwen27b,C,A,C,True,False,"In the following sentence, what does ""Cake"" mean?
Shes looking real caked up!

Select only one answer.
A) a breadlike food made from a dough or batter that is usually fried or baked in small flat shapes and is often unleavened
B) Something done regularly
C) A reference for ass
D) Something that appears mundane but has hidden potential

Respond with only the letter of your answer (A, B, C, or D).",C,2026-06-12T09:11:21.639494+00:00
829,5,row_028,Cap,General,local_qwen27b,B,D,B,True,False,"In the following sentence, what does ""Cap"" mean?
You're cappin. No way.

Select only one answer.
A) A loss or failure
B) Something untrue or unbeleivable
C) Done or ruined
D) a head covering especially with a visor and no brim

Respond with only the letter of your answer (A, B, C, or D).",B,2026-06-12T09:11:37.072037+00:00
830,5,row_029,Chad,Identity,local_qwen27b,C,A,C,True,False,"In the following sentence, what does ""Chad"" mean?
That was a total chad move.

Select only one answer.
A) small pieces of paper or cardboard produced in punching paper tape or data cards; also : a piece of chad.
B) A near superhuman perfect male
C) A stereotypical alpha male that is strong, handsome, and attracts women.
D) To stab or shoot

Respond with only the letter of your answer (A, B, C, or D).",C,2026-06-12T09:12:04.362134+00:00
831,5,row_030,Chaddam,Identity,local_qwen27b,A,,C,False,False,"In the following sentence, what does ""Chaddam"" mean?
Did you see the chaddam at the restraunt earlier?

Select only one answer.
A) An incel term for an attractive middle eastern man
B) Used to refer to the social media platforms one uses
C) drunk
D) A sexual relationship developed from situations without clear future intentions

Respond with only the letter of your answer (A, B, C, or D).",C,2026-06-12T09:12:43.962822+00:00
832,5,row_031,Chang,Drugs,local_qwen27b,B,,B,True,False,"In the following sentence, what does ""Chang"" mean?
Hey , you got a hookup for chang?

Select only one answer.
A) Someone that tries really hard to impress their crush
B) cocaine
C) An unattractive girl
D) Something that appears mundane but has hidden potential

Respond with only the letter of your answer (A, B, C, or D).",B,2026-06-12T09:12:57.766658+00:00
833,5,row_032,Chat,General,local_qwen27b,A,C,A,True,False,"In the following sentence, what does ""Chat"" mean?
Chat, how does this look?

Select only one answer.
A) To refer to ones imaginary audience like an internet steamer
B) A strong, leader who commands those around them
C) chatter, prattle
D) Someone unappealing

Respond with only the letter of your answer (A, B, C, or D).",A,2026-06-12T09:13:28.885583+00:00
834,5,row_033,Cheeks,General,local_qwen27b,A,D,A,True,False,"In the following sentence, what does ""Cheeks"" mean?
That movie was cheeks.

Select only one answer.
A) Somehting that is poor quality
B) To refer to ones imaginary audience like an internet steamer
C) sex
D) the fleshy side of the face below the eye and above and to the side of the mouth

Respond with only the letter of your answer (A, B, C, or D).",A,2026-06-12T09:14:23.417999+00:00
835,5,row_034,chenta,Insult,local_qwen27b,A,,D,False,False,"In the following sentence, what does ""chenta"" mean?
You are looking really chenta.

Select only one answer.
A) Something ugly or unattractive
B) Used to refer to the social media platforms one uses
C) To make a jawline more defined
D) a significant other

Respond with only the letter of your answer (A, B, C, or D).",D,2026-06-12T09:14:53.729490+00:00
836,5,row_035,cheugy,Insult,local_qwen27b,B,,B,True,False,"In the following sentence, what does ""cheugy"" mean?
That girl had such a cheugy outfit.

Select only one answer.
A) the playful act of taking a friend's food
B) Somehting uncool or unfashionable
C) An unattractive girl
D) a significant other

Respond with only the letter of your answer (A, B, C, or D).",B,2026-06-12T09:15:09.045315+00:00
837,5,row_036,chi-mo,Identity,local_qwen27b,B,,B,True,False,"In the following sentence, what does ""chi-mo"" mean?
Go fuck that chi-mo up.

Select only one answer.
A) To metaphorically die of laughter
B) A chlid molestor
C) To mastrubate for extremeely long period regularly
D) Someone weak or a follower

Respond with only the letter of your answer (A, B, C, or D).",B,2026-06-12T09:15:27.915364+00:00
838,5,row_037,Chungus,General,local_qwen27b,C,,C,True,False,"In the following sentence, what does ""Chungus"" mean?
Thats a very chungus pizza.

Select only one answer.
A) A submissive male that is often outside of traditional social hierarchies
B) A person who is very good at spotting a lie
C) Something that is adorably and chunky
D) Something that appears mundane but has hidden potential

Respond with only the letter of your answer (A, B, C, or D).",C,2026-06-12T09:15:42.482995+00:00
839,5,row_038,Clocked,Violence,local_qwen27b,D,A,D,True,False,"In the following sentence, what does ""Clocked"" mean?
He totally clocked that guy.

Select only one answer.
A) to time with a stopwatch or by an electric timing device
B) Age Sex Location
C) Cancer
D) When something hidden gets called out

Respond with only the letter of your answer (A, B, C, or D).",D,2026-06-12T09:16:04.964282+00:00
840,5,row_039,Cooked,General,local_qwen27b,C,B,C,True,False,"In the following sentence, what does ""Cooked"" mean?
You're cooked

Select only one answer.
A) An incel term meaning kissless, hugless, handholdless virgin
B) past tense and past participle of cook
C) Done or ruined
D) Something that is reallly good.

Respond with only the letter of your answer (A, B, C, or D).",C,2026-06-12T09:16:19.949078+00:00
841,5,row_040,coota suit,Identity,local_qwen27b,B,,B,True,False,"In the following sentence, what does ""coota suit"" mean?
Im gonna hit the town in my coota suit.

Select only one answer.
A) crazy or erratic
B) An all denim outfit
C) Ending the discussion on a topic
D) Something that is better then everything else

Respond with only the letter of your answer (A, B, C, or D).",B,2026-06-12T09:16:52.484889+00:00
842,5,row_041,Crashout,General,local_qwen27b,C,A,C,True,False,"In the following sentence, what does ""Crashout"" mean?
Jen had a total crashout after her breakup

Select only one answer.
A) a vehicular crash
B) A submissive male that is often outside of traditional social hierarchies
C) An emotional meltdown
D) Go in 100% on something

Respond with only the letter of your answer (A, B, C, or D).",C,2026-06-12T09:17:21.756418+00:00
843,5,row_042,Cringe,General,local_qwen27b,B,,B,True,False,"In the following sentence, what does ""Cringe"" mean?
Did you hear that pickup line? It was totally cringe!

Select only one answer.
A) bullets
B) to recoil in distaste
C) Someone that is boring
D) To stab or shoot

Respond with only the letter of your answer (A, B, C, or D).",B,2026-06-12T09:17:35.856359+00:00
844,5,row_043,crower,Insult,local_qwen27b,A,,A,True,False,"In the following sentence, what does ""crower"" mean?
Stop sitting around and being a crower

Select only one answer.
A) Someone who sitts around commenting about others
B) A man that takes care of children
C) A sexual relationship developed from situations without clear future intentions
D) Down to fuck

Respond with only the letter of your answer (A, B, C, or D).",A,2026-06-12T09:18:34.285034+00:00
845,5,row_044,cuck,Insult,local_qwen27b,C,B,B,False,True,"In the following sentence, what does ""cuck"" mean?
That guy must be a cuck letting his wife talk to others like that.

Select only one answer.
A) A reaction to something uncomfortable
B) a man whose wife is unfaithful : cuckold
C) A term for someone that enjoys watching their wife have sex with another man
D) Someone that travels abroad with the sole purpose of having sex

Respond with only the letter of your answer (A, B, C, or D).",B,2026-06-12T09:19:00.196405+00:00
846,5,row_045,d-low,General,local_qwen27b,A,,A,True,False,"In the following sentence, what does ""d-low"" mean?
Keep it on the d-low, okay?

Select only one answer.
A) To keep secretive or obscure
B) An insult saying that the problem is due to lack of skill rather then luck
C) To do something impressive
D) Somehting that is poor quality

Respond with only the letter of your answer (A, B, C, or D).",A,2026-06-12T09:19:16.295006+00:00
847,5,row_046,daggers,General,local_qwen27b,A,C,A,True,False,"In the following sentence, what does ""daggers"" mean?
Lets hit the dance floor and do the start daggering.

Select only one answer.
A) A provocative dance
B) Someone that is boring
C) a sharp pointed knife for stabbing
D) An older person who is out of touch

Respond with only the letter of your answer (A, B, C, or D).",A,2026-06-12T09:19:33.491743+00:00
848,5,row_047,Ded,General,local_qwen27b,A,,A,True,False,"In the following sentence, what does ""Ded"" mean?
I'm ded

Select only one answer.
A) To metaphorically die of laughter
B) A man that takes care of children
C) To express excitement or approval for something
D) Something that is messed up or not right.

Respond with only the letter of your answer (A, B, C, or D).",A,2026-06-12T09:19:47.252851+00:00
849,5,row_048,Delulu,General,local_qwen27b,A,,A,True,False,"In the following sentence, what does ""Delulu"" mean?
I'm feeling delulu after that show.

Select only one answer.
A) Delusional
B) Something ugly or unattractive
C) A sexual relationship developed from situations without clear future intentions
D) A knife

Respond with only the letter of your answer (A, B, C, or D).",A,2026-06-12T09:19:58.963366+00:00
850,5,row_049,Dog water,Insult,local_qwen27b,B,,B,True,False,"In the following sentence, what does ""Dog water"" mean?
You are playing like dog water.

Select only one answer.
A) Something that is messed up or not right.
B) Something low quality or bad
C) A loud and messy conflict
D) A man that is feminine in nature

Respond with only the letter of your answer (A, B, C, or D).",B,2026-06-12T09:20:23.340303+00:00
851,5,row_050,doommaxxing,Identity,local_qwen27b,D,,C,False,False,"In the following sentence, what does ""doommaxxing"" mean?
I'm just gonna be doommaxxing all weekend.

Select only one answer.
A) bullets
B) An attractive older man
C) The videos one find on social media that cause people to scroll and do nothign for hours
D) The abandonment of responsibilities

Respond with only the letter of your answer (A, B, C, or D).",C,2026-06-12T09:21:01.435072+00:00
852,5,row_051,Dope,General,local_qwen27b,A,C,A,True,False,"In the following sentence, what does ""Dope"" mean?
That car is dope.

Select only one answer.
A) Cool
B) A term of endearment for a significant other
C) a stupid person
D) One True Pairing

Respond with only the letter of your answer (A, B, C, or D).",A,2026-06-12T09:21:15.894625+00:00
853,5,row_052,Drip,Identity,local_qwen27b,D,A,D,True,False,"In the following sentence, what does ""Drip"" mean?
How is the drip?

Select only one answer.
A) to let fall in drops
B) A homosexual cowboy
C) Down to fuck
D) Stylish or flashy outfit style

Respond with only the letter of your answer (A, B, C, or D).",D,2026-06-12T09:21:33.023371+00:00
854,5,row_053,DTF,Sexual,local_qwen27b,A,,A,True,False,"In the following sentence, what does ""DTF"" mean?
She was totally DTF after the first date.

Select only one answer.
A) Down to fuck
B) An unattractive girl
C) A loss or failure
D) Something that is reallly good.

Respond with only the letter of your answer (A, B, C, or D).",A,2026-06-12T09:21:46.838264+00:00
855,5,row_054,dubs,General,local_qwen27b,D,C,D,True,False,"In the following sentence, what does ""dubs"" mean?
Take home the dubs!

Select only one answer.
A) sweet talk
B) Something that is better then everything else
C) to add (sound effects or new dialogue) to a film or to a radio or television production —usually used with in
D) To win

Respond with only the letter of your answer (A, B, C, or D).",D,2026-06-12T09:21:56.643292+00:00
856,5,row_055,epi,General,local_qwen27b,B,,B,True,False,"In the following sentence, what does ""epi"" mean?
Watch out, hes going through an epi.

Select only one answer.
A) Activities that involve cultivating ones Aura
B) Epileptic fit from a synthetic canabis
C) To be high or drunk
D) To metaphorically die of laughter

Respond with only the letter of your answer (A, B, C, or D).",B,2026-06-12T09:22:30.118386+00:00
857,5,row_056,F,General,local_qwen27b,D,B,D,True,False,"In the following sentence, what does ""F"" mean?
I almost had that one. F.

Select only one answer.
A) To tie up an arm to isolate a vein for injecting a drug
B) the 6th letter of the English alphabet
C) the playful act of taking a friend's food
D) To give sympathy or signify a failure

Respond with only the letter of your answer (A, B, C, or D).",D,2026-06-12T09:22:45.635731+00:00
858,5,row_057,Fanum Tax,General,local_qwen27b,A,,A,True,False,"In the following sentence, what does ""Fanum Tax"" mean?
I was at dinner with my girl and she fanum taxed me.

Select only one answer.
A) the playful act of taking a friend's food
B) To check the mood of a situation
C) Main Character - Someone that acts as if they are the star of a story
D) A cigarette

Respond with only the letter of your answer (A, B, C, or D).",A,2026-06-12T09:23:02.254827+00:00
859,5,row_058,FBOI,Sexual,local_qwen27b,A,,A,True,False,"In the following sentence, what does ""FBOI"" mean?
She just needs a FBOI to gegt out of her slump.

Select only one answer.
A) Fuckboy, someone just looking for sex
B) A sudden feeling of disguest or repultion towards someone.
C) A homosexual cowboy
D) Something that is better then everything else

Respond with only the letter of your answer (A, B, C, or D).",A,2026-06-12T09:24:07.006847+00:00
860,5,row_059,Fire,General,local_qwen27b,D,B,D,True,False,"In the following sentence, what does ""Fire"" mean?
That game war fire!

Select only one answer.
A) Someone that tries really hard to impress their crush
B) the phenomenon of combustion manifested in light, flame, and heat
C) To keep secretive or obscure
D) Something really good

Respond with only the letter of your answer (A, B, C, or D).",D,2026-06-12T09:24:20.721452+00:00
861,5,row_060,Flex,General,local_qwen27b,A,D,A,True,False,"In the following sentence, what does ""Flex"" mean?
Vinny with the car flex.

Select only one answer.
A) To show off
B) Talking too much
C) An unpopular opinion
D) to bend especially repeatedly

Respond with only the letter of your answer (A, B, C, or D).",A,2026-06-12T09:24:34.660685+00:00
862,5,row_061,foid,Insult,local_qwen27b,C,,C,True,False,"In the following sentence, what does ""foid"" mean?
Their was this group of foids at the store earlier, I couldn't satnd them!

Select only one answer.
A) Used to refer to the social media platforms one uses
B) to aggrivate
C) A term used by incels to refer to women in a way that dehumanizes them.
D) The vagina

Respond with only the letter of your answer (A, B, C, or D).",C,2026-06-12T09:25:06.182308+00:00
863,5,row_062,Fuckboy,Sexual,local_qwen27b,C,,C,True,False,"In the following sentence, what does ""Fuckboy"" mean?
That guy gave off total fuckboy energy.

Select only one answer.
A) An insult saying that the problem is due to lack of skill rather then luck
B) A fool or a prick
C) Fuckboy, someone just looking for sex
D) An all denim outfit

Respond with only the letter of your answer (A, B, C, or D).",C,2026-06-12T09:25:32.203974+00:00
864,5,row_063,fuckwhistle,Insult,local_qwen27b,D,,B,False,False,"In the following sentence, what does ""fuckwhistle"" mean?
Get out of here you fuckwhistle!

Select only one answer.
A) Crack cocaine
B) Someone who acts tries to act entertaining and amuzingly relentlessly
C) Someone that tries really hard to impress their crush
D) An insulting term to refer to someone as stupid

Respond with only the letter of your answer (A, B, C, or D).",B,2026-06-12T09:26:20.245197+00:00
865,5,row_064,Full send,General,local_qwen27b,D,,D,True,False,"In the following sentence, what does ""Full send"" mean?
I'm about to full send on this test!

Select only one answer.
A) An unpopular opinion
B) to recoil in distaste
C) Saying something secretive or to keep low profile
D) Go in 100% on something

Respond with only the letter of your answer (A, B, C, or D).",D,2026-06-12T09:26:30.240831+00:00
866,5,row_065,FWB,Sexual,local_qwen27b,B,,B,True,False,"In the following sentence, what does ""FWB"" mean?
Yea, we started a FWB sort of thing.

Select only one answer.
A) To express disappointment dramatically
B) Friends with benefits
C) A fool or a prick
D) when a reply gets more than the original post

Respond with only the letter of your answer (A, B, C, or D).",B,2026-06-12T09:26:40.580726+00:00
867,5,row_066,G-wagon,General,local_qwen27b,C,,C,True,False,"In the following sentence, what does ""G-wagon"" mean?
Yo, check out that g-wagon!

Select only one answer.
A) To express disappointment dramatically
B) Someone who is the last person to leave a location and the first to come back in the morning
C) Mercedes Benz G class
D) An incel term meaning kissless, hugless, handholdless virgin

Respond with only the letter of your answer (A, B, C, or D).",C,2026-06-12T09:26:57.177352+00:00
868,5,row_067,gabadost,Identity,local_qwen27b,A,,B,False,False,"In the following sentence, what does ""gabadost"" mean?
Did you even listen to me? Gabadost!

Select only one answer.
A) Someone who is very stubborn
B) A distinct trait, style, or outfit, often used in drag culture
C) A term used to describe a baby raised in a gender neutral environment
D) A provocative dance

Respond with only the letter of your answer (A, B, C, or D).",B,2026-06-12T09:27:58.422390+00:00
869,5,row_068,Giga Chad,Identity,local_qwen27b,C,,C,True,False,"In the following sentence, what does ""Giga Chad"" mean?
Did you see how he lifted that? What a giga chad.

Select only one answer.
A) To check the mood of a situation
B) An emotional meltdown
C) A near superhuman perfect male
D) A term to support someone going through a gender change.

Respond with only the letter of your answer (A, B, C, or D).",C,2026-06-12T09:28:11.996099+00:00
870,5,row_069,Glazing,Insult,local_qwen27b,C,D,C,True,False,"In the following sentence, what does ""Glazing"" mean?
Stop glazing over One Piece, its not that good.

Select only one answer.
A) A cigarette
B) Someone who is the last person to leave a location and the first to come back in the morning
C) Someone that is too much of a fan of something
D) the action, process, or trade of fitting windows with glass

Respond with only the letter of your answer (A, B, C, or D).",C,2026-06-12T09:28:59.300320+00:00
871,5,row_070,Glee,Violence,local_qwen27b,B,C,B,True,False,"In the following sentence, what does ""Glee"" mean?
Grab your glee and get outta here!

Select only one answer.
A) A dance move
B) A glock pistol
C) exultant high-spirited joy : merriment
D) Gossip

Respond with only the letter of your answer (A, B, C, or D).",B,2026-06-12T09:29:52.847483+00:00
872,5,row_071,glitter,Identity,local_qwen27b,A,D,D,False,True,"In the following sentence, what does ""glitter"" mean?
Go out htere and glittter!

Select only one answer.
A) A term to support someone going through a gender change.
B) something intense, aggressive, and unfiltered
C) Sociopath
D) to shine by reflection with many small flashes of brilliant light : sparkle

Respond with only the letter of your answer (A, B, C, or D).",D,2026-06-12T09:30:56.887613+00:00
873,5,row_072,glizzy,General,local_qwen27b,D,,D,True,False,"In the following sentence, what does ""glizzy"" mean?
Hey, lets grab some costco glizzys before we go.

Select only one answer.
A) Irritated, bitter, or resentful
B) Something very good
C) A kilo of cocaine
D) A hot dog

Respond with only the letter of your answer (A, B, C, or D).",D,2026-06-12T09:31:26.579217+00:00
874,5,row_073,Goated,General,local_qwen27b,B,,B,True,False,"In the following sentence, what does ""Goated"" mean?
That play was goated

Select only one answer.
A) A charismatic, sexy, and quick witted man
B) The greatest of all time
C) Something done regularly
D) Someone who sitts around commenting about others

Respond with only the letter of your answer (A, B, C, or D).",B,2026-06-12T09:31:41.595927+00:00
875,5,row_074,Gooning,Sexual,local_qwen27b,B,,B,True,False,"In the following sentence, what does ""Gooning"" mean?
He looks like he was gooning all break

Select only one answer.
A) An independent, strong person
B) Prolonged masturbation
C) To do something impressive
D) Someone who is trying to get sexual attention overtly

Respond with only the letter of your answer (A, B, C, or D).",B,2026-06-12T09:32:15.860564+00:00
876,5,row_075,goonmaxxing,Identity,local_qwen27b,D,,D,True,False,"In the following sentence, what does ""goonmaxxing"" mean?
He's been spending all summer goonmaxxing in his room

Select only one answer.
A) A chlid molestor
B) Something low quality or bad
C) A nicotine pouch held between the upper lip and gums
D) To mastrubate for extremeely long period regularly

Respond with only the letter of your answer (A, B, C, or D).",D,2026-06-12T09:32:48.399200+00:00
877,5,row_076,gouda,General,local_qwen27b,B,A,A,False,True,"In the following sentence, what does ""gouda"" mean?
Stop being so gouda.

Select only one answer.
A) a mild cheese of Dutch origin that is similar to Edam but contains more fat
B) Someone unappealing
C) A kilo of cocaine
D) A type of marijuana

Respond with only the letter of your answer (A, B, C, or D).",A,2026-06-12T09:33:37.179385+00:00
878,5,row_077,greazy,Insult,local_qwen27b,D,,D,True,False,"In the following sentence, what does ""greazy"" mean?
You lookin greazy today.

Select only one answer.
A) An affirmative agreement
B) A term to support someone going through a gender change.
C) A sexual relationship developed from situations without clear future intentions
D) Poorly dressed

Respond with only the letter of your answer (A, B, C, or D).",D,2026-06-12T09:35:37.008433+00:00
879,5,row_078,Griddy,General,local_qwen27b,D,,D,True,False,"In the following sentence, what does ""Griddy"" mean?
Hit the griddy!

Select only one answer.
A) A term used to describe a baby raised in a gender neutral environment
B) A canabis based cigarette that needs two paper rolls
C) A person who is very good at spotting a lie
D) A dance move

Respond with only the letter of your answer (A, B, C, or D).",D,2026-06-12T09:35:52.941034+00:00
880,5,row_079,grips up,Violence,local_qwen27b,A,,B,False,False,"In the following sentence, what does ""grips up"" mean?
grips up, we gotta head out.

Select only one answer.
A) To prepare for a fight
B) To check the mood of a situation
C) A fool or a prick
D) To express disappointment dramatically

Respond with only the letter of your answer (A, B, C, or D).",B,2026-06-12T09:44:37.907661+00:00
881,5,row_080,Gyatt,General,local_qwen27b,B,,B,True,False,"In the following sentence, what does ""Gyatt"" mean?
Oh, my gyatt, I really wanna see you.

Select only one answer.
A) To be honest about something
B) an expression of surprise
C) Someone that is too much of a fan of something
D) An insult saying that the problem is due to lack of skill rather then luck

Respond with only the letter of your answer (A, B, C, or D).",B,2026-06-12T09:45:20.243420+00:00
882,5,row_081,haps,General,local_qwen27b,A,,B,False,False,"In the following sentence, what does ""haps"" mean?
haps tonight?

Select only one answer.
A) Short for happening
B) A sexual relationship developed from situations without clear future intentions
C) Ending the discussion on a topic
D) A charismatic, sexy, and quick witted man

Respond with only the letter of your answer (A, B, C, or D).",B,2026-06-12T09:45:53.079922+00:00
883,5,row_082,hem up,General,local_qwen27b,C,,C,True,False,"In the following sentence, what does ""hem up"" mean?
Bro, don't hem up.

Select only one answer.
A) Somehting uncool or unfashionable
B) Someone who is very stubborn
C) To get arrested
D) A term used to describe a baby raised in a gender neutral environment

Respond with only the letter of your answer (A, B, C, or D).",C,2026-06-12T09:46:18.167970+00:00
884,5,row_083,highkey,General,local_qwen27b,A,C,A,True,False,"In the following sentence, what does ""highkey"" mean?
Highkey, this place is great!

Select only one answer.
A) intensely and openely say something true
B) A canabis based cigarette that needs two paper rolls
C) having or producing light tones only with little contrast —used of a photographic print or subject or of the lighting of a photographic subject
D) A loss or failure

Respond with only the letter of your answer (A, B, C, or D).",A,2026-06-12T09:46:48.369173+00:00
885,5,row_084,Hits different,General,local_qwen27b,D,,D,True,False,"In the following sentence, what does ""Hits different"" mean?
This hot dog hits different.

Select only one answer.
A) A term used by incels to refer to women in a way that dehumanizes them.
B) To win
C) Short for Bitch
D) Something very good

Respond with only the letter of your answer (A, B, C, or D).",D,2026-06-12T09:47:02.429738+00:00
886,5,row_085,Ick,Insult,local_qwen27b,D,,D,True,False,"In the following sentence, what does ""Ick"" mean?
His hairdue gave me the ick.

Select only one answer.
A) Someone who refused to wear a mask in covid times.
B) A submissive male that is often outside of traditional social hierarchies
C) A term for friends
D) A sudden feeling of disguest or repultion towards someone.

Respond with only the letter of your answer (A, B, C, or D).",D,2026-06-12T09:47:10.596957+00:00
887,5,row_086,IJBOL,General,local_qwen27b,A,,A,True,False,"In the following sentence, what does ""IJBOL"" mean?
That was aso funny. IJBOL!

Select only one answer.
A) I just burst out laughing
B) A near superhuman perfect male
C) Someone that tries really hard to impress their crush
D) A reaction to something uncomfortable

Respond with only the letter of your answer (A, B, C, or D).",A,2026-06-12T09:47:25.619098+00:00
888,5,row_087,Ipad Kid,General,local_qwen27b,D,,D,True,False,"In the following sentence, what does ""Ipad Kid"" mean?
They are just a bunch of Ipad kids.

Select only one answer.
A) a significant other
B) To keep secretive or obscure
C) Someone who is the last person to leave a location and the first to come back in the morning
D) used to mock spoiled kids

Respond with only the letter of your answer (A, B, C, or D).",D,2026-06-12T09:47:58.078954+00:00
889,5,row_088,Jebaited,General,local_qwen27b,D,,D,True,False,"In the following sentence, what does ""Jebaited"" mean?
Get jebaited!

Select only one answer.
A) To keep secretive or obscure
B) the playful act of taking a friend's food
C) An endeering term used towards ones significant other
D) To manipulated, trick, or fool someone

Respond with only the letter of your answer (A, B, C, or D).",D,2026-06-12T09:48:14.782852+00:00
890,5,row_089,jestermaxxing,Identity,local_qwen27b,D,,D,True,False,"In the following sentence, what does ""jestermaxxing"" mean?
Tommy's jestermaxxing in class just to annoy the teacher.

Select only one answer.
A) the playful act of taking a friend's food
B) Someone acting aggressively and out of control
C) Another term that stands for that hoe over there
D) Someone who acts tries to act entertaining and amuzingly relentlessly

Respond with only the letter of your answer (A, B, C, or D).",D,2026-06-12T09:48:34.694636+00:00
891,5,row_090,Jit,Insult,local_qwen27b,C,,C,True,False,"In the following sentence, what does ""Jit"" mean?
Who is this jit?

Select only one answer.
A) A canister of nitrous oxide
B) To express disbelief
C) Someone younger
D) drunk

Respond with only the letter of your answer (A, B, C, or D).",C,2026-06-12T09:48:53.110223+00:00
892,5,row_091,K.Y. cowboy,Insult,local_qwen27b,D,,D,True,False,"In the following sentence, what does ""K.Y. cowboy"" mean?
Stop being such a K.Y. cowboy.

Select only one answer.
A) Something that is better then everything else
B) Someone that travels abroad with the sole purpose of having sex
C) A descriptor for an attractive person
D) A homosexual cowboy

Respond with only the letter of your answer (A, B, C, or D).",D,2026-06-12T09:51:51.232842+00:00
893,5,row_092,keep it 100,General,local_qwen27b,C,,C,True,False,"In the following sentence, what does ""keep it 100"" mean?
Keep it 100, dod you see her last night?

Select only one answer.
A) An expression of disbelief
B) To mastrubate for extremeely long period regularly
C) To be honest about something
D) Saying something secretive or to keep low profile

Respond with only the letter of your answer (A, B, C, or D).",C,2026-06-12T09:52:07.720197+00:00
894,5,row_093,KHHV,Insult,local_qwen27b,A,,A,True,False,"In the following sentence, what does ""KHHV"" mean?
Looks like a total KHHV.

Select only one answer.
A) An incel term meaning kissless, hugless, handholdless virgin
B) A descriptor for an attractive person
C) Nonsensical term
D) Someone that travels abroad with the sole purpose of having sex

Respond with only the letter of your answer (A, B, C, or D).",A,2026-06-12T09:52:28.045366+00:00
895,5,row_094,knot off,Drugs,local_qwen27b,A,,A,True,False,"In the following sentence, what does ""knot off"" mean?
Get ready to knot off, I have the H.

Select only one answer.
A) To tie up an arm to isolate a vein for injecting a drug
B) Delusional
C) To metaphorically die of laughter
D) A kilo of cocaine

Respond with only the letter of your answer (A, B, C, or D).",A,2026-06-12T09:52:48.379996+00:00
896,5,row_095,kweff,Violence,local_qwen27b,C,,C,True,False,"In the following sentence, what does ""kweff"" mean?
Lock, aim, and kweff.

Select only one answer.
A) To manipulated, trick, or fool someone
B) The positive or relaxing energy of a place
C) To stab or shoot
D) Throwing something

Respond with only the letter of your answer (A, B, C, or D).",C,2026-06-12T09:53:42.227772+00:00
897,5,row_096,L,General,local_qwen27b,C,A,C,True,False,"In the following sentence, what does ""L"" mean?
We took the L at the basketball match.

Select only one answer.
A) the 12th letter of the English alphabet
B) Delusional
C) A loss or failure
D) A mauser C96 pistol

Respond with only the letter of your answer (A, B, C, or D).",C,2026-06-12T09:53:59.256196+00:00
898,5,row_097,lacag,General,local_qwen27b,B,,B,True,False,"In the following sentence, what does ""lacag"" mean?
I'll be out making lacag.

Select only one answer.
A) Someone who is the last person to leave a location and the first to come back in the morning
B) Money
C) Talking too much
D) Something really good

Respond with only the letter of your answer (A, B, C, or D).",B,2026-06-12T09:54:47.064930+00:00
899,5,row_098,larp,General,local_qwen27b,D,,D,True,False,"In the following sentence, what does ""larp"" mean?
I went to a LARP at the park this weekend.

Select only one answer.
A) intensely and openely say something true
B) A person who is very good at spotting a lie
C) A dance move
D) a live-action role-playing game in which a group of people enacts a fictional scenario (such as a fantasy adventure) in real time typically under the guidance of a facilitator or organizer; also : the activity of participating in such games : larping

Respond with only the letter of your answer (A, B, C, or D).",D,2026-06-12T09:54:55.836915+00:00
900,5,row_099,lewk,General,local_qwen27b,C,,C,True,False,"In the following sentence, what does ""lewk"" mean?
Jim is using his signature lewk tonight.

Select only one answer.
A) Someone who acts tries to act entertaining and amuzingly relentlessly
B) Main Character - Someone that acts as if they are the star of a story
C) A distinct trait, style, or outfit, often used in drag culture
D) A dance move

Respond with only the letter of your answer (A, B, C, or D).",C,2026-06-12T09:55:11.204885+00:00
901,5,row_100,lidge,General,local_qwen27b,B,,B,True,False,"In the following sentence, what does ""lidge"" mean?
I'm gettin money lidge.

Select only one answer.
A) An insult saying that the problem is due to lack of skill rather then luck
B) A criminal that turned their life arpound and are legitimate
C) Gross buildup between the toes
D) Someone who is trying to get sexual attention overtly

Respond with only the letter of your answer (A, B, C, or D).",B,2026-06-12T09:56:29.889377+00:00
902,5,row_101,lifemaxxing,Identity,local_qwen27b,A,,A,True,False,"In the following sentence, what does ""lifemaxxing"" mean?
Shes's reallly been trying to lifemax these past few months.

Select only one answer.
A) To make lifestyle changes to make your life more holistic
B) A commonplace person
C) A nicotine pouch held between the upper lip and gums
D) Main Character - Someone that acts as if they are the star of a story

Respond with only the letter of your answer (A, B, C, or D).",A,2026-06-12T09:57:00.782773+00:00
903,5,row_102,looksmaxxing,Identity,local_qwen27b,C,,C,True,False,"In the following sentence, what does ""looksmaxxing"" mean?
The looksmaxxing community

Select only one answer.
A) A loss or failure
B) A homosexual cowboy
C) To focus on making one as physically attractive as possible
D) someone that looks ordinary but is actually very strong

Respond with only the letter of your answer (A, B, C, or D).",C,2026-06-12T09:57:15.114236+00:00
904,5,row_103,lotion,General,local_qwen27b,D,A,D,True,False,"In the following sentence, what does ""lotion"" mean?
Lemme go lotion her up for you.

Select only one answer.
A) a liquid preparation for cosmetic or external medicinal use
B) To be fierce and unapologetic withing a social situation
C) Done or ruined
D) sweet talk

Respond with only the letter of your answer (A, B, C, or D).",D,2026-06-12T09:58:01.814324+00:00
905,5,row_104,Low Key,General,local_qwen27b,B,A,B,True,False,"In the following sentence, what does ""Low Key"" mean?
Low key, I want some ice cream.

Select only one answer.
A) having or producing dark tones only with little contrast
B) Saying something secretive or to keep low profile
C) An endeering term used towards ones significant other
D) An emotional meltdown

Respond with only the letter of your answer (A, B, C, or D).",B,2026-06-12T09:58:20.482319+00:00
906,5,row_105,main character,General,local_qwen27b,B,,B,True,False,"In the following sentence, what does ""main character"" mean?
You give off main character energy.

Select only one answer.
A) A canister of nitrous oxide
B) Main Character - Someone that acts as if they are the star of a story
C) The abandonment of responsibilities
D) Someone who deliberatly acts in ways to annoy or anger a group of people online.

Respond with only the letter of your answer (A, B, C, or D).",B,2026-06-12T09:58:36.112598+00:00
907,5,row_106,manny,Insult,local_qwen27b,C,,C,True,False,"In the following sentence, what does ""manny"" mean?
Look at the guy, he's just a manny.

Select only one answer.
A) A fashionable look
B) Something suspicious
C) A man that takes care of children
D) To express disappointment dramatically

Respond with only the letter of your answer (A, B, C, or D).",C,2026-06-12T09:58:58.391651+00:00
908,5,row_107,mascara,Sexual,local_qwen27b,A,B,B,False,True,"In the following sentence, what does ""mascara"" mean?
I lost my mascara for 5 years, but then I found it again, and I love it even more now.

Select only one answer.
A) A term to discuss sexual experiences
B) a cosmetic especially for making the eyelashes darker and more prominent
C) Something that is reallly good.
D) A chlid molestor

Respond with only the letter of your answer (A, B, C, or D).",B,2026-06-12T09:59:12.301820+00:00
909,5,row_108,Mewing,Identity,local_qwen27b,A,C,A,True,False,"In the following sentence, what does ""Mewing"" mean?
You've gotta start mewing to increase your status in society.

Select only one answer.
A) To make a jawline more defined
B) an expression of surprise
C) to utter a mew or similar sound
D) Saying something secretive or to keep low profile

Respond with only the letter of your answer (A, B, C, or D).",A,2026-06-12T09:59:28.546318+00:00
910,5,row_109,Mid,General,local_qwen27b,B,,B,True,False,"In the following sentence, what does ""Mid"" mean?
That was a mid burger.

Select only one answer.
A) A large ass that stands out.
B) Mediocre
C) Used to mock someone who doesnt think for themselves, says things repeatedly, or has no opinions
D) An all denim outfit

Respond with only the letter of your answer (A, B, C, or D).",B,2026-06-12T09:59:46.046073+00:00
911,5,row_110,minghiun,Insult,local_qwen27b,C,,C,True,False,"In the following sentence, what does ""minghiun"" mean?
Stop being a minghiun.

Select only one answer.
A) A canister of nitrous oxide
B) To show off
C) A fool or a prick
D) intensely and openely say something true

Respond with only the letter of your answer (A, B, C, or D).",C,2026-06-12T10:01:06.629569+00:00
912,5,row_111,nang,Drugs,local_qwen27b,A,,A,True,False,"In the following sentence, what does ""nang"" mean?
Dude, grab the nang, I wanna feel free.

Select only one answer.
A) A canister of nitrous oxide
B) A strong, leader who commands those around them
C) To make lifestyle changes to make your life more holistic
D) A man that is feminine in nature

Respond with only the letter of your answer (A, B, C, or D).",A,2026-06-12T10:01:29.137848+00:00
913,5,row_112,Negative Aura,Insult,local_qwen27b,C,,C,True,False,"In the following sentence, what does ""Negative Aura"" mean?
She's giving off negative aura.

Select only one answer.
A) Someone who sitts around commenting about others
B) Used to refer to the social media platforms one uses
C) a bad charisma
D) Something that is adorably and chunky

Respond with only the letter of your answer (A, B, C, or D).",C,2026-06-12T10:01:44.649198+00:00
914,5,row_113,Netflix and Chill,Sexual,local_qwen27b,A,,A,True,False,"In the following sentence, what does ""Netflix and Chill"" mean?
Wanna come back to my place and Netflix and Chill?

Select only one answer.
A) A term for bringing someone over to watch some netflix and then have sex.
B) A stereotypical alpha male that is strong, handsome, and attracts women.
C) Short for happening
D) The anus

Respond with only the letter of your answer (A, B, C, or D).",A,2026-06-12T10:01:56.887363+00:00
915,5,row_114,next-level,General,local_qwen27b,C,,C,True,False,"In the following sentence, what does ""next-level"" mean?
That movie was next level!

Select only one answer.
A) Used to mock someone who doesnt think for themselves, says things repeatedly, or has no opinions
B) A homosexual cowboy
C) Something that is better then everything else
D) To knock someone out

Respond with only the letter of your answer (A, B, C, or D).",C,2026-06-12T10:02:22.822108+00:00
916,5,row_115,NPC,Insult,local_qwen27b,D,C,D,True,False,"In the following sentence, what does ""NPC"" mean?
Stop being such an NPC.

Select only one answer.
A) To be honest about something
B) Throwing something
C) a character in a video game that does not represent and cannot be manipulated by a player —called also non-player character
D) Used to mock someone who doesnt think for themselves, says things repeatedly, or has no opinions

Respond with only the letter of your answer (A, B, C, or D).",D,2026-06-12T10:02:57.351258+00:00
917,5,row_116,Omega,Identity,local_qwen27b,B,D,B,True,False,"In the following sentence, what does ""Omega"" mean?
Those were some real omega moves right there.

Select only one answer.
A) Gross buildup between the toes
B) A submissive male that is often outside of traditional social hierarchies
C) Something suspicious
D) the 24th and last letter of the Greek alphabet

Respond with only the letter of your answer (A, B, C, or D).",B,2026-06-12T10:03:58.336021+00:00
918,5,row_117,on the regs,General,local_qwen27b,A,,A,True,False,"In the following sentence, what does ""on the regs"" mean?
I stop by the coffee shop on the regs.

Select only one answer.
A) Something done regularly
B) Men that lack masculine characteristics
C) Another term that stands for that hoe over there
D) Someone that tries really hard to impress their crush

Respond with only the letter of your answer (A, B, C, or D).",A,2026-06-12T10:04:11.418861+00:00
919,5,row_118,oof,General,local_qwen27b,D,,D,True,False,"In the following sentence, what does ""oof"" mean?
Oof, that was rough.

Select only one answer.
A) The abandonment of responsibilities
B) A significant problem
C) To express disbelief
D) A reaction to something uncomfortable

Respond with only the letter of your answer (A, B, C, or D).",D,2026-06-12T10:04:36.827179+00:00
920,5,row_119,ooga-booga,Sexual,local_qwen27b,B,,B,True,False,"In the following sentence, what does ""ooga-booga"" mean?
Me want ooga-booga!

Select only one answer.
A) To prepare for a fight
B) The vagina
C) A loss or failure
D) Activities that involve cultivating ones Aura

Respond with only the letter of your answer (A, B, C, or D).",B,2026-06-12T10:04:52.840574+00:00
921,5,row_120,Orange Crush,Drugs,local_qwen27b,D,,D,True,False,"In the following sentence, what does ""Orange Crush"" mean?
ets grab some of that orange crush tonight!

Select only one answer.
A) Saying something secretive or to keep low profile
B) A term used to describe a baby raised in a gender neutral environment
C) Someone who deliberatly acts in ways to annoy or anger a group of people online.
D) A type of marijuana

Respond with only the letter of your answer (A, B, C, or D).",D,2026-06-12T10:05:18.568008+00:00
922,5,row_121,OTP,General,local_qwen27b,A,,A,True,False,"In the following sentence, what does ""OTP"" mean?
Him and her are the OTP.

Select only one answer.
A) One True Pairing
B) A rule used by some for dating that refers to someone who is six feet tall, has a 6 figure income, and has six-pack abs
C) Someone who is trying to get sexual attention overtly
D) Gross buildup between the toes

Respond with only the letter of your answer (A, B, C, or D).",A,2026-06-12T10:05:43.020799+00:00
923,5,row_122,packers,Insult,local_qwen27b,D,A,A,False,True,"In the following sentence, what does ""packers"" mean?
Thats just a group of packers over there, don't waste your time.

Select only one answer.
A) one that packs
B) To confim that something was completed to expectation
C) A charismatic, sexy, and quick witted man
D) fake soft penises and testicles designed to give a 'male' bulge to the crotches of female-to-male transsexuals.

Respond with only the letter of your answer (A, B, C, or D).",A,2026-06-12T10:07:04.984485+00:00
924,5,row_123,passa passa,General,local_qwen27b,A,,B,False,False,"In the following sentence, what does ""passa passa"" mean?
I don't want any passa passa now.

Select only one answer.
A) A loud and messy conflict
B) An attractive older man
C) To make lifestyle changes to make your life more holistic
D) a significant other

Respond with only the letter of your answer (A, B, C, or D).",B,2026-06-12T10:07:31.651190+00:00
925,5,row_124,passport bro,Sexual,local_qwen27b,A,,A,True,False,"In the following sentence, what does ""passport bro"" mean?
A bunch of passport bro's just checked into the hotel.

Select only one answer.
A) Someone that travels abroad with the sole purpose of having sex
B) An endeering term used towards ones significant other
C) A strong, leader who commands those around them
D) To tie up an arm to isolate a vein for injecting a drug

Respond with only the letter of your answer (A, B, C, or D).",A,2026-06-12T10:08:02.471180+00:00
926,5,row_125,Period,General,local_qwen27b,A,C,A,True,False,"In the following sentence, what does ""Period"" mean?
She is the best, period.

Select only one answer.
A) Ending the discussion on a topic
B) An emotional meltdown
C) the completion of a cycle, a series of events, or a single action : conclusion
D) The greatest of all time

Respond with only the letter of your answer (A, B, C, or D).",A,2026-06-12T10:08:27.589690+00:00
927,5,row_126,plegic,Drugs,local_qwen27b,D,,D,True,False,"In the following sentence, what does ""plegic"" mean?
That guy stumbled out very plegic.

Select only one answer.
A) A reference for ass
B) To get arrested
C) A significant problem
D) drunk

Respond with only the letter of your answer (A, B, C, or D).",D,2026-06-12T10:08:42.407834+00:00
928,5,row_127,poggers,General,local_qwen27b,B,,B,True,False,"In the following sentence, what does ""poggers"" mean?
Thats a poggers painting.

Select only one answer.
A) A glock pistol
B) To express excitement or approval for something
C) Something that appears mundane but has hidden potential
D) A term used by incels to refer to women in a way that dehumanizes them.

Respond with only the letter of your answer (A, B, C, or D).",B,2026-06-12T10:08:55.518697+00:00
929,5,row_128,Pookie,Sexual,local_qwen27b,B,,B,True,False,"In the following sentence, what does ""Pookie"" mean?
My pookie loves a smash burger.

Select only one answer.
A) Someone that tries really hard to impress their crush
B) A term of endearment for a significant other
C) to recoil in distaste
D) An incel term for an attractive middle eastern man

Respond with only the letter of your answer (A, B, C, or D).",B,2026-06-12T10:09:10.370850+00:00
930,5,row_129,Pop off,General,local_qwen27b,D,A,D,True,False,"In the following sentence, what does ""Pop off"" mean?
I'm about to pop off!

Select only one answer.
A) to die unexpectedly
B) The anus
C) A term used to say that someone is online too much and needs to get back to real life
D) To do something impressive

Respond with only the letter of your answer (A, B, C, or D).",D,2026-06-12T10:09:32.760354+00:00
931,5,row_130,Posh and Becks,Sexual,local_qwen27b,C,,C,True,False,"In the following sentence, what does ""Posh and Becks"" mean?
Lets go back to my place and have the posh and becks.

Select only one answer.
A) An all denim outfit
B) To express excitement or approval for something
C) sex
D) Go in 100% on something

Respond with only the letter of your answer (A, B, C, or D).",C,2026-06-12T10:09:50.590997+00:00
932,5,row_131,prepper,Insult,local_qwen27b,B,,B,True,False,"In the following sentence, what does ""prepper"" mean?
We have a prepper down the block. They are kindof crazy, but its nice to know where to go.

Select only one answer.
A) Friends with benefits
B) Someone who prepares for doomsday scenarios
C) Prolonged masturbation
D) Someone who is trying to get sexual attention overtly

Respond with only the letter of your answer (A, B, C, or D).",B,2026-06-12T10:10:07.306560+00:00
933,5,row_132,Prison pocket,General,local_qwen27b,C,,C,True,False,"In the following sentence, what does ""Prison pocket"" mean?
Hold it in your prison pocket.

Select only one answer.
A) A term used to say that someone is online too much and needs to get back to real life
B) Cancer
C) The anus
D) Someone who is the last person to leave a location and the first to come back in the morning

Respond with only the letter of your answer (A, B, C, or D).",C,2026-06-12T10:10:24.766375+00:00
934,5,row_133,Put the fries in the bag,General,local_qwen27b,A,,A,True,False,"In the following sentence, what does ""Put the fries in the bag"" mean?
You're taking too long. Put the fires in the bag.

Select only one answer.
A) Get to the point
B) A person who is very good at spotting a lie
C) A term used to describe a baby raised in a gender neutral environment
D) Someone who acts tries to act entertaining and amuzingly relentlessly

Respond with only the letter of your answer (A, B, C, or D).",A,2026-06-12T10:11:08.716997+00:00
935,5,row_134,Quirky,Insult,local_qwen27b,D,C,C,False,True,"In the following sentence, what does ""Quirky"" mean?
I'm so quirky!

Select only one answer.
A) Crack cocaine
B) A term used to describe a baby raised in a gender neutral environment
C) having many quirks : unusual in especially an interesting or appealing way
D) Ironically used to describe one as unique

Respond with only the letter of your answer (A, B, C, or D).",C,2026-06-12T10:11:31.445550+00:00
936,5,row_135,rago,Insult,local_qwen27b,B,,B,True,False,"In the following sentence, what does ""rago"" mean?
It was just how rago he was.

Select only one answer.
A) sweet talk
B) Someone acting aggressively and out of control
C) A strong, leader who commands those around them
D) A canabis based cigarette that needs two paper rolls

Respond with only the letter of your answer (A, B, C, or D).",B,2026-06-12T10:12:00.988205+00:00
937,5,row_136,rapey,Sexual,local_qwen27b,D,,D,True,False,"In the following sentence, what does ""rapey"" mean?
That guy at the bar was feeling pretty rapey.

Select only one answer.
A) Mediocre
B) Fuckboy, someone just looking for sex
C) A criminal that turned their life arpound and are legitimate
D) Describes activities or situations that are sexually aggressive

Respond with only the letter of your answer (A, B, C, or D).",D,2026-06-12T10:12:29.097049+00:00
938,5,row_137,Ratio,General,local_qwen27b,A,D,A,True,False,"In the following sentence, what does ""Ratio"" mean?
Ratio if you like pizza.

Select only one answer.
A) when a reply gets more than the original post
B) intensely and openely say something true
C) To confim that something was completed to expectation
D) the indicated quotient of two mathematical expressions

Respond with only the letter of your answer (A, B, C, or D).",A,2026-06-12T10:12:59.392646+00:00
939,5,row_138,raw,General,local_qwen27b,B,C,B,True,False,"In the following sentence, what does ""raw"" mean?
He's been hitting the vape raw lately.

Select only one answer.
A) The abandonment of responsibilities
B) something intense, aggressive, and unfiltered
C) not cooked
D) Down to fuck

Respond with only the letter of your answer (A, B, C, or D).",B,2026-06-12T10:13:14.537037+00:00
940,5,row_139,RIP (me),General,local_qwen27b,B,,B,True,False,"In the following sentence, what does ""RIP (me)"" mean?
I think I just failed that test. RIP me.

Select only one answer.
A) Something that appears mundane but has hidden potential
B) To express disappointment dramatically
C) When you are outnumbered in a fight and call black people for the win
D) A sexual relationship developed from situations without clear future intentions

Respond with only the letter of your answer (A, B, C, or D).",B,2026-06-12T10:13:31.410997+00:00
941,5,row_140,Rizz,General,local_qwen27b,A,,A,True,False,"In the following sentence, what does ""Rizz"" mean?
The rizz you have today is stunning!

Select only one answer.
A) Charisma
B) A term used by incels to refer to women in a way that dehumanizes them.
C) An all denim outfit
D) A charismatic, sexy, and quick witted man

Respond with only the letter of your answer (A, B, C, or D).",A,2026-06-12T10:13:49.009073+00:00
942,5,row_141,Salty,Insult,local_qwen27b,A,D,A,True,False,"In the following sentence, what does ""Salty"" mean?
She's just salty that you have a boyfriend and she doesn't.

Select only one answer.
A) Irritated, bitter, or resentful
B) A kilo of cocaine
C) Someone acting aggressively and out of control
D) of, seasoned with, or containing salt

Respond with only the letter of your answer (A, B, C, or D).",A,2026-06-12T10:14:04.733569+00:00
943,5,row_142,savage,General,local_qwen27b,C,A,C,True,False,"In the following sentence, what does ""savage"" mean?
That was a savage comeback you gave.

Select only one answer.
A) not domesticated or under human control : untamed
B) Short for happening
C) To be fierce and unapologetic withing a social situation
D) Something ugly or unattractive

Respond with only the letter of your answer (A, B, C, or D).",C,2026-06-12T10:14:37.755928+00:00
944,5,row_143,Schizo,Insult,local_qwen27b,C,,C,True,False,"In the following sentence, what does ""Schizo"" mean?
Brians a total schitzo.

Select only one answer.
A) To prepare for a fight
B) A term for friends
C) crazy or erratic
D) A dance move

Respond with only the letter of your answer (A, B, C, or D).",C,2026-06-12T10:14:53.050052+00:00
945,5,row_144,scuffed,Insult,local_qwen27b,C,B,C,True,False,"In the following sentence, what does ""scuffed"" mean?
The was a scuffed performance last night.

Select only one answer.
A) Crack cocaine
B) to walk without lifting the feet : shuffle
C) Something that is messed up or not right.
D) An emotional meltdown

Respond with only the letter of your answer (A, B, C, or D).",C,2026-06-12T10:15:08.608512+00:00
946,5,row_145,Shabba,General,local_qwen27b,B,,B,True,False,"In the following sentence, what does ""Shabba"" mean?
Shabba on point!

Select only one answer.
A) An independent, strong person
B) Fashionable or stylish
C) An incel term for an attractive middle eastern man
D) the playful act of taking a friend's food

Respond with only the letter of your answer (A, B, C, or D).",B,2026-06-12T10:15:43.253908+00:00
947,5,row_146,Sheesh,General,local_qwen27b,C,,C,True,False,"In the following sentence, what does ""Sheesh"" mean?
Sheesh! Thats crazy!

Select only one answer.
A) When you are outnumbered in a fight and call black people for the win
B) To make lifestyle changes to make your life more holistic
C) To express disbelief
D) crazy or erratic

Respond with only the letter of your answer (A, B, C, or D).",C,2026-06-12T10:15:55.340031+00:00
948,5,row_147,Side eye,General,local_qwen27b,B,,B,True,False,"In the following sentence, what does ""Side eye"" mean?
Why are you giving him the side eye?

Select only one answer.
A) To stab or shoot
B) To be skeptical about something
C) Someone that travels abroad with the sole purpose of having sex
D) To be honest about something

Respond with only the letter of your answer (A, B, C, or D).",B,2026-06-12T10:16:06.245883+00:00
949,5,row_148,Sigma,Identity,local_qwen27b,D,B,D,True,False,"In the following sentence, what does ""Sigma"" mean?
You are giving off sigma energy right now.

Select only one answer.
A) Someone younger
B) the 18th letter of the Greek alphabet
C) Describes activities or situations that are sexually aggressive
D) An independent, strong person

Respond with only the letter of your answer (A, B, C, or D).",D,2026-06-12T10:16:24.562149+00:00
950,5,row_149,Simp,Insult,local_qwen27b,C,B,C,True,False,"In the following sentence, what does ""Simp"" mean?
Stop being a simp over her!

Select only one answer.
A) Fashionable or stylish
B) a foolish or stupid person : simpleton
C) Someone that tries really hard to impress their crush
D) To be honest about something

Respond with only the letter of your answer (A, B, C, or D).",C,2026-06-12T10:16:43.899137+00:00
951,5,row_150,Situationship,Sexual,local_qwen27b,D,,D,True,False,"In the following sentence, what does ""Situationship"" mean?
Joe ended up in a situationship over the summer.

Select only one answer.
A) A rule used by some for dating that refers to someone who is six feet tall, has a 6 figure income, and has six-pack abs
B) To refer to ones imaginary audience like an internet steamer
C) Fashionable or stylish
D) A sexual relationship developed from situations without clear future intentions

Respond with only the letter of your answer (A, B, C, or D).",D,2026-06-12T10:16:59.503758+00:00
952,5,row_151,Skeet,Sexual,local_qwen27b,D,A,D,True,False,"In the following sentence, what does ""Skeet"" mean?
He skeeted all over the court!

Select only one answer.
A) trapshooting in which clay pigeons are thrown in such a way as to simulate the angles of flight of birds
B) Something that is better then everything else
C) cocaine
D) To shoot ones shot.

Respond with only the letter of your answer (A, B, C, or D).",D,2026-06-12T10:17:31.149027+00:00
953,5,row_152,Skibidi,General,local_qwen27b,A,,A,True,False,"In the following sentence, what does ""Skibidi"" mean?
That's so skibidi.

Select only one answer.
A) Nonsensical term
B) To prepare for a fight
C) Get to the point
D) Fuckboy, someone just looking for sex

Respond with only the letter of your answer (A, B, C, or D).",A,2026-06-12T10:17:49.693677+00:00
954,5,row_153,Skill issue,Insult,local_qwen27b,C,,C,True,False,"In the following sentence, what does ""Skill issue"" mean?
You won't win. Its a skill issue.

Select only one answer.
A) To confim that something was completed to expectation
B) Someone who is very stubborn
C) An insult saying that the problem is due to lack of skill rather then luck
D) A near superhuman perfect male

Respond with only the letter of your answer (A, B, C, or D).",C,2026-06-12T10:18:06.766381+00:00
955,5,row_154,Slaps,General,local_qwen27b,A,C,A,True,False,"In the following sentence, what does ""Slaps"" mean?
This place slaps!

Select only one answer.
A) Something that is reallly good.
B) A term for baby that people will call their significant other.
C) to strike sharply with or as if with the open hand
D) A term used to describe a baby raised in a gender neutral environment

Respond with only the letter of your answer (A, B, C, or D).",A,2026-06-12T10:18:19.434467+00:00
956,5,row_155,Slay,General,local_qwen27b,C,D,C,True,False,"In the following sentence, what does ""Slay"" mean?
Slay girl!

Select only one answer.
A) Used to address friends with exasperation, releif, or disbeleif.
B) A cigarette
C) To do somethign very well
D) to kill violently, wantonly, or in great numbers

Respond with only the letter of your answer (A, B, C, or D).",C,2026-06-12T10:18:36.938781+00:00
957,5,row_156,sledge,Identity,local_qwen27b,C,A,C,True,False,"In the following sentence, what does ""sledge"" mean?
What? Are you havin trouble you sledge?

Select only one answer.
A) sledgehammer
B) A loud and messy conflict
C) An insult commonly used in sports
D) Talking too much

Respond with only the letter of your answer (A, B, C, or D).",C,2026-06-12T10:19:28.588639+00:00
958,5,row_157,sleeper,General,local_qwen27b,A,C,A,True,False,"In the following sentence, what does ""sleeper"" mean?
That car has got to be a sleeper.

Select only one answer.
A) Something that appears mundane but has hidden potential
B) Talking too much
C) one that sleeps
D) Throwing something

Respond with only the letter of your answer (A, B, C, or D).",A,2026-06-12T10:19:41.396377+00:00
959,5,row_158,sleeper build,General,local_qwen27b,A,,A,True,False,"In the following sentence, what does ""sleeper build"" mean?
Bro's rocking the sleeper build.

Select only one answer.
A) someone that looks ordinary but is actually very strong
B) Something that is reallly good.
C) Methodone
D) The greatest of all time

Respond with only the letter of your answer (A, B, C, or D).",A,2026-06-12T10:19:54.799132+00:00
960,5,row_159,Snack,Sexual,local_qwen27b,C,D,C,True,False,"In the following sentence, what does ""Snack"" mean?
That lady over there is a snack.

Select only one answer.
A) A term for baby that people will call their significant other.
B) A term used by incels to refer to women in a way that dehumanizes them.
C) A descriptor for an attractive person
D) a light meal : food eaten between regular meals; also : food suitable for snacking

Respond with only the letter of your answer (A, B, C, or D).",C,2026-06-12T10:20:17.284094+00:00
961,5,row_160,snaggle,Identity,local_qwen27b,C,A,C,True,False,"In the following sentence, what does ""snaggle"" mean?
Susanne is such a snaggle.

Select only one answer.
A) snag
B) A term to discuss sexual experiences
C) An unattractive girl
D) An older person who is out of touch

Respond with only the letter of your answer (A, B, C, or D).",C,2026-06-12T10:20:36.429368+00:00
962,5,row_161,Snatched,General,local_qwen27b,D,A,D,True,False,"In the following sentence, what does ""Snatched"" mean?
You're looking snatched today.

Select only one answer.
A) to attempt to seize something suddenly
B) To make lifestyle changes to make your life more holistic
C) The anus
D) A fashionable look

Respond with only the letter of your answer (A, B, C, or D).",D,2026-06-12T10:20:51.065668+00:00
963,5,row_162,socials,General,local_qwen27b,A,B,A,True,False,"In the following sentence, what does ""socials"" mean?
Catch me on the socials!

Select only one answer.
A) Used to refer to the social media platforms one uses
B) an informal social event or gathering frequently involving a special activity or area of interest
C) Mercedes Benz G class
D) Fuckboy, someone just looking for sex

Respond with only the letter of your answer (A, B, C, or D).",A,2026-06-12T10:21:04.966302+00:00
964,5,row_163,socio,Insult,local_qwen27b,B,,B,True,False,"In the following sentence, what does ""socio"" mean?
The boy is a socio.

Select only one answer.
A) Someone who sitts around commenting about others
B) Sociopath
C) to recoil in distaste
D) A glock pistol

Respond with only the letter of your answer (A, B, C, or D).",B,2026-06-12T10:21:31.452466+00:00
965,5,row_164,Soy,Insult,local_qwen27b,D,,D,True,False,"In the following sentence, what does ""Soy"" mean?
Stop being so soy.

Select only one answer.
A) Go in 100% on something
B) Fuckboy, someone just looking for sex
C) Cancer
D) Weak or effeminate

Respond with only the letter of your answer (A, B, C, or D).",D,2026-06-12T10:21:48.568157+00:00
966,5,row_165,soyboy,Identity,local_qwen27b,D,,D,True,False,"In the following sentence, what does ""soyboy"" mean?
Get that soyboy out of here!

Select only one answer.
A) A submissive male that is often outside of traditional social hierarchies
B) Someone who sitts around commenting about others
C) An independent, strong person
D) Men that lack masculine characteristics

Respond with only the letter of your answer (A, B, C, or D).",D,2026-06-12T10:22:19.545957+00:00
967,5,row_166,Spanish dancer,General,local_qwen27b,B,,B,True,False,"In the following sentence, what does ""Spanish dancer"" mean?
I sounds like I caught the spanish dancer.

Select only one answer.
A) Prolonged masturbation
B) Cancer
C) Someone younger
D) A submissive male that is often outside of traditional social hierarchies

Respond with only the letter of your answer (A, B, C, or D).",B,2026-06-12T10:24:17.786233+00:00
968,5,row_167,spark,Violence,local_qwen27b,A,C,A,True,False,"In the following sentence, what does ""spark"" mean?
Don't make me spark you out!

Select only one answer.
A) To knock someone out
B) Charisma
C) a small particle of a burning substance thrown out by a body in combustion or remaining when combustion is nearly completed
D) An attractive older man

Respond with only the letter of your answer (A, B, C, or D).",A,2026-06-12T10:24:47.297777+00:00
969,5,row_168,Stuyvie,Drugs,local_qwen27b,C,,C,True,False,"In the following sentence, what does ""Stuyvie"" mean?
Lets go outside and smoke a suyvie.

Select only one answer.
A) You're on Your own
B) An endeering term used towards ones significant other
C) A cigarette
D) Cancer

Respond with only the letter of your answer (A, B, C, or D).",C,2026-06-12T10:25:04.134983+00:00
970,5,row_169,suiter,General,local_qwen27b,D,C,D,True,False,"In the following sentence, what does ""suiter"" mean?
Her suiter was admiring her from afar.

Select only one answer.
A) Someone who is trying to get sexual attention overtly
B) Something that is reallly good.
C) a suitcase for holding a specified number of suits —usually used in combination
D) a significant other

Respond with only the letter of your answer (A, B, C, or D).",D,2026-06-12T10:25:37.904182+00:00
971,5,row_170,Sus,General,local_qwen27b,D,,D,True,False,"In the following sentence, what does ""Sus"" mean?
That man over there is real sus.

Select only one answer.
A) To confim that something was completed to expectation
B) A glock pistol
C) An independent, strong person
D) Something suspicious

Respond with only the letter of your answer (A, B, C, or D).",D,2026-06-12T10:25:44.165261+00:00
972,5,row_171,Tea,General,local_qwen27b,D,A,D,True,False,"In the following sentence, what does ""Tea"" mean?
Come on, spill the tea!

Select only one answer.
A) a widely cultivated shrub (Camellia sinensis of the family Theaceae, the tea family) native to China, northern India, and southeastern Asia and having glossy green leaves and fragrant white flowers
B) Irritated, bitter, or resentful
C) A term used to describe a baby raised in a gender neutral environment
D) Gossip

Respond with only the letter of your answer (A, B, C, or D).",D,2026-06-12T10:25:53.692907+00:00
973,5,row_172,theybie,General,local_qwen27b,D,,D,True,False,"In the following sentence, what does ""theybie"" mean?
The a couple and their theybie just moved in next door.

Select only one answer.
A) an expression of surprise
B) Something that is reallly good.
C) Short for happening
D) A term used to describe a baby raised in a gender neutral environment

Respond with only the letter of your answer (A, B, C, or D).",D,2026-06-12T10:26:12.234410+00:00
974,5,row_173,Thirsty,Sexual,local_qwen27b,B,D,B,True,False,"In the following sentence, what does ""Thirsty"" mean?
She's lookin real thirsty today.

Select only one answer.
A) something intense, aggressive, and unfiltered
B) Someone who is trying to get sexual attention overtly
C) A term used to describe a baby raised in a gender neutral environment
D) feeling thirst

Respond with only the letter of your answer (A, B, C, or D).",B,2026-06-12T10:26:29.345809+00:00
975,5,row_174,Thot,Sexual,local_qwen27b,D,,D,True,False,"In the following sentence, what does ""Thot"" mean?
I'm gonna dress like a thot tonight.

Select only one answer.
A) Acting crazily
B) To focus on making one as physically attractive as possible
C) Used to refer to the social media platforms one uses
D) Another term that stands for that hoe over there

Respond with only the letter of your answer (A, B, C, or D).",D,2026-06-12T10:27:05.404736+00:00
976,5,row_175,Thrust,General,local_qwen27b,B,C,B,True,False,"In the following sentence, what does ""Thrust"" mean?
Hit the thrust!

Select only one answer.
A) Short for happening
B) A dance move
C) to push or drive with force : shove
D) Short for Bitch

Respond with only the letter of your answer (A, B, C, or D).",B,2026-06-12T10:27:32.534758+00:00
977,5,row_176,toe-cheese,Insult,local_qwen27b,D,,D,True,False,"In the following sentence, what does ""toe-cheese"" mean?
My whole house smells like toe cheese.

Select only one answer.
A) A canister of nitrous oxide
B) to recoil in distaste
C) To keep secretive or obscure
D) Gross buildup between the toes

Respond with only the letter of your answer (A, B, C, or D).",D,2026-06-12T10:27:54.697401+00:00
978,5,row_177,tomdick,Insult,local_qwen27b,D,,D,True,False,"In the following sentence, what does ""tomdick"" mean?
That secratary was a tomdick.

Select only one answer.
A) A significant other
B) Something done regularly
C) Someone who is trying to get sexual attention overtly
D) A commonplace person

Respond with only the letter of your answer (A, B, C, or D).",D,2026-06-12T10:28:32.787942+00:00
979,5,row_178,Touch Grass,General,local_qwen27b,D,,D,True,False,"In the following sentence, what does ""Touch Grass"" mean?
Go out and touch some grass.

Select only one answer.
A) Charisma
B) The videos one find on social media that cause people to scroll and do nothign for hours
C) Main Character - Someone that acts as if they are the star of a story
D) A term used to say that someone is online too much and needs to get back to real life

Respond with only the letter of your answer (A, B, C, or D).",D,2026-06-12T10:28:43.550026+00:00
980,5,row_179,troll,Identity,local_qwen27b,D,A,D,True,False,"In the following sentence, what does ""troll"" mean?
That guy in valorant was a such a troll.

Select only one answer.
A) a dwarf or giant in Scandinavian folklore inhabiting caves or hills
B) One True Pairing
C) Go in 100% on something
D) Someone who deliberatly acts in ways to annoy or anger a group of people online.

Respond with only the letter of your answer (A, B, C, or D).",D,2026-06-12T10:28:56.904125+00:00
981,5,row_180,Tweaking,General,local_qwen27b,B,D,B,True,False,"In the following sentence, what does ""Tweaking"" mean?
Why are you tweaking out?

Select only one answer.
A) A fool or a prick
B) Acting crazily
C) A charismatic, sexy, and quick witted man
D) to make usually small adjustments in or to; especially : fine-tune

Respond with only the letter of your answer (A, B, C, or D).",B,2026-06-12T10:29:27.168974+00:00
982,5,row_181,twoz,Drugs,local_qwen27b,A,,A,True,False,"In the following sentence, what does ""twoz"" mean?
Hey, hand me the twoz joint.

Select only one answer.
A) A canabis based cigarette that needs two paper rolls
B) Someone unappealing
C) an expression of surprise
D) Something untrue or unbeleivable

Respond with only the letter of your answer (A, B, C, or D).",A,2026-06-12T10:30:18.947428+00:00
983,5,row_182,Unc,Insult,local_qwen27b,D,,B,False,False,"In the following sentence, what does ""Unc"" mean?
I'll explain it to you unc.

Select only one answer.
A) A sexual relationship developed from situations without clear future intentions
B) Saying something secretive or to keep low profile
C) To prepare for a fight
D) An older person who is out of touch

Respond with only the letter of your answer (A, B, C, or D).",B,2026-06-12T10:32:59.266716+00:00
984,5,row_183,Understood the assignment,General,local_qwen27b,A,,A,True,False,"In the following sentence, what does ""Understood the assignment"" mean?
All done. Understood the assignment.

Select only one answer.
A) To confim that something was completed to expectation
B) Something really good
C) When something hidden gets called out
D) Cool

Respond with only the letter of your answer (A, B, C, or D).",A,2026-06-12T10:33:16.777090+00:00
985,5,row_184,upper decky,Drugs,local_qwen27b,A,,A,True,False,"In the following sentence, what does ""upper decky"" mean?
Hey bro, can I bum an upper decky zynn?

Select only one answer.
A) A nicotine pouch held between the upper lip and gums
B) A descriptor for an attractive person
C) A person who is very good at spotting a lie
D) to recoil in distaste

Respond with only the letter of your answer (A, B, C, or D).",A,2026-06-12T10:33:35.732558+00:00
986,5,row_185,Vibe,General,local_qwen27b,A,,A,True,False,"In the following sentence, what does ""Vibe"" mean?
I'm just enjoyin the vibe out here.

Select only one answer.
A) The positive or relaxing energy of a place
B) Ending the discussion on a topic
C) Something really good
D) To do something impressive

Respond with only the letter of your answer (A, B, C, or D).",A,2026-06-12T10:33:50.750574+00:00
987,5,row_186,Vibe Check,General,local_qwen27b,C,,C,True,False,"In the following sentence, what does ""Vibe Check"" mean?
Can I get a vibe check?

Select only one answer.
A) To manipulated, trick, or fool someone
B) Delusional
C) To check the mood of a situation
D) To do something impressive

Respond with only the letter of your answer (A, B, C, or D).",C,2026-06-12T10:34:07.545473+00:00
988,5,row_187,wahala,General,local_qwen27b,D,,D,True,False,"In the following sentence, what does ""wahala"" mean?
Please, no wahala.

Select only one answer.
A) To manipulated, trick, or fool someone
B) Someone that is too left leaning politically
C) A hot dog
D) A significant problem

Respond with only the letter of your answer (A, B, C, or D).",D,2026-06-12T10:34:37.117910+00:00
989,5,row_188,waved,Drugs,local_qwen27b,C,B,C,True,False,"In the following sentence, what does ""waved"" mean?
Bro's over on the bench waved out of his mind.

Select only one answer.
A) One True Pairing
B) having a wavelike form or outline
C) To be high or drunk
D) Cool

Respond with only the letter of your answer (A, B, C, or D).",C,2026-06-12T10:35:07.350333+00:00
990,5,row_189,What the sigma,General,local_qwen27b,D,,D,True,False,"In the following sentence, what does ""What the sigma"" mean?
What the sigma? I thought you left?

Select only one answer.
A) When you are outnumbered in a fight and call black people for the win
B) Something done regularly
C) crazy or erratic
D) An expression of disbelief

Respond with only the letter of your answer (A, B, C, or D).",D,2026-06-12T10:35:26.128472+00:00
991,5,row_190,whitney,Drugs,local_qwen27b,C,,C,True,False,"In the following sentence, what does ""whitney"" mean?
Hey man, you got any whitney on you?

Select only one answer.
A) Throwing something
B) The positive or relaxing energy of a place
C) Crack cocaine
D) To mastrubate for extremeely long period regularly

Respond with only the letter of your answer (A, B, C, or D).",C,2026-06-12T10:36:17.476862+00:00
992,5,row_191,Woke,Insult,local_qwen27b,C,,C,True,False,"In the following sentence, what does ""Woke"" mean?
Stop being so woke.

Select only one answer.
A) Used to mock someone who doesnt think for themselves, says things repeatedly, or has no opinions
B) a significant other
C) Someone that is too left leaning politically
D) A kilo of cocaine

Respond with only the letter of your answer (A, B, C, or D).",C,2026-06-12T10:36:40.231691+00:00
993,5,row_192,womp womp,General,local_qwen27b,B,,B,True,False,"In the following sentence, what does ""womp womp"" mean?
I failed that math quiz. Womp womp.

Select only one answer.
A) A person who is very good at spotting a lie
B) An expression of disappointment
C) to aggrivate
D) I just burst out laughing

Respond with only the letter of your answer (A, B, C, or D).",B,2026-06-12T10:36:59.349457+00:00
994,5,row_193,wraparound,General,local_qwen27b,B,A,B,True,False,"In the following sentence, what does ""wraparound"" mean?
I had to pull a wraparound this morning since I left my wallet at the bar.

Select only one answer.
A) made to be wrapped around something and especially the body
B) Someone who is the last person to leave a location and the first to come back in the morning
C) As Fuck
D) An all denim outfit

Respond with only the letter of your answer (A, B, C, or D).",B,2026-06-12T10:38:15.146041+00:00
995,5,row_194,Yapping,Insult,local_qwen27b,C,B,B,False,True,"In the following sentence, what does ""Yapping"" mean?
Stop your yapping and get over here.

Select only one answer.
A) When something hidden gets called out
B) to talk in a shrill insistent way : chatter
C) Talking too much
D) Someone who deliberatly acts in ways to annoy or anger a group of people online.

Respond with only the letter of your answer (A, B, C, or D).",B,2026-06-12T10:38:48.076823+00:00
996,5,row_195,Yeet,General,local_qwen27b,A,,A,True,False,"In the following sentence, what does ""Yeet"" mean?
Think I can make this? Yeet!

Select only one answer.
A) Throwing something
B) A term to support someone going through a gender change.
C) A dance move
D) A rule used by some for dating that refers to someone who is six feet tall, has a 6 figure income, and has six-pack abs

Respond with only the letter of your answer (A, B, C, or D).",A,2026-06-12T10:39:24.388110+00:00
997,5,row_196,ying,Violence,local_qwen27b,A,,A,True,False,"In the following sentence, what does ""ying"" mean?
I'll walk in swinging my ying.

Select only one answer.
A) A knife
B) Weak or effeminate
C) Done or ruined
D) Ending the discussion on a topic

Respond with only the letter of your answer (A, B, C, or D).",A,2026-06-12T10:39:57.530848+00:00
998,5,row_197,yoyo,General,local_qwen27b,A,D,A,True,False,"In the following sentence, what does ""yoyo"" mean?
We've helped you in the past, but yoyo this time.

Select only one answer.
A) You're on Your own
B) Fashionable or stylish
C) A glock pistol
D) a thick grooved double disk with a string attached to its center axle that is made to fall and rise to the hand by unwinding and rewinding on the string

Respond with only the letter of your answer (A, B, C, or D).",A,2026-06-12T10:41:00.452515+00:00
999,5,row_198,Zaddy,Sexual,local_qwen27b,C,,C,True,False,"In the following sentence, what does ""Zaddy"" mean?
I'm meeting up with my zaddy later tonight.

Select only one answer.
A) A term used to describe a baby raised in a gender neutral environment
B) To get arrested
C) An attractive older man
D) To metaphorically die of laughter

Respond with only the letter of your answer (A, B, C, or D).",C,2026-06-12T10:41:17.907293+00:00
1000,5,row_199,Zesty,Insult,local_qwen27b,C,D,D,False,True,"In the following sentence, what does ""Zesty"" mean?
He's acting a bit zesty today.

Select only one answer.
A) An incel term meaning kissless, hugless, handholdless virgin
B) To make lifestyle changes to make your life more holistic
C) A man that is feminine in nature
D) having or characterized by zest : appealingly piquant or lively

Respond with only the letter of your answer (A, B, C, or D).",D,2026-06-12T10:41:40.578810+00:00
