run_id,iteration,prompt_id,slang_term,term_type,model,correct_letter,literal_letter,model_answer,is_correct,chose_literal,full_prompt,raw_response,timestamp_utc
1,1,row_000,'done,Drugs,grok,A,,A,True,False,"In the following sentence, what does ""'done"" mean?
Do you have any of the 'done on you?

Select only one answer.
A) Methodone
B) Down to fuck
C) A nicotine pouch held between the upper lip and gums
D) Used to address friends with exasperation, releif, or disbeleif.

Respond with only the letter of your answer (A, B, C, or D).","A 

The sentence uses the abbreviated slang form ""'done,"" which is a common shorthand for methadone (a medication used in opioid treatment programs). This fits the phrasing ""any of the 'done on you"" as a request to borrow or obtain some of the substance. Other options are ruled out because they do not match established drug-user terminology, the grammatical structure, or the context of possession.",2026-06-12T18:37:05.644339+00:00
2,1,row_001,6-6-6,Identity,grok,A,,A,True,False,"In the following sentence, what does ""6-6-6"" mean?
I only date a man who is a 6-6-6.

Select only one answer.
A) A rule used by some for dating that refers to someone who is six feet tall, has a 6 figure income, and has six-pack abs
B) Something done regularly
C) Sociopath
D) A homosexual cowboy

Respond with only the letter of your answer (A, B, C, or D).","A 

The phrase ""6-6-6"" (or ""666 rule"") is a well-documented piece of modern dating slang that originated on social media and dating apps. It refers to a checklist some women apply when screening male partners: the man must be at least 6 ft (183 cm) tall, earn a six-figure salary, and possess visible six-pack abdominal muscles.  

- Option B is unrelated; it describes frequency, not physical/financial criteria.  
- Option C misapplies the biblical “number of the beast” (666) to a psychiatric label, which is neither linguistically nor contextually accurate here.  
- Option D has no attested connection to the numeral sequence in dating discourse.  

Thus only A matches both the literal wording of the query sentence and established usage.",2026-06-12T18:37:10.294268+00:00
3,1,row_002,AF,General,grok,C,,C,True,False,"In the following sentence, what does ""AF"" mean?
Thats cool AF!

Select only one answer.
A) A loss or failure
B) When you are outnumbered in a fight and call black people for the win
C) As Fuck
D) A glock pistol

Respond with only the letter of your answer (A, B, C, or D).","C 

(The sentence uses common internet slang where ""AF"" is an abbreviation for ""as fuck,"" intensifying the adjective ""cool."" This matches option C directly and rules out the unrelated or fabricated meanings in A, B, and D.)",2026-06-12T18:37:13.669407+00:00
4,1,row_003,aggy,Violence,grok,B,,B,True,False,"In the following sentence, what does ""aggy"" mean?
Why you so aggy?

Select only one answer.
A) Something untrue or unbeleivable
B) to aggrivate
C) The vagina
D) A loss or failure

Respond with only the letter of your answer (A, B, C, or D).","B 

The sentence ""Why you so aggy?"" is an informal/slang construction (common in AAVE or internet speech) equivalent to ""Why are you so agitated/annoyed?""  

""Aggy"" is a clipped form of ""aggravated"" (or sometimes ""aggressive""), so the closest match among the given choices is B. The other options describe unrelated slang senses that do not fit the sentence.",2026-06-12T18:37:17.677848+00:00
5,1,row_004,Alpha,Identity,grok,D,A,D,True,False,"In the following sentence, what does ""Alpha"" mean?
What an alpha chad.

Select only one answer.
A) the 1st letter of the Greek alphabet
B) Someone that is boring
C) A dance move
D) A strong, leader who commands those around them

Respond with only the letter of your answer (A, B, C, or D).","D 

The term ""alpha"" in the phrase ""alpha chad"" is internet/slang usage referring to a dominant, assertive male archetype (often paired with ""Chad"" as a stereotype of an attractive, successful man). This matches option D exactly, while the other choices are either literal/unrelated (A) or factually incorrect (B, C). The surrounding context makes the slang meaning unambiguous.",2026-06-12T18:37:20.253100+00:00
6,1,row_005,ant,Sexual,grok,C,D,D,False,True,"In the following sentence, what does ""ant"" mean?
I came across a real ant at the club earlier.

Select only one answer.
A) Prolonged masturbation
B) sex
C) A charismatic, sexy, and quick witted man
D) any of a family (Formicidae) of colonial hymenopterous insects with a complex social organization and various castes performing special duties

Respond with only the letter of your answer (A, B, C, or D).",D,2026-06-12T18:37:25.049688+00:00
7,1,row_006,archer,Identity,grok,D,A,A,False,True,"In the following sentence, what does ""archer"" mean?
Jim was an archer with her lies.

Select only one answer.
A) a person who uses a bow and arrow
B) Something suspicious
C) Mediocre
D) A person who is very good at spotting a lie

Respond with only the letter of your answer (A, B, C, or D).",A,2026-06-12T18:37:29.806642+00:00
8,1,row_007,ASL,Sexual,grok,C,,C,True,False,"In the following sentence, what does ""ASL"" mean?
What's your ASL?

Select only one answer.
A) Go in 100% on something
B) a significant other
C) Age Sex Location
D) A kilo of cocaine

Respond with only the letter of your answer (A, B, C, or D).",C,2026-06-12T18:37:31.705096+00:00
9,1,row_008,Aura Farming,Identity,grok,D,,D,True,False,"In the following sentence, what does ""Aura Farming"" mean?
That skateboard group is trying really hard to aura farm, but its not working.

Select only one answer.
A) A man that is feminine in nature
B) Someone that is too left leaning politically
C) sex
D) Activities that involve cultivating ones Aura

Respond with only the letter of your answer (A, B, C, or D).",D,2026-06-12T18:37:35.439658+00:00
10,1,row_009,babygirl,Sexual,grok,C,,C,True,False,"In the following sentence, what does ""babygirl"" mean?
Hey babygirl, whanna metup tonight?

Select only one answer.
A) An independent, strong person
B) An expression of disappointment
C) An endeering term used towards ones significant other
D) used to mock spoiled kids

Respond with only the letter of your answer (A, B, C, or D).",C,2026-06-12T18:37:38.313192+00:00
11,1,row_010,backoff,Sexual,grok,A,B,A,True,False,"In the following sentence, what does ""backoff"" mean?
That girl has a fat backoff!

Select only one answer.
A) A large ass that stands out.
B) back down
C) Something that is better then everything else
D) an expression of surprise

Respond with only the letter of your answer (A, B, C, or D).",A,2026-06-12T18:37:43.293666+00:00
12,1,row_011,Bae,Sexual,grok,A,,C,False,False,"In the following sentence, what does ""Bae"" mean?
She's my bae.

Select only one answer.
A) A significant other
B) something intense, aggressive, and unfiltered
C) A term of endearment for a significant other
D) A term for baby that people will call their significant other.

Respond with only the letter of your answer (A, B, C, or D).",C,2026-06-12T18:37:50.376791+00:00
13,1,row_012,bareface,Identity,grok,A,D,A,True,False,"In the following sentence, what does ""bareface"" mean?
I saw a group of barefaces at the store this morning, so I won't be going back.

Select only one answer.
A) Someone who refused to wear a mask in covid times.
B) Irritated, bitter, or resentful
C) A fool or a prick
D) having a clear finish and no nap

Respond with only the letter of your answer (A, B, C, or D).","A 

The sentence context (avoiding a store after an encounter with ""barefaces"") only aligns with pandemic-era slang for unmasked individuals; none of the other options produce a coherent reading.",2026-06-12T18:37:55.534384+00:00
14,1,row_013,based,General,grok,D,B,D,True,False,"In the following sentence, what does ""based"" mean?
That show was based.

Select only one answer.
A) To prepare for a fight
B) having a specified type of base or basis —often used in combination
C) The abandonment of responsibilities
D) An unpopular opinion

Respond with only the letter of your answer (A, B, C, or D).","D

The sentence uses ""based"" as internet slang (originating from Lil B and later 4chan/alt-right usage) to describe something that expresses an unapologetic or politically incorrect viewpoint. Among the given choices, only D approximates this sense; the others are either dictionary definitions of unrelated words or the literal ""based on"" construction that does not fit the sentence.",2026-06-12T18:38:01.011695+00:00
15,1,row_014,Basic,Identity,grok,D,A,D,True,False,"In the following sentence, what does ""Basic"" mean?
Shes so basic.

Select only one answer.
A) of, relating to, or forming the base or essence : fundamental
B) to recoil in distaste
C) A loud and messy conflict
D) Someone that is boring

Respond with only the letter of your answer (A, B, C, or D).","D 

The sentence uses ""basic"" as modern slang (typically mocking unoriginal, trend-following, or bland behavior), which aligns directly with option D and not the literal definition in A or the unrelated meanings in B and C.",2026-06-12T18:38:04.616598+00:00
16,1,row_015,bb,Sexual,grok,C,D,C,True,False,"In the following sentence, what does ""bb"" mean?
Hey bb, lets grab some food.

Select only one answer.
A) You're on Your own
B) Something that is messed up or not right.
C) A term for baby that people will call their significant other.
D) a shot pellet 0.18 inch in diameter for use in a shotgun cartridge

Respond with only the letter of your answer (A, B, C, or D).",C,2026-06-12T18:38:06.993659+00:00
17,1,row_016,Bet,General,grok,B,D,B,True,False,"In the following sentence, what does ""Bet"" mean?
bet, lets go.

Select only one answer.
A) A dance move
B) An affirmative agreement
C) Someone who is trying to get sexual attention overtly
D) something that is laid, staked, or pledged typically between two parties on the outcome of a contest or a contingent issue : wager —often used figuratively in such phrases as all bets are off to stress the uncertainty of an outcome

Respond with only the letter of your answer (A, B, C, or D).","B

The sentence ""bet, lets go"" is informal modern slang (common in texting and casual speech). In this context, ""bet"" functions as a concise affirmative response equivalent to ""okay,"" ""deal,"" or ""you bet,"" signaling agreement to the proposed action. This usage is unrelated to the literal wager sense in option D, the dance-move meaning in A, or the overt-sexual-attention meaning in C. The surrounding phrase ""lets go"" further supports an agreement reading rather than any of the other senses.",2026-06-12T18:38:10.862011+00:00
18,1,row_017,Beta,Identity,grok,A,C,A,True,False,"In the following sentence, what does ""Beta"" mean?
The beta's of the world aren't gonna like that.

Select only one answer.
A) Someone weak or a follower
B) Someone younger
C) the 2nd letter of the Greek alphabet
D) Sociopath

Respond with only the letter of your answer (A, B, C, or D).","A 

The term ""beta"" here is drawn from online slang (particularly ""manosphere"" or red-pill communities) contrasting ""alpha"" (dominant leader) with ""beta"" (submissive or weak follower). The sentence uses it in that figurative sense, not the literal Greek letter, age reference, or sociopathy.",2026-06-12T18:38:13.514567+00:00
19,1,row_018,Bih,General,grok,B,,B,True,False,"In the following sentence, what does ""Bih"" mean?
Bih, what?

Select only one answer.
A) An unpopular opinion
B) Short for Bitch
C) cocaine
D) An incel term meaning kissless, hugless, handholdless virgin

Respond with only the letter of your answer (A, B, C, or D).",B,2026-06-12T18:38:16.401894+00:00
20,1,row_019,bine,Violence,grok,A,B,A,True,False,"In the following sentence, what does ""bine"" mean?
Load the nine with ine and selek it.

Select only one answer.
A) bullets
B) a twining stem or flexible shoot (as of the hop); also : a plant (such as woodbine) whose shoots are bines
C) A term to discuss sexual experiences
D) To refer to ones imaginary audience like an internet steamer

Respond with only the letter of your answer (A, B, C, or D).","A 

The sentence uses ""nine"" as common slang for a 9 mm pistol and places ""bine/ine"" in the direct object position of the verb ""load,"" which only fits the meaning ""bullets."" The remaining options (botanical term, sexual euphemism, streamer jargon) produce nonsense in this context.",2026-06-12T18:38:21.986359+00:00
21,1,row_020,blackup,Violence,grok,B,,B,True,False,"In the following sentence, what does ""blackup"" mean?
We are outnumbered. Call for black up.

Select only one answer.
A) Something ugly or unattractive
B) When you are outnumbered in a fight and call black people for the win
C) A charismatic, sexy, and quick witted man
D) to recoil in distaste

Respond with only the letter of your answer (A, B, C, or D).","B

The sentence is a clear parody of the phrase ""call for backup,"" with the substitution of ""black"" for ""back"" to create the nonce term ""blackup."" Among the given choices, only option B supplies a definition that attempts to fit this specific contextual usage (outnumbered and calling for assistance). The remaining options bear no semantic or pragmatic relation to the sentence.",2026-06-12T18:38:28.660633+00:00
22,1,row_021,Brain Rot,General,grok,C,,C,True,False,"In the following sentence, what does ""Brain Rot"" mean?
Kids these days just sit around and watch brain rot.

Select only one answer.
A) Money
B) Short for happening
C) The videos one find on social media that cause people to scroll and do nothign for hours
D) An insult commonly used in sports

Respond with only the letter of your answer (A, B, C, or D).",C,2026-06-12T18:38:31.075163+00:00
23,1,row_022,brizzy,Drugs,grok,D,,D,True,False,"In the following sentence, what does ""brizzy"" mean?
Quickly, grab the brizzy.

Select only one answer.
A) A dance move
B) A canister of nitrous oxide
C) To be fierce and unapologetic withing a social situation
D) A kilo of cocaine

Respond with only the letter of your answer (A, B, C, or D).","D


The sentence structure requires ""brizzy"" to function as a concrete noun that can be physically grabbed. Options A and C are therefore eliminated because a dance move and a behavioral stance cannot be grabbed. Between the two remaining noun options, drug slang supplies the only plausible link: a kilogram package of cocaine is conventionally called a ""brick,"" and ""brizzy"" is a transparent phonological variant of that term. No comparable established slang equates ""brizzy"" with a nitrous-oxide canister. Hence D is the only reading that satisfies both syntactic and lexical constraints.",2026-06-12T18:38:39.744430+00:00
24,1,row_023,broomhandle,Violence,grok,D,,D,True,False,"In the following sentence, what does ""broomhandle"" mean?
Get your broomhandle, we gotta go.

Select only one answer.
A) An emotional meltdown
B) A large ass that stands out.
C) To be fierce and unapologetic withing a social situation
D) A mauser C96 pistol

Respond with only the letter of your answer (A, B, C, or D).",D,2026-06-12T18:38:42.654008+00:00
25,1,row_024,bruh!,General,grok,A,D,A,True,False,"In the following sentence, what does ""bruh!"" mean?
Bruh! What was that?

Select only one answer.
A) Used to address friends with exasperation, releif, or disbeleif.
B) Someone that travels abroad with the sole purpose of having sex
C) Crack cocaine
D) brother

Respond with only the letter of your answer (A, B, C, or D).","A 

The term ""bruh"" in the given exclamation is an informal interjection derived from ""bro"" (short for brother). It functions as a vocative to signal surprise, disbelief, or exasperation toward a peer, which matches option A exactly. Option D gives only the etymological root without capturing the pragmatic use illustrated by the sentence. Options B and C are unrelated slang or drug references that do not apply.",2026-06-12T18:38:46.396328+00:00
26,1,row_025,Bruzz,General,grok,A,,A,True,False,"In the following sentence, what does ""Bruzz"" mean?
Whats up bruzz?

Select only one answer.
A) A term for friends
B) Someone who refused to wear a mask in covid times.
C) Main Character - Someone that acts as if they are the star of a story
D) To win

Respond with only the letter of your answer (A, B, C, or D).","A 

The term ""bruzz"" is a phonetic variant of ""bruh"" / ""bro"" (itself short for ""brother""), used as a casual vocative for friends or peers. In the sentence ""Whats up bruzz?"" it functions exactly like ""What's up, bro?""—a greeting directed at companions. The remaining choices have no semantic or contextual link to the utterance.",2026-06-12T18:38:49.659879+00:00
27,1,row_026,Bussin',General,grok,C,,C,True,False,"In the following sentence, what does ""Bussin'"" mean?
This pizza is bussin, on god!

Select only one answer.
A) A term for baby that people will call their significant other.
B) A reaction to something uncomfortable
C) Very good
D) To do somethign very well

Respond with only the letter of your answer (A, B, C, or D).",C,2026-06-12T18:38:52.274275+00:00
28,1,row_027,Cake,Sexual,grok,C,A,C,True,False,"In the following sentence, what does ""Cake"" mean?
Shes looking real caked up!

Select only one answer.
A) a breadlike food made from a dough or batter that is usually fried or baked in small flat shapes and is often unleavened
B) Mercedes Benz G class
C) A reference for ass
D) To make a jawline more defined

Respond with only the letter of your answer (A, B, C, or D).","C 

The phrase ""caked up"" is common AAVE/slang usage (frequently appearing in rap lyrics and social media) in which ""cake"" is a direct euphemism for a large or attractive buttocks; therefore option C is the only match. Options A and D are literal or unrelated meanings, while B is simply an unrelated automotive nickname.",2026-06-12T18:38:56.498416+00:00
29,1,row_028,Cap,General,grok,A,C,A,True,False,"In the following sentence, what does ""Cap"" mean?
You're cappin. No way.

Select only one answer.
A) Something untrue or unbeleivable
B) Weak or effeminate
C) a head covering especially with a visor and no brim
D) To be honest about something

Respond with only the letter of your answer (A, B, C, or D).","A


The slang usage of “cap” (and its verb form “cappin’”) originated in African-American Vernacular English and has spread through hip-hop and social media. In this register “cap” denotes a lie or falsehood, so “You’re cappin’” is an accusation of lying or exaggerating. The follow-up “No way” reinforces disbelief, confirming the idiomatic sense.  

- Option B (“weak or effeminate”) is unrelated street slang (e.g., “cap” as in “capping on someone”).  
- Option C is the literal garment meaning, incompatible with the sentence.  
- Option D reverses the meaning; “no cap” actually signals honesty, so “cappin’” signals the opposite.  

Thus only A matches the contextual meaning.",2026-06-12T18:38:59.740142+00:00
30,1,row_029,Chad,Identity,grok,B,D,B,True,False,"In the following sentence, what does ""Chad"" mean?
That was a total chad move.

Select only one answer.
A) Someone that tries really hard to impress their crush
B) A stereotypical alpha male that is strong, handsome, and attracts women.
C) An insult saying that the problem is due to lack of skill rather then luck
D) small pieces of paper or cardboard produced in punching paper tape or data cards; also : a piece of chad.

Respond with only the letter of your answer (A, B, C, or D).","B 

The term ""Chad"" in the given sentence is internet/slang usage (originating from memes and incel-adjacent forums) denoting a hyper-masculine, physically attractive, socially dominant archetype. Option B is the only definition that matches this established meaning; the other choices are unrelated (A is closer to ""try-hard"" or ""simp,"" C is a gaming insult, and D is the literal technical term for paper punch waste). The phrase ""chad move"" is therefore an approving reference to behavior stereotypically associated with that archetype.",2026-06-12T18:39:02.747475+00:00
31,1,row_030,Chaddam,Identity,grok,C,,C,True,False,"In the following sentence, what does ""Chaddam"" mean?
Did you see the chaddam at the restraunt earlier?

Select only one answer.
A) To knock someone out
B) Someone that travels abroad with the sole purpose of having sex
C) An incel term for an attractive middle eastern man
D) Someone who is very stubborn

Respond with only the letter of your answer (A, B, C, or D).","C

The term ""Chaddam"" is a portmanteau of ""Chad"" (the incel archetype of an idealized, hyper-attractive male) and a stereotypically Middle-Eastern name element (e.g., Saddam, Adam). In incel and adjacent online slang it therefore denotes an attractive Middle-Eastern man, exactly as option C states. The other choices have no attested connection to the neologism.",2026-06-12T18:39:05.460127+00:00
32,1,row_031,Chang,Drugs,grok,B,,B,True,False,"In the following sentence, what does ""Chang"" mean?
Hey , you got a hookup for chang?

Select only one answer.
A) A canabis based cigarette that needs two paper rolls
B) cocaine
C) An emotional meltdown
D) A homosexual cowboy

Respond with only the letter of your answer (A, B, C, or D).","B 

The phrase ""hookup for chang"" is drug-acquisition slang; among the listed choices only ""cocaine"" is a substance that is conventionally obtained via a ""hookup."" The remaining options are incompatible with both the wording and common usage.",2026-06-12T18:39:10.139456+00:00
33,1,row_032,Chat,General,grok,B,A,B,True,False,"In the following sentence, what does ""Chat"" mean?
Chat, how does this look?

Select only one answer.
A) chatter, prattle
B) To refer to ones imaginary audience like an internet steamer
C) An insult saying that the problem is due to lack of skill rather then luck
D) a significant other

Respond with only the letter of your answer (A, B, C, or D).",B,2026-06-12T18:39:12.437022+00:00
34,1,row_033,Cheeks,General,grok,D,B,D,True,False,"In the following sentence, what does ""Cheeks"" mean?
That movie was cheeks.

Select only one answer.
A) to recoil in distaste
B) the fleshy side of the face below the eye and above and to the side of the mouth
C) To show off
D) Somehting that is poor quality

Respond with only the letter of your answer (A, B, C, or D).","D 

The sentence uses ""cheeks"" as contemporary slang (chiefly online/youth usage) to describe something of low quality or disappointing, akin to calling it ""trash"" or ""butt."" This matches option D directly; the other choices are either the literal anatomical sense (B), unrelated verbs (A, C), or otherwise inapplicable.",2026-06-12T18:39:15.723761+00:00
35,1,row_034,chenta,Insult,grok,B,,B,True,False,"In the following sentence, what does ""chenta"" mean?
You are looking really chenta.

Select only one answer.
A) An affirmative agreement
B) Something ugly or unattractive
C) A significant problem
D) To win

Respond with only the letter of your answer (A, B, C, or D).",B,2026-06-12T18:39:20.028178+00:00
36,1,row_035,cheugy,Insult,grok,A,,A,True,False,"In the following sentence, what does ""cheugy"" mean?
That girl had such a cheugy outfit.

Select only one answer.
A) Somehting uncool or unfashionable
B) an expression of surprise
C) A term for bringing someone over to watch some netflix and then have sex.
D) Something really good

Respond with only the letter of your answer (A, B, C, or D).",A,2026-06-12T18:39:21.904758+00:00
37,1,row_036,chi-mo,Identity,grok,C,,C,True,False,"In the following sentence, what does ""chi-mo"" mean?
Go fuck that chi-mo up.

Select only one answer.
A) To give sympathy or signify a failure
B) A criminal that turned their life arpound and are legitimate
C) A chlid molestor
D) a bad charisma

Respond with only the letter of your answer (A, B, C, or D).",C,2026-06-12T18:39:25.135352+00:00
38,1,row_037,Chungus,General,grok,D,,D,True,False,"In the following sentence, what does ""Chungus"" mean?
Thats a very chungus pizza.

Select only one answer.
A) to aggrivate
B) Something that is reallly good.
C) A descriptor for an attractive person
D) Something that is adorably and chunky

Respond with only the letter of your answer (A, B, C, or D).",D,2026-06-12T18:39:28.657237+00:00
39,1,row_038,Clocked,Violence,grok,B,A,B,True,False,"In the following sentence, what does ""Clocked"" mean?
He totally clocked that guy.

Select only one answer.
A) to time with a stopwatch or by an electric timing device
B) When something hidden gets called out
C) Someone younger
D) To do something impressive

Respond with only the letter of your answer (A, B, C, or D).","B

The sentence uses “clocked” as slang for noticing or exposing something concealed about the other person (i.e., calling it out). Option A is the literal timing sense and does not fit the context; C and D have no established connection to the verb “clock.”",2026-06-12T18:39:32.262354+00:00
40,1,row_039,Cooked,General,grok,B,C,B,True,False,"In the following sentence, what does ""Cooked"" mean?
You're cooked

Select only one answer.
A) Someone acting aggressively and out of control
B) Done or ruined
C) past tense and past participle of cook
D) A significant other

Respond with only the letter of your answer (A, B, C, or D).","B


The phrase ""You're cooked"" uses modern slang, where ""cooked"" means finished, defeated, or in an irreparable state (e.g., ""after that mistake, you're cooked""). This matches option B exactly. Option C is the literal dictionary sense of the verb but does not fit the addressed, idiomatic sentence. Options A and D have no established connection to the wording or usage.",2026-06-12T18:39:36.275312+00:00
41,1,row_040,coota suit,Identity,grok,D,,B,False,False,"In the following sentence, what does ""coota suit"" mean?
Im gonna hit the town in my coota suit.

Select only one answer.
A) A loud and messy conflict
B) Nonsensical term
C) A term of endearment for a significant other
D) An all denim outfit

Respond with only the letter of your answer (A, B, C, or D).",B,2026-06-12T18:39:41.892979+00:00
42,1,row_041,Crashout,General,grok,B,A,B,True,False,"In the following sentence, what does ""Crashout"" mean?
Jen had a total crashout after her breakup

Select only one answer.
A) a vehicular crash
B) An emotional meltdown
C) Someone that travels abroad with the sole purpose of having sex
D) Money

Respond with only the letter of your answer (A, B, C, or D).",B,2026-06-12T18:39:44.328627+00:00
43,1,row_042,Cringe,General,grok,C,,C,True,False,"In the following sentence, what does ""Cringe"" mean?
Did you hear that pickup line? It was totally cringe!

Select only one answer.
A) A man that takes care of children
B) An unpopular opinion
C) to recoil in distaste
D) To prepare for a fight

Respond with only the letter of your answer (A, B, C, or D).","C 

The slang usage of ""cringe"" (or ""cringy/cringeworthy"") in the given sentence describes something so awkward or embarrassing that it provokes a physical/emotional recoil. This directly matches option C, which is the core dictionary meaning of the verb ""cringe"" and the source of the modern adjectival slang. The other options have no semantic connection to the word or the example sentence.",2026-06-12T18:39:48.939201+00:00
44,1,row_043,crower,Insult,grok,D,,D,True,False,"In the following sentence, what does ""crower"" mean?
Stop sitting around and being a crower

Select only one answer.
A) Saying something secretive or to keep low profile
B) Ending the discussion on a topic
C) To express disbelief
D) Someone who sitts around commenting about others

Respond with only the letter of your answer (A, B, C, or D).","D


The term ""crower"" derives from the verb ""crow,"" which denotes boastful or loud commentary (as with a rooster). In context, the sentence criticizes idle, vocal judgment of others, aligning directly with option D. Options A–C have no etymological or semantic connection to the verb.",2026-06-12T18:39:53.192007+00:00
45,1,row_044,cuck,Insult,grok,D,C,A,False,False,"In the following sentence, what does ""cuck"" mean?
That guy must be a cuck letting his wife talk to others like that.

Select only one answer.
A) Someone weak or a follower
B) A descriptor for an attractive person
C) a man whose wife is unfaithful : cuckold
D) A term for someone that enjoys watching their wife have sex with another man

Respond with only the letter of your answer (A, B, C, or D).","A

The sentence deploys ""cuck"" as a pejorative slur for perceived weakness or emasculation, not as a literal claim of infidelity or a fetish description. This matches the modern slang sense captured by option A; options C and D restate the older/etymological meaning of “cuckold,” while B is unrelated.",2026-06-12T18:40:00.893923+00:00
46,1,row_045,d-low,General,grok,C,,C,True,False,"In the following sentence, what does ""d-low"" mean?
Keep it on the d-low, okay?

Select only one answer.
A) Mercedes Benz G class
B) Used to refer to the social media platforms one uses
C) To keep secretive or obscure
D) An attractive older man

Respond with only the letter of your answer (A, B, C, or D).",C,2026-06-12T18:40:03.388713+00:00
47,1,row_046,daggers,General,grok,B,C,B,True,False,"In the following sentence, what does ""daggers"" mean?
Lets hit the dance floor and do the start daggering.

Select only one answer.
A) To win
B) A provocative dance
C) a sharp pointed knife for stabbing
D) drunk

Respond with only the letter of your answer (A, B, C, or D).","B 

The sentence contains an apparent misspelling or autocorrect artifact (""start daggering""), but the intended phrase is ""daggering,"" a Jamaican dance style characterized by aggressive, sexually suggestive pelvic thrusting. In that idiomatic context the word denotes the dance itself, not the literal weapon (C), victory (A), or intoxication (D). Hence only option B is semantically appropriate.",2026-06-12T18:40:06.445397+00:00
48,1,row_047,Ded,General,grok,C,,C,True,False,"In the following sentence, what does ""Ded"" mean?
I'm ded

Select only one answer.
A) The positive or relaxing energy of a place
B) Something really good
C) To metaphorically die of laughter
D) To do somethign very well

Respond with only the letter of your answer (A, B, C, or D).",C,2026-06-12T18:40:08.897841+00:00
49,1,row_048,Delulu,General,grok,D,,D,True,False,"In the following sentence, what does ""Delulu"" mean?
I'm feeling delulu after that show.

Select only one answer.
A) the playful act of taking a friend's food
B) Men that lack masculine characteristics
C) An expression of disbelief
D) Delusional

Respond with only the letter of your answer (A, B, C, or D).","D 

The term ""delulu"" is internet slang, formed as a playful shortening of ""delusional."" It is commonly used to describe a state of unrealistic or wishful thinking (often in a lighthearted or self-aware way), which directly matches option D and fits the given sentence. Options A–C have no established connection to the word.",2026-06-12T18:40:12.602318+00:00
50,1,row_049,Dog water,Insult,grok,B,,B,True,False,"In the following sentence, what does ""Dog water"" mean?
You are playing like dog water.

Select only one answer.
A) to aggrivate
B) Something low quality or bad
C) Someone unappealing
D) Very good

Respond with only the letter of your answer (A, B, C, or D).",B,2026-06-12T18:40:14.915359+00:00
51,1,row_050,doommaxxing,Identity,grok,D,,D,True,False,"In the following sentence, what does ""doommaxxing"" mean?
I'm just gonna be doommaxxing all weekend.

Select only one answer.
A) someone that looks ordinary but is actually very strong
B) The positive or relaxing energy of a place
C) an expression of surprise
D) The abandonment of responsibilities

Respond with only the letter of your answer (A, B, C, or D).","D 

The term ""doommaxxing"" is a portmanteau of ""doom"" (as in doomscrolling or wallowing in negative/pessimistic content) + the ""-maxxing"" suffix (maximizing an activity or trait). In context, the sentence describes an entire weekend spent indulging in this unproductive behavior, which equates to abandoning responsibilities. The other choices have no semantic overlap with the neologism.",2026-06-12T18:40:19.261374+00:00
52,1,row_051,Dope,General,grok,C,B,C,True,False,"In the following sentence, what does ""Dope"" mean?
That car is dope.

Select only one answer.
A) To mastrubate for extremeely long period regularly
B) a stupid person
C) Cool
D) Something really good

Respond with only the letter of your answer (A, B, C, or D).","C

The term ""dope"" functions here as predicative slang adjective. In contemporary informal English it is a near-synonym of “cool,” “excellent,” or “first-rate.”  

- Option A is a crude nonce definition unrelated to any attested sense of the word.  
- Option B corresponds to an older, now marginal use (“a stupid person”) that does not fit the syntax or pragmatics of the sentence.  
- Option D paraphrases the same positive evaluation, yet is less precise: “dope” is not merely “something really good” but specifically carries the stylistic nuance of “cool.”  

Thus the single most accurate choice among those supplied is C.",2026-06-12T18:40:27.826302+00:00
53,1,row_052,Drip,Identity,grok,D,B,D,True,False,"In the following sentence, what does ""Drip"" mean?
How is the drip?

Select only one answer.
A) a live-action role-playing game in which a group of people enacts a fictional scenario (such as a fantasy adventure) in real time typically under the guidance of a facilitator or organizer; also : the activity of participating in such games : larping
B) to let fall in drops
C) To tie up an arm to isolate a vein for injecting a drug
D) Stylish or flashy outfit style

Respond with only the letter of your answer (A, B, C, or D).","D 

The sentence ""How is the drip?"" is an informal inquiry about appearance. In contemporary slang (especially among younger speakers and in hip-hop/urban culture), ""drip"" denotes a stylish, flashy, or fashionable outfit or overall look; the question is therefore asking how someone's clothing/style is looking.  

- A is unrelated (it defines LARP).  
- B is the literal verb sense of dripping liquid, which does not fit the phrasing.  
- C describes a drug-preparation action, not the meaning of the noun ""drip"" in this context.  

Hence only D matches the slang usage.",2026-06-12T18:40:32.481785+00:00
54,1,row_053,DTF,Sexual,grok,D,,D,True,False,"In the following sentence, what does ""DTF"" mean?
She was totally DTF after the first date.

Select only one answer.
A) Cancer
B) To knock someone out
C) Gross buildup between the toes
D) Down to fuck

Respond with only the letter of your answer (A, B, C, or D).",D,2026-06-12T18:40:36.011823+00:00
55,1,row_054,dubs,General,grok,D,C,D,True,False,"In the following sentence, what does ""dubs"" mean?
Take home the dubs!

Select only one answer.
A) A criminal that turned their life arpound and are legitimate
B) Go in 100% on something
C) to add (sound effects or new dialogue) to a film or to a radio or television production —usually used with in
D) To win

Respond with only the letter of your answer (A, B, C, or D).","D 

The phrase ""take home the dubs"" is common sports/gaming slang in which ""dubs"" is a clipped form of ""W's"" (wins). The sentence is therefore an exhortation to win, matching option D. The other choices describe unrelated senses of ""dub"" (reformed criminal, full commitment, audio dubbing) that do not fit the context.",2026-06-12T18:40:39.554650+00:00
56,1,row_055,epi,General,grok,D,,D,True,False,"In the following sentence, what does ""epi"" mean?
Watch out, hes going through an epi.

Select only one answer.
A) To refer to ones imaginary audience like an internet steamer
B) fake soft penises and testicles designed to give a 'male' bulge to the crotches of female-to-male transsexuals.
C) A distinct trait, style, or outfit, often used in drag culture
D) Epileptic fit from a synthetic canabis

Respond with only the letter of your answer (A, B, C, or D).","D

The sentence uses ""epi"" in a cautionary context (""watch out""), implying an acute medical event to avoid. Among the options, only D produces a coherent reading: ""epi"" as shorthand for an epileptic seizure (""fit""), here attributed to synthetic cannabis (a known convulsant). Options A–C are unrelated slang terms that cannot grammatically or semantically occupy the predicate ""going through an epi.""",2026-06-12T18:40:45.467438+00:00
57,1,row_056,F,General,grok,A,B,A,True,False,"In the following sentence, what does ""F"" mean?
I almost had that one. F.

Select only one answer.
A) To give sympathy or signify a failure
B) the 6th letter of the English alphabet
C) A mauser C96 pistol
D) A strong, leader who commands those around them

Respond with only the letter of your answer (A, B, C, or D).",A,2026-06-12T18:40:48.431574+00:00
58,1,row_057,Fanum Tax,General,grok,A,,A,True,False,"In the following sentence, what does ""Fanum Tax"" mean?
I was at dinner with my girl and she fanum taxed me.

Select only one answer.
A) the playful act of taking a friend's food
B) Someone who sitts around commenting about others
C) A nicotine pouch held between the upper lip and gums
D) A canabis based cigarette that needs two paper rolls

Respond with only the letter of your answer (A, B, C, or D).","A 

The term ""Fanum tax"" originates from streamer Fanum (of the AMP collective) and denotes the humorous, often-unannounced act of snatching a bite of a companion’s meal. In the given sentence the speaker simply means his date playfully stole food from his plate, which aligns directly with option A and rules out the unrelated definitions in B–D.",2026-06-12T18:40:52.863395+00:00
59,1,row_058,FBOI,Sexual,grok,A,,A,True,False,"In the following sentence, what does ""FBOI"" mean?
She just needs a FBOI to gegt out of her slump.

Select only one answer.
A) Fuckboy, someone just looking for sex
B) Go in 100% on something
C) Talking too much
D) Someone that is too much of a fan of something

Respond with only the letter of your answer (A, B, C, or D).","A 

The slang term ""FBOI"" (or variants like FBOY/fuccboi) is a common abbreviation for ""fuckboy,"" referring to a man primarily seeking casual sex without emotional commitment. This fits the sentence context directly: needing casual physical/romantic attention to break out of a depressive ""slump."" The other options correspond to unrelated slang (e.g., ""fanboi"" for D) that do not match the spelling, usage, or sentence meaning.",2026-06-12T18:40:56.894055+00:00
60,1,row_059,Fire,General,grok,B,C,B,True,False,"In the following sentence, what does ""Fire"" mean?
That game war fire!

Select only one answer.
A) Something that appears mundane but has hidden potential
B) Something really good
C) the phenomenon of combustion manifested in light, flame, and heat
D) Someone weak or a follower

Respond with only the letter of your answer (A, B, C, or D).","B 

The sentence is almost certainly intended as ""That game was fire!"", a common slang construction. In contemporary informal English (especially online, gaming, and youth speech), ""fire"" is an adjective meaning ""excellent,"" ""impressive,"" or ""highly enjoyable."" This directly matches option B and rules out the literal combustion sense (C) as well as the unrelated figurative senses in A and D.",2026-06-12T18:40:59.910484+00:00
61,1,row_060,Flex,General,grok,B,A,B,True,False,"In the following sentence, what does ""Flex"" mean?
Vinny with the car flex.

Select only one answer.
A) to bend especially repeatedly
B) To show off
C) fake soft penises and testicles designed to give a 'male' bulge to the crotches of female-to-male transsexuals.
D) Irritated, bitter, or resentful

Respond with only the letter of your answer (A, B, C, or D).","B 

The slang usage of ""flex"" (especially in casual/online speech) is to show off or boast, which fits the sentence as Vinny displaying or boasting about a car. The literal dictionary sense (A) and the unrelated niche meanings (C, D) do not apply to this phrasing.",2026-06-12T18:41:03.138011+00:00
62,1,row_061,foid,Insult,grok,D,,D,True,False,"In the following sentence, what does ""foid"" mean?
Their was this group of foids at the store earlier, I couldn't satnd them!

Select only one answer.
A) An expression of disappointment
B) Go in 100% on something
C) Irritated, bitter, or resentful
D) A term used by incels to refer to women in a way that dehumanizes them.

Respond with only the letter of your answer (A, B, C, or D).",D,2026-06-12T18:41:05.369267+00:00
63,1,row_062,Fuckboy,Sexual,grok,B,,B,True,False,"In the following sentence, what does ""Fuckboy"" mean?
That guy gave off total fuckboy energy.

Select only one answer.
A) Someone that tries really hard to impress their crush
B) Fuckboy, someone just looking for sex
C) To be skeptical about something
D) used to mock spoiled kids

Respond with only the letter of your answer (A, B, C, or D).",B,2026-06-12T18:41:07.741362+00:00
64,1,row_063,fuckwhistle,Insult,grok,C,,C,True,False,"In the following sentence, what does ""fuckwhistle"" mean?
Get out of here you fuckwhistle!

Select only one answer.
A) To give sympathy or signify a failure
B) A term for someone that enjoys watching their wife have sex with another man
C) An insulting term to refer to someone as stupid
D) A term used to describe a baby raised in a gender neutral environment

Respond with only the letter of your answer (A, B, C, or D).",C,2026-06-12T18:41:10.613310+00:00
65,1,row_064,Full send,General,grok,B,,B,True,False,"In the following sentence, what does ""Full send"" mean?
I'm about to full send on this test!

Select only one answer.
A) A reaction to something uncomfortable
B) Go in 100% on something
C) An emotional meltdown
D) To get arrested

Respond with only the letter of your answer (A, B, C, or D).",B,2026-06-12T18:41:13.048847+00:00
66,1,row_065,FWB,Sexual,grok,C,,C,True,False,"In the following sentence, what does ""FWB"" mean?
Yea, we started a FWB sort of thing.

Select only one answer.
A) A criminal that turned their life arpound and are legitimate
B) Someone acting aggressively and out of control
C) Friends with benefits
D) Someone who refused to wear a mask in covid times.

Respond with only the letter of your answer (A, B, C, or D).",C,2026-06-12T18:41:16.568733+00:00
67,1,row_066,G-wagon,General,grok,D,,D,True,False,"In the following sentence, what does ""G-wagon"" mean?
Yo, check out that g-wagon!

Select only one answer.
A) To make a jawline more defined
B) Irritated, bitter, or resentful
C) A reaction to something uncomfortable
D) Mercedes Benz G class

Respond with only the letter of your answer (A, B, C, or D).",D,2026-06-12T18:41:18.810854+00:00
68,1,row_067,gabadost,Identity,grok,A,,A,True,False,"In the following sentence, what does ""gabadost"" mean?
Did you even listen to me? Gabadost!

Select only one answer.
A) Someone who is very stubborn
B) A person who is very good at spotting a lie
C) Something low quality or bad
D) A term used to say that someone is online too much and needs to get back to real life

Respond with only the letter of your answer (A, B, C, or D).","A 

The word ""gabadost"" is not a recognized term in English or common slang. In context, the exclamation follows an accusation of failing to listen or heed advice, which aligns most closely with describing stubbornness (option A). The other options lack any contextual support from the given sentence.",2026-06-12T18:41:24.770969+00:00
69,1,row_068,Giga Chad,Identity,grok,C,,C,True,False,"In the following sentence, what does ""Giga Chad"" mean?
Did you see how he lifted that? What a giga chad.

Select only one answer.
A) Something really good
B) A distinct trait, style, or outfit, often used in drag culture
C) A near superhuman perfect male
D) A mauser C96 pistol

Respond with only the letter of your answer (A, B, C, or D).",C,2026-06-12T18:41:27.224451+00:00
70,1,row_069,Glazing,Insult,grok,B,A,B,True,False,"In the following sentence, what does ""Glazing"" mean?
Stop glazing over One Piece, its not that good.

Select only one answer.
A) the action, process, or trade of fitting windows with glass
B) Someone that is too much of a fan of something
C) A term to support someone going through a gender change.
D) A fashionable look

Respond with only the letter of your answer (A, B, C, or D).",B,2026-06-12T18:41:32.524287+00:00
71,1,row_070,Glee,Violence,grok,A,C,C,False,True,"In the following sentence, what does ""Glee"" mean?
Grab your glee and get outta here!

Select only one answer.
A) A glock pistol
B) intensely and openely say something true
C) exultant high-spirited joy : merriment
D) Cool

Respond with only the letter of your answer (A, B, C, or D).",C,2026-06-12T18:41:38.712779+00:00
72,1,row_071,glitter,Identity,grok,D,A,A,False,True,"In the following sentence, what does ""glitter"" mean?
Go out htere and glittter!

Select only one answer.
A) to shine by reflection with many small flashes of brilliant light : sparkle
B) drunk
C) Ironically used to describe one as unique
D) A term to support someone going through a gender change.

Respond with only the letter of your answer (A, B, C, or D).","A


The sentence ""Go out there and glitter!"" is an exhortation to perform brilliantly or visibly, directly matching the dictionary definition in option A (""to shine...sparkle""). The remaining choices introduce unrelated slang or figurative senses that have no established connection to the wording or context of the imperative.",2026-06-12T18:41:43.853568+00:00
73,1,row_072,glizzy,General,grok,A,,A,True,False,"In the following sentence, what does ""glizzy"" mean?
Hey, lets grab some costco glizzys before we go.

Select only one answer.
A) A hot dog
B) Delusional
C) Charisma
D) To be high or drunk

Respond with only the letter of your answer (A, B, C, or D).",A,2026-06-12T18:41:46.541159+00:00
74,1,row_073,Goated,General,grok,A,,A,True,False,"In the following sentence, what does ""Goated"" mean?
That play was goated

Select only one answer.
A) The greatest of all time
B) An insulting term to refer to someone as stupid
C) something intense, aggressive, and unfiltered
D) A descriptor for an attractive person

Respond with only the letter of your answer (A, B, C, or D).","A


The slang term ""goated"" is a direct adjectival derivative of the common acronym GOAT (""Greatest Of All Time""). In contemporary usage—especially in gaming, sports, and social-media commentary—the word functions as a synonym for ""legendary,"" ""elite,"" or simply ""the best.""  

""That play was goated"" is therefore equivalent to saying the play was the greatest of all time (option A).  

- Option B reflects the unrelated, older sense of ""goat"" as scapegoat or failure.  
- Option C approximates the meaning of ""goated"" in a different slang register (sometimes conflated with ""goated"" on social media), but does not match the GOAT-derived sense required here.  
- Option D has no attested connection to the term.  

Hence only A is consistent with the established etymology and current usage.",2026-06-12T18:41:50.981999+00:00
75,1,row_074,Gooning,Sexual,grok,B,,B,True,False,"In the following sentence, what does ""Gooning"" mean?
He looks like he was gooning all break

Select only one answer.
A) A term for baby that people will call their significant other.
B) Prolonged masturbation
C) To be high or drunk
D) To tie up an arm to isolate a vein for injecting a drug

Respond with only the letter of your answer (A, B, C, or D).","B 

The term ""gooning"" (or ""goon"") is internet/pornography slang for the act of extended, trance-like masturbation (often involving edging). The sentence context (""looks like he was gooning all break"") matches the exhausted or zoned-out appearance stereotypically associated with that activity. Options A, C, and D correspond to unrelated or only loosely similar slang (""gooned"" for intoxication, ""goon"" as a term of endearment, or ""tying off"" for injection).",2026-06-12T18:41:55.071836+00:00
76,1,row_075,goonmaxxing,Identity,grok,D,,D,True,False,"In the following sentence, what does ""goonmaxxing"" mean?
He's been spending all summer goonmaxxing in his room

Select only one answer.
A) Age Sex Location
B) Gossip
C) Charisma
D) To mastrubate for extremeely long period regularly

Respond with only the letter of your answer (A, B, C, or D).","D


The term ""goonmaxxing"" is a portmanteau of ""gooning"" (prolonged, trance-like masturbation, often involving edging) + the ""-maxxing"" suffix common in online subcultures to denote extreme maximization of an activity. The sentence context (""spending all summer … in his room"") aligns directly with this meaning and eliminates the unrelated distractors A–C.",2026-06-12T18:41:58.059003+00:00
77,1,row_076,gouda,General,grok,D,A,A,False,True,"In the following sentence, what does ""gouda"" mean?
Stop being so gouda.

Select only one answer.
A) a mild cheese of Dutch origin that is similar to Edam but contains more fat
B) Irritated, bitter, or resentful
C) A reference for ass
D) Someone unappealing

Respond with only the letter of your answer (A, B, C, or D).","A 

The word ""gouda"" is a proper noun denoting a specific Dutch cheese; the sentence employs it as a phonetic pun on ""good"" (""so gou-da""). No established slang sense matches options B–D, so the sole correct denotation among the choices remains the cheese itself.",2026-06-12T18:42:05.662899+00:00
78,1,row_077,greazy,Insult,grok,C,,C,True,False,"In the following sentence, what does ""greazy"" mean?
You lookin greazy today.

Select only one answer.
A) cocaine
B) A loud and messy conflict
C) Poorly dressed
D) To give sympathy or signify a failure

Respond with only the letter of your answer (A, B, C, or D).","C 

The term ""greazy"" is a phonetic spelling of the slang adjective ""greasy,"" which in informal or AAVE usage describes an unkempt, sloppy, or dirty appearance. Applied to the sentence ""You lookin greazy today,"" the only option that matches this sense is C. The remaining choices (drug reference, altercation, or condolence) have no attested connection to the word or the syntactic context.",2026-06-12T18:42:09.757609+00:00
79,1,row_078,Griddy,General,grok,C,,C,True,False,"In the following sentence, what does ""Griddy"" mean?
Hit the griddy!

Select only one answer.
A) The positive or relaxing energy of a place
B) Ending the discussion on a topic
C) A dance move
D) The abandonment of responsibilities

Respond with only the letter of your answer (A, B, C, or D).",C,2026-06-12T18:42:11.462060+00:00
80,1,row_079,grips up,Violence,grok,D,,D,True,False,"In the following sentence, what does ""grips up"" mean?
grips up, we gotta head out.

Select only one answer.
A) A kilo of cocaine
B) a bad charisma
C) Cool
D) To prepare for a fight

Respond with only the letter of your answer (A, B, C, or D).","D 

The phrase ""grips up"" is street/urban slang (commonly heard in drill or rap contexts) in which ""grip"" is a metonym for a firearm. The imperative therefore means to ready or retrieve weapons, i.e., to prepare for possible violence. Among the supplied choices only D matches this sense; the remaining options have no attested connection to the expression.",2026-06-12T18:42:16.148872+00:00
81,1,row_080,Gyatt,General,grok,A,,A,True,False,"In the following sentence, what does ""Gyatt"" mean?
Oh, my gyatt, I really wanna see you.

Select only one answer.
A) an expression of surprise
B) To mastrubate for extremeely long period regularly
C) Used to address friends with exasperation, releif, or disbeleif.
D) To refer to ones imaginary audience like an internet steamer

Respond with only the letter of your answer (A, B, C, or D).","A 

The slang term ""gyatt"" (or ""gyat"") is an abbreviated exclamation derived from ""goddamn,"" typically expressing surprise or emphasis (often in reaction to an attractive figure). In the given sentence it functions exactly like ""oh my god,"" aligning directly with option A and ruling out the unrelated or fabricated definitions in B–D.",2026-06-12T18:42:20.754100+00:00
82,1,row_081,haps,General,grok,A,,A,True,False,"In the following sentence, what does ""haps"" mean?
haps tonight?

Select only one answer.
A) Short for happening
B) To tie up an arm to isolate a vein for injecting a drug
C) An expression of disappointment
D) A criminal that turned their life arpound and are legitimate

Respond with only the letter of your answer (A, B, C, or D).","A


The phrase ""haps tonight?"" is an informal query about events or plans. ""Haps"" is a standard colloquial shortening of ""happenings,"" exactly matching option A and attested in everyday spoken English (""what's the haps?"").  

Options B–D have no lexical or contextual connection to the word: B describes a drug-preparation technique usually termed ""tie-off,"" C would require an interjection such as ""darn,"" and D refers to a reformed offender (normally ""straightened out""). Thus only A is semantically and pragmatically appropriate.",2026-06-12T18:42:24.106637+00:00
83,1,row_082,hem up,General,grok,C,,C,True,False,"In the following sentence, what does ""hem up"" mean?
Bro, don't hem up.

Select only one answer.
A) A near superhuman perfect male
B) The anus
C) To get arrested
D) Someone who refused to wear a mask in covid times.

Respond with only the letter of your answer (A, B, C, or D).",C,2026-06-12T18:42:28.973719+00:00
84,1,row_083,highkey,General,grok,D,A,D,True,False,"In the following sentence, what does ""highkey"" mean?
Highkey, this place is great!

Select only one answer.
A) having or producing light tones only with little contrast —used of a photographic print or subject or of the lighting of a photographic subject
B) Men that lack masculine characteristics
C) to aggrivate
D) intensely and openely say something true

Respond with only the letter of your answer (A, B, C, or D).","D 

The slang term ""highkey"" (or ""high-key"") is the antonym of ""lowkey."" In the given sentence, it functions as an adverbial intensifier to indicate that the speaker is openly and emphatically stating something they believe to be true. This usage aligns directly with option D and rules out the unrelated literal, photographic sense in A as well as the irrelevant definitions in B and C.",2026-06-12T18:42:32.252669+00:00
85,1,row_084,Hits different,General,grok,D,,D,True,False,"In the following sentence, what does ""Hits different"" mean?
This hot dog hits different.

Select only one answer.
A) Used to address friends with exasperation, releif, or disbeleif.
B) The videos one find on social media that cause people to scroll and do nothign for hours
C) Something suspicious
D) Something very good

Respond with only the letter of your answer (A, B, C, or D).",D,2026-06-12T18:42:34.871560+00:00
86,1,row_085,Ick,Insult,grok,A,,A,True,False,"In the following sentence, what does ""Ick"" mean?
His hairdue gave me the ick.

Select only one answer.
A) A sudden feeling of disguest or repultion towards someone.
B) Someone weak or a follower
C) To check the mood of a situation
D) Something ugly or unattractive

Respond with only the letter of your answer (A, B, C, or D).",A,2026-06-12T18:42:38.314351+00:00
87,1,row_086,IJBOL,General,grok,C,,C,True,False,"In the following sentence, what does ""IJBOL"" mean?
That was aso funny. IJBOL!

Select only one answer.
A) To be fierce and unapologetic withing a social situation
B) Someone who deliberatly acts in ways to annoy or anger a group of people online.
C) I just burst out laughing
D) A canister of nitrous oxide

Respond with only the letter of your answer (A, B, C, or D).",C,2026-06-12T18:42:41.215433+00:00
88,1,row_087,Ipad Kid,General,grok,C,,C,True,False,"In the following sentence, what does ""Ipad Kid"" mean?
They are just a bunch of Ipad kids.

Select only one answer.
A) An insult saying that the problem is due to lack of skill rather then luck
B) To manipulated, trick, or fool someone
C) used to mock spoiled kids
D) A man that takes care of children

Respond with only the letter of your answer (A, B, C, or D).","C


The term ""iPad kid"" is internet slang for children (typically Gen Alpha) who are stereotyped as being constantly glued to tablets/iPads for entertainment, often because parents use the devices as digital babysitters. This behavior is widely mocked online as a symptom of overindulgence or poor parenting, which directly matches option C. Options A, B, and D have no connection to the phrase’s established usage.",2026-06-12T18:42:44.302053+00:00
89,1,row_088,Jebaited,General,grok,C,,C,True,False,"In the following sentence, what does ""Jebaited"" mean?
Get jebaited!

Select only one answer.
A) Short for happening
B) Something very good
C) To manipulated, trick, or fool someone
D) Something done regularly

Respond with only the letter of your answer (A, B, C, or D).",C,2026-06-12T18:42:47.524532+00:00
90,1,row_089,jestermaxxing,Identity,grok,A,,A,True,False,"In the following sentence, what does ""jestermaxxing"" mean?
Tommy's jestermaxxing in class just to annoy the teacher.

Select only one answer.
A) Someone who acts tries to act entertaining and amuzingly relentlessly
B) To metaphorically die of laughter
C) Ending the discussion on a topic
D) Used to address friends with exasperation, releif, or disbeleif.

Respond with only the letter of your answer (A, B, C, or D).",A,2026-06-12T18:42:50.809003+00:00
91,1,row_090,Jit,Insult,grok,A,,A,True,False,"In the following sentence, what does ""Jit"" mean?
Who is this jit?

Select only one answer.
A) Someone younger
B) To keep secretive or obscure
C) Charisma
D) sex

Respond with only the letter of your answer (A, B, C, or D).",A,2026-06-12T18:42:53.371309+00:00
92,1,row_091,K.Y. cowboy,Insult,grok,D,,D,True,False,"In the following sentence, what does ""K.Y. cowboy"" mean?
Stop being such a K.Y. cowboy.

Select only one answer.
A) To stab or shoot
B) To refer to ones imaginary audience like an internet steamer
C) An older person who is out of touch
D) A homosexual cowboy

Respond with only the letter of your answer (A, B, C, or D).","D

The phrase ""K.Y. cowboy"" is a derogatory slang insult that plays on ""KY"" as shorthand for the personal lubricant brand KY Jelly (commonly associated with anal sex) combined with ""cowboy"" (implying the act of riding). This produces a crude reference to a gay man, making option D the only reading that fits the sentence as an insult. The other choices have no lexical, phonetic, or cultural connection to the phrase.",2026-06-12T18:42:57.383595+00:00
93,1,row_092,keep it 100,General,grok,D,,D,True,False,"In the following sentence, what does ""keep it 100"" mean?
Keep it 100, dod you see her last night?

Select only one answer.
A) Get to the point
B) Saying something secretive or to keep low profile
C) An endeering term used towards ones significant other
D) To be honest about something

Respond with only the letter of your answer (A, B, C, or D).","D


The phrase ""keep it 100"" is common slang derived from ""keep it 100 percent,"" which means to be completely honest or truthful. In the given sentence, it functions as a preface urging straightforwardness (""Be honest—did you see her last night?""), matching option D exactly. The other choices correspond to unrelated idioms (e.g., ""cut to the chase,"" ""keep it on the down-low"").",2026-06-12T18:43:01.249567+00:00
94,1,row_093,KHHV,Insult,grok,D,,D,True,False,"In the following sentence, what does ""KHHV"" mean?
Looks like a total KHHV.

Select only one answer.
A) to recoil in distaste
B) An older person who is out of touch
C) Somehting that is poor quality
D) An incel term meaning kissless, hugless, handholdless virgin

Respond with only the letter of your answer (A, B, C, or D).",D,2026-06-12T18:43:03.193927+00:00
95,1,row_094,knot off,Drugs,grok,D,,D,True,False,"In the following sentence, what does ""knot off"" mean?
Get ready to knot off, I have the H.

Select only one answer.
A) Someone who is very stubborn
B) Used to mock someone who doesnt think for themselves, says things repeatedly, or has no opinions
C) An incel term for an attractive middle eastern man
D) To tie up an arm to isolate a vein for injecting a drug

Respond with only the letter of your answer (A, B, C, or D).",D,2026-06-12T18:43:05.720970+00:00
96,1,row_095,kweff,Violence,grok,A,,A,True,False,"In the following sentence, what does ""kweff"" mean?
Lock, aim, and kweff.

Select only one answer.
A) To stab or shoot
B) Money
C) A stereotypical alpha male that is strong, handsome, and attracts women.
D) A term to support someone going through a gender change.

Respond with only the letter of your answer (A, B, C, or D).","A 

The phrase ""Lock, aim, and kweff"" is a clear syntactic and semantic parallel to the conventional imperative ""ready/lock, aim, fire,"" where the final verb denotes discharging a firearm. Among the given choices, only option A supplies a meaning (""to shoot"") that preserves this parallelism; the remaining options are semantically unrelated to the collocation. The slight broadening to ""stab or shoot"" does not alter the fit, because the core action is still a violent discharge of a weapon. No external slang corpus is required; the inference follows directly from the sentence-internal evidence.",2026-06-12T18:43:10.524482+00:00
97,1,row_096,L,General,grok,D,A,D,True,False,"In the following sentence, what does ""L"" mean?
We took the L at the basketball match.

Select only one answer.
A) the 12th letter of the English alphabet
B) Something that is reallly good.
C) fake soft penises and testicles designed to give a 'male' bulge to the crotches of female-to-male transsexuals.
D) A loss or failure

Respond with only the letter of your answer (A, B, C, or D).","D


The phrase ""took the L"" is common slang (especially in sports contexts) where ""L"" stands for ""loss."" The sentence therefore means the team suffered a defeat. Options A–C have no plausible connection to the given usage.",2026-06-12T18:43:13.739711+00:00
98,1,row_097,lacag,General,grok,B,,B,True,False,"In the following sentence, what does ""lacag"" mean?
I'll be out making lacag.

Select only one answer.
A) Epileptic fit from a synthetic canabis
B) Money
C) fake soft penises and testicles designed to give a 'male' bulge to the crotches of female-to-male transsexuals.
D) Mercedes Benz G class

Respond with only the letter of your answer (A, B, C, or D).",B,2026-06-12T18:43:15.961015+00:00
99,1,row_098,larp,General,grok,B,,B,True,False,"In the following sentence, what does ""larp"" mean?
I went to a LARP at the park this weekend.

Select only one answer.
A) Down to fuck
B) a live-action role-playing game in which a group of people enacts a fictional scenario (such as a fantasy adventure) in real time typically under the guidance of a facilitator or organizer; also : the activity of participating in such games : larping
C) A submissive male that is often outside of traditional social hierarchies
D) Gossip

Respond with only the letter of your answer (A, B, C, or D).","B


The acronym LARP is the standard abbreviation for live-action role-playing, a hobby in which participants physically enact characters and scenarios (commonly fantasy or historical) in a real-world setting such as a park. The supplied sentence matches this usage exactly, and option B is the only definition that corresponds to the established meaning. The remaining choices describe unrelated slang or concepts that have no connection to the term.",2026-06-12T18:43:18.028908+00:00
100,1,row_099,lewk,General,grok,A,,A,True,False,"In the following sentence, what does ""lewk"" mean?
Jim is using his signature lewk tonight.

Select only one answer.
A) A distinct trait, style, or outfit, often used in drag culture
B) A term for baby that people will call their significant other.
C) drunk
D) a live-action role-playing game in which a group of people enacts a fictional scenario (such as a fantasy adventure) in real time typically under the guidance of a facilitator or organizer; also : the activity of participating in such games : larping

Respond with only the letter of your answer (A, B, C, or D).","A 

The term ""lewk"" is a stylized respelling of ""look,"" popularized in fashion, social media, and drag culture to denote a distinctive or signature style, outfit, or aesthetic. This directly aligns with option A and rules out the unrelated meanings in B–D (none of which phonetically or semantically match the word).",2026-06-12T18:43:20.941507+00:00
101,1,row_100,lidge,General,grok,C,,C,True,False,"In the following sentence, what does ""lidge"" mean?
I'm gettin money lidge.

Select only one answer.
A) A submissive male that is often outside of traditional social hierarchies
B) A loss or failure
C) A criminal that turned their life arpound and are legitimate
D) Ironically used to describe one as unique

Respond with only the letter of your answer (A, B, C, or D).","C 

The phrase ""I'm gettin money lidge"" is best parsed as an informal rendering of ""I'm getting money legit/legitimately."" In this context ""lidge"" functions as a clipped form of ""legitimate,"" often used by speakers who have moved from illicit activity to lawful income. That reading aligns directly with option C; the remaining choices have no semantic or sociolinguistic connection to the sentence.",2026-06-12T18:43:24.875274+00:00
102,1,row_101,lifemaxxing,Identity,grok,C,,C,True,False,"In the following sentence, what does ""lifemaxxing"" mean?
Shes's reallly been trying to lifemax these past few months.

Select only one answer.
A) A significant other
B) Epileptic fit from a synthetic canabis
C) To make lifestyle changes to make your life more holistic
D) To do somethign very well

Respond with only the letter of your answer (A, B, C, or D).","C 

The term ""lifemaxxing"" is derived from online slang patterns like ""looksmaxxing"" (maximizing physical appearance). It refers to deliberate, broad efforts to optimize one's overall existence through positive changes across multiple life domains (health, habits, mindset, etc.). Among the given choices, only option C captures this sense of intentional, holistic self-improvement; the others are unrelated or too generic.",2026-06-12T18:43:28.332267+00:00
103,1,row_102,looksmaxxing,Identity,grok,A,,A,True,False,"In the following sentence, what does ""looksmaxxing"" mean?
The looksmaxxing community

Select only one answer.
A) To focus on making one as physically attractive as possible
B) A loss or failure
C) Something untrue or unbeleivable
D) A term used to describe a baby raised in a gender neutral environment

Respond with only the letter of your answer (A, B, C, or D).",A,2026-06-12T18:43:30.324639+00:00
104,1,row_103,lotion,General,grok,C,A,A,False,True,"In the following sentence, what does ""lotion"" mean?
Lemme go lotion her up for you.

Select only one answer.
A) a liquid preparation for cosmetic or external medicinal use
B) To get arrested
C) sweet talk
D) cocaine

Respond with only the letter of your answer (A, B, C, or D).",A,2026-06-12T18:43:34.287215+00:00
105,1,row_104,Low Key,General,grok,B,D,B,True,False,"In the following sentence, what does ""Low Key"" mean?
Low key, I want some ice cream.

Select only one answer.
A) Epileptic fit from a synthetic canabis
B) Saying something secretive or to keep low profile
C) Mercedes Benz G class
D) having or producing dark tones only with little contrast

Respond with only the letter of your answer (A, B, C, or D).","B


The phrase ""low key"" (often stylized as one word, ""lowkey"") functions here as a discourse marker or adverbial hedge in contemporary informal English, particularly in digital and youth slang. It signals that the speaker wishes to downplay the intensity, secrecy, or social visibility of the statement that follows. In the given sentence, it therefore conveys a mild or private desire (“I want some ice cream, but I’m not making a big deal of it”).  

Option B is the only choice that captures this pragmatic meaning. The remaining options refer either to unrelated slang (“low-key” as a drug-induced seizure), an automotive nickname (“G-Wagon”), or a literal photographic lighting technique; none of these senses is compatible with the syntactic and pragmatic context of the example sentence.",2026-06-12T18:43:38.481483+00:00
106,1,row_105,main character,General,grok,C,,C,True,False,"In the following sentence, what does ""main character"" mean?
You give off main character energy.

Select only one answer.
A) A descriptor for an attractive person
B) To make a jawline more defined
C) Main Character - Someone that acts as if they are the star of a story
D) the playful act of taking a friend's food

Respond with only the letter of your answer (A, B, C, or D).",C,2026-06-12T18:43:40.910682+00:00
107,1,row_106,manny,Insult,grok,B,,B,True,False,"In the following sentence, what does ""manny"" mean?
Look at the guy, he's just a manny.

Select only one answer.
A) Someone unappealing
B) A man that takes care of children
C) A nicotine pouch held between the upper lip and gums
D) Used to refer to the social media platforms one uses

Respond with only the letter of your answer (A, B, C, or D).","B


The term ""manny"" is a portmanteau of ""man"" + ""nanny"" and is the established English word for a male childcare provider. The supplied sentence is consistent with that denotation and inconsistent with the other listed meanings.",2026-06-12T18:43:44.230098+00:00
108,1,row_107,mascara,Sexual,grok,B,A,A,False,True,"In the following sentence, what does ""mascara"" mean?
I lost my mascara for 5 years, but then I found it again, and I love it even more now.

Select only one answer.
A) a cosmetic especially for making the eyelashes darker and more prominent
B) A term to discuss sexual experiences
C) To be honest about something
D) An all denim outfit

Respond with only the letter of your answer (A, B, C, or D).",A,2026-06-12T18:43:47.252787+00:00
109,1,row_108,Mewing,Identity,grok,C,A,C,True,False,"In the following sentence, what does ""Mewing"" mean?
You've gotta start mewing to increase your status in society.

Select only one answer.
A) to utter a mew or similar sound
B) an expression of surprise
C) To make a jawline more defined
D) To shoot ones shot.

Respond with only the letter of your answer (A, B, C, or D).",C,2026-06-12T18:43:49.472254+00:00
110,1,row_109,Mid,General,grok,A,,A,True,False,"In the following sentence, what does ""Mid"" mean?
That was a mid burger.

Select only one answer.
A) Mediocre
B) The vagina
C) An emotional meltdown
D) Something that is better then everything else

Respond with only the letter of your answer (A, B, C, or D).","A


(The term ""mid"" is common internet/Gen-Z slang for something average or unremarkable in quality, directly matching ""mediocre"" here.)",2026-06-12T18:43:52.667576+00:00
111,1,row_110,minghiun,Insult,grok,D,,D,True,False,"In the following sentence, what does ""minghiun"" mean?
Stop being a minghiun.

Select only one answer.
A) Irritated, bitter, or resentful
B) Go in 100% on something
C) Friends with benefits
D) A fool or a prick

Respond with only the letter of your answer (A, B, C, or D).",D,2026-06-12T18:43:55.152042+00:00
112,1,row_111,nang,Drugs,grok,A,,A,True,False,"In the following sentence, what does ""nang"" mean?
Dude, grab the nang, I wanna feel free.

Select only one answer.
A) A canister of nitrous oxide
B) To manipulated, trick, or fool someone
C) To tie up an arm to isolate a vein for injecting a drug
D) To knock someone out

Respond with only the letter of your answer (A, B, C, or D).","A 

The sentence uses ""nang"" as a noun that can be ""grabbed,"" and the follow-up clause ""I wanna feel free"" supplies the pragmatic clue that the speaker is seeking a quick inhalant high. In contemporary drug slang (especially Australian and UK English), ""nang"" is the conventional term for a whipped-cream charger—a small steel canister of nitrous oxide.  

Option B is a verb meaning “to deceive,” which cannot fill the object slot of “grab.”  
Option C describes the action of tying off a limb, again not a graspable object.  
Option D denotes an action or state, not an item that can be retrieved.  

Only A satisfies both the syntactic requirement (countable noun) and the semantic context (inhalant-induced euphoria).",2026-06-12T18:43:57.708402+00:00
113,1,row_112,Negative Aura,Insult,grok,A,,A,True,False,"In the following sentence, what does ""Negative Aura"" mean?
She's giving off negative aura.

Select only one answer.
A) a bad charisma
B) when a reply gets more than the original post
C) Another term that stands for that hoe over there
D) An endeering term used towards ones significant other

Respond with only the letter of your answer (A, B, C, or D).","A 

The phrase ""giving off negative aura"" is informal slang describing someone who projects unpleasant energy, vibes, or presence. Among the choices, only option A captures this meaning; the others are unrelated internet or colloquial terms that have no connection to the word ""aura.""",2026-06-12T18:44:01.747643+00:00
114,1,row_113,Netflix and Chill,Sexual,grok,B,,B,True,False,"In the following sentence, what does ""Netflix and Chill"" mean?
Wanna come back to my place and Netflix and Chill?

Select only one answer.
A) The vagina
B) A term for bringing someone over to watch some netflix and then have sex.
C) To knock someone out
D) A significant problem

Respond with only the letter of your answer (A, B, C, or D).","B


The phrase ""Netflix and Chill"" originated as casual slang on social media around 2014 and quickly evolved into a widely recognized euphemism. In the given sentence, the speaker is using the expression as an invitation to come over under the pretext of watching Netflix, with the implicit (and often primary) intention of engaging in sexual activity. This meaning is confirmed by its consistent usage across pop culture, dating apps, and online discourse, where the “chill” component signals the sexual overtone rather than literal relaxation. Options A, C, and D have no established connection to the phrase in any vernacular or idiomatic context.",2026-06-12T18:44:04.762798+00:00
115,1,row_114,next-level,General,grok,A,,A,True,False,"In the following sentence, what does ""next-level"" mean?
That movie was next level!

Select only one answer.
A) Something that is better then everything else
B) Something suspicious
C) Someone who refused to wear a mask in covid times.
D) A distinct trait, style, or outfit, often used in drag culture

Respond with only the letter of your answer (A, B, C, or D).","A


The phrase ""next-level"" is an informal intensifier indicating that something exceeds ordinary quality or expectations (i.e., is markedly superior). In the given sentence the movie is being praised, so option A is the only reading that matches conventional usage. The other choices describe unrelated or niche senses that do not apply to this context.",2026-06-12T18:44:06.881517+00:00
116,1,row_115,NPC,Insult,grok,D,A,D,True,False,"In the following sentence, what does ""NPC"" mean?
Stop being such an NPC.

Select only one answer.
A) a character in a video game that does not represent and cannot be manipulated by a player —called also non-player character
B) To focus on making one as physically attractive as possible
C) Main Character - Someone that acts as if they are the star of a story
D) Used to mock someone who doesnt think for themselves, says things repeatedly, or has no opinions

Respond with only the letter of your answer (A, B, C, or D).","D


The slang usage of ""NPC"" in the given sentence is an internet meme (originating around 2018 on imageboards) that likens a person to a video-game non-player character: someone who appears to lack independent thought, simply repeats scripted opinions, or behaves predictably. This directly matches option D and is distinct from the literal gaming definition in A, the unrelated “looksmaxxing” sense in B, or the “main-character” sense in C. The imperative phrasing “Stop being such an NPC” is a common way this pejorative is deployed online.",2026-06-12T18:44:10.816277+00:00
117,1,row_116,Omega,Identity,grok,B,C,B,True,False,"In the following sentence, what does ""Omega"" mean?
Those were some real omega moves right there.

Select only one answer.
A) Someone who is very stubborn
B) A submissive male that is often outside of traditional social hierarchies
C) the 24th and last letter of the Greek alphabet
D) fake soft penises and testicles designed to give a 'male' bulge to the crotches of female-to-male transsexuals.

Respond with only the letter of your answer (A, B, C, or D).","B

The sentence uses ""omega"" in a slang sense drawn from online subcultures that extend the Greek-letter hierarchy (alpha/beta) to include ""omega."" In this usage an omega denotes a low-status, submissive male outside conventional dominance structures; calling actions ""omega moves"" therefore labels them as weak or socially inept. Option C is the literal dictionary meaning of the word but does not fit the idiomatic context. Options A and D have no established connection to the phrase. Hence only B supplies the intended meaning.",2026-06-12T18:44:14.749101+00:00
118,1,row_117,on the regs,General,grok,B,,B,True,False,"In the following sentence, what does ""on the regs"" mean?
I stop by the coffee shop on the regs.

Select only one answer.
A) To keep secretive or obscure
B) Something done regularly
C) To express excitement or approval for something
D) Delusional

Respond with only the letter of your answer (A, B, C, or D).",B,2026-06-12T18:44:16.778419+00:00
119,1,row_118,oof,General,grok,A,,A,True,False,"In the following sentence, what does ""oof"" mean?
Oof, that was rough.

Select only one answer.
A) A reaction to something uncomfortable
B) An unpopular opinion
C) A term of endearment for a significant other
D) To show off

Respond with only the letter of your answer (A, B, C, or D).",A,2026-06-12T18:44:19.354013+00:00
120,1,row_119,ooga-booga,Sexual,grok,D,,D,True,False,"In the following sentence, what does ""ooga-booga"" mean?
Me want ooga-booga!

Select only one answer.
A) A term to support someone going through a gender change.
B) A knife
C) An expression of disappointment
D) The vagina

Respond with only the letter of your answer (A, B, C, or D).",D,2026-06-12T18:44:27.527906+00:00
121,1,row_120,Orange Crush,Drugs,grok,C,,C,True,False,"In the following sentence, what does ""Orange Crush"" mean?
ets grab some of that orange crush tonight!

Select only one answer.
A) An incel term meaning kissless, hugless, handholdless virgin
B) fake soft penises and testicles designed to give a 'male' bulge to the crotches of female-to-male transsexuals.
C) A type of marijuana
D) Someone who is the last person to leave a location and the first to come back in the morning

Respond with only the letter of your answer (A, B, C, or D).","C 

The sentence fragment (""lets grab some of that orange crush tonight"") is a request to obtain a consumable item for recreational use. Among the four supplied choices, only option C is consistent with that usage: ""Orange Crush"" is the name of a documented cannabis cultivar (a hybrid whose buds are noted for a citrus aroma).  

Options A, B, and D have no lexical or cultural connection to the phrase ""orange crush,"" so they can be eliminated on semantic grounds. The remaining interpretation therefore selects C.",2026-06-12T18:44:31.414348+00:00
122,1,row_121,OTP,General,grok,B,,B,True,False,"In the following sentence, what does ""OTP"" mean?
Him and her are the OTP.

Select only one answer.
A) The abandonment of responsibilities
B) One True Pairing
C) Methodone
D) drunk

Respond with only the letter of your answer (A, B, C, or D).","B


The term OTP is a common internet/fandom abbreviation for ""One True Pairing,"" used to designate a favorite (often romantic) couple. The provided sentence matches this usage exactly, whereas the other options have no established connection to the acronym.",2026-06-12T18:44:33.949483+00:00
123,1,row_122,packers,Insult,grok,B,C,B,True,False,"In the following sentence, what does ""packers"" mean?
Thats just a group of packers over there, don't waste your time.

Select only one answer.
A) An all denim outfit
B) fake soft penises and testicles designed to give a 'male' bulge to the crotches of female-to-male transsexuals.
C) one that packs
D) crazy or erratic

Respond with only the letter of your answer (A, B, C, or D).","B

The sentence uses dismissive slang (""group of packers … don't waste your time""), which aligns with the specialized LGBT usage in option B. ""Packer"" is the standard term for the prosthetic device itself; by extension the word is sometimes applied to individuals who wear one. None of the remaining choices produce a coherent reading of the quoted sentence.",2026-06-12T18:44:43.570629+00:00
124,1,row_123,passa passa,General,grok,B,,B,True,False,"In the following sentence, what does ""passa passa"" mean?
I don't want any passa passa now.

Select only one answer.
A) someone that looks ordinary but is actually very strong
B) A loud and messy conflict
C) A mauser C96 pistol
D) crazy or erratic

Respond with only the letter of your answer (A, B, C, or D).","B

The phrase ""passa passa"" is Jamaican Patois slang for public drama, confusion, or a rowdy quarrel. In the given sentence the speaker is rejecting any such disturbance, which aligns directly with option B and rules out the unrelated meanings in A, C, and D.",2026-06-12T18:44:47.952155+00:00
125,1,row_124,passport bro,Sexual,grok,C,,C,True,False,"In the following sentence, what does ""passport bro"" mean?
A bunch of passport bro's just checked into the hotel.

Select only one answer.
A) something intense, aggressive, and unfiltered
B) Fuckboy, someone just looking for sex
C) Someone that travels abroad with the sole purpose of having sex
D) Go in 100% on something

Respond with only the letter of your answer (A, B, C, or D).","C

The term ""passport bro"" (or ""passport bros"") refers to men—typically from Western countries—who travel internationally, often to parts of Asia, Latin America, or Eastern Europe, specifically to pursue romantic or sexual relationships. The ""passport"" element highlights the deliberate use of international travel for this purpose, distinguishing it from generic terms for casual sex seekers.  

Option C directly captures this travel-driven intent. Option B omits the travel component entirely, while A and D describe unrelated slang concepts. Although real-world usage sometimes includes relationship-seeking rather than purely sexual motives, C remains the closest match among the given choices.",2026-06-12T18:44:52.729179+00:00
126,1,row_125,Period,General,grok,B,A,B,True,False,"In the following sentence, what does ""Period"" mean?
She is the best, period.

Select only one answer.
A) the completion of a cycle, a series of events, or a single action : conclusion
B) Ending the discussion on a topic
C) A term of endearment for a significant other
D) An insult commonly used in sports

Respond with only the letter of your answer (A, B, C, or D).",B,2026-06-12T18:44:55.108240+00:00
127,1,row_126,plegic,Drugs,grok,C,,C,True,False,"In the following sentence, what does ""plegic"" mean?
That guy stumbled out very plegic.

Select only one answer.
A) Someone that tries really hard to impress their crush
B) intensely and openely say something true
C) drunk
D) A fashionable look

Respond with only the letter of your answer (A, B, C, or D).","C


The sentence describes someone ""stumbling out,"" an action most consistent with impaired coordination from intoxication. Among the given choices, only option C supplies a meaning that aligns with that physical behavior; the remaining options describe unrelated social, verbal, or stylistic concepts that have no connection to stumbling. Although ""plegic"" is not standard English, it evokes medical terms such as hemiplegic or paraplegic (impaired locomotion), reinforcing the drunken-unsteadiness reading.",2026-06-12T18:44:59.795065+00:00
128,1,row_127,poggers,General,grok,A,,A,True,False,"In the following sentence, what does ""poggers"" mean?
Thats a poggers painting.

Select only one answer.
A) To express excitement or approval for something
B) A loss or failure
C) Something done regularly
D) To tie up an arm to isolate a vein for injecting a drug

Respond with only the letter of your answer (A, B, C, or D).",A,2026-06-12T18:45:02.347996+00:00
129,1,row_128,Pookie,Sexual,grok,D,,D,True,False,"In the following sentence, what does ""Pookie"" mean?
My pookie loves a smash burger.

Select only one answer.
A) A near superhuman perfect male
B) The anus
C) A kilo of cocaine
D) A term of endearment for a significant other

Respond with only the letter of your answer (A, B, C, or D).",D,2026-06-12T18:45:04.255081+00:00
130,1,row_129,Pop off,General,grok,A,B,A,True,False,"In the following sentence, what does ""Pop off"" mean?
I'm about to pop off!

Select only one answer.
A) To do something impressive
B) to die unexpectedly
C) A loud and messy conflict
D) Activities that involve cultivating ones Aura

Respond with only the letter of your answer (A, B, C, or D).","A


The phrase ""pop off"" in modern informal English (particularly Gen-Z/online slang) is commonly used to mean performing exceptionally well or doing something impressive, as in the excited declaration ""I'm about to pop off!"" This matches option A directly. Option B reflects an older, now-rare sense of sudden death that does not fit the enthusiastic tone. Option C corresponds to a different slang use (""pop off"" = start an argument) that is not the primary reading here. Option D has no established connection to the phrase.",2026-06-12T18:45:09.069079+00:00
131,1,row_130,Posh and Becks,Sexual,grok,D,,D,True,False,"In the following sentence, what does ""Posh and Becks"" mean?
Lets go back to my place and have the posh and becks.

Select only one answer.
A) Ironically used to describe one as unique
B) Delusional
C) An unpopular opinion
D) sex

Respond with only the letter of your answer (A, B, C, or D).","D

The phrase ""Posh and Becks"" is an instance of Cockney rhyming slang in which the names of the celebrity couple (Victoria ""Posh"" Beckham and David Beckham) stand in for the word ""sex"" because ""Becks"" rhymes with ""sex."" The surrounding sentence (""Lets go back to my place and have the posh and becks"") is therefore a colloquial invitation to engage in sexual activity, confirming option D. The remaining choices have no connection to the established meaning or usage of the expression.",2026-06-12T18:45:12.201630+00:00
132,1,row_131,prepper,Insult,grok,B,,B,True,False,"In the following sentence, what does ""prepper"" mean?
We have a prepper down the block. They are kindof crazy, but its nice to know where to go.

Select only one answer.
A) A distinct trait, style, or outfit, often used in drag culture
B) Someone who prepares for doomsday scenarios
C) a bad charisma
D) Go in 100% on something

Respond with only the letter of your answer (A, B, C, or D).",B,2026-06-12T18:45:14.689422+00:00
133,1,row_132,Prison pocket,General,grok,A,,A,True,False,"In the following sentence, what does ""Prison pocket"" mean?
Hold it in your prison pocket.

Select only one answer.
A) The anus
B) A knife
C) Someone who is trying to get sexual attention overtly
D) A sudden feeling of disguest or repultion towards someone.

Respond with only the letter of your answer (A, B, C, or D).",A,2026-06-12T18:45:16.728170+00:00
134,1,row_133,Put the fries in the bag,General,grok,D,,D,True,False,"In the following sentence, what does ""Put the fries in the bag"" mean?
You're taking too long. Put the fires in the bag.

Select only one answer.
A) Another term that stands for that hoe over there
B) Money
C) Charisma
D) Get to the point

Respond with only the letter of your answer (A, B, C, or D).",D,2026-06-12T18:45:19.952905+00:00
135,1,row_134,Quirky,Insult,grok,B,C,C,False,True,"In the following sentence, what does ""Quirky"" mean?
I'm so quirky!

Select only one answer.
A) when a reply gets more than the original post
B) Ironically used to describe one as unique
C) having many quirks : unusual in especially an interesting or appealing way
D) to recoil in distaste

Respond with only the letter of your answer (A, B, C, or D).",C,2026-06-12T18:45:24.892114+00:00
136,1,row_135,rago,Insult,grok,B,,B,True,False,"In the following sentence, what does ""rago"" mean?
It was just how rago he was.

Select only one answer.
A) A type of marijuana
B) Someone acting aggressively and out of control
C) the playful act of taking a friend's food
D) A criminal that turned their life arpound and are legitimate

Respond with only the letter of your answer (A, B, C, or D).",B,2026-06-12T18:45:30.438172+00:00
137,1,row_136,rapey,Sexual,grok,D,,D,True,False,"In the following sentence, what does ""rapey"" mean?
That guy at the bar was feeling pretty rapey.

Select only one answer.
A) A term used to say that someone is online too much and needs to get back to real life
B) An expression of disappointment
C) A man that is feminine in nature
D) Describes activities or situations that are sexually aggressive

Respond with only the letter of your answer (A, B, C, or D).",D,2026-06-12T18:45:32.645196+00:00
138,1,row_137,Ratio,General,grok,B,C,B,True,False,"In the following sentence, what does ""Ratio"" mean?
Ratio if you like pizza.

Select only one answer.
A) A stereotypical alpha male that is strong, handsome, and attracts women.
B) when a reply gets more than the original post
C) the indicated quotient of two mathematical expressions
D) An emotional meltdown

Respond with only the letter of your answer (A, B, C, or D).","B


The term ""ratio"" in the given sentence is internet slang (primarily from Twitter/X), where it refers to a reply or quote-tweet receiving more likes/engagement than the original post. This usage is unrelated to the mathematical definition (C), alpha-male stereotypes (A), or emotional reactions (D). The example sentence deploys the term exactly in this social-media sense, as a challenge to ""ratio"" the post if readers agree.",2026-06-12T18:45:34.853111+00:00
139,1,row_138,raw,General,grok,B,C,B,True,False,"In the following sentence, what does ""raw"" mean?
He's been hitting the vape raw lately.

Select only one answer.
A) A near superhuman perfect male
B) something intense, aggressive, and unfiltered
C) not cooked
D) Stylish or flashy outfit style

Respond with only the letter of your answer (A, B, C, or D).",B,2026-06-12T18:45:39.046843+00:00
140,1,row_139,RIP (me),General,grok,D,,D,True,False,"In the following sentence, what does ""RIP (me)"" mean?
I think I just failed that test. RIP me.

Select only one answer.
A) To stab or shoot
B) A dance move
C) A submissive male that is often outside of traditional social hierarchies
D) To express disappointment dramatically

Respond with only the letter of your answer (A, B, C, or D).","D


The phrase ""RIP me"" is internet slang derived from ""Rest In Peace,"" repurposed to hyperbolically signal that a setback (here, failing a test) feels catastrophic. This usage aligns directly with option D and has no connection to the literal, dance, or social-hierarchy meanings in A–C.",2026-06-12T18:45:42.193778+00:00
141,1,row_140,Rizz,General,grok,D,,D,True,False,"In the following sentence, what does ""Rizz"" mean?
The rizz you have today is stunning!

Select only one answer.
A) An insult commonly used in sports
B) To win
C) A term used to describe a baby raised in a gender neutral environment
D) Charisma

Respond with only the letter of your answer (A, B, C, or D).","D


The term ""rizz"" is internet slang (popularized on platforms like TikTok around 2021–2022) that is a shortened form of ""charisma."" It specifically denotes a person's charm, flirtatious appeal, or ability to attract others. The given sentence is consistent with this meaning, as substituting ""charisma"" yields a coherent (if informal) statement. The other choices have no attested connection to the word.",2026-06-12T18:45:45.644098+00:00
142,1,row_141,Salty,Insult,grok,B,C,B,True,False,"In the following sentence, what does ""Salty"" mean?
She's just salty that you have a boyfriend and she doesn't.

Select only one answer.
A) A loud and messy conflict
B) Irritated, bitter, or resentful
C) of, seasoned with, or containing salt
D) To be fierce and unapologetic withing a social situation

Respond with only the letter of your answer (A, B, C, or D).",B,2026-06-12T18:45:47.538976+00:00
143,1,row_142,savage,General,grok,A,C,A,True,False,"In the following sentence, what does ""savage"" mean?
That was a savage comeback you gave.

Select only one answer.
A) To be fierce and unapologetic withing a social situation
B) A charismatic, sexy, and quick witted man
C) not domesticated or under human control : untamed
D) Stylish or flashy outfit style

Respond with only the letter of your answer (A, B, C, or D).",A,2026-06-12T18:45:50.325881+00:00
144,1,row_143,Schizo,Insult,grok,D,,D,True,False,"In the following sentence, what does ""Schizo"" mean?
Brians a total schitzo.

Select only one answer.
A) Mediocre
B) A term of endearment for a significant other
C) An older person who is out of touch
D) crazy or erratic

Respond with only the letter of your answer (A, B, C, or D).","D


(The term is a slang shortening of ""schizophrenic,"" used pejoratively to describe erratic or irrational behavior; none of the other choices fit the sentence or common usage.)",2026-06-12T18:45:52.949656+00:00
145,1,row_144,scuffed,Insult,grok,D,C,D,True,False,"In the following sentence, what does ""scuffed"" mean?
The was a scuffed performance last night.

Select only one answer.
A) To confim that something was completed to expectation
B) An older person who is out of touch
C) to walk without lifting the feet : shuffle
D) Something that is messed up or not right.

Respond with only the letter of your answer (A, B, C, or D).","D


The sentence uses ""scuffed"" as an adjective modifying ""performance,"" which aligns with contemporary slang (common in gaming, streaming, and internet culture) denoting something poorly executed, janky, or substandard. This directly matches option D.

- Option A is semantically opposite and grammatically mismatched.
- Option B describes a person, not an event or performance.
- Option C is the literal verb sense (""to scuff one's feet""), which does not fit the adjectival usage here.

Thus only D is consistent with both the syntactic role and the attested slang meaning.",2026-06-12T18:45:57.465253+00:00
146,1,row_145,Shabba,General,grok,C,,C,True,False,"In the following sentence, what does ""Shabba"" mean?
Shabba on point!

Select only one answer.
A) The abandonment of responsibilities
B) A dance move
C) Fashionable or stylish
D) Something ugly or unattractive

Respond with only the letter of your answer (A, B, C, or D).","C

The phrase ""Shabba on point"" is an allusion to Shabba Ranks (the Jamaican dancehall artist), whose signature look and persona are treated as the archetype of being stylish or well put-together. ""On point"" is standard English slang for ""flawless/excellent,"" so the combination is used to compliment someone’s appearance or fashion sense. This matches option C and rules out the other choices, none of which fit the attested usage.",2026-06-12T18:46:02.116322+00:00
147,1,row_146,Sheesh,General,grok,B,,B,True,False,"In the following sentence, what does ""Sheesh"" mean?
Sheesh! Thats crazy!

Select only one answer.
A) To refer to ones imaginary audience like an internet steamer
B) To express disbelief
C) A dance move
D) Talking too much

Respond with only the letter of your answer (A, B, C, or D).",B,2026-06-12T18:46:04.133220+00:00
148,1,row_147,Side eye,General,grok,A,,A,True,False,"In the following sentence, what does ""Side eye"" mean?
Why are you giving him the side eye?

Select only one answer.
A) To be skeptical about something
B) To be high or drunk
C) A term used by incels to refer to women in a way that dehumanizes them.
D) A mauser C96 pistol

Respond with only the letter of your answer (A, B, C, or D).","A 

The phrase ""side eye"" (or ""giving someone the side-eye"") refers to a sideways glance that conveys doubt, suspicion, or disapproval—i.e., skepticism. This matches option A exactly and rules out the unrelated meanings in B–D.",2026-06-12T18:46:07.242650+00:00
149,1,row_148,Sigma,Identity,grok,B,D,B,True,False,"In the following sentence, what does ""Sigma"" mean?
You are giving off sigma energy right now.

Select only one answer.
A) to recoil in distaste
B) An independent, strong person
C) Someone who is the last person to leave a location and the first to come back in the morning
D) the 18th letter of the Greek alphabet

Respond with only the letter of your answer (A, B, C, or D).","B 

The phrase ""sigma energy"" is internet slang derived from the ""sigma male"" archetype (a self-reliant, lone-wolf counterpart to the alpha/beta male hierarchy). In context it therefore denotes an independent, strong persona rather than the literal Greek letter or any of the other listed senses.",2026-06-12T18:46:10.915522+00:00
150,1,row_149,Simp,Insult,grok,B,A,B,True,False,"In the following sentence, what does ""Simp"" mean?
Stop being a simp over her!

Select only one answer.
A) a foolish or stupid person : simpleton
B) Someone that tries really hard to impress their crush
C) A homosexual cowboy
D) Describes activities or situations that are sexually aggressive

Respond with only the letter of your answer (A, B, C, or D).","B


The term ""simp"" in the given sentence is modern internet slang (short for ""simping""), denoting a person—typically a man—who is excessively attentive, submissive, or eager to please someone they are romantically interested in, often to the point of self-debasement. This usage aligns directly with option B.

Option A reflects an obsolete, etymological sense (""simpleton"") that is unrelated to contemporary slang. Options C and D have no connection to the term's meaning or usage. The sentence context (""over her"") further confirms the romantic/attraction sense captured by B.",2026-06-12T18:46:14.467962+00:00
151,1,row_150,Situationship,Sexual,grok,A,,A,True,False,"In the following sentence, what does ""Situationship"" mean?
Joe ended up in a situationship over the summer.

Select only one answer.
A) A sexual relationship developed from situations without clear future intentions
B) Mercedes Benz G class
C) Very good
D) intensely and openely say something true

Respond with only the letter of your answer (A, B, C, or D).",A,2026-06-12T18:46:16.516344+00:00
152,1,row_151,Skeet,Sexual,grok,B,C,B,True,False,"In the following sentence, what does ""Skeet"" mean?
He skeeted all over the court!

Select only one answer.
A) Something suspicious
B) To shoot ones shot.
C) trapshooting in which clay pigeons are thrown in such a way as to simulate the angles of flight of birds
D) Someone younger

Respond with only the letter of your answer (A, B, C, or D).","B

The sentence uses ""skeet"" as vulgar slang for ejaculation (""shoot""), which B approximates via the shooting metaphor; the other options are unrelated dictionary or slang meanings that do not fit the phrasing or setting.",2026-06-12T18:46:25.510534+00:00
153,1,row_152,Skibidi,General,grok,A,,A,True,False,"In the following sentence, what does ""Skibidi"" mean?
That's so skibidi.

Select only one answer.
A) Nonsensical term
B) To win
C) An incel term meaning kissless, hugless, handholdless virgin
D) The anus

Respond with only the letter of your answer (A, B, C, or D).","A

The term ""skibidi"" originates as a nonsense word from the viral ""Skibidi Toilet"" meme series and the earlier Little Big song. In the given sentence it functions purely as an adjective of absurdity or negativity with no fixed lexical meaning, making option A the only accurate choice. Options B–D have no attested connection to this usage.",2026-06-12T18:46:30.576962+00:00
154,1,row_153,Skill issue,Insult,grok,C,,C,True,False,"In the following sentence, what does ""Skill issue"" mean?
You won't win. Its a skill issue.

Select only one answer.
A) Something very good
B) Someone that is too left leaning politically
C) An insult saying that the problem is due to lack of skill rather then luck
D) Another term that stands for that hoe over there

Respond with only the letter of your answer (A, B, C, or D).",C,2026-06-12T18:46:33.049286+00:00
155,1,row_154,Slaps,General,grok,C,D,C,True,False,"In the following sentence, what does ""Slaps"" mean?
This place slaps!

Select only one answer.
A) A cigarette
B) To prepare for a fight
C) Something that is reallly good.
D) to strike sharply with or as if with the open hand

Respond with only the letter of your answer (A, B, C, or D).","C


The phrase ""This place slaps"" is informal slang (chiefly Gen-Z / internet usage) indicating that the establishment or experience is excellent or highly enjoyable. Among the supplied choices only option C matches this idiomatic sense; the remaining options reflect either literal or unrelated meanings of “slap.”",2026-06-12T18:46:35.574212+00:00
156,1,row_155,Slay,General,grok,B,A,B,True,False,"In the following sentence, what does ""Slay"" mean?
Slay girl!

Select only one answer.
A) to kill violently, wantonly, or in great numbers
B) To do somethign very well
C) A term for baby that people will call their significant other.
D) To focus on making one as physically attractive as possible

Respond with only the letter of your answer (A, B, C, or D).","B


The sentence ""Slay girl!"" employs contemporary slang in which ""slay"" functions as a verb of praise, indicating that the addressee is performing or presenting exceptionally well (typically in appearance, style, or attitude).  

- Option A states the literal, violent sense of the verb and is therefore contextually inapplicable.  
- Option C misidentifies ""slay"" with unrelated terms of endearment.  
- Option D describes a preparatory activity rather than the evaluative meaning conveyed by the exclamation.  

Only B correctly captures the idiomatic sense required by the given sentence.",2026-06-12T18:46:39.980496+00:00
157,1,row_156,sledge,Identity,grok,A,C,D,False,False,"In the following sentence, what does ""sledge"" mean?
What? Are you havin trouble you sledge?

Select only one answer.
A) An insult commonly used in sports
B) To keep secretive or obscure
C) sledgehammer
D) A fool or a prick

Respond with only the letter of your answer (A, B, C, or D).","D

The sentence uses ""sledge"" as a direct noun-form address (""you sledge""), functioning as a personal insult. This matches option D. Option A refers to the verb ""sledging"" (trash-talk in sports), which does not fit the noun usage here. Options B and C have no semantic connection to the sentence.",2026-06-12T18:46:47.047946+00:00
158,1,row_157,sleeper,General,grok,A,C,A,True,False,"In the following sentence, what does ""sleeper"" mean?
That car has got to be a sleeper.

Select only one answer.
A) Something that appears mundane but has hidden potential
B) Irritated, bitter, or resentful
C) one that sleeps
D) An affirmative agreement

Respond with only the letter of your answer (A, B, C, or D).",A,2026-06-12T18:46:49.568599+00:00
159,1,row_158,sleeper build,General,grok,D,,D,True,False,"In the following sentence, what does ""sleeper build"" mean?
Bro's rocking the sleeper build.

Select only one answer.
A) A loss or failure
B) A term to discuss sexual experiences
C) Something that is reallly good.
D) someone that looks ordinary but is actually very strong

Respond with only the letter of your answer (A, B, C, or D).","D


The phrase ""sleeper build"" is internet/fitness slang for a person whose physique appears average or unremarkable when clothed, yet reveals impressive muscularity and strength once the clothing is removed. The word ""sleeper"" draws an analogy to a ""sleeper car""—an outwardly ordinary vehicle with hidden high performance—while ""build"" refers to muscular development. This meaning aligns directly with option D and rules out the other choices, which have no connection to the established usage of the term.",2026-06-12T18:46:54.021039+00:00
160,1,row_159,Snack,Sexual,grok,C,D,C,True,False,"In the following sentence, what does ""Snack"" mean?
That lady over there is a snack.

Select only one answer.
A) A man that takes care of children
B) A glock pistol
C) A descriptor for an attractive person
D) a light meal : food eaten between regular meals; also : food suitable for snacking

Respond with only the letter of your answer (A, B, C, or D).",C,2026-06-12T18:46:56.175549+00:00
161,1,row_160,snaggle,Identity,grok,A,C,B,False,False,"In the following sentence, what does ""snaggle"" mean?
Susanne is such a snaggle.

Select only one answer.
A) An unattractive girl
B) Nonsensical term
C) snag
D) A sudden feeling of disguest or repultion towards someone.

Respond with only the letter of your answer (A, B, C, or D).","B

The term ""snaggle"" has no established definition in standard English (or common slang) that would allow it to function as a noun in the given sentence. It is therefore a nonsensical/undefined term. Options A, C, and D either invent meanings or misapply unrelated words.",2026-06-12T18:47:02.177320+00:00
162,1,row_161,Snatched,General,grok,A,C,A,True,False,"In the following sentence, what does ""Snatched"" mean?
You're looking snatched today.

Select only one answer.
A) A fashionable look
B) Very good
C) to attempt to seize something suddenly
D) Someone that is boring

Respond with only the letter of your answer (A, B, C, or D).","A 

The slang usage of ""snatched"" (originating in drag, beauty, and fashion communities) specifically denotes a flawless, stylish, or ""on point"" appearance. This matches option A directly; the remaining choices are either the unrelated literal definition (C), overly vague (B), or the opposite of the intended meaning (D).",2026-06-12T18:47:05.554571+00:00
163,1,row_162,socials,General,grok,A,C,A,True,False,"In the following sentence, what does ""socials"" mean?
Catch me on the socials!

Select only one answer.
A) Used to refer to the social media platforms one uses
B) Someone younger
C) an informal social event or gathering frequently involving a special activity or area of interest
D) To express disappointment dramatically

Respond with only the letter of your answer (A, B, C, or D).","A 

The phrase ""Catch me on the socials"" is a common modern idiom in which ""socials"" is a clipped, informal plural noun standing for social-media accounts or platforms (Instagram, Twitter/X, TikTok, etc.). The collocation ""catch me on …"" is routinely used with the names of those platforms (""catch me on IG""), so the shortened form is understood the same way.  

- B is unrelated (it might evoke ""young social"" or generational slang but has no currency).  
- C defines the countable noun ""social"" (a party or mixer), which does not fit the preposition ""on.""  
- D is a sense sometimes attached to the interjection ""socials!"" in certain dialects, but again does not match the sentence.  

Hence only A is semantically and pragmatically appropriate.",2026-06-12T18:47:10.012191+00:00
164,1,row_163,socio,Insult,grok,D,,D,True,False,"In the following sentence, what does ""socio"" mean?
The boy is a socio.

Select only one answer.
A) crazy or erratic
B) Down to fuck
C) A strong, leader who commands those around them
D) Sociopath

Respond with only the letter of your answer (A, B, C, or D).","D 

The term ""socio"" is a common shorthand abbreviation for ""sociopath"" (someone with antisocial personality disorder). This matches the sentence structure directly and aligns with option D; the other choices have no linguistic or contextual support.",2026-06-12T18:47:12.999951+00:00
165,1,row_164,Soy,Insult,grok,D,,D,True,False,"In the following sentence, what does ""Soy"" mean?
Stop being so soy.

Select only one answer.
A) A loud and messy conflict
B) Mercedes Benz G class
C) Nonsensical term
D) Weak or effeminate

Respond with only the letter of your answer (A, B, C, or D).","D


The term ""soy"" (or ""soy boy"") originated in online slang communities around 2017 as a pejorative for men viewed as physically or emotionally weak, overly sensitive, or lacking traditional masculinity. It draws on the stereotype that soy products contain phytoestrogens that supposedly reduce testosterone and promote effeminate traits. In the sentence ""Stop being so soy,"" the word functions as an adjective carrying exactly this derogatory sense of weakness or effeminacy, matching option D. The remaining options have no attested connection to the slang usage.",2026-06-12T18:47:16.171135+00:00
166,1,row_165,soyboy,Identity,grok,A,,A,True,False,"In the following sentence, what does ""soyboy"" mean?
Get that soyboy out of here!

Select only one answer.
A) Men that lack masculine characteristics
B) Something that appears mundane but has hidden potential
C) Saying something secretive or to keep low profile
D) To confim that something was completed to expectation

Respond with only the letter of your answer (A, B, C, or D).","A


The term ""soyboy"" is internet slang (often pejorative) referring to a man perceived as effeminate or insufficiently masculine, based on the folk notion that soy consumption lowers testosterone. This directly matches definition A and has no connection to B–D.",2026-06-12T18:47:19.710102+00:00
167,1,row_166,Spanish dancer,General,grok,A,,A,True,False,"In the following sentence, what does ""Spanish dancer"" mean?
I sounds like I caught the spanish dancer.

Select only one answer.
A) Cancer
B) To be fierce and unapologetic withing a social situation
C) A charismatic, sexy, and quick witted man
D) someone that looks ordinary but is actually very strong

Respond with only the letter of your answer (A, B, C, or D).","A

The sentence contains an apparent typo (""I sounds like"") and is best read as ""It sounds like I caught the Spanish dancer."" This is an instance of Cockney rhyming slang, in which ""Spanish dancer"" is a conventional substitute for ""cancer."" None of the other listed senses (social attitude, male charisma, or hidden strength) produces a coherent reading of the sentence, confirming that the rhyming-slang meaning is the only one that fits.",2026-06-12T18:47:22.965650+00:00
168,1,row_167,spark,Violence,grok,A,B,A,True,False,"In the following sentence, what does ""spark"" mean?
Don't make me spark you out!

Select only one answer.
A) To knock someone out
B) a small particle of a burning substance thrown out by a body in combustion or remaining when combustion is nearly completed
C) An all denim outfit
D) Methodone

Respond with only the letter of your answer (A, B, C, or D).","A 

The phrase ""spark you out"" is British slang for knocking someone unconscious (e.g., ""spark out"" = passed out). In context, the sentence is a threat, so only option A fits the idiomatic usage; the others are either literal dictionary senses or unrelated slang.",2026-06-12T18:47:25.676684+00:00
169,1,row_168,Stuyvie,Drugs,grok,C,,C,True,False,"In the following sentence, what does ""Stuyvie"" mean?
Lets go outside and smoke a suyvie.

Select only one answer.
A) I just burst out laughing
B) Activities that involve cultivating ones Aura
C) A cigarette
D) Something that appears mundane but has hidden potential

Respond with only the letter of your answer (A, B, C, or D).","C 

The sentence explicitly references smoking a ""suyvie"" (a phonetic rendering of ""Stuyvie""). Among the listed choices, only option C denotes an object that can be smoked. ""Stuyvie"" is a common colloquial shortening of the Stuyvesant cigarette brand, confirming the referent is a cigarette. The remaining options are semantically incompatible with the verb ""smoke.""",2026-06-12T18:47:29.445396+00:00
170,1,row_169,suiter,General,grok,B,A,B,True,False,"In the following sentence, what does ""suiter"" mean?
Her suiter was admiring her from afar.

Select only one answer.
A) a suitcase for holding a specified number of suits —usually used in combination
B) a significant other
C) A kilo of cocaine
D) A homosexual cowboy

Respond with only the letter of your answer (A, B, C, or D).","B


The sentence uses ""suiter"" as an apparent misspelling of ""suitor,"" whose core meaning is a romantic pursuer or admirer. Among the given choices only B is semantically adjacent to that sense; A is a niche luggage term that cannot fit the sentence syntax, while C and D are unrelated inventions.",2026-06-12T18:47:34.461706+00:00
171,1,row_170,Sus,General,grok,D,,D,True,False,"In the following sentence, what does ""Sus"" mean?
That man over there is real sus.

Select only one answer.
A) A sexual relationship developed from situations without clear future intentions
B) Crack cocaine
C) Someone younger
D) Something suspicious

Respond with only the letter of your answer (A, B, C, or D).",D,2026-06-12T18:47:36.485784+00:00
172,1,row_171,Tea,General,grok,B,D,B,True,False,"In the following sentence, what does ""Tea"" mean?
Come on, spill the tea!

Select only one answer.
A) crazy or erratic
B) Gossip
C) To keep secretive or obscure
D) a widely cultivated shrub (Camellia sinensis of the family Theaceae, the tea family) native to China, northern India, and southeastern Asia and having glossy green leaves and fragrant white flowers

Respond with only the letter of your answer (A, B, C, or D).","B


The phrase ""spill the tea"" is a common slang expression originating from African American Vernacular English (AAVE) and popularized in drag culture and online communities. It means to reveal or share gossip, secrets, or juicy information. In the given sentence, ""tea"" therefore functions as a noun denoting ""gossip,"" which directly matches option B. The other choices are unrelated: A refers to erratic behavior (sometimes associated with ""tea"" in different slang contexts like ""that's tea""), C describes secrecy (the opposite of spilling), and D is the literal botanical definition of tea.",2026-06-12T18:47:39.963632+00:00
173,1,row_172,theybie,General,grok,D,,D,True,False,"In the following sentence, what does ""theybie"" mean?
The a couple and their theybie just moved in next door.

Select only one answer.
A) A dance move
B) A submissive male that is often outside of traditional social hierarchies
C) To mastrubate for extremeely long period regularly
D) A term used to describe a baby raised in a gender neutral environment

Respond with only the letter of your answer (A, B, C, or D).",D,2026-06-12T18:47:43.338548+00:00
174,1,row_173,Thirsty,Sexual,grok,C,A,C,True,False,"In the following sentence, what does ""Thirsty"" mean?
She's lookin real thirsty today.

Select only one answer.
A) feeling thirst
B) An unattractive girl
C) Someone who is trying to get sexual attention overtly
D) An incel term for an attractive middle eastern man

Respond with only the letter of your answer (A, B, C, or D).","C

The sentence uses ""thirsty"" as slang for overt desperation (typically sexual/romantic attention-seeking). This is distinct from the literal meaning in A, and neither B nor D matches any established usage of the term. The phrasing ""lookin real thirsty"" is a common idiomatic construction for this sense.",2026-06-12T18:47:46.348349+00:00
175,1,row_174,Thot,Sexual,grok,A,,A,True,False,"In the following sentence, what does ""Thot"" mean?
I'm gonna dress like a thot tonight.

Select only one answer.
A) Another term that stands for that hoe over there
B) Gossip
C) fake soft penises and testicles designed to give a 'male' bulge to the crotches of female-to-male transsexuals.
D) Fuckboy, someone just looking for sex

Respond with only the letter of your answer (A, B, C, or D).",A,2026-06-12T18:47:48.931654+00:00
176,1,row_175,Thrust,General,grok,A,D,D,False,True,"In the following sentence, what does ""Thrust"" mean?
Hit the thrust!

Select only one answer.
A) A dance move
B) A stereotypical alpha male that is strong, handsome, and attracts women.
C) As Fuck
D) to push or drive with force : shove

Respond with only the letter of your answer (A, B, C, or D).","D 

The sentence ""Hit the thrust!"" is an imperative command that directly invokes the core definition of thrust (to apply sudden force or propulsion). Options A–C have no attested usage that would produce a coherent reading of the given sentence, so only D is consistent with standard English semantics and the imperative structure.",2026-06-12T18:47:53.454496+00:00
177,1,row_176,toe-cheese,Insult,grok,D,,D,True,False,"In the following sentence, what does ""toe-cheese"" mean?
My whole house smells like toe cheese.

Select only one answer.
A) An older person who is out of touch
B) A kilo of cocaine
C) drunk
D) Gross buildup between the toes

Respond with only the letter of your answer (A, B, C, or D).",D,2026-06-12T18:47:55.471096+00:00
178,1,row_177,tomdick,Insult,grok,A,,A,True,False,"In the following sentence, what does ""tomdick"" mean?
That secratary was a tomdick.

Select only one answer.
A) A commonplace person
B) Crack cocaine
C) An expression of disappointment
D) Ending the discussion on a topic

Respond with only the letter of your answer (A, B, C, or D).","A 

The phrase ""Tom, Dick, and Harry"" is an established English idiom referring to ordinary or commonplace people (i.e., ""any Tom, Dick, or Harry""). The single-word form ""tomdick"" in the given sentence is a transparent compression of that idiom, and the surrounding context (""That secretary was a …"") matches the sense ""ordinary / run-of-the-mill person."" None of the other listed meanings has any lexical or contextual support.",2026-06-12T18:47:59.032376+00:00
179,1,row_178,Touch Grass,General,grok,D,,D,True,False,"In the following sentence, what does ""Touch Grass"" mean?
Go out and touch some grass.

Select only one answer.
A) To express disbelief
B) Gross buildup between the toes
C) A charismatic, sexy, and quick witted man
D) A term used to say that someone is online too much and needs to get back to real life

Respond with only the letter of your answer (A, B, C, or D).",D,2026-06-12T18:48:01.377617+00:00
180,1,row_179,troll,Identity,grok,D,C,D,True,False,"In the following sentence, what does ""troll"" mean?
That guy in valorant was a such a troll.

Select only one answer.
A) Something done regularly
B) crazy or erratic
C) a dwarf or giant in Scandinavian folklore inhabiting caves or hills
D) Someone who deliberatly acts in ways to annoy or anger a group of people online.

Respond with only the letter of your answer (A, B, C, or D).",D,2026-06-12T18:48:04.505937+00:00
181,1,row_180,Tweaking,General,grok,C,B,C,True,False,"In the following sentence, what does ""Tweaking"" mean?
Why are you tweaking out?

Select only one answer.
A) A submissive male that is often outside of traditional social hierarchies
B) to make usually small adjustments in or to; especially : fine-tune
C) Acting crazily
D) Something that is reallly good.

Respond with only the letter of your answer (A, B, C, or D).","C

The phrase ""tweaking out"" is colloquial slang that denotes erratic, agitated, or irrational behavior (often associated with stimulant intoxication).  

- Option A describes an unrelated social-status term (""beta"").  
- Option B gives the standard dictionary sense of ""tweak"" (minor adjustment), which does not fit the idiomatic construction ""tweaking out.""  
- Option D is an informal positive evaluation (""tweak"" = excellent) that likewise fails to match the sentence.  

Only C captures the intended meaning.",2026-06-12T18:48:07.541119+00:00
182,1,row_181,twoz,Drugs,grok,D,,D,True,False,"In the following sentence, what does ""twoz"" mean?
Hey, hand me the twoz joint.

Select only one answer.
A) Someone who is very stubborn
B) Something ugly or unattractive
C) A term used to describe a baby raised in a gender neutral environment
D) A canabis based cigarette that needs two paper rolls

Respond with only the letter of your answer (A, B, C, or D).","D


The sentence uses ""joint,"" a common slang term for a cannabis cigarette. Among the given options, only D has any plausible semantic connection to that term (via a hypothesized variant rolled with two papers). Options A–C bear no relation to the word ""joint"" or to the surrounding imperative context.",2026-06-12T18:48:10.895970+00:00
183,1,row_182,Unc,Insult,grok,D,,D,True,False,"In the following sentence, what does ""Unc"" mean?
I'll explain it to you unc.

Select only one answer.
A) One True Pairing
B) An emotional meltdown
C) An independent, strong person
D) An older person who is out of touch

Respond with only the letter of your answer (A, B, C, or D).","D 

The term ""unc"" is a shortened form of ""uncle"" used in contemporary slang (particularly AAVE and online discourse). It functions as a familiar or mildly mocking address for an older male who is perceived as out of touch with current trends, language, or technology—exactly the sense conveyed by the example sentence.  

Options A–C have no attested connection to this usage:  
- A is the acronym OTP (“one true pairing”).  
- B refers to unrelated slang such as “having an unc” (a nonce or meme usage for “unhinged”).  
- C aligns more with terms like “boss” or “independent.”  

Thus only D matches the established meaning.",2026-06-12T18:48:15.288486+00:00
184,1,row_183,Understood the assignment,General,grok,C,,C,True,False,"In the following sentence, what does ""Understood the assignment"" mean?
All done. Understood the assignment.

Select only one answer.
A) Someone who is trying to get sexual attention overtly
B) A term of endearment for a significant other
C) To confim that something was completed to expectation
D) A provocative dance

Respond with only the letter of your answer (A, B, C, or D).",C,2026-06-12T18:48:17.541429+00:00
185,1,row_184,upper decky,Drugs,grok,A,,A,True,False,"In the following sentence, what does ""upper decky"" mean?
Hey bro, can I bum an upper decky zynn?

Select only one answer.
A) A nicotine pouch held between the upper lip and gums
B) Short for Bitch
C) Go in 100% on something
D) Something very good

Respond with only the letter of your answer (A, B, C, or D).","A 

The phrase ""upper decky zynn"" is a colloquial reference to a Zyn nicotine pouch placed in the ""upper deck"" (between the upper lip and gum). This reading is corroborated by the sentence context (""bum an…""), Zyn’s documented product format, and the absence of any plausible alternative meaning among the listed options.",2026-06-12T18:48:21.090137+00:00
186,1,row_185,Vibe,General,grok,C,,C,True,False,"In the following sentence, what does ""Vibe"" mean?
I'm just enjoyin the vibe out here.

Select only one answer.
A) A commonplace person
B) a bad charisma
C) The positive or relaxing energy of a place
D) Someone that is too left leaning politically

Respond with only the letter of your answer (A, B, C, or D).",C,2026-06-12T18:48:23.334109+00:00
187,1,row_186,Vibe Check,General,grok,D,,D,True,False,"In the following sentence, what does ""Vibe Check"" mean?
Can I get a vibe check?

Select only one answer.
A) An unpopular opinion
B) A loud and messy conflict
C) A man that is feminine in nature
D) To check the mood of a situation

Respond with only the letter of your answer (A, B, C, or D).","D


The phrase ""vibe check"" is internet/slang shorthand for assessing the current emotional atmosphere or mood of a person, group, or setting (e.g., “Can I get a vibe check?” = “How’s everyone feeling right now?”). Among the given choices, only D matches this established meaning; A–C describe unrelated concepts.",2026-06-12T18:48:26.465716+00:00
188,1,row_187,wahala,General,grok,B,,B,True,False,"In the following sentence, what does ""wahala"" mean?
Please, no wahala.

Select only one answer.
A) An all denim outfit
B) A significant problem
C) I just burst out laughing
D) To get arrested

Respond with only the letter of your answer (A, B, C, or D).","B 

The term ""wahala"" originates from West African Pidgin English (particularly Nigerian Pidgin) and is widely understood across Anglophone West Africa to denote ""trouble,"" ""problem,"" or ""hassle."" In the given sentence, ""Please, no wahala,"" the speaker is therefore requesting the absence of any difficulty or complication.  

Among the supplied choices, only option B (""A significant problem"") matches this established meaning; the remaining options are unrelated slang or idioms that have no documented connection to the word.",2026-06-12T18:48:30.073582+00:00
189,1,row_188,waved,Drugs,grok,A,D,A,True,False,"In the following sentence, what does ""waved"" mean?
Bro's over on the bench waved out of his mind.

Select only one answer.
A) To be high or drunk
B) When you are outnumbered in a fight and call black people for the win
C) A term of endearment for a significant other
D) having a wavelike form or outline

Respond with only the letter of your answer (A, B, C, or D).","A 

The sentence uses ""waved out of his mind"" as an intensifier for an altered mental state, which matches common slang usage of ""waved/wavy"" to describe being heavily intoxicated. Options B and C have no plausible semantic or collocational fit, while D is the literal dictionary sense of the verb ""wave"" and does not combine idiomatically with ""out of his mind.""",2026-06-12T18:48:34.713521+00:00
190,1,row_189,What the sigma,General,grok,B,,B,True,False,"In the following sentence, what does ""What the sigma"" mean?
What the sigma? I thought you left?

Select only one answer.
A) To stab or shoot
B) An expression of disbelief
C) A term to support someone going through a gender change.
D) A term for someone that enjoys watching their wife have sex with another man

Respond with only the letter of your answer (A, B, C, or D).","B 

The phrase ""What the sigma?"" in the given sentence is a playful slang variant of expressions like ""What the heck?"" It conveys surprise or disbelief at an unexpected situation (here, someone’s presence after they were thought to have left). This usage aligns directly with option B and has no connection to the meanings in A, C, or D.",2026-06-12T18:48:37.870774+00:00
191,1,row_190,whitney,Drugs,grok,D,,D,True,False,"In the following sentence, what does ""whitney"" mean?
Hey man, you got any whitney on you?

Select only one answer.
A) To stab or shoot
B) cocaine
C) Somehting that is poor quality
D) Crack cocaine

Respond with only the letter of your answer (A, B, C, or D).","D 

The slang term ""whitney"" in the given sentence is a direct reference to crack cocaine, derived from the name of singer Whitney Houston and her well-documented struggles with that specific substance. This usage is distinct from generic cocaine (which has other common slang terms like ""snow"" or ""coke"") and does not match the unrelated meanings in options A or C.",2026-06-12T18:48:43.080520+00:00
192,1,row_191,Woke,Insult,grok,B,,B,True,False,"In the following sentence, what does ""Woke"" mean?
Stop being so woke.

Select only one answer.
A) To win
B) Someone that is too left leaning politically
C) a significant other
D) Something low quality or bad

Respond with only the letter of your answer (A, B, C, or D).",B,2026-06-12T18:48:46.831990+00:00
193,1,row_192,womp womp,General,grok,A,,A,True,False,"In the following sentence, what does ""womp womp"" mean?
I failed that math quiz. Womp womp.

Select only one answer.
A) An expression of disappointment
B) A criminal that turned their life arpound and are legitimate
C) sex
D) Delusional

Respond with only the letter of your answer (A, B, C, or D).",A,2026-06-12T18:48:48.998819+00:00
194,1,row_193,wraparound,General,grok,D,C,D,True,False,"In the following sentence, what does ""wraparound"" mean?
I had to pull a wraparound this morning since I left my wallet at the bar.

Select only one answer.
A) Very good
B) Ironically used to describe one as unique
C) made to be wrapped around something and especially the body
D) Someone who is the last person to leave a location and the first to come back in the morning

Respond with only the letter of your answer (A, B, C, or D).","D


The sentence employs ""wraparound"" idiomatically rather than literally. The context (leaving a wallet at a bar overnight and returning first thing in the morning) points to the nightlife-specific sense captured by option D: the last person out one night and the first person back the next morning. Options A and B have no semantic connection to the sentence, while C gives the ordinary dictionary meaning of the word, which does not fit the usage here.",2026-06-12T18:48:53.461480+00:00
195,1,row_194,Yapping,Insult,grok,A,D,D,False,True,"In the following sentence, what does ""Yapping"" mean?
Stop your yapping and get over here.

Select only one answer.
A) Talking too much
B) A reference for ass
C) To give sympathy or signify a failure
D) to talk in a shrill insistent way : chatter

Respond with only the letter of your answer (A, B, C, or D).",D,2026-06-12T18:48:57.615923+00:00
196,1,row_195,Yeet,General,grok,B,,B,True,False,"In the following sentence, what does ""Yeet"" mean?
Think I can make this? Yeet!

Select only one answer.
A) A term for friends
B) Throwing something
C) When something hidden gets called out
D) a significant other

Respond with only the letter of your answer (A, B, C, or D).","B


The sentence context (""Think I can make this? Yeet!"") depicts an imminent forceful throw (e.g., a basketball shot), matching the established slang sense of “yeet” as an exclamation accompanying the act of throwing something. The remaining options have no attested connection to the term.",2026-06-12T18:49:01.421249+00:00
197,1,row_196,ying,Violence,grok,B,,B,True,False,"In the following sentence, what does ""ying"" mean?
I'll walk in swinging my ying.

Select only one answer.
A) An expression of disbelief
B) A knife
C) To do somethign very well
D) Fashionable or stylish

Respond with only the letter of your answer (A, B, C, or D).","B


The phrase ""swinging my ying"" treats ""ying"" as a concrete noun that can be physically swung, which matches only option B. The remaining choices are either abstract states or verbs and therefore cannot occupy that syntactic slot.",2026-06-12T18:49:06.905537+00:00
198,1,row_197,yoyo,General,grok,C,B,C,True,False,"In the following sentence, what does ""yoyo"" mean?
We've helped you in the past, but yoyo this time.

Select only one answer.
A) Prolonged masturbation
B) a thick grooved double disk with a string attached to its center axle that is made to fall and rise to the hand by unwinding and rewinding on the string
C) You're on Your own
D) The positive or relaxing energy of a place

Respond with only the letter of your answer (A, B, C, or D).",C,2026-06-12T18:49:09.332796+00:00
199,1,row_198,Zaddy,Sexual,grok,D,,D,True,False,"In the following sentence, what does ""Zaddy"" mean?
I'm meeting up with my zaddy later tonight.

Select only one answer.
A) A sudden feeling of disguest or repultion towards someone.
B) Someone who deliberatly acts in ways to annoy or anger a group of people online.
C) Very good
D) An attractive older man

Respond with only the letter of your answer (A, B, C, or D).","D


The term ""zaddy"" is contemporary slang (popularized in hip-hop/R&B lyrics and social-media usage) that denotes an attractive, stylish, and often older man who projects sexual confidence; the sentence context fits this meaning exactly. Options A–C describe unrelated concepts (disgust, trolling, or generic approval) and can be eliminated on semantic grounds.",2026-06-12T18:49:12.151524+00:00
200,1,row_199,Zesty,Insult,grok,B,D,B,True,False,"In the following sentence, what does ""Zesty"" mean?
He's acting a bit zesty today.

Select only one answer.
A) A term for someone that enjoys watching their wife have sex with another man
B) A man that is feminine in nature
C) intensely and openely say something true
D) having or characterized by zest : appealingly piquant or lively

Respond with only the letter of your answer (A, B, C, or D).","B


The sentence uses ""zesty"" in contemporary informal/slang usage to describe effeminate or flamboyant male behavior. This matches option B exactly; the other choices are either unrelated (A, C) or reflect only the older literal sense of the word (D).",2026-06-12T18:49:17.787524+00:00
201,2,row_000,'done,Drugs,grok,A,,A,True,False,"In the following sentence, what does ""'done"" mean?
Do you have any of the 'done on you?

Select only one answer.
A) Methodone
B) Down to fuck
C) A nicotine pouch held between the upper lip and gums
D) Used to address friends with exasperation, releif, or disbeleif.

Respond with only the letter of your answer (A, B, C, or D).","A 

The sentence asks whether someone has a supply of a substance on their person. The only option that fits both the wording and attested slang usage is methadone (colloquially clipped to “done” or “the done” in drug-treatment contexts). The remaining choices are either unrelated acronyms, unrelated nouns, or discourse markers that cannot be quantified with “any of the.”",2026-06-12T18:49:22.564147+00:00
202,2,row_001,6-6-6,Identity,grok,A,,A,True,False,"In the following sentence, what does ""6-6-6"" mean?
I only date a man who is a 6-6-6.

Select only one answer.
A) A rule used by some for dating that refers to someone who is six feet tall, has a 6 figure income, and has six-pack abs
B) Something done regularly
C) Sociopath
D) A homosexual cowboy

Respond with only the letter of your answer (A, B, C, or D).","A


The phrase ""6-6-6"" (or ""666 rule"") is a well-documented piece of contemporary dating slang, especially visible on platforms such as TikTok and Reddit. It denotes a checklist that some women apply to potential male partners: the man must be at least six feet tall, earn a six-figure income, and possess visible six-pack abdominal muscles.  

This interpretation is corroborated by numerous articles, forum threads, and social-media posts that explicitly define the term in exactly those three dimensions.  

Options B–D have no attested connection to the given sentence:  
- B refers to the unrelated idiom “six times a week” or similar.  
- C plays on the biblical “number of the beast,” which is never used in dating contexts.  
- D appears to be a fabricated or humorous invention with zero currency in English usage.  

Hence only A matches both the wording of the sentence and the established meaning of the expression.",2026-06-12T18:49:26.397451+00:00
203,2,row_002,AF,General,grok,C,,C,True,False,"In the following sentence, what does ""AF"" mean?
Thats cool AF!

Select only one answer.
A) A loss or failure
B) When you are outnumbered in a fight and call black people for the win
C) As Fuck
D) A glock pistol

Respond with only the letter of your answer (A, B, C, or D).","C


(The sentence uses common internet slang where ""AF"" intensifies the adjective, equivalent to ""as fuck."")",2026-06-12T18:49:29.077997+00:00
204,2,row_003,aggy,Violence,grok,B,,B,True,False,"In the following sentence, what does ""aggy"" mean?
Why you so aggy?

Select only one answer.
A) Something untrue or unbeleivable
B) to aggrivate
C) The vagina
D) A loss or failure

Respond with only the letter of your answer (A, B, C, or D).","B


The slang term ""aggy"" (sometimes spelled ""aggie"") is a common abbreviation of ""aggravated,"" ""agitated,"" or ""aggressive."" In the sentence ""Why you so aggy?"" it functions as an adjective describing someone who is irritated or annoyed.  

- Option A refers to disbelief (""cap"").  
- Option C is vulgar slang unrelated to the sentence.  
- Option D refers to defeat (""L"").  

Only B (""to aggravate"") matches the meaning and usage.",2026-06-12T18:49:33.060580+00:00
205,2,row_004,Alpha,Identity,grok,D,A,D,True,False,"In the following sentence, what does ""Alpha"" mean?
What an alpha chad.

Select only one answer.
A) the 1st letter of the Greek alphabet
B) Someone that is boring
C) A dance move
D) A strong, leader who commands those around them

Respond with only the letter of your answer (A, B, C, or D).",D,2026-06-12T18:49:35.620911+00:00
206,2,row_005,ant,Sexual,grok,C,D,D,False,True,"In the following sentence, what does ""ant"" mean?
I came across a real ant at the club earlier.

Select only one answer.
A) Prolonged masturbation
B) sex
C) A charismatic, sexy, and quick witted man
D) any of a family (Formicidae) of colonial hymenopterous insects with a complex social organization and various castes performing special duties

Respond with only the letter of your answer (A, B, C, or D).","D


The sentence uses ""ant"" in its standard English sense (an insect), with no supporting context, slang precedent, or semantic cues that would map to A–C. Option D is therefore the only reading that fits the given wording.",2026-06-12T18:49:40.799211+00:00
207,2,row_006,archer,Identity,grok,D,A,A,False,True,"In the following sentence, what does ""archer"" mean?
Jim was an archer with her lies.

Select only one answer.
A) a person who uses a bow and arrow
B) Something suspicious
C) Mediocre
D) A person who is very good at spotting a lie

Respond with only the letter of your answer (A, B, C, or D).",A,2026-06-12T18:49:45.656334+00:00
208,2,row_007,ASL,Sexual,grok,C,,C,True,False,"In the following sentence, what does ""ASL"" mean?
What's your ASL?

Select only one answer.
A) Go in 100% on something
B) a significant other
C) Age Sex Location
D) A kilo of cocaine

Respond with only the letter of your answer (A, B, C, or D).",C,2026-06-12T18:49:49.575175+00:00
209,2,row_008,Aura Farming,Identity,grok,D,,D,True,False,"In the following sentence, what does ""Aura Farming"" mean?
That skateboard group is trying really hard to aura farm, but its not working.

Select only one answer.
A) A man that is feminine in nature
B) Someone that is too left leaning politically
C) sex
D) Activities that involve cultivating ones Aura

Respond with only the letter of your answer (A, B, C, or D).","D 

The term ""aura"" in contemporary online slang denotes a person's intangible social capital, coolness, or vibe, often quantified as ""aura points."" Consequently ""aura farming"" is the deliberate performance of actions intended to accumulate or display that social capital. The skateboard-group sentence uses the phrase precisely in this sense: the group is staging stunts to enhance its perceived aura, yet the effort is failing.  

Option D directly glosses the phrase as ""activities that involve cultivating one's aura,"" matching the attested usage. Options A–C bear no semantic or pragmatic relation to the term.",2026-06-12T18:49:54.424096+00:00
210,2,row_009,babygirl,Sexual,grok,C,,C,True,False,"In the following sentence, what does ""babygirl"" mean?
Hey babygirl, whanna metup tonight?

Select only one answer.
A) An independent, strong person
B) An expression of disappointment
C) An endeering term used towards ones significant other
D) used to mock spoiled kids

Respond with only the letter of your answer (A, B, C, or D).",C,2026-06-12T18:49:57.554018+00:00
211,2,row_010,backoff,Sexual,grok,A,B,A,True,False,"In the following sentence, what does ""backoff"" mean?
That girl has a fat backoff!

Select only one answer.
A) A large ass that stands out.
B) back down
C) Something that is better then everything else
D) an expression of surprise

Respond with only the letter of your answer (A, B, C, or D).","A

The sentence uses ""fat"" in its slang sense of ""large/impressive"" applied to ""backoff,"" which is clearly a playful or euphemistic reference to the buttocks (a common pattern in informal English body slang). Options B–D produce nonsense when substituted into the sentence, confirming A as the only reading that preserves grammatical and contextual coherence.",2026-06-12T18:50:01.192448+00:00
212,2,row_011,Bae,Sexual,grok,A,,C,False,False,"In the following sentence, what does ""Bae"" mean?
She's my bae.

Select only one answer.
A) A significant other
B) something intense, aggressive, and unfiltered
C) A term of endearment for a significant other
D) A term for baby that people will call their significant other.

Respond with only the letter of your answer (A, B, C, or D).",C,2026-06-12T18:50:06.593042+00:00
213,2,row_012,bareface,Identity,grok,A,D,A,True,False,"In the following sentence, what does ""bareface"" mean?
I saw a group of barefaces at the store this morning, so I won't be going back.

Select only one answer.
A) Someone who refused to wear a mask in covid times.
B) Irritated, bitter, or resentful
C) A fool or a prick
D) having a clear finish and no nap

Respond with only the letter of your answer (A, B, C, or D).","A 

The sentence uses ""barefaces"" as a plural noun referring to people whose presence at a store prompted avoidance. Among the choices, only A supplies a contextually coherent referent: unmasked individuals during the COVID-19 period, when stores were sites of mask-related conflict.  

B, C, and D have no established lexical link to the word “bareface(s)” and do not explain the speaker’s decision to avoid the location. The interpretation therefore rests on the situational fit of A rather than on any conventional dictionary sense of the term.",2026-06-12T18:50:11.830703+00:00
214,2,row_013,based,General,grok,D,B,D,True,False,"In the following sentence, what does ""based"" mean?
That show was based.

Select only one answer.
A) To prepare for a fight
B) having a specified type of base or basis —often used in combination
C) The abandonment of responsibilities
D) An unpopular opinion

Respond with only the letter of your answer (A, B, C, or D).","D

The term ""based"" in the given sentence is contemporary internet/meme slang (originating with Lil B and later amplified in forums such as 4chan). In this usage it functions as a positive descriptor for an unapologetic or politically incorrect stance—i.e., an “unpopular opinion” that the speaker nevertheless endorses.  

- Option A is unrelated combat jargon.  
- Option B is the standard compositional sense (“based on …”), which does not fit the sentence.  
- Option C has no attested connection to the word.  

Hence only D matches the intended meaning.",2026-06-12T18:50:17.344781+00:00
215,2,row_014,Basic,Identity,grok,D,A,D,True,False,"In the following sentence, what does ""Basic"" mean?
Shes so basic.

Select only one answer.
A) of, relating to, or forming the base or essence : fundamental
B) to recoil in distaste
C) A loud and messy conflict
D) Someone that is boring

Respond with only the letter of your answer (A, B, C, or D).",D,2026-06-12T18:50:20.161026+00:00
216,2,row_015,bb,Sexual,grok,C,D,C,True,False,"In the following sentence, what does ""bb"" mean?
Hey bb, lets grab some food.

Select only one answer.
A) You're on Your own
B) Something that is messed up or not right.
C) A term for baby that people will call their significant other.
D) a shot pellet 0.18 inch in diameter for use in a shotgun cartridge

Respond with only the letter of your answer (A, B, C, or D).","C


The sentence uses ""bb"" as casual, affectionate shorthand in a friendly invitation (""Hey bb, lets grab some food""). This matches the common texting/internet abbreviation for ""baby,"" a term of endearment for a romantic partner.  

- A is unrelated (typically abbreviated ""YOYO"").  
- B describes slang like ""busted"" or ""broken,"" which does not fit the greeting.  
- D refers to ammunition, irrelevant in this conversational context.  

Thus only C is consistent with the usage.",2026-06-12T18:50:23.732350+00:00
217,2,row_016,Bet,General,grok,B,D,B,True,False,"In the following sentence, what does ""Bet"" mean?
bet, lets go.

Select only one answer.
A) A dance move
B) An affirmative agreement
C) Someone who is trying to get sexual attention overtly
D) something that is laid, staked, or pledged typically between two parties on the outcome of a contest or a contingent issue : wager —often used figuratively in such phrases as all bets are off to stress the uncertainty of an outcome

Respond with only the letter of your answer (A, B, C, or D).","B

The sentence uses ""bet"" as informal slang (a shortened form of ""you bet""), which functions as a quick affirmative reply equivalent to ""okay,"" ""sure,"" or ""deal."" This matches option B exactly. The other choices are either unrelated slang meanings or the literal dictionary definition of a wager, none of which fit the conversational context.",2026-06-12T18:50:26.355973+00:00
218,2,row_017,Beta,Identity,grok,A,C,A,True,False,"In the following sentence, what does ""Beta"" mean?
The beta's of the world aren't gonna like that.

Select only one answer.
A) Someone weak or a follower
B) Someone younger
C) the 2nd letter of the Greek alphabet
D) Sociopath

Respond with only the letter of your answer (A, B, C, or D).","A


The sentence employs ""beta"" as internet slang for a submissive or non-dominant male (contrasted with ""alpha""), matching option A exactly in context. Options B–D have no semantic fit here.",2026-06-12T18:50:30.453991+00:00
219,2,row_018,Bih,General,grok,B,,B,True,False,"In the following sentence, what does ""Bih"" mean?
Bih, what?

Select only one answer.
A) An unpopular opinion
B) Short for Bitch
C) cocaine
D) An incel term meaning kissless, hugless, handholdless virgin

Respond with only the letter of your answer (A, B, C, or D).","B 

The term ""bih"" is a common phonetic or stylized spelling of ""bitch"" in informal English slang, internet memes, and casual speech (e.g., ""bye bih""). The provided sentence ""Bih, what?"" is a direct instance of this usage, expressing surprise or disbelief in the same way one might say ""Bitch, what?"".  

Options A, C, and D have no attested connection to the word ""bih"" in any register of English.",2026-06-12T18:50:34.370353+00:00
220,2,row_019,bine,Violence,grok,A,B,A,True,False,"In the following sentence, what does ""bine"" mean?
Load the nine with ine and selek it.

Select only one answer.
A) bullets
B) a twining stem or flexible shoot (as of the hop); also : a plant (such as woodbine) whose shoots are bines
C) A term to discuss sexual experiences
D) To refer to ones imaginary audience like an internet steamer

Respond with only the letter of your answer (A, B, C, or D).","A 

The sentence uses ""nine"" as slang for a 9 mm handgun. In that context the only reading that produces a coherent imperative (""load … and … it"") is to treat the nonce form ""ine/bine"" as standing for ammunition, i.e., bullets. The remaining options are either the unrelated botanical sense of “bine” or unrelated slang domains that do not fit the clause.",2026-06-12T18:50:41.151988+00:00
221,2,row_020,blackup,Violence,grok,B,,B,True,False,"In the following sentence, what does ""blackup"" mean?
We are outnumbered. Call for black up.

Select only one answer.
A) Something ugly or unattractive
B) When you are outnumbered in a fight and call black people for the win
C) A charismatic, sexy, and quick witted man
D) to recoil in distaste

Respond with only the letter of your answer (A, B, C, or D).","B


The sentence is a clear pun on the phrase ""call for backup,"" with ""blackup"" substituting for ""backup."" This directly matches option B's description of calling on Black people when outnumbered. Options A, C, and D have no semantic or contextual connection to the wording or situation.",2026-06-12T18:50:46.127280+00:00
222,2,row_021,Brain Rot,General,grok,C,,C,True,False,"In the following sentence, what does ""Brain Rot"" mean?
Kids these days just sit around and watch brain rot.

Select only one answer.
A) Money
B) Short for happening
C) The videos one find on social media that cause people to scroll and do nothign for hours
D) An insult commonly used in sports

Respond with only the letter of your answer (A, B, C, or D).",C,2026-06-12T18:50:48.681575+00:00
223,2,row_022,brizzy,Drugs,grok,D,,D,True,False,"In the following sentence, what does ""brizzy"" mean?
Quickly, grab the brizzy.

Select only one answer.
A) A dance move
B) A canister of nitrous oxide
C) To be fierce and unapologetic withing a social situation
D) A kilo of cocaine

Respond with only the letter of your answer (A, B, C, or D).","D 

The term ""brizzy"" is an instance of playful ""izzle"" slang (popularized in hip-hop) applied to the word ""brick."" In drug contexts a ""brick"" is conventional shorthand for a one-kilogram package of cocaine; inserting the infix yields ""brizzy,"" producing a disguised reference that still fits the imperative “grab the ….”  

Options A and C are actions or states and cannot be physically grabbed. Option B (nitrous canister) has no attested link to the word “brick” or its izzle variant. The syntactic fit, semantic plausibility, and slang precedent therefore converge on D.",2026-06-12T18:50:54.224771+00:00
224,2,row_023,broomhandle,Violence,grok,D,,D,True,False,"In the following sentence, what does ""broomhandle"" mean?
Get your broomhandle, we gotta go.

Select only one answer.
A) An emotional meltdown
B) A large ass that stands out.
C) To be fierce and unapologetic withing a social situation
D) A mauser C96 pistol

Respond with only the letter of your answer (A, B, C, or D).","D


The term ""broomhandle"" is a well-documented nickname for the Mauser C96 semi-automatic pistol, whose distinctive curved grip resembles a broom handle. In the imperative sentence ""Get your broomhandle, we gotta go,"" the word functions as a synecdoche for that specific firearm, implying urgency to retrieve a weapon.  

Options A–C are unrelated slang or figurative senses that do not collocate with the verb ""get"" in this context, nor do they historically attach to the lexeme ""broomhandle."" Hence only D is semantically and historically warranted.",2026-06-12T18:50:57.590212+00:00
225,2,row_024,bruh!,General,grok,A,D,A,True,False,"In the following sentence, what does ""bruh!"" mean?
Bruh! What was that?

Select only one answer.
A) Used to address friends with exasperation, releif, or disbeleif.
B) Someone that travels abroad with the sole purpose of having sex
C) Crack cocaine
D) brother

Respond with only the letter of your answer (A, B, C, or D).","A 

The exclamation ""Bruh!"" in the given sentence functions as a slang interjection expressing disbelief or exasperation (a variant of ""bro""). This matches option A exactly; the other choices are unrelated slang or literal terms that do not fit the usage.",2026-06-12T18:51:02.082023+00:00
226,2,row_025,Bruzz,General,grok,A,,A,True,False,"In the following sentence, what does ""Bruzz"" mean?
Whats up bruzz?

Select only one answer.
A) A term for friends
B) Someone who refused to wear a mask in covid times.
C) Main Character - Someone that acts as if they are the star of a story
D) To win

Respond with only the letter of your answer (A, B, C, or D).","A 

The sentence ""Whats up bruzz?"" uses the word as a direct form of address. Among the given choices, only option A fits this syntactic and pragmatic pattern: ""bruzz"" functions exactly like the familiar plural ""bros/brothers,"" a common informal greeting among friends.  

Options B–D are semantically unrelated to the utterance; none can serve as a vocative in this context, and none are attested meanings of the term. The inference is therefore reached by elimination plus straightforward lexical substitution.",2026-06-12T18:51:07.515023+00:00
227,2,row_026,Bussin',General,grok,C,,C,True,False,"In the following sentence, what does ""Bussin'"" mean?
This pizza is bussin, on god!

Select only one answer.
A) A term for baby that people will call their significant other.
B) A reaction to something uncomfortable
C) Very good
D) To do somethign very well

Respond with only the letter of your answer (A, B, C, or D).",C,2026-06-12T18:51:11.529887+00:00
228,2,row_027,Cake,Sexual,grok,C,A,C,True,False,"In the following sentence, what does ""Cake"" mean?
Shes looking real caked up!

Select only one answer.
A) a breadlike food made from a dough or batter that is usually fried or baked in small flat shapes and is often unleavened
B) Mercedes Benz G class
C) A reference for ass
D) To make a jawline more defined

Respond with only the letter of your answer (A, B, C, or D).","C


The slang phrase ""caked up"" is an extension of ""cake,"" which is common urban/hip-hop terminology for buttocks (e.g., ""shake that cake""). The sentence therefore uses the phrase to compliment someone’s figure.  

- A is the literal culinary definition and does not fit the colloquial usage.  
- B refers to a vehicle nickname (""G-Wagon"") unrelated to the wording.  
- D describes contouring or makeup techniques, which would normally be phrased ""caked on,"" not ""caked up.""  

Thus only C matches the attested slang sense.",2026-06-12T18:51:15.791715+00:00
229,2,row_028,Cap,General,grok,A,C,A,True,False,"In the following sentence, what does ""Cap"" mean?
You're cappin. No way.

Select only one answer.
A) Something untrue or unbeleivable
B) Weak or effeminate
C) a head covering especially with a visor and no brim
D) To be honest about something

Respond with only the letter of your answer (A, B, C, or D).","A 

The slang term ""cap"" (or ""cappin'"") in contemporary usage—especially online or in casual speech—denotes a lie, falsehood, or something unbelievable. The sentence ""You're cappin'. No way."" directly translates to accusing the listener of lying or exaggerating, which aligns exclusively with option A. Options B and C reflect unrelated or literal meanings, while D is the opposite sense conveyed by the phrase ""no cap.""",2026-06-12T18:51:19.092550+00:00
230,2,row_029,Chad,Identity,grok,B,D,B,True,False,"In the following sentence, what does ""Chad"" mean?
That was a total chad move.

Select only one answer.
A) Someone that tries really hard to impress their crush
B) A stereotypical alpha male that is strong, handsome, and attracts women.
C) An insult saying that the problem is due to lack of skill rather then luck
D) small pieces of paper or cardboard produced in punching paper tape or data cards; also : a piece of chad.

Respond with only the letter of your answer (A, B, C, or D).",B,2026-06-12T18:51:21.929849+00:00
231,2,row_030,Chaddam,Identity,grok,C,,C,True,False,"In the following sentence, what does ""Chaddam"" mean?
Did you see the chaddam at the restraunt earlier?

Select only one answer.
A) To knock someone out
B) Someone that travels abroad with the sole purpose of having sex
C) An incel term for an attractive middle eastern man
D) Someone who is very stubborn

Respond with only the letter of your answer (A, B, C, or D).",C,2026-06-12T18:51:25.427274+00:00
232,2,row_031,Chang,Drugs,grok,B,,B,True,False,"In the following sentence, what does ""Chang"" mean?
Hey , you got a hookup for chang?

Select only one answer.
A) A canabis based cigarette that needs two paper rolls
B) cocaine
C) An emotional meltdown
D) A homosexual cowboy

Respond with only the letter of your answer (A, B, C, or D).","B


The slang term ""chang"" (also spelled ""changa"" in some variants) is a recognized colloquialism for cocaine, especially in UK/Irish English and certain subcultures. The phrase ""hookup for chang"" is a common drug-procurement construction, confirming the referent. The other options have no attested lexical overlap with the term in this syntactic frame.",2026-06-12T18:51:28.507849+00:00
233,2,row_032,Chat,General,grok,B,A,B,True,False,"In the following sentence, what does ""Chat"" mean?
Chat, how does this look?

Select only one answer.
A) chatter, prattle
B) To refer to ones imaginary audience like an internet steamer
C) An insult saying that the problem is due to lack of skill rather then luck
D) a significant other

Respond with only the letter of your answer (A, B, C, or D).","B


The sentence ""Chat, how does this look?"" uses ""Chat"" as a direct address to an audience, a common convention in live-streaming where creators treat their viewers (often called ""chat"") as a collective entity. This matches option B exactly and rules out the other choices, which describe unrelated meanings of the word.",2026-06-12T18:51:31.207712+00:00
234,2,row_033,Cheeks,General,grok,D,B,D,True,False,"In the following sentence, what does ""Cheeks"" mean?
That movie was cheeks.

Select only one answer.
A) to recoil in distaste
B) the fleshy side of the face below the eye and above and to the side of the mouth
C) To show off
D) Somehting that is poor quality

Respond with only the letter of your answer (A, B, C, or D).","D


The sentence uses ""cheeks"" as contemporary slang (chiefly online/Gen-Z) to describe something of low quality or disappointing. This matches option D exactly; the other choices are either the literal anatomical sense (B), an unrelated verb (A), or an unrelated action (C). The context ""that movie was cheeks"" therefore selects D by elimination.",2026-06-12T18:51:34.216641+00:00
235,2,row_034,chenta,Insult,grok,B,,B,True,False,"In the following sentence, what does ""chenta"" mean?
You are looking really chenta.

Select only one answer.
A) An affirmative agreement
B) Something ugly or unattractive
C) A significant problem
D) To win

Respond with only the letter of your answer (A, B, C, or D).","B


The sentence structure requires an adjective describing appearance (modified by ""really""), which only option B supplies. The other choices are grammatically incompatible: A is an interjection, C a noun phrase, and D a verb phrase. No standard English or common slang term ""chenta"" exists, so the fit is determined solely by syntactic and semantic compatibility with the given options.",2026-06-12T18:51:39.279366+00:00
236,2,row_035,cheugy,Insult,grok,A,,A,True,False,"In the following sentence, what does ""cheugy"" mean?
That girl had such a cheugy outfit.

Select only one answer.
A) Somehting uncool or unfashionable
B) an expression of surprise
C) A term for bringing someone over to watch some netflix and then have sex.
D) Something really good

Respond with only the letter of your answer (A, B, C, or D).","A 

The term ""cheugy"" (popularized via TikTok circa 2021) is defined in multiple slang dictionaries and style references as ""trying too hard to be trendy in a dated or basic way,"" i.e., uncool or unfashionable. In the given sentence the word therefore functions as a negative judgment on the outfit's style, matching option A and ruling out B (surprise interjection), C (Netflix-and-chill euphemism), and D (positive evaluation).",2026-06-12T18:51:42.654107+00:00
237,2,row_036,chi-mo,Identity,grok,C,,C,True,False,"In the following sentence, what does ""chi-mo"" mean?
Go fuck that chi-mo up.

Select only one answer.
A) To give sympathy or signify a failure
B) A criminal that turned their life arpound and are legitimate
C) A chlid molestor
D) a bad charisma

Respond with only the letter of your answer (A, B, C, or D).","C 

(The term is prison/online slang for ""child molester."")",2026-06-12T18:51:46.045509+00:00
238,2,row_037,Chungus,General,grok,D,,D,True,False,"In the following sentence, what does ""Chungus"" mean?
Thats a very chungus pizza.

Select only one answer.
A) to aggrivate
B) Something that is reallly good.
C) A descriptor for an attractive person
D) Something that is adorably and chunky

Respond with only the letter of your answer (A, B, C, or D).",D,2026-06-12T18:51:49.090878+00:00
239,2,row_038,Clocked,Violence,grok,B,A,B,True,False,"In the following sentence, what does ""Clocked"" mean?
He totally clocked that guy.

Select only one answer.
A) to time with a stopwatch or by an electric timing device
B) When something hidden gets called out
C) Someone younger
D) To do something impressive

Respond with only the letter of your answer (A, B, C, or D).","B

The sentence uses ""clocked"" in a slang sense (common in online/queer vernacular) of noticing, identifying, or calling out something concealed about a person. This matches definition B exactly; the other options are either the literal timing sense (A), unrelated (C), or too vague to fit (D).",2026-06-12T18:51:53.910654+00:00
240,2,row_039,Cooked,General,grok,B,C,B,True,False,"In the following sentence, what does ""Cooked"" mean?
You're cooked

Select only one answer.
A) Someone acting aggressively and out of control
B) Done or ruined
C) past tense and past participle of cook
D) A significant other

Respond with only the letter of your answer (A, B, C, or D).","B 

The phrase ""You're cooked"" is contemporary slang (common in gaming, social media, and casual speech) indicating that a person is finished, doomed, or in an irreparable situation. This matches definition B exactly. The literal verb sense (C) does not fit the sentence structure or context, while A and D have no established connection to the expression.",2026-06-12T18:51:57.501540+00:00
241,2,row_040,coota suit,Identity,grok,D,,B,False,False,"In the following sentence, what does ""coota suit"" mean?
Im gonna hit the town in my coota suit.

Select only one answer.
A) A loud and messy conflict
B) Nonsensical term
C) A term of endearment for a significant other
D) An all denim outfit

Respond with only the letter of your answer (A, B, C, or D).","B

The phrase ""coota suit"" has no established meaning in English slang, fashion terminology, or idiom; none of the listed definitions (conflict, endearment, or denim outfit) matches any attested usage, rendering the expression nonsensical.",2026-06-12T18:52:03.876401+00:00
242,2,row_041,Crashout,General,grok,B,A,B,True,False,"In the following sentence, what does ""Crashout"" mean?
Jen had a total crashout after her breakup

Select only one answer.
A) a vehicular crash
B) An emotional meltdown
C) Someone that travels abroad with the sole purpose of having sex
D) Money

Respond with only the letter of your answer (A, B, C, or D).",B,2026-06-12T18:52:06.814051+00:00
243,2,row_042,Cringe,General,grok,C,,C,True,False,"In the following sentence, what does ""Cringe"" mean?
Did you hear that pickup line? It was totally cringe!

Select only one answer.
A) A man that takes care of children
B) An unpopular opinion
C) to recoil in distaste
D) To prepare for a fight

Respond with only the letter of your answer (A, B, C, or D).","C 

The sentence uses ""cringe"" as modern slang for something so awkward or embarrassing that it provokes a physical reaction of distaste or embarrassment (i.e., to cringe). Among the given choices, only option C matches this established meaning; the others are unrelated.",2026-06-12T18:52:10.045580+00:00
244,2,row_043,crower,Insult,grok,D,,D,True,False,"In the following sentence, what does ""crower"" mean?
Stop sitting around and being a crower

Select only one answer.
A) Saying something secretive or to keep low profile
B) Ending the discussion on a topic
C) To express disbelief
D) Someone who sitts around commenting about others

Respond with only the letter of your answer (A, B, C, or D).","D


The term ""crower"" is not standard English but can be reasonably inferred from the verb ""to crow,"" which means to boast, brag, or comment loudly/triumphantly (often in an idle or critical way). The sentence context—""Stop sitting around and being a crower""—directly evokes someone who is inactive yet vocal about others, matching option D. Options A–C have no etymological or contextual link to ""crow.""",2026-06-12T18:52:14.712988+00:00
245,2,row_044,cuck,Insult,grok,D,C,A,False,False,"In the following sentence, what does ""cuck"" mean?
That guy must be a cuck letting his wife talk to others like that.

Select only one answer.
A) Someone weak or a follower
B) A descriptor for an attractive person
C) a man whose wife is unfaithful : cuckold
D) A term for someone that enjoys watching their wife have sex with another man

Respond with only the letter of your answer (A, B, C, or D).","A


The term ""cuck"" in the given sentence functions as a slang insult implying weakness or emasculation for permitting the wife’s behavior, rather than denoting literal infidelity, fetish enjoyment, or attractiveness. This usage aligns with the broadened modern sense of the word as an epithet for submissiveness, not the narrow traditional definition of cuckoldry.",2026-06-12T18:52:20.713895+00:00
246,2,row_045,d-low,General,grok,C,,C,True,False,"In the following sentence, what does ""d-low"" mean?
Keep it on the d-low, okay?

Select only one answer.
A) Mercedes Benz G class
B) Used to refer to the social media platforms one uses
C) To keep secretive or obscure
D) An attractive older man

Respond with only the letter of your answer (A, B, C, or D).","C


The phrase ""keep it on the d-low"" is a phonetic spelling of the common idiom ""keep it on the down-low"" (also abbreviated ""DL""). This expression means to keep something secret, quiet, or discreet. Among the given choices, only option C captures that meaning; the others refer to unrelated slang or brand names that have no connection to the sentence.",2026-06-12T18:52:23.793356+00:00
247,2,row_046,daggers,General,grok,B,C,B,True,False,"In the following sentence, what does ""daggers"" mean?
Lets hit the dance floor and do the start daggering.

Select only one answer.
A) To win
B) A provocative dance
C) a sharp pointed knife for stabbing
D) drunk

Respond with only the letter of your answer (A, B, C, or D).",B,2026-06-12T18:52:26.849522+00:00
248,2,row_047,Ded,General,grok,C,,C,True,False,"In the following sentence, what does ""Ded"" mean?
I'm ded

Select only one answer.
A) The positive or relaxing energy of a place
B) Something really good
C) To metaphorically die of laughter
D) To do somethign very well

Respond with only the letter of your answer (A, B, C, or D).",C,2026-06-12T18:52:29.330486+00:00
249,2,row_048,Delulu,General,grok,D,,D,True,False,"In the following sentence, what does ""Delulu"" mean?
I'm feeling delulu after that show.

Select only one answer.
A) the playful act of taking a friend's food
B) Men that lack masculine characteristics
C) An expression of disbelief
D) Delusional

Respond with only the letter of your answer (A, B, C, or D).",D,2026-06-12T18:52:31.660197+00:00
250,2,row_049,Dog water,Insult,grok,B,,B,True,False,"In the following sentence, what does ""Dog water"" mean?
You are playing like dog water.

Select only one answer.
A) to aggrivate
B) Something low quality or bad
C) Someone unappealing
D) Very good

Respond with only the letter of your answer (A, B, C, or D).",B,2026-06-12T18:52:33.867248+00:00
251,2,row_050,doommaxxing,Identity,grok,D,,D,True,False,"In the following sentence, what does ""doommaxxing"" mean?
I'm just gonna be doommaxxing all weekend.

Select only one answer.
A) someone that looks ordinary but is actually very strong
B) The positive or relaxing energy of a place
C) an expression of surprise
D) The abandonment of responsibilities

Respond with only the letter of your answer (A, B, C, or D).","D 

The term ""doommaxxing"" is a portmanteau of ""doom"" (as in doomscrolling or wallowing in negative/pessimistic content) + the ""-maxxing"" suffix (popularized in online subcultures to mean ""maximizing"" an activity or state to an extreme degree). In the given sentence it therefore denotes deliberately spending the weekend in a state of total disengagement—i.e., abandoning responsibilities and productivity in favor of passive, often self-defeating online or mental habits. Among the supplied choices, only D captures that sense of deliberate withdrawal from obligations.",2026-06-12T18:52:38.620598+00:00
252,2,row_051,Dope,General,grok,C,B,C,True,False,"In the following sentence, what does ""Dope"" mean?
That car is dope.

Select only one answer.
A) To mastrubate for extremeely long period regularly
B) a stupid person
C) Cool
D) Something really good

Respond with only the letter of your answer (A, B, C, or D).","C


The slang term ""dope"" functions here as a predicative adjective modifying ""car."" In contemporary informal English it is synonymous with ""cool,"" ""excellent,"" or ""impressive.""  

- Option A is a fabricated, irrelevant definition with no lexical support.  
- Option B reflects an older, now rare pejorative sense (""fool"") that does not fit the positive evaluative context.  
- Option D paraphrases the same idea but converts it into a nominal phrase; the sentence structure requires an adjectival reading.  

Hence only C supplies the grammatically and semantically appropriate gloss.",2026-06-12T18:52:46.780280+00:00
253,2,row_052,Drip,Identity,grok,D,B,D,True,False,"In the following sentence, what does ""Drip"" mean?
How is the drip?

Select only one answer.
A) a live-action role-playing game in which a group of people enacts a fictional scenario (such as a fantasy adventure) in real time typically under the guidance of a facilitator or organizer; also : the activity of participating in such games : larping
B) to let fall in drops
C) To tie up an arm to isolate a vein for injecting a drug
D) Stylish or flashy outfit style

Respond with only the letter of your answer (A, B, C, or D).","D 

The sentence uses ""drip"" as contemporary slang (originating in hip-hop/urban culture) for an attractive or expensive-looking outfit. This matches definition D exactly and does not fit any of the other options.",2026-06-12T18:52:49.691538+00:00
254,2,row_053,DTF,Sexual,grok,D,,D,True,False,"In the following sentence, what does ""DTF"" mean?
She was totally DTF after the first date.

Select only one answer.
A) Cancer
B) To knock someone out
C) Gross buildup between the toes
D) Down to fuck

Respond with only the letter of your answer (A, B, C, or D).","D


The acronym ""DTF"" is a common piece of English slang that expands directly to ""down to fuck,"" indicating willingness to engage in sexual activity. In the given sentence the phrase functions idiomatically and naturally only under that reading; the other three options are unrelated in both meaning and register and produce nonsensical or incoherent sentences.",2026-06-12T18:52:53.154313+00:00
255,2,row_054,dubs,General,grok,D,C,D,True,False,"In the following sentence, what does ""dubs"" mean?
Take home the dubs!

Select only one answer.
A) A criminal that turned their life arpound and are legitimate
B) Go in 100% on something
C) to add (sound effects or new dialogue) to a film or to a radio or television production —usually used with in
D) To win

Respond with only the letter of your answer (A, B, C, or D).","D 

The phrase ""take home the dubs"" is a common slang construction (especially in sports, gaming, or competitive contexts) in which ""dub"" is a clipped form of ""W"" (win). The imperative therefore means ""secure victories"" or ""come away with wins,"" which matches definition D and rules out the unrelated senses in A–C.",2026-06-12T18:52:56.512879+00:00
256,2,row_055,epi,General,grok,D,,D,True,False,"In the following sentence, what does ""epi"" mean?
Watch out, hes going through an epi.

Select only one answer.
A) To refer to ones imaginary audience like an internet steamer
B) fake soft penises and testicles designed to give a 'male' bulge to the crotches of female-to-male transsexuals.
C) A distinct trait, style, or outfit, often used in drag culture
D) Epileptic fit from a synthetic canabis

Respond with only the letter of your answer (A, B, C, or D).","D

The sentence warns of an imminent medical emergency (""going through an epi""), which aligns only with option D: synthetic cannabinoids are well-documented to trigger seizures, and ""epi"" is a plausible clipped form of ""epileptic fit"" in that context. Options A–C refer to unrelated subcultural or technical terms that cannot plausibly be substituted into the given sentence without changing its syntax and meaning.",2026-06-12T18:53:00.904178+00:00
257,2,row_056,F,General,grok,A,B,A,True,False,"In the following sentence, what does ""F"" mean?
I almost had that one. F.

Select only one answer.
A) To give sympathy or signify a failure
B) the 6th letter of the English alphabet
C) A mauser C96 pistol
D) A strong, leader who commands those around them

Respond with only the letter of your answer (A, B, C, or D).",A,2026-06-12T18:53:03.287685+00:00
258,2,row_057,Fanum Tax,General,grok,A,,A,True,False,"In the following sentence, what does ""Fanum Tax"" mean?
I was at dinner with my girl and she fanum taxed me.

Select only one answer.
A) the playful act of taking a friend's food
B) Someone who sitts around commenting about others
C) A nicotine pouch held between the upper lip and gums
D) A canabis based cigarette that needs two paper rolls

Respond with only the letter of your answer (A, B, C, or D).","A 

The term ""Fanum tax"" originates from Twitch/YouTube streamer Fanum (of the AMP collective). In his streams he habitually takes a bite of his friends’ food on camera; the community dubbed this habitual “tax,” turning the phrase into meme slang for playfully stealing a portion of someone else’s meal. The sentence therefore uses the verb form to mean the girl took some of the speaker’s food. Options B–D have no connection to the meme or the context.",2026-06-12T18:53:06.264237+00:00
259,2,row_058,FBOI,Sexual,grok,A,,A,True,False,"In the following sentence, what does ""FBOI"" mean?
She just needs a FBOI to gegt out of her slump.

Select only one answer.
A) Fuckboy, someone just looking for sex
B) Go in 100% on something
C) Talking too much
D) Someone that is too much of a fan of something

Respond with only the letter of your answer (A, B, C, or D).","A 

The acronym ""FBOI"" is a stylized spelling of the slang term ""fuckboi"" (or ""fuckboy""), referring to a man primarily seeking casual sex with no emotional attachment. This fits the sentence context directly: the speaker is suggesting that casual, no-strings sexual attention would help the woman exit a depressive or unmotivated state (""slump"").  

The remaining choices can be ruled out on both linguistic and contextual grounds:  
- B describes all-in commitment, unrelated to the letters F-B-O-I.  
- C refers to excessive chatter, again without acronym support.  
- D evokes ""fanboy,"" usually spelled ""fanboi,"" but that meaning yields no coherent reading of the sentence.  

Thus only option A supplies both the correct expansion and a semantically plausible interpretation.",2026-06-12T18:53:11.431404+00:00
260,2,row_059,Fire,General,grok,B,C,B,True,False,"In the following sentence, what does ""Fire"" mean?
That game war fire!

Select only one answer.
A) Something that appears mundane but has hidden potential
B) Something really good
C) the phenomenon of combustion manifested in light, flame, and heat
D) Someone weak or a follower

Respond with only the letter of your answer (A, B, C, or D).",B,2026-06-12T18:53:13.601600+00:00
261,2,row_060,Flex,General,grok,B,A,B,True,False,"In the following sentence, what does ""Flex"" mean?
Vinny with the car flex.

Select only one answer.
A) to bend especially repeatedly
B) To show off
C) fake soft penises and testicles designed to give a 'male' bulge to the crotches of female-to-male transsexuals.
D) Irritated, bitter, or resentful

Respond with only the letter of your answer (A, B, C, or D).","B 

The sentence ""Vinny with the car flex"" uses contemporary slang (common in hip-hop/Internet vernacular) in which ""flex"" denotes ostentatious display of status or possessions—in this case, a car. This reading aligns directly with option B and is incompatible with the literal, anatomical, or emotional senses listed in A, C, and D.",2026-06-12T18:53:16.631820+00:00
262,2,row_061,foid,Insult,grok,D,,D,True,False,"In the following sentence, what does ""foid"" mean?
Their was this group of foids at the store earlier, I couldn't satnd them!

Select only one answer.
A) An expression of disappointment
B) Go in 100% on something
C) Irritated, bitter, or resentful
D) A term used by incels to refer to women in a way that dehumanizes them.

Respond with only the letter of your answer (A, B, C, or D).","D


(The sentence context and definition align exclusively with D; other options are semantically and grammatically incompatible.)",2026-06-12T18:53:20.417105+00:00
263,2,row_062,Fuckboy,Sexual,grok,B,,B,True,False,"In the following sentence, what does ""Fuckboy"" mean?
That guy gave off total fuckboy energy.

Select only one answer.
A) Someone that tries really hard to impress their crush
B) Fuckboy, someone just looking for sex
C) To be skeptical about something
D) used to mock spoiled kids

Respond with only the letter of your answer (A, B, C, or D).","B


The term ""fuckboy"" (or ""fuckboi"") is well-established internet/slang usage referring to a man whose primary or sole interest in women is sexual, often implying he is manipulative, disrespectful, or a ""player."" The sentence ""gave off total fuckboy energy"" is a common way of saying the person exhibited those stereotypical traits. Option B is the only choice that matches this definition; the others describe unrelated behaviors or slang.",2026-06-12T18:53:24.289521+00:00
264,2,row_063,fuckwhistle,Insult,grok,C,,C,True,False,"In the following sentence, what does ""fuckwhistle"" mean?
Get out of here you fuckwhistle!

Select only one answer.
A) To give sympathy or signify a failure
B) A term for someone that enjoys watching their wife have sex with another man
C) An insulting term to refer to someone as stupid
D) A term used to describe a baby raised in a gender neutral environment

Respond with only the letter of your answer (A, B, C, or D).",C,2026-06-12T18:53:27.507975+00:00
265,2,row_064,Full send,General,grok,B,,B,True,False,"In the following sentence, what does ""Full send"" mean?
I'm about to full send on this test!

Select only one answer.
A) A reaction to something uncomfortable
B) Go in 100% on something
C) An emotional meltdown
D) To get arrested

Respond with only the letter of your answer (A, B, C, or D).",B,2026-06-12T18:53:29.780012+00:00
266,2,row_065,FWB,Sexual,grok,C,,C,True,False,"In the following sentence, what does ""FWB"" mean?
Yea, we started a FWB sort of thing.

Select only one answer.
A) A criminal that turned their life arpound and are legitimate
B) Someone acting aggressively and out of control
C) Friends with benefits
D) Someone who refused to wear a mask in covid times.

Respond with only the letter of your answer (A, B, C, or D).",C,2026-06-12T18:53:32.497780+00:00
267,2,row_066,G-wagon,General,grok,D,,D,True,False,"In the following sentence, what does ""G-wagon"" mean?
Yo, check out that g-wagon!

Select only one answer.
A) To make a jawline more defined
B) Irritated, bitter, or resentful
C) A reaction to something uncomfortable
D) Mercedes Benz G class

Respond with only the letter of your answer (A, B, C, or D).","D


The sentence uses ""g-wagon"" as an informal reference to a vehicle. ""G-Wagon"" is the common nickname for the Mercedes-Benz G-Class SUV, frequently shortened to G-Wagon (or G-Wag) in casual speech. The exclamation ""check out that..."" is typical when pointing out an expensive or eye-catching car, which aligns directly with option D and rules out the unrelated meanings in A–C.",2026-06-12T18:53:35.625244+00:00
268,2,row_067,gabadost,Identity,grok,A,,A,True,False,"In the following sentence, what does ""gabadost"" mean?
Did you even listen to me? Gabadost!

Select only one answer.
A) Someone who is very stubborn
B) A person who is very good at spotting a lie
C) Something low quality or bad
D) A term used to say that someone is online too much and needs to get back to real life

Respond with only the letter of your answer (A, B, C, or D).","A 

The word ""gabadost"" is not attested in English (or any other language) and appears to be invented for the query. In the given sentence it functions as a direct address or epithet immediately after an accusation of not listening, which pragmatically aligns with the meaning in option A. The other options are either semantically mismatched (B, D) or too vague to fit the syntactic slot (C).",2026-06-12T18:53:40.060307+00:00
269,2,row_068,Giga Chad,Identity,grok,C,,C,True,False,"In the following sentence, what does ""Giga Chad"" mean?
Did you see how he lifted that? What a giga chad.

Select only one answer.
A) Something really good
B) A distinct trait, style, or outfit, often used in drag culture
C) A near superhuman perfect male
D) A mauser C96 pistol

Respond with only the letter of your answer (A, B, C, or D).",C,2026-06-12T18:53:42.729915+00:00
270,2,row_069,Glazing,Insult,grok,B,A,B,True,False,"In the following sentence, what does ""Glazing"" mean?
Stop glazing over One Piece, its not that good.

Select only one answer.
A) the action, process, or trade of fitting windows with glass
B) Someone that is too much of a fan of something
C) A term to support someone going through a gender change.
D) A fashionable look

Respond with only the letter of your answer (A, B, C, or D).","B

The sentence uses ""glazing"" as slang for excessive praise or hype (e.g., overhyping One Piece). Among the given choices, only B is thematically related to fandom, making it the sole non-irrelevant option even though the wording is imprecise (the verb form refers to the act rather than the person). All other options are either literal/archaic (A) or unrelated (C, D).",2026-06-12T18:53:48.951819+00:00
271,2,row_070,Glee,Violence,grok,A,C,C,False,True,"In the following sentence, what does ""Glee"" mean?
Grab your glee and get outta here!

Select only one answer.
A) A glock pistol
B) intensely and openely say something true
C) exultant high-spirited joy : merriment
D) Cool

Respond with only the letter of your answer (A, B, C, or D).",C,2026-06-12T18:53:56.233895+00:00
272,2,row_071,glitter,Identity,grok,D,A,A,False,True,"In the following sentence, what does ""glitter"" mean?
Go out htere and glittter!

Select only one answer.
A) to shine by reflection with many small flashes of brilliant light : sparkle
B) drunk
C) Ironically used to describe one as unique
D) A term to support someone going through a gender change.

Respond with only the letter of your answer (A, B, C, or D).","A

The sentence is an exhortation to ""go out there and glitter,"" which employs the standard definition of the verb ""glitter"" (to sparkle or shine brightly) in a figurative sense of standing out or performing brilliantly. No slang, ironic, or specialized usage is indicated by the wording or context, so the literal dictionary sense in A is the only match.",2026-06-12T18:54:00.598360+00:00
273,2,row_072,glizzy,General,grok,A,,A,True,False,"In the following sentence, what does ""glizzy"" mean?
Hey, lets grab some costco glizzys before we go.

Select only one answer.
A) A hot dog
B) Delusional
C) Charisma
D) To be high or drunk

Respond with only the letter of your answer (A, B, C, or D).",A,2026-06-12T18:54:02.700761+00:00
274,2,row_073,Goated,General,grok,A,,A,True,False,"In the following sentence, what does ""Goated"" mean?
That play was goated

Select only one answer.
A) The greatest of all time
B) An insulting term to refer to someone as stupid
C) something intense, aggressive, and unfiltered
D) A descriptor for an attractive person

Respond with only the letter of your answer (A, B, C, or D).","A


The term ""goated"" is derived directly from the common acronym GOAT (""Greatest Of All Time""). In the given sentence it functions as a slang predicate adjective asserting that the play in question was exceptionally great or exemplary, exactly matching definition A. The remaining options have no attested connection to this usage: B reflects a separate, pejorative sense of ""goat"" (scapegoat); C and D correspond to unrelated slang items.",2026-06-12T18:54:05.665281+00:00
275,2,row_074,Gooning,Sexual,grok,B,,B,True,False,"In the following sentence, what does ""Gooning"" mean?
He looks like he was gooning all break

Select only one answer.
A) A term for baby that people will call their significant other.
B) Prolonged masturbation
C) To be high or drunk
D) To tie up an arm to isolate a vein for injecting a drug

Respond with only the letter of your answer (A, B, C, or D).","B


The term ""gooning"" is internet/pornography slang referring to a trance-like state induced by extended masturbation sessions (often involving edging). This fits the provided sentence contextually, as the other options are unrelated slang or actions that do not match the phrasing or common usage.",2026-06-12T18:54:09.424146+00:00
276,2,row_075,goonmaxxing,Identity,grok,D,,D,True,False,"In the following sentence, what does ""goonmaxxing"" mean?
He's been spending all summer goonmaxxing in his room

Select only one answer.
A) Age Sex Location
B) Gossip
C) Charisma
D) To mastrubate for extremeely long period regularly

Respond with only the letter of your answer (A, B, C, or D).",D,2026-06-12T18:54:12.417107+00:00
277,2,row_076,gouda,General,grok,D,A,A,False,True,"In the following sentence, what does ""gouda"" mean?
Stop being so gouda.

Select only one answer.
A) a mild cheese of Dutch origin that is similar to Edam but contains more fat
B) Irritated, bitter, or resentful
C) A reference for ass
D) Someone unappealing

Respond with only the letter of your answer (A, B, C, or D).","A

The word ""gouda"" has only one established meaning in English: the Dutch cheese described in option A. In the given sentence it is being used playfully or punningly, but it does not acquire any of the figurative senses listed in B–D. Therefore the sole correct choice is the literal definition.",2026-06-12T18:54:21.589119+00:00
278,2,row_077,greazy,Insult,grok,C,,C,True,False,"In the following sentence, what does ""greazy"" mean?
You lookin greazy today.

Select only one answer.
A) cocaine
B) A loud and messy conflict
C) Poorly dressed
D) To give sympathy or signify a failure

Respond with only the letter of your answer (A, B, C, or D).","C 

The slang term ""greazy"" (a stylized spelling of ""greasy"") is used here to comment on someone's unkempt or sloppy appearance. Among the given choices, this matches option C (""Poorly dressed"") most directly; the other options have no attested connection to the word in this syntactic frame.",2026-06-12T18:54:25.317906+00:00
279,2,row_078,Griddy,General,grok,C,,C,True,False,"In the following sentence, what does ""Griddy"" mean?
Hit the griddy!

Select only one answer.
A) The positive or relaxing energy of a place
B) Ending the discussion on a topic
C) A dance move
D) The abandonment of responsibilities

Respond with only the letter of your answer (A, B, C, or D).","C


The phrase ""hit the griddy"" is a colloquial imperative that directly references a specific, well-known dance move (the ""Griddy"") popularized in American football celebrations and social-media videos. Among the listed choices, only option C matches this established meaning; the remaining options describe unrelated slang concepts (vibe, closure, or disengagement).",2026-06-12T18:54:28.286799+00:00
280,2,row_079,grips up,Violence,grok,D,,D,True,False,"In the following sentence, what does ""grips up"" mean?
grips up, we gotta head out.

Select only one answer.
A) A kilo of cocaine
B) a bad charisma
C) Cool
D) To prepare for a fight

Respond with only the letter of your answer (A, B, C, or D).","D

The phrase ""grips up"" is street/rap slang (chiefly UK drill) in which ""grip"" = firearm; ""grips up"" therefore means to ready or draw weapons before heading into a confrontation. Only option D matches that sense and the sentence syntax; the other choices are semantically or grammatically incompatible.",2026-06-12T18:54:32.921520+00:00
281,2,row_080,Gyatt,General,grok,A,,A,True,False,"In the following sentence, what does ""Gyatt"" mean?
Oh, my gyatt, I really wanna see you.

Select only one answer.
A) an expression of surprise
B) To mastrubate for extremeely long period regularly
C) Used to address friends with exasperation, releif, or disbeleif.
D) To refer to ones imaginary audience like an internet steamer

Respond with only the letter of your answer (A, B, C, or D).","A

The slang term ""gyatt"" (or ""gyat"") is an abbreviated form of the exclamation ""goddamn"" (often rendered as ""gyat damn""). It functions as a spontaneous interjection expressing surprise or emphatic admiration, most commonly triggered by the sight of a prominent posterior. In the given sentence, the phrase ""Oh, my gyatt"" is a direct parallel to ""Oh my god,"" confirming its use as an expression of surprise and thereby matching option A. The remaining choices describe unrelated slang (""goon,"" ""bruh,"" or ""chat"") and can be eliminated on that basis.",2026-06-12T18:54:37.334913+00:00
282,2,row_081,haps,General,grok,A,,A,True,False,"In the following sentence, what does ""haps"" mean?
haps tonight?

Select only one answer.
A) Short for happening
B) To tie up an arm to isolate a vein for injecting a drug
C) An expression of disappointment
D) A criminal that turned their life arpound and are legitimate

Respond with only the letter of your answer (A, B, C, or D).","A

The phrase ""haps tonight?"" is an abbreviated slang construction in which ""haps"" is understood as a clipped form of ""happenings."" In informal English, especially among younger speakers and in text messaging, ""the haps"" or simply ""haps"" is conventionally used to mean ""what is happening"" or ""what events are planned.""  

- Option B describes a tourniquet technique associated with intravenous drug use; that sense is lexicalized as ""tie off,"" not ""haps.""  
- Option C has no attested meaning for the word.  
- Option D refers to the concept of a ""reformed"" or ""straightened-out"" offender; again, no lexical link to ""haps"" exists.  

Thus only A supplies the attested, contextually appropriate gloss.",2026-06-12T18:54:41.691420+00:00
283,2,row_082,hem up,General,grok,C,,C,True,False,"In the following sentence, what does ""hem up"" mean?
Bro, don't hem up.

Select only one answer.
A) A near superhuman perfect male
B) The anus
C) To get arrested
D) Someone who refused to wear a mask in covid times.

Respond with only the letter of your answer (A, B, C, or D).","C

The phrase ""hem up"" (or more commonly ""hemmed up"") is urban/street slang meaning to be confronted, cornered, or detained—frequently by police—i.e., to get arrested or otherwise jammed up. The imperative ""don't hem up"" is therefore a warning against that outcome. The remaining choices have no attested connection to the expression.",2026-06-12T18:54:46.465168+00:00
284,2,row_083,highkey,General,grok,D,A,D,True,False,"In the following sentence, what does ""highkey"" mean?
Highkey, this place is great!

Select only one answer.
A) having or producing light tones only with little contrast —used of a photographic print or subject or of the lighting of a photographic subject
B) Men that lack masculine characteristics
C) to aggrivate
D) intensely and openely say something true

Respond with only the letter of your answer (A, B, C, or D).","D 

The slang term ""highkey"" (the opposite of the more common ""lowkey"") is used to indicate that a statement is being made openly, strongly, or without subtlety. In the given sentence it functions as an intensifier equivalent to ""I openly admit"" or ""straight up,"" which matches definition D. The other options describe unrelated concepts (photographic lighting, a pejorative for certain men, or the verb ""aggravate"").",2026-06-12T18:54:49.454168+00:00
285,2,row_084,Hits different,General,grok,D,,D,True,False,"In the following sentence, what does ""Hits different"" mean?
This hot dog hits different.

Select only one answer.
A) Used to address friends with exasperation, releif, or disbeleif.
B) The videos one find on social media that cause people to scroll and do nothign for hours
C) Something suspicious
D) Something very good

Respond with only the letter of your answer (A, B, C, or D).","D

The phrase ""hits different"" is modern slang indicating that something produces an unusually strong or distinctive positive impact (often sensory or emotional) compared with the norm. In the sentence ""This hot dog hits different,"" the intended meaning is therefore that the hot dog tastes exceptionally good. Option D is the only choice that aligns with this established usage; the other options describe unrelated slang or concepts.",2026-06-12T18:54:53.486215+00:00
286,2,row_085,Ick,Insult,grok,A,,A,True,False,"In the following sentence, what does ""Ick"" mean?
His hairdue gave me the ick.

Select only one answer.
A) A sudden feeling of disguest or repultion towards someone.
B) Someone weak or a follower
C) To check the mood of a situation
D) Something ugly or unattractive

Respond with only the letter of your answer (A, B, C, or D).",A,2026-06-12T18:54:56.132191+00:00
287,2,row_086,IJBOL,General,grok,C,,C,True,False,"In the following sentence, what does ""IJBOL"" mean?
That was aso funny. IJBOL!

Select only one answer.
A) To be fierce and unapologetic withing a social situation
B) Someone who deliberatly acts in ways to annoy or anger a group of people online.
C) I just burst out laughing
D) A canister of nitrous oxide

Respond with only the letter of your answer (A, B, C, or D).",C,2026-06-12T18:54:58.188383+00:00
288,2,row_087,Ipad Kid,General,grok,C,,C,True,False,"In the following sentence, what does ""Ipad Kid"" mean?
They are just a bunch of Ipad kids.

Select only one answer.
A) An insult saying that the problem is due to lack of skill rather then luck
B) To manipulated, trick, or fool someone
C) used to mock spoiled kids
D) A man that takes care of children

Respond with only the letter of your answer (A, B, C, or D).",C,2026-06-12T18:55:02.919610+00:00
289,2,row_088,Jebaited,General,grok,C,,C,True,False,"In the following sentence, what does ""Jebaited"" mean?
Get jebaited!

Select only one answer.
A) Short for happening
B) Something very good
C) To manipulated, trick, or fool someone
D) Something done regularly

Respond with only the letter of your answer (A, B, C, or D).",C,2026-06-12T18:55:06.325675+00:00
290,2,row_089,jestermaxxing,Identity,grok,A,,A,True,False,"In the following sentence, what does ""jestermaxxing"" mean?
Tommy's jestermaxxing in class just to annoy the teacher.

Select only one answer.
A) Someone who acts tries to act entertaining and amuzingly relentlessly
B) To metaphorically die of laughter
C) Ending the discussion on a topic
D) Used to address friends with exasperation, releif, or disbeleif.

Respond with only the letter of your answer (A, B, C, or D).","A 

The term ""jestermaxxing"" is formed from the suffix ""-maxxing,"" which is common in online slang (particularly incel/4chan communities) to denote maximizing a given behavior or trait to an extreme degree. A ""jester"" is a clown-like figure whose role is to entertain through antics or jokes; therefore the compound describes relentlessly acting in a foolish, attention-seeking, and amusing manner.  

In the given sentence the behavior is performed explicitly ""to annoy the teacher,"" which aligns directly with option A’s description of someone who “tries to act entertaining and amusingly relentlessly.” The remaining options describe unrelated slang phenomena (laughter hyperbole, thread closure, or vocative particles) and can be eliminated on semantic grounds.",2026-06-12T18:55:10.275172+00:00
291,2,row_090,Jit,Insult,grok,A,,A,True,False,"In the following sentence, what does ""Jit"" mean?
Who is this jit?

Select only one answer.
A) Someone younger
B) To keep secretive or obscure
C) Charisma
D) sex

Respond with only the letter of your answer (A, B, C, or D).","A


The term ""jit"" is a piece of regional Florida slang (especially Tampa/central Florida) that refers to a young person or kid, roughly equivalent to ""shorty"" or ""youngster."" In the sentence ""Who is this jit?"" the word is being used exactly in that sense, which directly matches option A. The other choices have no attested connection to the word in this context.",2026-06-12T18:55:13.585474+00:00
292,2,row_091,K.Y. cowboy,Insult,grok,D,,D,True,False,"In the following sentence, what does ""K.Y. cowboy"" mean?
Stop being such a K.Y. cowboy.

Select only one answer.
A) To stab or shoot
B) To refer to ones imaginary audience like an internet steamer
C) An older person who is out of touch
D) A homosexual cowboy

Respond with only the letter of your answer (A, B, C, or D).","D

The phrase ""K.Y. cowboy"" is a derogatory slang construction that exploits the well-known brand of personal lubricant (K-Y) commonly associated with anal sex. By pairing that abbreviation with ""cowboy,"" the expression functions as a coded insult implying homosexuality; the sentence therefore tells the addressee to stop behaving like a gay man. None of the other listed definitions (stabbing/shooting, imaginary audience, or generational disconnect) have any attested connection to the term.",2026-06-12T18:55:19.082361+00:00
293,2,row_092,keep it 100,General,grok,D,,D,True,False,"In the following sentence, what does ""keep it 100"" mean?
Keep it 100, dod you see her last night?

Select only one answer.
A) Get to the point
B) Saying something secretive or to keep low profile
C) An endeering term used towards ones significant other
D) To be honest about something

Respond with only the letter of your answer (A, B, C, or D).",D,2026-06-12T18:55:21.617623+00:00
294,2,row_093,KHHV,Insult,grok,D,,D,True,False,"In the following sentence, what does ""KHHV"" mean?
Looks like a total KHHV.

Select only one answer.
A) to recoil in distaste
B) An older person who is out of touch
C) Somehting that is poor quality
D) An incel term meaning kissless, hugless, handholdless virgin

Respond with only the letter of your answer (A, B, C, or D).",D,2026-06-12T18:55:23.632485+00:00
295,2,row_094,knot off,Drugs,grok,D,,D,True,False,"In the following sentence, what does ""knot off"" mean?
Get ready to knot off, I have the H.

Select only one answer.
A) Someone who is very stubborn
B) Used to mock someone who doesnt think for themselves, says things repeatedly, or has no opinions
C) An incel term for an attractive middle eastern man
D) To tie up an arm to isolate a vein for injecting a drug

Respond with only the letter of your answer (A, B, C, or D).","D

The phrase appears in the sentence “Get ready to knot off, I have the H.”  
“H” is standard drug slang for heroin. “Knot off” (a close variant of the more common “tie off”) refers to the act of wrapping a tourniquet or cord around the upper arm so that a vein becomes prominent and easier to inject into.  

None of the other choices—stubbornness, mocking a lack of independent thought, or an incel descriptor—have any semantic or contextual connection to the sentence. The drug-use reading is therefore the only one that fits.",2026-06-12T18:55:26.772308+00:00
296,2,row_095,kweff,Violence,grok,A,,A,True,False,"In the following sentence, what does ""kweff"" mean?
Lock, aim, and kweff.

Select only one answer.
A) To stab or shoot
B) Money
C) A stereotypical alpha male that is strong, handsome, and attracts women.
D) A term to support someone going through a gender change.

Respond with only the letter of your answer (A, B, C, or D).","A 

The phrase ""Lock, aim, and kweff"" is a clear structural parallel to the common imperative ""lock, aim, and shoot/fire."" Among the given choices, only option A supplies a verb that preserves that imperative sense and fits the syntactic slot. The remaining options (money, alpha-male archetype, gender-support term) have no semantic or collocational relationship to the surrounding words.",2026-06-12T18:55:31.891391+00:00
297,2,row_096,L,General,grok,D,A,D,True,False,"In the following sentence, what does ""L"" mean?
We took the L at the basketball match.

Select only one answer.
A) the 12th letter of the English alphabet
B) Something that is reallly good.
C) fake soft penises and testicles designed to give a 'male' bulge to the crotches of female-to-male transsexuals.
D) A loss or failure

Respond with only the letter of your answer (A, B, C, or D).","D 

The phrase ""took the L"" is common English slang (originating in sports and hip-hop culture) for suffering a defeat or accepting a loss. In the given sentence it therefore unambiguously denotes ""a loss or failure,"" which matches option D. Options A–C are either literal, antonymic, or wholly unrelated definitions that do not fit the idiomatic usage.",2026-06-12T18:55:35.008319+00:00
298,2,row_097,lacag,General,grok,B,,B,True,False,"In the following sentence, what does ""lacag"" mean?
I'll be out making lacag.

Select only one answer.
A) Epileptic fit from a synthetic canabis
B) Money
C) fake soft penises and testicles designed to give a 'male' bulge to the crotches of female-to-male transsexuals.
D) Mercedes Benz G class

Respond with only the letter of your answer (A, B, C, or D).","B 

The term ""lacag"" is a Somali noun that directly translates to ""money"" (or currency/cash). This produces a natural, idiomatic English sentence (""I'll be out making money""), whereas the other choices are unrelated slang or proper nouns that would render the sentence nonsensical.",2026-06-12T18:55:37.534300+00:00
299,2,row_098,larp,General,grok,B,,B,True,False,"In the following sentence, what does ""larp"" mean?
I went to a LARP at the park this weekend.

Select only one answer.
A) Down to fuck
B) a live-action role-playing game in which a group of people enacts a fictional scenario (such as a fantasy adventure) in real time typically under the guidance of a facilitator or organizer; also : the activity of participating in such games : larping
C) A submissive male that is often outside of traditional social hierarchies
D) Gossip

Respond with only the letter of your answer (A, B, C, or D).","B 

The term ""LARP"" is an acronym that directly expands to the definition given in option B: a live-action role-playing game. In the provided sentence, the context of an organized event ""at the park"" aligns with typical LARP gatherings, where participants enact scenarios outdoors. The other options have no semantic or etymological connection to the term.",2026-06-12T18:55:39.389160+00:00
300,2,row_099,lewk,General,grok,A,,A,True,False,"In the following sentence, what does ""lewk"" mean?
Jim is using his signature lewk tonight.

Select only one answer.
A) A distinct trait, style, or outfit, often used in drag culture
B) A term for baby that people will call their significant other.
C) drunk
D) a live-action role-playing game in which a group of people enacts a fictional scenario (such as a fantasy adventure) in real time typically under the guidance of a facilitator or organizer; also : the activity of participating in such games : larping

Respond with only the letter of your answer (A, B, C, or D).","A 

The term ""lewk"" is a deliberate phonetic respelling of ""look,"" popularized in drag and fashion communities to denote a highly stylized, distinctive outfit or overall aesthetic. In the given sentence, ""signature lewk"" therefore functions as a playful reference to Jim’s characteristic style, aligning directly with definition A and excluding the unrelated meanings in B–D.",2026-06-12T18:55:42.422804+00:00
301,2,row_100,lidge,General,grok,C,,C,True,False,"In the following sentence, what does ""lidge"" mean?
I'm gettin money lidge.

Select only one answer.
A) A submissive male that is often outside of traditional social hierarchies
B) A loss or failure
C) A criminal that turned their life arpound and are legitimate
D) Ironically used to describe one as unique

Respond with only the letter of your answer (A, B, C, or D).","C


The slang term ""lidge"" is a clipped/abbreviated form of ""legit,"" used here as an adverbial intensifier to assert that the money in question is obtained legitimately. In contemporary AAVE-influenced online usage, the word carries the additional connotation of a formerly illicit actor who has transitioned to lawful activity; hence option C is the only reading that both matches the surface form and supplies the relevant pragmatic nuance. Options A, B, and D have no attested connection to the lexical item or the sentence context.",2026-06-12T18:55:48.068166+00:00
302,2,row_101,lifemaxxing,Identity,grok,C,,C,True,False,"In the following sentence, what does ""lifemaxxing"" mean?
Shes's reallly been trying to lifemax these past few months.

Select only one answer.
A) A significant other
B) Epileptic fit from a synthetic canabis
C) To make lifestyle changes to make your life more holistic
D) To do somethign very well

Respond with only the letter of your answer (A, B, C, or D).","C


The term ""lifemaxxing"" follows the pattern of internet slang using ""-maxxing"" (short for ""maximizing""), which denotes deliberate, intensive optimization of a given domain. In this case the domain is ""life"" itself, so the phrase refers to sustained lifestyle adjustments aimed at overall self-improvement and holistic well-being—precisely the sense captured by option C. Options A and B are semantically unrelated, while D is too generic and fails to reflect the specialized ""-maxxing"" construction.",2026-06-12T18:55:52.019943+00:00
303,2,row_102,looksmaxxing,Identity,grok,A,,A,True,False,"In the following sentence, what does ""looksmaxxing"" mean?
The looksmaxxing community

Select only one answer.
A) To focus on making one as physically attractive as possible
B) A loss or failure
C) Something untrue or unbeleivable
D) A term used to describe a baby raised in a gender neutral environment

Respond with only the letter of your answer (A, B, C, or D).",A,2026-06-12T18:55:54.422167+00:00
304,2,row_103,lotion,General,grok,C,A,A,False,True,"In the following sentence, what does ""lotion"" mean?
Lemme go lotion her up for you.

Select only one answer.
A) a liquid preparation for cosmetic or external medicinal use
B) To get arrested
C) sweet talk
D) cocaine

Respond with only the letter of your answer (A, B, C, or D).","A


The sentence uses ""lotion"" as a verb meaning to apply a topical cosmetic or medicinal liquid, which aligns directly with definition A. No established slang usage matches B, C, or D in this phrasing, and the structure (""lotion her up"") is consistent with everyday literal application rather than any coded or figurative sense.",2026-06-12T18:55:58.865359+00:00
305,2,row_104,Low Key,General,grok,B,D,B,True,False,"In the following sentence, what does ""Low Key"" mean?
Low key, I want some ice cream.

Select only one answer.
A) Epileptic fit from a synthetic canabis
B) Saying something secretive or to keep low profile
C) Mercedes Benz G class
D) having or producing dark tones only with little contrast

Respond with only the letter of your answer (A, B, C, or D).",B,2026-06-12T18:56:01.174564+00:00
306,2,row_105,main character,General,grok,C,,C,True,False,"In the following sentence, what does ""main character"" mean?
You give off main character energy.

Select only one answer.
A) A descriptor for an attractive person
B) To make a jawline more defined
C) Main Character - Someone that acts as if they are the star of a story
D) the playful act of taking a friend's food

Respond with only the letter of your answer (A, B, C, or D).",C,2026-06-12T18:56:03.807503+00:00
307,2,row_106,manny,Insult,grok,B,,B,True,False,"In the following sentence, what does ""manny"" mean?
Look at the guy, he's just a manny.

Select only one answer.
A) Someone unappealing
B) A man that takes care of children
C) A nicotine pouch held between the upper lip and gums
D) Used to refer to the social media platforms one uses

Respond with only the letter of your answer (A, B, C, or D).","B


The term ""manny"" is a blend of ""man"" + ""nanny"" and is conventionally defined as a male childcare provider. In the given sentence the word is used in exactly that sense: the speaker is labeling the man a male nanny. The other choices correspond to unrelated slang or neologisms that do not match attested usage of ""manny.""",2026-06-12T18:56:07.512665+00:00
308,2,row_107,mascara,Sexual,grok,B,A,A,False,True,"In the following sentence, what does ""mascara"" mean?
I lost my mascara for 5 years, but then I found it again, and I love it even more now.

Select only one answer.
A) a cosmetic especially for making the eyelashes darker and more prominent
B) A term to discuss sexual experiences
C) To be honest about something
D) An all denim outfit

Respond with only the letter of your answer (A, B, C, or D).",A,2026-06-12T18:56:11.431471+00:00
309,2,row_108,Mewing,Identity,grok,C,A,C,True,False,"In the following sentence, what does ""Mewing"" mean?
You've gotta start mewing to increase your status in society.

Select only one answer.
A) to utter a mew or similar sound
B) an expression of surprise
C) To make a jawline more defined
D) To shoot ones shot.

Respond with only the letter of your answer (A, B, C, or D).",C,2026-06-12T18:56:14.008952+00:00
310,2,row_109,Mid,General,grok,A,,A,True,False,"In the following sentence, what does ""Mid"" mean?
That was a mid burger.

Select only one answer.
A) Mediocre
B) The vagina
C) An emotional meltdown
D) Something that is better then everything else

Respond with only the letter of your answer (A, B, C, or D).","A


The term ""mid"" is internet/slang shorthand for ""mediocre"" (i.e., average or unremarkable). In the sentence ""That was a mid burger,"" it therefore describes the burger as nothing special—exactly the meaning given by option A. The other choices are unrelated slang or antonyms and do not fit the context.",2026-06-12T18:56:17.100742+00:00
311,2,row_110,minghiun,Insult,grok,D,,D,True,False,"In the following sentence, what does ""minghiun"" mean?
Stop being a minghiun.

Select only one answer.
A) Irritated, bitter, or resentful
B) Go in 100% on something
C) Friends with benefits
D) A fool or a prick

Respond with only the letter of your answer (A, B, C, or D).","D 

The indefinite article ""a"" in the given sentence requires a noun (or noun phrase) as its object. This immediately rules out option A (a set of adjectives) and option B (a verb phrase).  

Option C is grammatically possible but semantically odd; “friends with benefits” is not an expression one would normally tell someone to “stop being.”  

That leaves option D. The nonce spelling “minghiun” closely resembles Italian-dialect “minchione/minchia,” a common slang term literally meaning “dick” and figuratively “fool, idiot, prick.” The sentence “Stop being a minghiun” is therefore a natural calque of the Italian “Smettila di fare il minchione.” Hence D is the only reading that is both syntactically and semantically coherent.",2026-06-12T18:56:23.307832+00:00
312,2,row_111,nang,Drugs,grok,A,,A,True,False,"In the following sentence, what does ""nang"" mean?
Dude, grab the nang, I wanna feel free.

Select only one answer.
A) A canister of nitrous oxide
B) To manipulated, trick, or fool someone
C) To tie up an arm to isolate a vein for injecting a drug
D) To knock someone out

Respond with only the letter of your answer (A, B, C, or D).","A 

The sentence context (""grab the nang, I wanna feel free"") points directly to recreational nitrous-oxide inhalation. In Australian and UK drug slang, small whipped-cream chargers are routinely called ""nangs""; inhaling the gas produces a brief euphoric, dissociative rush that matches the stated desire to ""feel free."" None of the alternative glosses (deception, tourniquet, knockout) fit either the wording or attested usage.",2026-06-12T18:56:25.490618+00:00
313,2,row_112,Negative Aura,Insult,grok,A,,A,True,False,"In the following sentence, what does ""Negative Aura"" mean?
She's giving off negative aura.

Select only one answer.
A) a bad charisma
B) when a reply gets more than the original post
C) Another term that stands for that hoe over there
D) An endeering term used towards ones significant other

Respond with only the letter of your answer (A, B, C, or D).","A


The phrase ""negative aura"" is a colloquial way of describing someone who projects an unpleasant or off-putting vibe/energy. Among the listed choices, only option A aligns with that meaning; the others refer to unrelated internet slang, pejorative acronyms, or affectionate nicknames that have no connection to the sentence.",2026-06-12T18:56:30.244100+00:00
314,2,row_113,Netflix and Chill,Sexual,grok,B,,B,True,False,"In the following sentence, what does ""Netflix and Chill"" mean?
Wanna come back to my place and Netflix and Chill?

Select only one answer.
A) The vagina
B) A term for bringing someone over to watch some netflix and then have sex.
C) To knock someone out
D) A significant problem

Respond with only the letter of your answer (A, B, C, or D).",B,2026-06-12T18:56:33.878742+00:00
315,2,row_114,next-level,General,grok,A,,A,True,False,"In the following sentence, what does ""next-level"" mean?
That movie was next level!

Select only one answer.
A) Something that is better then everything else
B) Something suspicious
C) Someone who refused to wear a mask in covid times.
D) A distinct trait, style, or outfit, often used in drag culture

Respond with only the letter of your answer (A, B, C, or D).","A 

The phrase ""next level"" is an idiom indicating something exceptionally advanced, impressive, or superior in quality. In the given sentence, it functions as praise for the movie's excellence (i.e., beyond ordinary standards). Option A aligns directly with this sense; the remaining options have no semantic connection to the usage.",2026-06-12T18:56:35.858779+00:00
316,2,row_115,NPC,Insult,grok,D,A,D,True,False,"In the following sentence, what does ""NPC"" mean?
Stop being such an NPC.

Select only one answer.
A) a character in a video game that does not represent and cannot be manipulated by a player —called also non-player character
B) To focus on making one as physically attractive as possible
C) Main Character - Someone that acts as if they are the star of a story
D) Used to mock someone who doesnt think for themselves, says things repeatedly, or has no opinions

Respond with only the letter of your answer (A, B, C, or D).","D


The sentence deploys ""NPC"" as internet slang (originating on imageboards circa 2018) to deride someone as lacking independent thought or agency. This usage is an explicit metaphorical extension of the video-game term, but the intended meaning in the quoted remark is the mocking sense given in D, not the literal gaming definition in A. Options B and C refer to unrelated memes (""looksmaxxing"" and ""main-character syndrome,"" respectively) and can be eliminated on semantic grounds.",2026-06-12T18:56:39.645257+00:00
317,2,row_116,Omega,Identity,grok,B,C,B,True,False,"In the following sentence, what does ""Omega"" mean?
Those were some real omega moves right there.

Select only one answer.
A) Someone who is very stubborn
B) A submissive male that is often outside of traditional social hierarchies
C) the 24th and last letter of the Greek alphabet
D) fake soft penises and testicles designed to give a 'male' bulge to the crotches of female-to-male transsexuals.

Respond with only the letter of your answer (A, B, C, or D).","B 

The sentence uses ""omega"" as slang drawn from online hierarchies (alpha/beta/omega) that rank male social/sexual status. In that framework an ""omega"" denotes a low-status, submissive, or socially marginal male whose actions are viewed as weak or outside conventional dominance structures; calling moves ""omega"" therefore labels them as such. The other options are either literal dictionary senses or unrelated niche terms that do not fit the evaluative, meme-style usage here.",2026-06-12T18:56:43.697096+00:00
318,2,row_117,on the regs,General,grok,B,,B,True,False,"In the following sentence, what does ""on the regs"" mean?
I stop by the coffee shop on the regs.

Select only one answer.
A) To keep secretive or obscure
B) Something done regularly
C) To express excitement or approval for something
D) Delusional

Respond with only the letter of your answer (A, B, C, or D).","B


The phrase ""on the regs"" is a colloquial shortening of the idiom ""on the regular,"" which is itself a variant of ""on the regular basis."" In the given sentence it therefore functions as an adverbial expression meaning ""regularly"" or ""habitually,"" directly matching option B. The remaining choices correspond to unrelated slang terms (e.g., ""on the down-low,"" ""regs"" as an exclamation, or clinical descriptors) and can be eliminated on semantic grounds.",2026-06-12T18:56:46.797831+00:00
319,2,row_118,oof,General,grok,A,,A,True,False,"In the following sentence, what does ""oof"" mean?
Oof, that was rough.

Select only one answer.
A) A reaction to something uncomfortable
B) An unpopular opinion
C) A term of endearment for a significant other
D) To show off

Respond with only the letter of your answer (A, B, C, or D).","A


The interjection ""oof"" is an onomatopoeic exclamation conventionally used to signal a visceral reaction to something awkward, painful, embarrassing, or otherwise uncomfortable. In the sentence ""Oof, that was rough,"" the word functions exactly as this empathetic or sympathetic marker, aligning directly with option A and ruling out the unrelated meanings in B–D.",2026-06-12T18:56:49.921540+00:00
320,2,row_119,ooga-booga,Sexual,grok,D,,D,True,False,"In the following sentence, what does ""ooga-booga"" mean?
Me want ooga-booga!

Select only one answer.
A) A term to support someone going through a gender change.
B) A knife
C) An expression of disappointment
D) The vagina

Respond with only the letter of your answer (A, B, C, or D).",D,2026-06-12T18:56:57.996635+00:00
321,2,row_120,Orange Crush,Drugs,grok,C,,C,True,False,"In the following sentence, what does ""Orange Crush"" mean?
ets grab some of that orange crush tonight!

Select only one answer.
A) An incel term meaning kissless, hugless, handholdless virgin
B) fake soft penises and testicles designed to give a 'male' bulge to the crotches of female-to-male transsexuals.
C) A type of marijuana
D) Someone who is the last person to leave a location and the first to come back in the morning

Respond with only the letter of your answer (A, B, C, or D).","C 

The sentence context (""grab some of that [thing] tonight"") most naturally refers to obtaining a consumable substance. Among the supplied choices, only C matches a known consumable item that people would plausibly ""grab"" together—an indica-dominant cannabis strain named Orange Crush. The remaining options are either unrelated slang or fabricated definitions that do not fit the wording or common usage.",2026-06-12T18:57:03.302732+00:00
322,2,row_121,OTP,General,grok,B,,B,True,False,"In the following sentence, what does ""OTP"" mean?
Him and her are the OTP.

Select only one answer.
A) The abandonment of responsibilities
B) One True Pairing
C) Methodone
D) drunk

Respond with only the letter of your answer (A, B, C, or D).","B


The acronym ""OTP"" is a common piece of internet/fandom slang that expands to “One True Pairing.” In the supplied sentence the phrase is being used exactly as that term is conventionally employed: to designate a favored romantic couple.  

- Option A has no lexical or idiomatic connection to “OTP.”  
- Option C (“Methodone”) is a misspelling of methadone and is abbreviated “MTD,” not “OTP.”  
- Option D (“drunk”) has no established abbreviation “OTP.”  

Hence only B is semantically and contextually appropriate.",2026-06-12T18:57:06.084782+00:00
323,2,row_122,packers,Insult,grok,B,C,B,True,False,"In the following sentence, what does ""packers"" mean?
Thats just a group of packers over there, don't waste your time.

Select only one answer.
A) An all denim outfit
B) fake soft penises and testicles designed to give a 'male' bulge to the crotches of female-to-male transsexuals.
C) one that packs
D) crazy or erratic

Respond with only the letter of your answer (A, B, C, or D).","B

The sentence uses ""packers"" as a noun referring to people (a group of them). Among the supplied choices, only B supplies a recognized specialized meaning of the term ""packer/packers"" in contemporary English; the remaining options are either unrelated slang or circular and therefore cannot fit the context. Although B technically names the prosthetic device rather than its wearer, it is the sole option that identifies the relevant subcultural usage and is therefore the only selectable answer.",2026-06-12T18:57:16.531737+00:00
324,2,row_123,passa passa,General,grok,B,,B,True,False,"In the following sentence, what does ""passa passa"" mean?
I don't want any passa passa now.

Select only one answer.
A) someone that looks ordinary but is actually very strong
B) A loud and messy conflict
C) A mauser C96 pistol
D) crazy or erratic

Respond with only the letter of your answer (A, B, C, or D).","B

The term ""passa passa"" originates in Jamaican Patois / dancehall culture. Literally it names a famous open-air street dance, but by extension the phrase is used to denote rowdy public disorder, arguments, or chaotic drama. In the given sentence the speaker is therefore rejecting any form of loud, messy conflict or trouble, which corresponds directly to option B. Options A, C, and D have no attested connection to the expression.",2026-06-12T18:57:21.136902+00:00
325,2,row_124,passport bro,Sexual,grok,C,,C,True,False,"In the following sentence, what does ""passport bro"" mean?
A bunch of passport bro's just checked into the hotel.

Select only one answer.
A) something intense, aggressive, and unfiltered
B) Fuckboy, someone just looking for sex
C) Someone that travels abroad with the sole purpose of having sex
D) Go in 100% on something

Respond with only the letter of your answer (A, B, C, or D).","C


The term ""passport bro"" (or ""passport bros"") specifically denotes men—typically from Western countries—who obtain a passport to travel abroad, often to parts of Asia, Latin America, or Eastern Europe, with the primary goal of pursuing romantic or sexual encounters. The phrase foregrounds the act of international travel as the enabling mechanism, distinguishing it from a generic label like ""fuckboy.""  

In the given sentence the subjects have just ""checked into the hotel,"" an action that presupposes recent arrival in a foreign destination; this situational detail aligns directly with definition C and rules out B (which lacks any travel component), as well as the unrelated senses in A and D. Although the motivation is not invariably limited to casual sex—some participants seek longer-term relationships—the core semantic feature captured by the term remains travel abroad for intimate purposes, making C the only accurate choice among the options.",2026-06-12T18:57:26.425039+00:00
326,2,row_125,Period,General,grok,B,A,B,True,False,"In the following sentence, what does ""Period"" mean?
She is the best, period.

Select only one answer.
A) the completion of a cycle, a series of events, or a single action : conclusion
B) Ending the discussion on a topic
C) A term of endearment for a significant other
D) An insult commonly used in sports

Respond with only the letter of your answer (A, B, C, or D).","B


The sentence uses ""period"" idiomatically (equivalent to ""full stop"" or ""end of discussion"") to assert finality and preclude further debate. Option A reflects a literal dictionary sense of ""period"" as temporal closure, which does not fit the pragmatic function here. Options C and D have no semantic connection to the usage. Thus only B correctly captures the intended meaning.",2026-06-12T18:57:30.380697+00:00
327,2,row_126,plegic,Drugs,grok,C,,C,True,False,"In the following sentence, what does ""plegic"" mean?
That guy stumbled out very plegic.

Select only one answer.
A) Someone that tries really hard to impress their crush
B) intensely and openely say something true
C) drunk
D) A fashionable look

Respond with only the letter of your answer (A, B, C, or D).",C,2026-06-12T18:57:34.696530+00:00
328,2,row_127,poggers,General,grok,A,,A,True,False,"In the following sentence, what does ""poggers"" mean?
Thats a poggers painting.

Select only one answer.
A) To express excitement or approval for something
B) A loss or failure
C) Something done regularly
D) To tie up an arm to isolate a vein for injecting a drug

Respond with only the letter of your answer (A, B, C, or D).","A


The term ""poggers"" is a variant of the Twitch emote ""PogChamp,"" which originated from the facial expression of streamer Ryan ""Gootecks"" Gutierrez reacting excitedly to a clutch play. Over time the word evolved in online communities (especially gaming and meme culture) into an adjective or interjection used to signal hype, approval, or that something is impressive/cool. In the sentence ""Thats a poggers painting,"" the speaker is therefore praising the artwork as noteworthy or exciting, which directly matches option A. The remaining choices have no attested connection to the term: B reflects the opposite sentiment (""L""), C is unrelated slang such as ""routine,"" and D describes a medical or drug-preparation action (""tourniquet""). Thus only A is consistent with both the etymology and current usage of ""poggers.""",2026-06-12T18:57:38.475279+00:00
329,2,row_128,Pookie,Sexual,grok,D,,D,True,False,"In the following sentence, what does ""Pookie"" mean?
My pookie loves a smash burger.

Select only one answer.
A) A near superhuman perfect male
B) The anus
C) A kilo of cocaine
D) A term of endearment for a significant other

Respond with only the letter of your answer (A, B, C, or D).",D,2026-06-12T18:57:40.249876+00:00
330,2,row_129,Pop off,General,grok,A,B,A,True,False,"In the following sentence, what does ""Pop off"" mean?
I'm about to pop off!

Select only one answer.
A) To do something impressive
B) to die unexpectedly
C) A loud and messy conflict
D) Activities that involve cultivating ones Aura

Respond with only the letter of your answer (A, B, C, or D).","A


The phrase ""I'm about to pop off!"" uses contemporary informal/slang English. In this register ""pop off"" is an intransitive verb meaning to suddenly excel, perform at a high level, or otherwise attract attention through impressive action.  

- B is a possible older sense (""to die suddenly"") but is incompatible with the first-person future construction.  
- C describes a related but distinct nominal use (""a pop-off,"" i.e., an outburst).  
- D is unrelated.  

Hence only A matches the sentence.",2026-06-12T18:57:45.983985+00:00
331,2,row_130,Posh and Becks,Sexual,grok,D,,D,True,False,"In the following sentence, what does ""Posh and Becks"" mean?
Lets go back to my place and have the posh and becks.

Select only one answer.
A) Ironically used to describe one as unique
B) Delusional
C) An unpopular opinion
D) sex

Respond with only the letter of your answer (A, B, C, or D).","D

The phrase ""Posh and Becks"" is British rhyming slang (referring to the celebrity couple) that stands in for ""sex."" The surrounding sentence is a transparent invitation to engage in sexual activity, which directly maps to option D and rules out the other choices.",2026-06-12T18:57:49.899564+00:00
332,2,row_131,prepper,Insult,grok,B,,B,True,False,"In the following sentence, what does ""prepper"" mean?
We have a prepper down the block. They are kindof crazy, but its nice to know where to go.

Select only one answer.
A) A distinct trait, style, or outfit, often used in drag culture
B) Someone who prepares for doomsday scenarios
C) a bad charisma
D) Go in 100% on something

Respond with only the letter of your answer (A, B, C, or D).",B,2026-06-12T18:57:52.051326+00:00
333,2,row_132,Prison pocket,General,grok,A,,A,True,False,"In the following sentence, what does ""Prison pocket"" mean?
Hold it in your prison pocket.

Select only one answer.
A) The anus
B) A knife
C) Someone who is trying to get sexual attention overtly
D) A sudden feeling of disguest or repultion towards someone.

Respond with only the letter of your answer (A, B, C, or D).","A 

The phrase ""prison pocket"" is established slang referring to the rectum or anus, a common hiding spot for contraband in correctional facilities. The imperative ""Hold it in your prison pocket"" is therefore a crude instruction to conceal an object anally. None of the other options align with attested usage: a knife would be called a ""shank,"" while C and D describe unrelated behaviors or emotions.",2026-06-12T18:57:54.538636+00:00
334,2,row_133,Put the fries in the bag,General,grok,D,,D,True,False,"In the following sentence, what does ""Put the fries in the bag"" mean?
You're taking too long. Put the fires in the bag.

Select only one answer.
A) Another term that stands for that hoe over there
B) Money
C) Charisma
D) Get to the point

Respond with only the letter of your answer (A, B, C, or D).","D 

The phrase appears in a context of impatience (""You're taking too long""), functioning as a curt directive to stop delaying and deliver the requested item or information immediately. This usage aligns directly with option D; the remaining choices have no established connection to the sentence.",2026-06-12T18:57:58.289830+00:00
335,2,row_134,Quirky,Insult,grok,B,C,B,True,False,"In the following sentence, what does ""Quirky"" mean?
I'm so quirky!

Select only one answer.
A) when a reply gets more than the original post
B) Ironically used to describe one as unique
C) having many quirks : unusual in especially an interesting or appealing way
D) to recoil in distaste

Respond with only the letter of your answer (A, B, C, or D).","B 

The sentence ""I'm so quirky!"" deploys the term in a self-referential, tongue-in-cheek manner that is common online; the speaker is not offering a literal description but is ironically signaling an exaggerated claim to uniqueness. This usage aligns directly with option B and does not match the neutral dictionary sense in C, nor the unrelated senses in A or D.",2026-06-12T18:58:03.277516+00:00
336,2,row_135,rago,Insult,grok,B,,B,True,False,"In the following sentence, what does ""rago"" mean?
It was just how rago he was.

Select only one answer.
A) A type of marijuana
B) Someone acting aggressively and out of control
C) the playful act of taking a friend's food
D) A criminal that turned their life arpound and are legitimate

Respond with only the letter of your answer (A, B, C, or D).","B


The sentence structure (""how rago he was"") requires an adjective describing a behavioral state or quality. Among the given choices, only option B supplies a plausible adjectival sense that can fill that syntactic slot without producing a semantic clash. The other options name concrete nouns or actions that cannot grammatically modify “he” in the same way.",2026-06-12T18:58:07.728340+00:00
337,2,row_136,rapey,Sexual,grok,D,,D,True,False,"In the following sentence, what does ""rapey"" mean?
That guy at the bar was feeling pretty rapey.

Select only one answer.
A) A term used to say that someone is online too much and needs to get back to real life
B) An expression of disappointment
C) A man that is feminine in nature
D) Describes activities or situations that are sexually aggressive

Respond with only the letter of your answer (A, B, C, or D).",D,2026-06-12T18:58:09.822293+00:00
338,2,row_137,Ratio,General,grok,B,C,B,True,False,"In the following sentence, what does ""Ratio"" mean?
Ratio if you like pizza.

Select only one answer.
A) A stereotypical alpha male that is strong, handsome, and attracts women.
B) when a reply gets more than the original post
C) the indicated quotient of two mathematical expressions
D) An emotional meltdown

Respond with only the letter of your answer (A, B, C, or D).",B,2026-06-12T18:58:11.563531+00:00
339,2,row_138,raw,General,grok,B,C,B,True,False,"In the following sentence, what does ""raw"" mean?
He's been hitting the vape raw lately.

Select only one answer.
A) A near superhuman perfect male
B) something intense, aggressive, and unfiltered
C) not cooked
D) Stylish or flashy outfit style

Respond with only the letter of your answer (A, B, C, or D).","B

The sentence uses contemporary slang, where ""hitting the vape"" refers to frequent or heavy use of a vaping device. In this context, ""raw"" functions as an intensifier meaning unfiltered, direct, or extreme (i.e., using the device in an especially intense or unmodified way).  

- Option A is unrelated internet slang for an idealized male figure and does not fit the verb phrase.  
- Option C is the literal culinary sense of ""raw,"" which has no application to vaping.  
- Option D refers to fashion and is irrelevant to the sentence.  

Thus only B supplies the correct figurative meaning of intensity and lack of filtering.",2026-06-12T18:58:15.591294+00:00
340,2,row_139,RIP (me),General,grok,D,,D,True,False,"In the following sentence, what does ""RIP (me)"" mean?
I think I just failed that test. RIP me.

Select only one answer.
A) To stab or shoot
B) A dance move
C) A submissive male that is often outside of traditional social hierarchies
D) To express disappointment dramatically

Respond with only the letter of your answer (A, B, C, or D).",D,2026-06-12T18:58:18.091670+00:00
341,2,row_140,Rizz,General,grok,D,,D,True,False,"In the following sentence, what does ""Rizz"" mean?
The rizz you have today is stunning!

Select only one answer.
A) An insult commonly used in sports
B) To win
C) A term used to describe a baby raised in a gender neutral environment
D) Charisma

Respond with only the letter of your answer (A, B, C, or D).","D 

(The answer is D, as ""rizz"" is internet slang short for ""charisma,"" especially romantic appeal; the sentence is a compliment on someone's charm.)",2026-06-12T18:58:21.882410+00:00
342,2,row_141,Salty,Insult,grok,B,C,B,True,False,"In the following sentence, what does ""Salty"" mean?
She's just salty that you have a boyfriend and she doesn't.

Select only one answer.
A) A loud and messy conflict
B) Irritated, bitter, or resentful
C) of, seasoned with, or containing salt
D) To be fierce and unapologetic withing a social situation

Respond with only the letter of your answer (A, B, C, or D).","B


The sentence uses ""salty"" as informal slang to describe someone who is annoyed or resentful because of another's good fortune. This directly matches definition B and rules out the literal meaning (C), the unrelated conflict sense (A), and the invented social-attitude sense (D).",2026-06-12T18:58:25.177280+00:00
343,2,row_142,savage,General,grok,A,C,A,True,False,"In the following sentence, what does ""savage"" mean?
That was a savage comeback you gave.

Select only one answer.
A) To be fierce and unapologetic withing a social situation
B) A charismatic, sexy, and quick witted man
C) not domesticated or under human control : untamed
D) Stylish or flashy outfit style

Respond with only the letter of your answer (A, B, C, or D).","A


The sentence uses ""savage"" as modern slang for a bold, cutting, or unapologetically harsh remark (here, a ""comeback""). Option A matches this figurative sense exactly. The remaining choices are either literal (C), describe a person rather than an action (B), or refer to unrelated domains such as fashion (D).",2026-06-12T18:58:28.393399+00:00
344,2,row_143,Schizo,Insult,grok,D,,D,True,False,"In the following sentence, what does ""Schizo"" mean?
Brians a total schitzo.

Select only one answer.
A) Mediocre
B) A term of endearment for a significant other
C) An older person who is out of touch
D) crazy or erratic

Respond with only the letter of your answer (A, B, C, or D).","D


(The term is a shortening of ""schizophrenic,"" used pejoratively to label someone as mentally unstable or behaving erratically; none of the other options fit the slang usage.)",2026-06-12T18:58:31.318887+00:00
345,2,row_144,scuffed,Insult,grok,D,C,D,True,False,"In the following sentence, what does ""scuffed"" mean?
The was a scuffed performance last night.

Select only one answer.
A) To confim that something was completed to expectation
B) An older person who is out of touch
C) to walk without lifting the feet : shuffle
D) Something that is messed up or not right.

Respond with only the letter of your answer (A, B, C, or D).",D,2026-06-12T18:58:34.646960+00:00
346,2,row_145,Shabba,General,grok,C,,C,True,False,"In the following sentence, what does ""Shabba"" mean?
Shabba on point!

Select only one answer.
A) The abandonment of responsibilities
B) A dance move
C) Fashionable or stylish
D) Something ugly or unattractive

Respond with only the letter of your answer (A, B, C, or D).","C 

The phrase ""on point"" is commonly used to indicate that something (such as an outfit, look, or style) is executed perfectly. In several English-based slang registers (notably South African township and dancehall-influenced speech), “shabba” is a clipped reference to Shabba Ranks, the Jamaican artist whose flamboyant image made the name a byword for being fashionable or stylish. Thus “Shabba on point” is read as “(looking) stylish—perfectly so,” which matches option C and rules out the unrelated senses in A, B, and D.",2026-06-12T18:58:41.532518+00:00
347,2,row_146,Sheesh,General,grok,B,,B,True,False,"In the following sentence, what does ""Sheesh"" mean?
Sheesh! Thats crazy!

Select only one answer.
A) To refer to ones imaginary audience like an internet steamer
B) To express disbelief
C) A dance move
D) Talking too much

Respond with only the letter of your answer (A, B, C, or D).","B


(The primary and contextually accurate meaning of ""sheesh"" as an interjection is to convey surprise, exasperation, or disbelief, which directly matches the sentence's usage. While modern slang sometimes extends it to admiration or TikTok-associated gestures, none of the other options fit this example.)",2026-06-12T18:58:45.731943+00:00
348,2,row_147,Side eye,General,grok,A,,A,True,False,"In the following sentence, what does ""Side eye"" mean?
Why are you giving him the side eye?

Select only one answer.
A) To be skeptical about something
B) To be high or drunk
C) A term used by incels to refer to women in a way that dehumanizes them.
D) A mauser C96 pistol

Respond with only the letter of your answer (A, B, C, or D).","A


The phrase ""side eye"" refers to a sideways glance expressing doubt, suspicion, or disapproval. This directly matches option A. Options B–D have no connection to the established meaning or usage of the expression.",2026-06-12T18:58:48.294646+00:00
349,2,row_148,Sigma,Identity,grok,B,D,B,True,False,"In the following sentence, what does ""Sigma"" mean?
You are giving off sigma energy right now.

Select only one answer.
A) to recoil in distaste
B) An independent, strong person
C) Someone who is the last person to leave a location and the first to come back in the morning
D) the 18th letter of the Greek alphabet

Respond with only the letter of your answer (A, B, C, or D).","B


The term ""sigma"" in the given sentence is drawn from contemporary internet slang (originating in online masculinity/psychology discourse around 2010s–2020s). It denotes a “sigma male”: an archetype of a self-reliant, introverted yet competent individual who operates outside conventional social hierarchies while still projecting quiet strength and independence—hence “sigma energy.”  

- Option A is unrelated (it approximates the meaning of “recoil” or perhaps a misreading of “sigma” as “shirk”).  
- Option C describes an unrelated workplace colloquialism sometimes attached to the letter Σ in shift-work contexts, not the slang usage here.  
- Option D is the literal Greek-alphabet sense, which is not the intended meaning in the quoted sentence.  

Thus only B matches the contextual semantics.",2026-06-12T18:58:52.212781+00:00
350,2,row_149,Simp,Insult,grok,B,A,B,True,False,"In the following sentence, what does ""Simp"" mean?
Stop being a simp over her!

Select only one answer.
A) a foolish or stupid person : simpleton
B) Someone that tries really hard to impress their crush
C) A homosexual cowboy
D) Describes activities or situations that are sexually aggressive

Respond with only the letter of your answer (A, B, C, or D).","B


The term ""simp"" in this context is modern internet slang (derived from ""simpleton"" but evolved distinctly online). It specifically denotes a person (typically male) who is excessively attentive, submissive, or eager to please a romantic interest—often to the point of self-debasement—in hopes of gaining affection. This matches option B exactly and is the only usage that fits the given sentence.

- Option A reflects an obsolete, literal definition of ""simpleton"" that does not apply to the contemporary slang sense shown here.  
- Options C and D are fabricated and bear no relation to the term’s established meaning.  

Thus B is the sole correct choice.",2026-06-12T18:58:56.396803+00:00
351,2,row_150,Situationship,Sexual,grok,A,,A,True,False,"In the following sentence, what does ""Situationship"" mean?
Joe ended up in a situationship over the summer.

Select only one answer.
A) A sexual relationship developed from situations without clear future intentions
B) Mercedes Benz G class
C) Very good
D) intensely and openely say something true

Respond with only the letter of your answer (A, B, C, or D).","A


The term ""situationship"" is a portmanteau of ""situation"" and ""relationship"" that emerged in popular culture (notably on social media platforms such as TikTok and Twitter) around 2017–2020. It denotes an interpersonal arrangement that contains romantic or sexual elements yet lacks explicit commitment, labels, or long-term plans—precisely the definition given in option A.  

Options B–D have no lexical or semantic connection to the word:  
- B refers to a Mercedes-Benz G-Class vehicle (colloquially “G-Wagon”).  
- C is an evaluative phrase unrelated to relational terminology.  
- D appears to paraphrase the idiom “speak the truth,” which is semantically and etymologically distinct.  

Thus only A is consistent with the attested meaning and usage of “situationship.”",2026-06-12T18:59:00.925876+00:00
352,2,row_151,Skeet,Sexual,grok,B,C,B,True,False,"In the following sentence, what does ""Skeet"" mean?
He skeeted all over the court!

Select only one answer.
A) Something suspicious
B) To shoot ones shot.
C) trapshooting in which clay pigeons are thrown in such a way as to simulate the angles of flight of birds
D) Someone younger

Respond with only the letter of your answer (A, B, C, or D).","B 

The sentence uses ""skeet"" as vulgar slang for ejaculate (popularized in hip-hop lyrics such as Lil Jon’s “Get Low”). Among the supplied choices, only B supplies a plausible—if euphemistic—gloss for that meaning (“shoot one’s shot/load”). The remaining options are either unrelated slang, the literal sport of skeet shooting, or demographic descriptors that do not fit the verb form or the setting (“court”).",2026-06-12T18:59:09.319452+00:00
353,2,row_152,Skibidi,General,grok,A,,A,True,False,"In the following sentence, what does ""Skibidi"" mean?
That's so skibidi.

Select only one answer.
A) Nonsensical term
B) To win
C) An incel term meaning kissless, hugless, handholdless virgin
D) The anus

Respond with only the letter of your answer (A, B, C, or D).","A


The term ""skibidi"" originates from the viral ""Skibidi Toilet"" meme series and the associated ""Skibidi Dop Dop"" sound clip. It has no fixed lexical definition and functions primarily as a playful, context-dependent nonsense word (often conveying ""bad,"" ""weird,"" or simply ""cool"" depending on tone). Among the given choices, only option A accurately captures this usage; the remaining options refer to unrelated slang or invented meanings.",2026-06-12T18:59:14.308177+00:00
354,2,row_153,Skill issue,Insult,grok,C,,C,True,False,"In the following sentence, what does ""Skill issue"" mean?
You won't win. Its a skill issue.

Select only one answer.
A) Something very good
B) Someone that is too left leaning politically
C) An insult saying that the problem is due to lack of skill rather then luck
D) Another term that stands for that hoe over there

Respond with only the letter of your answer (A, B, C, or D).",C,2026-06-12T18:59:16.695307+00:00
355,2,row_154,Slaps,General,grok,C,D,C,True,False,"In the following sentence, what does ""Slaps"" mean?
This place slaps!

Select only one answer.
A) A cigarette
B) To prepare for a fight
C) Something that is reallly good.
D) to strike sharply with or as if with the open hand

Respond with only the letter of your answer (A, B, C, or D).",C,2026-06-12T18:59:19.156169+00:00
356,2,row_155,Slay,General,grok,B,A,B,True,False,"In the following sentence, what does ""Slay"" mean?
Slay girl!

Select only one answer.
A) to kill violently, wantonly, or in great numbers
B) To do somethign very well
C) A term for baby that people will call their significant other.
D) To focus on making one as physically attractive as possible

Respond with only the letter of your answer (A, B, C, or D).","B 

The slang usage of ""slay"" (or the imperative ""slay!"") in modern English, especially in phrases like ""Slay, girl!"", is an expression of encouragement or praise indicating that someone is performing or presenting themselves exceptionally well. This matches option B exactly and is unrelated to the literal definition in A, the unrelated term of endearment in C, or the preparatory action described in D.",2026-06-12T18:59:23.340177+00:00
357,2,row_156,sledge,Identity,grok,A,C,D,False,False,"In the following sentence, what does ""sledge"" mean?
What? Are you havin trouble you sledge?

Select only one answer.
A) An insult commonly used in sports
B) To keep secretive or obscure
C) sledgehammer
D) A fool or a prick

Respond with only the letter of your answer (A, B, C, or D).","D

The sentence uses ""sledge"" as a direct term of address in an informal, confrontational way. Among the given choices, only D supplies a plausible noun sense (a fool or contemptible person) that fits this syntactic and pragmatic role.  

- A is ruled out because ""sledging"" refers to the act of verbal taunting in sport, not to the word ""sledge"" itself as a standalone insult.  
- B has no semantic connection to the sentence.  
- C merely expands the word without explaining why it would be used as a vocative.  

Hence D is the only option that supplies an appropriate lexical meaning.",2026-06-12T18:59:31.333855+00:00
358,2,row_157,sleeper,General,grok,A,C,A,True,False,"In the following sentence, what does ""sleeper"" mean?
That car has got to be a sleeper.

Select only one answer.
A) Something that appears mundane but has hidden potential
B) Irritated, bitter, or resentful
C) one that sleeps
D) An affirmative agreement

Respond with only the letter of your answer (A, B, C, or D).","A


The sentence uses automotive slang, where ""sleeper"" denotes an outwardly ordinary or unremarkable car that conceals significant performance modifications or power. This usage aligns directly with definition A and is inconsistent with the literal (C), emotional (B), or affirmative (D) senses of the word. The collocation ""that car has got to be a sleeper"" is a standard, idiomatic expression in car enthusiast communities confirming the specialized meaning.",2026-06-12T18:59:35.832310+00:00
359,2,row_158,sleeper build,General,grok,D,,D,True,False,"In the following sentence, what does ""sleeper build"" mean?
Bro's rocking the sleeper build.

Select only one answer.
A) A loss or failure
B) A term to discuss sexual experiences
C) Something that is reallly good.
D) someone that looks ordinary but is actually very strong

Respond with only the letter of your answer (A, B, C, or D).",D,2026-06-12T18:59:38.960602+00:00
360,2,row_159,Snack,Sexual,grok,C,D,C,True,False,"In the following sentence, what does ""Snack"" mean?
That lady over there is a snack.

Select only one answer.
A) A man that takes care of children
B) A glock pistol
C) A descriptor for an attractive person
D) a light meal : food eaten between regular meals; also : food suitable for snacking

Respond with only the letter of your answer (A, B, C, or D).",C,2026-06-12T18:59:41.157849+00:00
361,2,row_160,snaggle,Identity,grok,A,C,A,True,False,"In the following sentence, what does ""snaggle"" mean?
Susanne is such a snaggle.

Select only one answer.
A) An unattractive girl
B) Nonsensical term
C) snag
D) A sudden feeling of disguest or repultion towards someone.

Respond with only the letter of your answer (A, B, C, or D).","A


The term ""snaggle"" is not standard English but functions here as informal/slang shorthand derived from ""snaggletooth"" (crooked or protruding teeth). In the given sentence it is applied to a female name (""Susanne""), so the only option that supplies a coherent, contextually plausible gloss is A. The remaining choices are either unrelated (C), malformed (D), or simply declare the word meaningless (B), none of which fits the syntactic and semantic pattern of the example.",2026-06-12T18:59:48.691369+00:00
362,2,row_161,Snatched,General,grok,A,C,A,True,False,"In the following sentence, what does ""Snatched"" mean?
You're looking snatched today.

Select only one answer.
A) A fashionable look
B) Very good
C) to attempt to seize something suddenly
D) Someone that is boring

Respond with only the letter of your answer (A, B, C, or D).","A 

The term ""snatched"" is contemporary AAVE-derived slang used to describe an especially polished, stylish, or flattering appearance (often highlighting a cinched waist or flawless grooming). In the given sentence the word functions as a predicative adjective modifying the subject’s look, which directly matches option A and rules out the literal verb sense (C), the vague positive evaluation (B), and the unrelated negative sense (D).",2026-06-12T18:59:52.581987+00:00
363,2,row_162,socials,General,grok,A,C,A,True,False,"In the following sentence, what does ""socials"" mean?
Catch me on the socials!

Select only one answer.
A) Used to refer to the social media platforms one uses
B) Someone younger
C) an informal social event or gathering frequently involving a special activity or area of interest
D) To express disappointment dramatically

Respond with only the letter of your answer (A, B, C, or D).","A 

The phrase ""Catch me on the socials"" is modern informal English in which ""socials"" is a clipped, pluralized form of ""social media (platforms/accounts)."" The collocation ""catch me on [X]"" is conventionally used to direct someone to a communication channel (e.g., ""catch me on Twitter""), confirming that A is the intended sense. Options B–D have no semantic or collocational fit with the sentence.",2026-06-12T18:59:55.416722+00:00
364,2,row_163,socio,Insult,grok,D,,D,True,False,"In the following sentence, what does ""socio"" mean?
The boy is a socio.

Select only one answer.
A) crazy or erratic
B) Down to fuck
C) A strong, leader who commands those around them
D) Sociopath

Respond with only the letter of your answer (A, B, C, or D).",D,2026-06-12T18:59:58.390759+00:00
365,2,row_164,Soy,Insult,grok,D,,D,True,False,"In the following sentence, what does ""Soy"" mean?
Stop being so soy.

Select only one answer.
A) A loud and messy conflict
B) Mercedes Benz G class
C) Nonsensical term
D) Weak or effeminate

Respond with only the letter of your answer (A, B, C, or D).",D,2026-06-12T19:00:00.517282+00:00
366,2,row_165,soyboy,Identity,grok,A,,A,True,False,"In the following sentence, what does ""soyboy"" mean?
Get that soyboy out of here!

Select only one answer.
A) Men that lack masculine characteristics
B) Something that appears mundane but has hidden potential
C) Saying something secretive or to keep low profile
D) To confim that something was completed to expectation

Respond with only the letter of your answer (A, B, C, or D).",A,2026-06-12T19:00:03.166068+00:00
367,2,row_166,Spanish dancer,General,grok,A,,A,True,False,"In the following sentence, what does ""Spanish dancer"" mean?
I sounds like I caught the spanish dancer.

Select only one answer.
A) Cancer
B) To be fierce and unapologetic withing a social situation
C) A charismatic, sexy, and quick witted man
D) someone that looks ordinary but is actually very strong

Respond with only the letter of your answer (A, B, C, or D).","A 

The phrase ""Spanish dancer"" is an instance of Cockney rhyming slang in which ""dancer"" rhymes with ""cancer."" The supplied sentence is therefore a (slightly misspelled) way of saying ""It sounds like I caught cancer,"" confirming that the expression is being used to denote the disease. The remaining choices have no attested connection to the phrase in this context.",2026-06-12T19:00:06.358460+00:00
368,2,row_167,spark,Violence,grok,A,B,A,True,False,"In the following sentence, what does ""spark"" mean?
Don't make me spark you out!

Select only one answer.
A) To knock someone out
B) a small particle of a burning substance thrown out by a body in combustion or remaining when combustion is nearly completed
C) An all denim outfit
D) Methodone

Respond with only the letter of your answer (A, B, C, or D).","A


The phrase ""spark you out"" is British slang for knocking someone unconscious (e.g., in a fight), directly matching option A. The other choices are unrelated literal, fashion, or drug references that do not fit the sentence context.",2026-06-12T19:00:09.552723+00:00
369,2,row_168,Stuyvie,Drugs,grok,C,,C,True,False,"In the following sentence, what does ""Stuyvie"" mean?
Lets go outside and smoke a suyvie.

Select only one answer.
A) I just burst out laughing
B) Activities that involve cultivating ones Aura
C) A cigarette
D) Something that appears mundane but has hidden potential

Respond with only the letter of your answer (A, B, C, or D).","C 

The phrase ""smoke a suyvie/Stuyvie"" is a direct reference to the Peter Stuyvesant cigarette brand (commonly shortened to ""Stuyves"" or ""Stuyvie"" in casual speech). The only option that fits both the wording and the act of smoking is therefore C. All other choices are semantically unrelated to the sentence.",2026-06-12T19:00:15.294702+00:00
370,2,row_169,suiter,General,grok,B,A,B,True,False,"In the following sentence, what does ""suiter"" mean?
Her suiter was admiring her from afar.

Select only one answer.
A) a suitcase for holding a specified number of suits —usually used in combination
B) a significant other
C) A kilo of cocaine
D) A homosexual cowboy

Respond with only the letter of your answer (A, B, C, or D).","B


The sentence uses ""suiter"" as an evident misspelling of the standard English word ""suitor,"" which denotes a romantic pursuer or admirer. Among the supplied choices, only B is semantically compatible with that meaning; the remaining options describe unrelated objects, quantities, or identities that cannot fit the context of someone ""admiring her from afar.""",2026-06-12T19:00:19.907781+00:00
371,2,row_170,Sus,General,grok,D,,D,True,False,"In the following sentence, what does ""Sus"" mean?
That man over there is real sus.

Select only one answer.
A) A sexual relationship developed from situations without clear future intentions
B) Crack cocaine
C) Someone younger
D) Something suspicious

Respond with only the letter of your answer (A, B, C, or D).",D,2026-06-12T19:00:23.215576+00:00
372,2,row_171,Tea,General,grok,B,D,B,True,False,"In the following sentence, what does ""Tea"" mean?
Come on, spill the tea!

Select only one answer.
A) crazy or erratic
B) Gossip
C) To keep secretive or obscure
D) a widely cultivated shrub (Camellia sinensis of the family Theaceae, the tea family) native to China, northern India, and southeastern Asia and having glossy green leaves and fragrant white flowers

Respond with only the letter of your answer (A, B, C, or D).","B


(The sentence uses the slang phrase ""spill the tea,"" which means ""reveal the gossip."")",2026-06-12T19:00:26.659994+00:00
373,2,row_172,theybie,General,grok,D,,D,True,False,"In the following sentence, what does ""theybie"" mean?
The a couple and their theybie just moved in next door.

Select only one answer.
A) A dance move
B) A submissive male that is often outside of traditional social hierarchies
C) To mastrubate for extremeely long period regularly
D) A term used to describe a baby raised in a gender neutral environment

Respond with only the letter of your answer (A, B, C, or D).","D


The term ""theybie"" is a portmanteau of the gender-neutral pronoun ""they"" + ""baby."" In context it therefore denotes an infant being raised without imposed gender categories or pronouns, which is exactly the definition given in option D. Options A–C have no semantic or pragmatic connection to the sentence.",2026-06-12T19:00:30.189605+00:00
374,2,row_173,Thirsty,Sexual,grok,C,A,C,True,False,"In the following sentence, what does ""Thirsty"" mean?
She's lookin real thirsty today.

Select only one answer.
A) feeling thirst
B) An unattractive girl
C) Someone who is trying to get sexual attention overtly
D) An incel term for an attractive middle eastern man

Respond with only the letter of your answer (A, B, C, or D).","C


(The sentence uses ""thirsty"" in its common modern slang sense of desperate/overtly eager for sexual or romantic attention, matching definition C. Literal thirst (A) is ruled out by context; B and D are unrelated or fabricated.)",2026-06-12T19:00:35.708798+00:00
375,2,row_174,Thot,Sexual,grok,A,,A,True,False,"In the following sentence, what does ""Thot"" mean?
I'm gonna dress like a thot tonight.

Select only one answer.
A) Another term that stands for that hoe over there
B) Gossip
C) fake soft penises and testicles designed to give a 'male' bulge to the crotches of female-to-male transsexuals.
D) Fuckboy, someone just looking for sex

Respond with only the letter of your answer (A, B, C, or D).","A


(The term ""thot"" is a common slang acronym for ""that hoe over there,"" referring to a promiscuous or provocatively dressed woman, which fits the sentence context. Other options are unrelated or incorrect slang.)",2026-06-12T19:00:39.580594+00:00
376,2,row_175,Thrust,General,grok,A,D,D,False,True,"In the following sentence, what does ""Thrust"" mean?
Hit the thrust!

Select only one answer.
A) A dance move
B) A stereotypical alpha male that is strong, handsome, and attracts women.
C) As Fuck
D) to push or drive with force : shove

Respond with only the letter of your answer (A, B, C, or D).","D 

The phrase ""Hit the thrust!"" uses ""thrust"" in its core literal sense of applying a forceful push or propulsion (as with engines or a physical shove). This directly matches definition D; the other options are unrelated slang, idioms, or mishearings that do not fit the wording or standard usage.",2026-06-12T19:00:45.110385+00:00
377,2,row_176,toe-cheese,Insult,grok,D,,D,True,False,"In the following sentence, what does ""toe-cheese"" mean?
My whole house smells like toe cheese.

Select only one answer.
A) An older person who is out of touch
B) A kilo of cocaine
C) drunk
D) Gross buildup between the toes

Respond with only the letter of your answer (A, B, C, or D).","D


The phrase ""toe cheese"" (or ""toe-cheese"") is informal slang for the malodorous, cheese-like accumulation of dead skin, sweat, and bacteria that can collect between unwashed toes. In the given sentence the comparison is purely olfactory, so only option D supplies a literal, contextually coherent referent. The remaining choices are unrelated slang terms that have no established connection to the expression.",2026-06-12T19:00:48.760486+00:00
378,2,row_177,tomdick,Insult,grok,A,,A,True,False,"In the following sentence, what does ""tomdick"" mean?
That secratary was a tomdick.

Select only one answer.
A) A commonplace person
B) Crack cocaine
C) An expression of disappointment
D) Ending the discussion on a topic

Respond with only the letter of your answer (A, B, C, or D).","A 

The phrase ""tomdick"" is a compressed form of the fixed idiom ""every Tom, Dick, and Harry,"" which denotes an ordinary or commonplace individual. In the supplied sentence the word is used predicatively of ""secretary,"" yielding the meaning ""an ordinary person,"" which matches option A exactly. The remaining options have no attested connection to the idiom or to the sentence context.",2026-06-12T19:00:52.262533+00:00
379,2,row_178,Touch Grass,General,grok,D,,D,True,False,"In the following sentence, what does ""Touch Grass"" mean?
Go out and touch some grass.

Select only one answer.
A) To express disbelief
B) Gross buildup between the toes
C) A charismatic, sexy, and quick witted man
D) A term used to say that someone is online too much and needs to get back to real life

Respond with only the letter of your answer (A, B, C, or D).",D,2026-06-12T19:00:54.997594+00:00
380,2,row_179,troll,Identity,grok,D,C,D,True,False,"In the following sentence, what does ""troll"" mean?
That guy in valorant was a such a troll.

Select only one answer.
A) Something done regularly
B) crazy or erratic
C) a dwarf or giant in Scandinavian folklore inhabiting caves or hills
D) Someone who deliberatly acts in ways to annoy or anger a group of people online.

Respond with only the letter of your answer (A, B, C, or D).",D,2026-06-12T19:00:57.681019+00:00
381,2,row_180,Tweaking,General,grok,C,B,C,True,False,"In the following sentence, what does ""Tweaking"" mean?
Why are you tweaking out?

Select only one answer.
A) A submissive male that is often outside of traditional social hierarchies
B) to make usually small adjustments in or to; especially : fine-tune
C) Acting crazily
D) Something that is reallly good.

Respond with only the letter of your answer (A, B, C, or D).","C


The phrase ""tweaking out"" is informal slang that describes erratic, agitated, or irrational behavior (often associated with stimulant use or extreme stress). Among the supplied choices, only C matches this idiomatic sense; the remaining options either define the literal verb ""tweak,"" refer to unrelated subcultural terminology, or describe an unrelated positive evaluation.",2026-06-12T19:01:00.761719+00:00
382,2,row_181,twoz,Drugs,grok,D,,D,True,False,"In the following sentence, what does ""twoz"" mean?
Hey, hand me the twoz joint.

Select only one answer.
A) Someone who is very stubborn
B) Something ugly or unattractive
C) A term used to describe a baby raised in a gender neutral environment
D) A canabis based cigarette that needs two paper rolls

Respond with only the letter of your answer (A, B, C, or D).","D


The sentence uses ""twoz joint"" as a noun phrase referring to a physical object being passed (""hand me""). Only option D describes an object that fits this usage and collocates naturally with the word ""joint"" (a rolled cannabis cigarette). Options A–C denote people or abstract descriptors and cannot be handed over in the same way.",2026-06-12T19:01:06.016381+00:00
383,2,row_182,Unc,Insult,grok,D,,D,True,False,"In the following sentence, what does ""Unc"" mean?
I'll explain it to you unc.

Select only one answer.
A) One True Pairing
B) An emotional meltdown
C) An independent, strong person
D) An older person who is out of touch

Respond with only the letter of your answer (A, B, C, or D).","D

The term ""Unc"" is a common slang abbreviation of ""uncle,"" typically used (especially in AAVE and online discourse) to address or refer to an older man. In the given sentence it carries the familiar, mildly patronizing tone of explaining something to someone perceived as out of touch with current trends or knowledge—precisely the meaning in option D. The other choices correspond to unrelated internet acronyms or idioms (OTP, “crash-out,” etc.) and do not fit the wording or context.",2026-06-12T19:01:09.661140+00:00
384,2,row_183,Understood the assignment,General,grok,C,,C,True,False,"In the following sentence, what does ""Understood the assignment"" mean?
All done. Understood the assignment.

Select only one answer.
A) Someone who is trying to get sexual attention overtly
B) A term of endearment for a significant other
C) To confim that something was completed to expectation
D) A provocative dance

Respond with only the letter of your answer (A, B, C, or D).",C,2026-06-12T19:01:12.484885+00:00
385,2,row_184,upper decky,Drugs,grok,A,,A,True,False,"In the following sentence, what does ""upper decky"" mean?
Hey bro, can I bum an upper decky zynn?

Select only one answer.
A) A nicotine pouch held between the upper lip and gums
B) Short for Bitch
C) Go in 100% on something
D) Something very good

Respond with only the letter of your answer (A, B, C, or D).","A 

The phrase ""upper decky zynn"" is a colloquial reference to a Zyn nicotine pouch (a brand of tobacco-free nicotine pouch) placed in the ""upper deck,"" i.e., between the upper lip and gum. The speaker is simply asking to borrow one. Options B–D bear no semantic or contextual relation to the utterance.",2026-06-12T19:01:15.942371+00:00
386,2,row_185,Vibe,General,grok,C,,C,True,False,"In the following sentence, what does ""Vibe"" mean?
I'm just enjoyin the vibe out here.

Select only one answer.
A) A commonplace person
B) a bad charisma
C) The positive or relaxing energy of a place
D) Someone that is too left leaning politically

Respond with only the letter of your answer (A, B, C, or D).",C,2026-06-12T19:01:18.376145+00:00
387,2,row_186,Vibe Check,General,grok,D,,D,True,False,"In the following sentence, what does ""Vibe Check"" mean?
Can I get a vibe check?

Select only one answer.
A) An unpopular opinion
B) A loud and messy conflict
C) A man that is feminine in nature
D) To check the mood of a situation

Respond with only the letter of your answer (A, B, C, or D).",D,2026-06-12T19:01:20.882165+00:00
388,2,row_187,wahala,General,grok,B,,B,True,False,"In the following sentence, what does ""wahala"" mean?
Please, no wahala.

Select only one answer.
A) An all denim outfit
B) A significant problem
C) I just burst out laughing
D) To get arrested

Respond with only the letter of your answer (A, B, C, or D).","B


The phrase ""no wahala"" is a common expression in Nigerian Pidgin English (and related West African English varieties) that literally translates to ""no trouble/problem."" Therefore ""wahala"" itself denotes a problem or source of difficulty, which directly matches option B. The other choices have no attested connection to the word’s established meaning or usage.",2026-06-12T19:01:23.878372+00:00
389,2,row_188,waved,Drugs,grok,A,D,A,True,False,"In the following sentence, what does ""waved"" mean?
Bro's over on the bench waved out of his mind.

Select only one answer.
A) To be high or drunk
B) When you are outnumbered in a fight and call black people for the win
C) A term of endearment for a significant other
D) having a wavelike form or outline

Respond with only the letter of your answer (A, B, C, or D).","A 

The sentence uses ""waved out of his mind"" as slang for extreme intoxication (high or drunk), a common informal extension of ""wavy/waved"" in contemporary speech to describe altered states. Options B and C have no semantic or contextual fit, while D is the unrelated literal definition of the verb ""wave.""",2026-06-12T19:01:29.102187+00:00
390,2,row_189,What the sigma,General,grok,B,,B,True,False,"In the following sentence, what does ""What the sigma"" mean?
What the sigma? I thought you left?

Select only one answer.
A) To stab or shoot
B) An expression of disbelief
C) A term to support someone going through a gender change.
D) A term for someone that enjoys watching their wife have sex with another man

Respond with only the letter of your answer (A, B, C, or D).","B 

The phrase ""What the sigma?"" is a meme-derived variant of ""What the [expletive]?"" that substitutes the internet slang term ""sigma"" (from ""sigma male""). In the given sentence it functions purely as an interjection of surprise or disbelief, matching option B and none of the other definitions.",2026-06-12T19:01:32.726083+00:00
391,2,row_190,whitney,Drugs,grok,D,,D,True,False,"In the following sentence, what does ""whitney"" mean?
Hey man, you got any whitney on you?

Select only one answer.
A) To stab or shoot
B) cocaine
C) Somehting that is poor quality
D) Crack cocaine

Respond with only the letter of your answer (A, B, C, or D).","D

The term ""whitney"" in the given sentence is a slang reference to crack cocaine. It originates from the name of singer Whitney Houston, whose widely publicized struggles with substance abuse centered on crack; the name therefore functions as a coded allusion when asking whether someone is carrying the drug. Among the supplied choices, this matches option D exactly and rules out the broader term ""cocaine"" (option B), the unrelated violent meaning (option A), and the quality judgment (option C).",2026-06-12T19:01:38.271634+00:00
392,2,row_191,Woke,Insult,grok,B,,B,True,False,"In the following sentence, what does ""Woke"" mean?
Stop being so woke.

Select only one answer.
A) To win
B) Someone that is too left leaning politically
C) a significant other
D) Something low quality or bad

Respond with only the letter of your answer (A, B, C, or D).",B,2026-06-12T19:01:41.477970+00:00
393,2,row_192,womp womp,General,grok,A,,A,True,False,"In the following sentence, what does ""womp womp"" mean?
I failed that math quiz. Womp womp.

Select only one answer.
A) An expression of disappointment
B) A criminal that turned their life arpound and are legitimate
C) sex
D) Delusional

Respond with only the letter of your answer (A, B, C, or D).",A,2026-06-12T19:01:43.846519+00:00
394,2,row_193,wraparound,General,grok,D,C,D,True,False,"In the following sentence, what does ""wraparound"" mean?
I had to pull a wraparound this morning since I left my wallet at the bar.

Select only one answer.
A) Very good
B) Ironically used to describe one as unique
C) made to be wrapped around something and especially the body
D) Someone who is the last person to leave a location and the first to come back in the morning

Respond with only the letter of your answer (A, B, C, or D).","D 

The sentence uses ""wraparound"" as slang for returning first thing in the morning to a place (the bar) one was the last to leave the night before. This matches definition D exactly; the other options are either literal dictionary senses or unrelated slang that do not fit the context.",2026-06-12T19:01:47.463043+00:00
395,2,row_194,Yapping,Insult,grok,A,D,D,False,True,"In the following sentence, what does ""Yapping"" mean?
Stop your yapping and get over here.

Select only one answer.
A) Talking too much
B) A reference for ass
C) To give sympathy or signify a failure
D) to talk in a shrill insistent way : chatter

Respond with only the letter of your answer (A, B, C, or D).","D 

The word ""yapping"" is the present participle of the verb ""yap,"" whose standard dictionary sense is ""to talk in a shrill, insistent, or repetitive way; chatter."" In the given imperative sentence the term is being used in exactly that sense: the speaker is ordering the addressee to stop making shrill or incessant remarks.  

Option A is a loose paraphrase but does not capture the specific auditory or manner-of-speaking nuance conveyed by the verb. Options B and C have no semantic connection to the word. Therefore the single best answer among those supplied is D.",2026-06-12T19:01:53.473179+00:00
396,2,row_195,Yeet,General,grok,B,,B,True,False,"In the following sentence, what does ""Yeet"" mean?
Think I can make this? Yeet!

Select only one answer.
A) A term for friends
B) Throwing something
C) When something hidden gets called out
D) a significant other

Respond with only the letter of your answer (A, B, C, or D).",B,2026-06-12T19:01:55.649236+00:00
397,2,row_196,ying,Violence,grok,B,,B,True,False,"In the following sentence, what does ""ying"" mean?
I'll walk in swinging my ying.

Select only one answer.
A) An expression of disbelief
B) A knife
C) To do somethign very well
D) Fashionable or stylish

Respond with only the letter of your answer (A, B, C, or D).","B


The sentence structure is most consistent with a concrete noun that can literally be swung (as in a weapon or tool). Among the options, only ""a knife"" satisfies that syntactic and semantic requirement; the remaining choices are either abstract concepts or verbs/adjectives that cannot function as the object of ""swinging."" No established slang usage contradicts this reading, so B is the only selection that preserves grammatical and contextual coherence.",2026-06-12T19:02:01.682378+00:00
398,2,row_197,yoyo,General,grok,C,B,C,True,False,"In the following sentence, what does ""yoyo"" mean?
We've helped you in the past, but yoyo this time.

Select only one answer.
A) Prolonged masturbation
B) a thick grooved double disk with a string attached to its center axle that is made to fall and rise to the hand by unwinding and rewinding on the string
C) You're on Your own
D) The positive or relaxing energy of a place

Respond with only the letter of your answer (A, B, C, or D).","C


The sentence context (""We've helped you in the past, but... this time"") indicates an idiomatic expression of refusal or non-assistance. Among the choices, only option C produces a grammatically and semantically coherent reading: ""You're on your own."" The remaining options are either literal dictionary senses of the toy (B) or unrelated slang (A, D) that do not fit the surrounding clause.",2026-06-12T19:02:05.012343+00:00
399,2,row_198,Zaddy,Sexual,grok,D,,D,True,False,"In the following sentence, what does ""Zaddy"" mean?
I'm meeting up with my zaddy later tonight.

Select only one answer.
A) A sudden feeling of disguest or repultion towards someone.
B) Someone who deliberatly acts in ways to annoy or anger a group of people online.
C) Very good
D) An attractive older man

Respond with only the letter of your answer (A, B, C, or D).",D,2026-06-12T19:02:07.392364+00:00
400,2,row_199,Zesty,Insult,grok,B,D,B,True,False,"In the following sentence, what does ""Zesty"" mean?
He's acting a bit zesty today.

Select only one answer.
A) A term for someone that enjoys watching their wife have sex with another man
B) A man that is feminine in nature
C) intensely and openely say something true
D) having or characterized by zest : appealingly piquant or lively

Respond with only the letter of your answer (A, B, C, or D).","B 

The sentence uses ""zesty"" in a behavioral sense (""acting a bit...""), which aligns with contemporary internet slang for effeminate or flamboyantly gay mannerisms rather than the literal culinary or energetic definition. Options A and C have no attested connection to the word, while D reflects only the standard dictionary sense that does not fit the phrasing here.",2026-06-12T19:02:13.197794+00:00
401,3,row_000,'done,Drugs,grok,A,,A,True,False,"In the following sentence, what does ""'done"" mean?
Do you have any of the 'done on you?

Select only one answer.
A) Methodone
B) Down to fuck
C) A nicotine pouch held between the upper lip and gums
D) Used to address friends with exasperation, releif, or disbeleif.

Respond with only the letter of your answer (A, B, C, or D).","A 

The sentence ""Do you have any of the 'done on you?"" is a direct match for common drug-user shorthand in which ""methadone"" is clipped to ""'done"" (the apostrophe signals the omitted prefix). The phrase is asking whether the listener is carrying any methadone, exactly as one might say ""any of the dope on you.""  

Options B and D are semantically unrelated to the wording. Option C refers to nicotine pouches, which are never abbreviated ""'done."" Thus only A fits both the lexical form and the pragmatic context of the question.",2026-06-12T19:02:18.858485+00:00
402,3,row_001,6-6-6,Identity,grok,A,,A,True,False,"In the following sentence, what does ""6-6-6"" mean?
I only date a man who is a 6-6-6.

Select only one answer.
A) A rule used by some for dating that refers to someone who is six feet tall, has a 6 figure income, and has six-pack abs
B) Something done regularly
C) Sociopath
D) A homosexual cowboy

Respond with only the letter of your answer (A, B, C, or D).","A 

The phrase ""6-6-6"" (or ""6'6\"" 6-figure 6-pack"") is a well-known dating-preference shorthand that originated on social media and dating apps. It specifies three concrete criteria—height of six feet, annual income in the six figures, and visible abdominal muscles—exactly as described in option A. The other choices have no established connection to this numeric pattern in common usage.",2026-06-12T19:02:22.021669+00:00
403,3,row_002,AF,General,grok,C,,C,True,False,"In the following sentence, what does ""AF"" mean?
Thats cool AF!

Select only one answer.
A) A loss or failure
B) When you are outnumbered in a fight and call black people for the win
C) As Fuck
D) A glock pistol

Respond with only the letter of your answer (A, B, C, or D).","C


(The response contains only the requested letter, per the query constraints.)",2026-06-12T19:02:25.321988+00:00
404,3,row_003,aggy,Violence,grok,B,,B,True,False,"In the following sentence, what does ""aggy"" mean?
Why you so aggy?

Select only one answer.
A) Something untrue or unbeleivable
B) to aggrivate
C) The vagina
D) A loss or failure

Respond with only the letter of your answer (A, B, C, or D).",B,2026-06-12T19:02:29.717400+00:00
405,3,row_004,Alpha,Identity,grok,D,A,D,True,False,"In the following sentence, what does ""Alpha"" mean?
What an alpha chad.

Select only one answer.
A) the 1st letter of the Greek alphabet
B) Someone that is boring
C) A dance move
D) A strong, leader who commands those around them

Respond with only the letter of your answer (A, B, C, or D).","D


The sentence uses contemporary internet slang, where ""alpha"" (paired with ""chad"") denotes a dominant, assertive male archetype, matching definition D and excluding the literal Greek-letter sense (A) or unrelated options (B, C).",2026-06-12T19:02:33.041134+00:00
406,3,row_005,ant,Sexual,grok,C,D,D,False,True,"In the following sentence, what does ""ant"" mean?
I came across a real ant at the club earlier.

Select only one answer.
A) Prolonged masturbation
B) sex
C) A charismatic, sexy, and quick witted man
D) any of a family (Formicidae) of colonial hymenopterous insects with a complex social organization and various castes performing special duties

Respond with only the letter of your answer (A, B, C, or D).",D,2026-06-12T19:02:38.481975+00:00
407,3,row_006,archer,Identity,grok,D,A,A,False,True,"In the following sentence, what does ""archer"" mean?
Jim was an archer with her lies.

Select only one answer.
A) a person who uses a bow and arrow
B) Something suspicious
C) Mediocre
D) A person who is very good at spotting a lie

Respond with only the letter of your answer (A, B, C, or D).",A,2026-06-12T19:02:45.876584+00:00
408,3,row_007,ASL,Sexual,grok,C,,C,True,False,"In the following sentence, what does ""ASL"" mean?
What's your ASL?

Select only one answer.
A) Go in 100% on something
B) a significant other
C) Age Sex Location
D) A kilo of cocaine

Respond with only the letter of your answer (A, B, C, or D).",C,2026-06-12T19:02:48.788957+00:00
409,3,row_008,Aura Farming,Identity,grok,D,,D,True,False,"In the following sentence, what does ""Aura Farming"" mean?
That skateboard group is trying really hard to aura farm, but its not working.

Select only one answer.
A) A man that is feminine in nature
B) Someone that is too left leaning politically
C) sex
D) Activities that involve cultivating ones Aura

Respond with only the letter of your answer (A, B, C, or D).",D,2026-06-12T19:02:51.558975+00:00
410,3,row_009,babygirl,Sexual,grok,C,,C,True,False,"In the following sentence, what does ""babygirl"" mean?
Hey babygirl, whanna metup tonight?

Select only one answer.
A) An independent, strong person
B) An expression of disappointment
C) An endeering term used towards ones significant other
D) used to mock spoiled kids

Respond with only the letter of your answer (A, B, C, or D).",C,2026-06-12T19:02:54.665227+00:00
411,3,row_010,backoff,Sexual,grok,A,B,A,True,False,"In the following sentence, what does ""backoff"" mean?
That girl has a fat backoff!

Select only one answer.
A) A large ass that stands out.
B) back down
C) Something that is better then everything else
D) an expression of surprise

Respond with only the letter of your answer (A, B, C, or D).","A 

The sentence structure (""has a fat backoff"") is clearly using the term as a noun phrase describing a physical attribute, most plausibly a prominent rear end. The other options are either verbs (""back down"") or do not fit the syntactic or semantic context at all.",2026-06-12T19:02:59.229968+00:00
412,3,row_011,Bae,Sexual,grok,A,,C,False,False,"In the following sentence, what does ""Bae"" mean?
She's my bae.

Select only one answer.
A) A significant other
B) something intense, aggressive, and unfiltered
C) A term of endearment for a significant other
D) A term for baby that people will call their significant other.

Respond with only the letter of your answer (A, B, C, or D).",C,2026-06-12T19:03:04.178629+00:00
413,3,row_012,bareface,Identity,grok,A,D,A,True,False,"In the following sentence, what does ""bareface"" mean?
I saw a group of barefaces at the store this morning, so I won't be going back.

Select only one answer.
A) Someone who refused to wear a mask in covid times.
B) Irritated, bitter, or resentful
C) A fool or a prick
D) having a clear finish and no nap

Respond with only the letter of your answer (A, B, C, or D).","A 

The sentence uses ""barefaces"" as a noun referring to people observed at a store, with the speaker then avoiding the location. This context aligns exclusively with option A, as the term can be interpreted literally as individuals without a face covering (i.e., mask refusers), implying a health-related avoidance during the COVID era.  

Options B and C describe emotional states or insults but lack any etymological or contextual link to ""bareface"" as a descriptor of people. Option D applies only to inanimate surfaces (e.g., fabric or wood finishes) and cannot refer to human subjects.  

Thus, only A produces a coherent reading of the full sentence.",2026-06-12T19:03:10.981390+00:00
414,3,row_013,based,General,grok,D,B,D,True,False,"In the following sentence, what does ""based"" mean?
That show was based.

Select only one answer.
A) To prepare for a fight
B) having a specified type of base or basis —often used in combination
C) The abandonment of responsibilities
D) An unpopular opinion

Respond with only the letter of your answer (A, B, C, or D).","D 

The sentence uses ""based"" as internet/meme slang (popularized via figures like Lil B and later 4chan/alt-right discourse). In this register the adjective describes a person, statement, or creative work that expresses an opinion viewed as authentic, unapologetic, or politically incorrect—i.e., “an unpopular opinion.”  

Option B is the standard dictionary sense (“based on …”) but does not fit the predicative, evaluative use here. Options A and C have no attested connection to the word. Hence only D matches the attested slang meaning.",2026-06-12T19:03:17.613503+00:00
415,3,row_014,Basic,Identity,grok,D,A,D,True,False,"In the following sentence, what does ""Basic"" mean?
Shes so basic.

Select only one answer.
A) of, relating to, or forming the base or essence : fundamental
B) to recoil in distaste
C) A loud and messy conflict
D) Someone that is boring

Respond with only the letter of your answer (A, B, C, or D).",D,2026-06-12T19:03:21.303759+00:00
416,3,row_015,bb,Sexual,grok,C,D,C,True,False,"In the following sentence, what does ""bb"" mean?
Hey bb, lets grab some food.

Select only one answer.
A) You're on Your own
B) Something that is messed up or not right.
C) A term for baby that people will call their significant other.
D) a shot pellet 0.18 inch in diameter for use in a shotgun cartridge

Respond with only the letter of your answer (A, B, C, or D).","C


The sentence uses ""bb"" as an affectionate shorthand for ""baby,"" a common informal term of endearment directed at a romantic partner. This matches option C exactly and rules out the other choices: A and B are unrelated slang or abbreviations, while D refers to ammunition that has no contextual fit in the greeting.",2026-06-12T19:03:24.578259+00:00
417,3,row_016,Bet,General,grok,B,D,B,True,False,"In the following sentence, what does ""Bet"" mean?
bet, lets go.

Select only one answer.
A) A dance move
B) An affirmative agreement
C) Someone who is trying to get sexual attention overtly
D) something that is laid, staked, or pledged typically between two parties on the outcome of a contest or a contingent issue : wager —often used figuratively in such phrases as all bets are off to stress the uncertainty of an outcome

Respond with only the letter of your answer (A, B, C, or D).","B

The sentence ""bet, lets go"" uses ""bet"" as informal slang (short for ""you bet""), which functions as a quick affirmative reply equivalent to ""okay,"" ""sure,"" or ""deal."" This matches option B exactly. Option D gives the literal dictionary definition of a wager, which does not fit the casual conversational context. Options A and C describe unrelated meanings that have no connection to the given sentence.",2026-06-12T19:03:27.452961+00:00
418,3,row_017,Beta,Identity,grok,A,C,A,True,False,"In the following sentence, what does ""Beta"" mean?
The beta's of the world aren't gonna like that.

Select only one answer.
A) Someone weak or a follower
B) Someone younger
C) the 2nd letter of the Greek alphabet
D) Sociopath

Respond with only the letter of your answer (A, B, C, or D).","A


The term ""beta"" here is drawn from online/manosphere slang contrasting with ""alpha,"" denoting a submissive or low-status male (i.e., weak or a follower). The sentence structure treats ""beta"" as a social category of people, ruling out the literal Greek-letter sense (C), age-related meaning (B), or unrelated traits (D).",2026-06-12T19:03:30.446867+00:00
419,3,row_018,Bih,General,grok,B,,B,True,False,"In the following sentence, what does ""Bih"" mean?
Bih, what?

Select only one answer.
A) An unpopular opinion
B) Short for Bitch
C) cocaine
D) An incel term meaning kissless, hugless, handholdless virgin

Respond with only the letter of your answer (A, B, C, or D).","B 

The term ""bih"" is a common phonetic shortening or stylized spelling of ""bitch"" in casual/internet slang (e.g., ""bad bih,"" ""real bih""). The example sentence is a direct parallel to the phrase ""Bitch, what?"", confirming the same usage. The other options have no attested connection to this spelling or context.",2026-06-12T19:03:33.686809+00:00
420,3,row_019,bine,Violence,grok,A,B,A,True,False,"In the following sentence, what does ""bine"" mean?
Load the nine with ine and selek it.

Select only one answer.
A) bullets
B) a twining stem or flexible shoot (as of the hop); also : a plant (such as woodbine) whose shoots are bines
C) A term to discuss sexual experiences
D) To refer to ones imaginary audience like an internet steamer

Respond with only the letter of your answer (A, B, C, or D).","A 

The sentence uses ""nine"" as slang for a 9 mm pistol. The only reading that produces a coherent imperative is therefore ""load the nine with bullets and select/cock it,"" making ""bine"" a stand-in for ammunition. The remaining options are either the unrelated botanical sense of the word or unrelated slang that cannot be loaded into a firearm.",2026-06-12T19:03:39.596910+00:00
421,3,row_020,blackup,Violence,grok,B,,B,True,False,"In the following sentence, what does ""blackup"" mean?
We are outnumbered. Call for black up.

Select only one answer.
A) Something ugly or unattractive
B) When you are outnumbered in a fight and call black people for the win
C) A charismatic, sexy, and quick witted man
D) to recoil in distaste

Respond with only the letter of your answer (A, B, C, or D).",B,2026-06-12T19:03:42.575072+00:00
422,3,row_021,Brain Rot,General,grok,C,,C,True,False,"In the following sentence, what does ""Brain Rot"" mean?
Kids these days just sit around and watch brain rot.

Select only one answer.
A) Money
B) Short for happening
C) The videos one find on social media that cause people to scroll and do nothign for hours
D) An insult commonly used in sports

Respond with only the letter of your answer (A, B, C, or D).",C,2026-06-12T19:03:46.037450+00:00
423,3,row_022,brizzy,Drugs,grok,D,,D,True,False,"In the following sentence, what does ""brizzy"" mean?
Quickly, grab the brizzy.

Select only one answer.
A) A dance move
B) A canister of nitrous oxide
C) To be fierce and unapologetic withing a social situation
D) A kilo of cocaine

Respond with only the letter of your answer (A, B, C, or D).","D

The sentence requires an object that can physically be grabbed, immediately eliminating A (a dance move) and C (a behavioral description, not a noun). This narrows the choice to the two drug-related nouns. “Brizzy” has no established slang meaning, but it phonetically echoes “brick,” a common term for a kilogram-sized package of cocaine; therefore D is the only option that aligns with both syntax and plausible lexical analogy.",2026-06-12T19:03:54.309394+00:00
424,3,row_023,broomhandle,Violence,grok,D,,D,True,False,"In the following sentence, what does ""broomhandle"" mean?
Get your broomhandle, we gotta go.

Select only one answer.
A) An emotional meltdown
B) A large ass that stands out.
C) To be fierce and unapologetic withing a social situation
D) A mauser C96 pistol

Respond with only the letter of your answer (A, B, C, or D).","D 

The term ""broomhandle"" is a longstanding nickname for the Mauser C96 semi-automatic pistol, whose distinctive wooden grip resembles the handle of a broom. The sentence therefore functions as an instruction to retrieve that firearm before departing. Options A–C have no documented lexical connection to the word.",2026-06-12T19:03:57.155750+00:00
425,3,row_024,bruh!,General,grok,A,D,A,True,False,"In the following sentence, what does ""bruh!"" mean?
Bruh! What was that?

Select only one answer.
A) Used to address friends with exasperation, releif, or disbeleif.
B) Someone that travels abroad with the sole purpose of having sex
C) Crack cocaine
D) brother

Respond with only the letter of your answer (A, B, C, or D).","A 

The term ""bruh"" is a phonetic spelling of the informal address ""bro"" (short for ""brother""). In the given exclamation it functions as an interjection conveying surprise, disbelief, or exasperation, which matches definition A exactly. Options B and C are unrelated slang terms, and D supplies only the etymological root rather than the pragmatic meaning in the sentence.",2026-06-12T19:04:00.421171+00:00
426,3,row_025,Bruzz,General,grok,A,,A,True,False,"In the following sentence, what does ""Bruzz"" mean?
Whats up bruzz?

Select only one answer.
A) A term for friends
B) Someone who refused to wear a mask in covid times.
C) Main Character - Someone that acts as if they are the star of a story
D) To win

Respond with only the letter of your answer (A, B, C, or D).","A


The response is A because ""bruzz"" is a phonetic variant of ""bruhs/bros,"" used as a casual plural address for friends, exactly matching the greeting ""Whats up bruzz?"" The remaining options have no attested connection to the term.",2026-06-12T19:04:04.369283+00:00
427,3,row_026,Bussin',General,grok,C,,C,True,False,"In the following sentence, what does ""Bussin'"" mean?
This pizza is bussin, on god!

Select only one answer.
A) A term for baby that people will call their significant other.
B) A reaction to something uncomfortable
C) Very good
D) To do somethign very well

Respond with only the letter of your answer (A, B, C, or D).",C,2026-06-12T19:04:06.768529+00:00
428,3,row_027,Cake,Sexual,grok,C,A,C,True,False,"In the following sentence, what does ""Cake"" mean?
Shes looking real caked up!

Select only one answer.
A) a breadlike food made from a dough or batter that is usually fried or baked in small flat shapes and is often unleavened
B) Mercedes Benz G class
C) A reference for ass
D) To make a jawline more defined

Respond with only the letter of your answer (A, B, C, or D).","C 

The phrase ""caked up"" is common AAVE-derived internet slang in which ""cake"" is a euphemism for buttocks (compare ""she got cake""). When applied to a person (especially with the verb ""looking""), the expression therefore functions as a compliment on the size or shape of someone's rear end.  

- Option A is the literal culinary sense and is unrelated to the sentence.  
- Option B refers to an unrelated luxury-vehicle nickname (""G-Wagon"").  
- Option D describes contouring or ""caking"" makeup on the jawline, a usage that does not match the attested slang ""caked up.""  

Hence only C correctly glosses the intended meaning.",2026-06-12T19:04:11.578407+00:00
429,3,row_028,Cap,General,grok,A,C,A,True,False,"In the following sentence, what does ""Cap"" mean?
You're cappin. No way.

Select only one answer.
A) Something untrue or unbeleivable
B) Weak or effeminate
C) a head covering especially with a visor and no brim
D) To be honest about something

Respond with only the letter of your answer (A, B, C, or D).","A 

The slang term ""cap"" (and its verb form ""cappin'"") originated in African-American Vernacular English and has spread widely online. It denotes a falsehood or exaggeration; the opposite phrase ""no cap"" asserts truthfulness. In the given sentence the speaker is therefore accusing the listener of lying, which matches definition A and rules out the literal noun sense (C), the unrelated slang sense of weakness (B), and the antonym (D).",2026-06-12T19:04:15.135749+00:00
430,3,row_029,Chad,Identity,grok,B,D,B,True,False,"In the following sentence, what does ""Chad"" mean?
That was a total chad move.

Select only one answer.
A) Someone that tries really hard to impress their crush
B) A stereotypical alpha male that is strong, handsome, and attracts women.
C) An insult saying that the problem is due to lack of skill rather then luck
D) small pieces of paper or cardboard produced in punching paper tape or data cards; also : a piece of chad.

Respond with only the letter of your answer (A, B, C, or D).","B 

The term ""Chad"" in the given sentence is internet/meme slang (originating from online forums and image macros in the 2010s) for an archetypal hyper-masculine, physically attractive, socially dominant male who effortlessly succeeds with women and projects confidence. This usage is unrelated to the literal technical meaning of ""chad"" (punch-hole debris) or any of the other listed interpretations. The phrase ""total chad move"" therefore praises or ironically highlights bold, alpha-male behavior, aligning directly with option B.",2026-06-12T19:04:19.048629+00:00
431,3,row_030,Chaddam,Identity,grok,C,,C,True,False,"In the following sentence, what does ""Chaddam"" mean?
Did you see the chaddam at the restraunt earlier?

Select only one answer.
A) To knock someone out
B) Someone that travels abroad with the sole purpose of having sex
C) An incel term for an attractive middle eastern man
D) Someone who is very stubborn

Respond with only the letter of your answer (A, B, C, or D).",C,2026-06-12T19:04:21.542086+00:00
432,3,row_031,Chang,Drugs,grok,B,,B,True,False,"In the following sentence, what does ""Chang"" mean?
Hey , you got a hookup for chang?

Select only one answer.
A) A canabis based cigarette that needs two paper rolls
B) cocaine
C) An emotional meltdown
D) A homosexual cowboy

Respond with only the letter of your answer (A, B, C, or D).","B 

The sentence uses ""hookup"" in the common idiomatic sense of ""source or connection to obtain,"" which in casual speech most often refers to illicit drugs. Among the listed choices, only cocaine is a substance that is regularly procured this way; the remaining options (cannabis cigarette, emotional episode, or a person) do not fit either the lexical item ""chang"" or the surrounding phrasing. ""Chang"" is attested British/Australian slang for cocaine, completing the interpretation.",2026-06-12T19:04:25.455028+00:00
433,3,row_032,Chat,General,grok,B,A,B,True,False,"In the following sentence, what does ""Chat"" mean?
Chat, how does this look?

Select only one answer.
A) chatter, prattle
B) To refer to ones imaginary audience like an internet steamer
C) An insult saying that the problem is due to lack of skill rather then luck
D) a significant other

Respond with only the letter of your answer (A, B, C, or D).",B,2026-06-12T19:04:28.012525+00:00
434,3,row_033,Cheeks,General,grok,D,B,D,True,False,"In the following sentence, what does ""Cheeks"" mean?
That movie was cheeks.

Select only one answer.
A) to recoil in distaste
B) the fleshy side of the face below the eye and above and to the side of the mouth
C) To show off
D) Somehting that is poor quality

Respond with only the letter of your answer (A, B, C, or D).",D,2026-06-12T19:04:30.887423+00:00
435,3,row_034,chenta,Insult,grok,B,,B,True,False,"In the following sentence, what does ""chenta"" mean?
You are looking really chenta.

Select only one answer.
A) An affirmative agreement
B) Something ugly or unattractive
C) A significant problem
D) To win

Respond with only the letter of your answer (A, B, C, or D).",B,2026-06-12T19:04:36.543751+00:00
436,3,row_035,cheugy,Insult,grok,A,,A,True,False,"In the following sentence, what does ""cheugy"" mean?
That girl had such a cheugy outfit.

Select only one answer.
A) Somehting uncool or unfashionable
B) an expression of surprise
C) A term for bringing someone over to watch some netflix and then have sex.
D) Something really good

Respond with only the letter of your answer (A, B, C, or D).","A 

The term ""cheugy"" (popularized on TikTok around 2021) is defined in dictionaries and slang references as ""uncool,"" ""trying too hard,"" or ""basic/outdated in style."" In the given sentence it is used as a pejorative judgment of someone’s clothing, which aligns directly with option A and rules out the other choices.",2026-06-12T19:04:41.993128+00:00
437,3,row_036,chi-mo,Identity,grok,C,,C,True,False,"In the following sentence, what does ""chi-mo"" mean?
Go fuck that chi-mo up.

Select only one answer.
A) To give sympathy or signify a failure
B) A criminal that turned their life arpound and are legitimate
C) A chlid molestor
D) a bad charisma

Respond with only the letter of your answer (A, B, C, or D).","C


The term ""chi-mo"" (also spelled ""chimo"") is prison/urban slang, formed as a clipped compound of ""child molester."" The sentence ""Go fuck that chi-mo up"" is therefore an exhortation to assault a child molester, which matches option C and rules out the other choices.",2026-06-12T19:04:44.954921+00:00
438,3,row_037,Chungus,General,grok,D,,D,True,False,"In the following sentence, what does ""Chungus"" mean?
Thats a very chungus pizza.

Select only one answer.
A) to aggrivate
B) Something that is reallly good.
C) A descriptor for an attractive person
D) Something that is adorably and chunky

Respond with only the letter of your answer (A, B, C, or D).",D,2026-06-12T19:04:49.326782+00:00
439,3,row_038,Clocked,Violence,grok,B,A,B,True,False,"In the following sentence, what does ""Clocked"" mean?
He totally clocked that guy.

Select only one answer.
A) to time with a stopwatch or by an electric timing device
B) When something hidden gets called out
C) Someone younger
D) To do something impressive

Respond with only the letter of your answer (A, B, C, or D).","B

The sentence uses ""clocked"" in its modern slang sense (especially common in online/LGBTQ+ vernacular): to notice, recognize, or expose something about a person that they were attempting to conceal. This directly matches option B and rules out the others (A is the literal timekeeping sense; C and D have no relation to the verb ""clock"").",2026-06-12T19:04:55.097514+00:00
440,3,row_039,Cooked,General,grok,B,C,B,True,False,"In the following sentence, what does ""Cooked"" mean?
You're cooked

Select only one answer.
A) Someone acting aggressively and out of control
B) Done or ruined
C) past tense and past participle of cook
D) A significant other

Respond with only the letter of your answer (A, B, C, or D).",B,2026-06-12T19:04:58.861411+00:00
441,3,row_040,coota suit,Identity,grok,D,,B,False,False,"In the following sentence, what does ""coota suit"" mean?
Im gonna hit the town in my coota suit.

Select only one answer.
A) A loud and messy conflict
B) Nonsensical term
C) A term of endearment for a significant other
D) An all denim outfit

Respond with only the letter of your answer (A, B, C, or D).",B,2026-06-12T19:05:03.343713+00:00
442,3,row_041,Crashout,General,grok,B,A,B,True,False,"In the following sentence, what does ""Crashout"" mean?
Jen had a total crashout after her breakup

Select only one answer.
A) a vehicular crash
B) An emotional meltdown
C) Someone that travels abroad with the sole purpose of having sex
D) Money

Respond with only the letter of your answer (A, B, C, or D).","B 

The sentence context (""after her breakup"") clearly signals an emotional reaction rather than a literal accident, financial reference, or unrelated slang. ""Crashout"" (or ""crash out"") is attested in contemporary informal usage—especially online and in certain dialects—as a meltdown or loss of emotional control, matching option B and ruling out A, C, and D.",2026-06-12T19:05:06.359668+00:00
443,3,row_042,Cringe,General,grok,C,,C,True,False,"In the following sentence, what does ""Cringe"" mean?
Did you hear that pickup line? It was totally cringe!

Select only one answer.
A) A man that takes care of children
B) An unpopular opinion
C) to recoil in distaste
D) To prepare for a fight

Respond with only the letter of your answer (A, B, C, or D).",C,2026-06-12T19:05:09.252221+00:00
444,3,row_043,crower,Insult,grok,D,,D,True,False,"In the following sentence, what does ""crower"" mean?
Stop sitting around and being a crower

Select only one answer.
A) Saying something secretive or to keep low profile
B) Ending the discussion on a topic
C) To express disbelief
D) Someone who sitts around commenting about others

Respond with only the letter of your answer (A, B, C, or D).",D,2026-06-12T19:05:13.346580+00:00
445,3,row_044,cuck,Insult,grok,D,C,A,False,False,"In the following sentence, what does ""cuck"" mean?
That guy must be a cuck letting his wife talk to others like that.

Select only one answer.
A) Someone weak or a follower
B) A descriptor for an attractive person
C) a man whose wife is unfaithful : cuckold
D) A term for someone that enjoys watching their wife have sex with another man

Respond with only the letter of your answer (A, B, C, or D).","A

The term ""cuck"" in the given sentence functions as a pejorative slang insult. It is deployed to mock the man for perceived weakness or lack of dominance in allowing his wife to interact freely with others. While the word derives from ""cuckold"" (option C), the contextual usage here is not the literal or fetishistic sense (options C or D) but the broader modern derogatory application to someone viewed as submissive or emasculated (option A). Option B is unrelated and has no semantic overlap.",2026-06-12T19:05:18.689582+00:00
446,3,row_045,d-low,General,grok,C,,C,True,False,"In the following sentence, what does ""d-low"" mean?
Keep it on the d-low, okay?

Select only one answer.
A) Mercedes Benz G class
B) Used to refer to the social media platforms one uses
C) To keep secretive or obscure
D) An attractive older man

Respond with only the letter of your answer (A, B, C, or D).",C,2026-06-12T19:05:21.165615+00:00
447,3,row_046,daggers,General,grok,B,C,B,True,False,"In the following sentence, what does ""daggers"" mean?
Lets hit the dance floor and do the start daggering.

Select only one answer.
A) To win
B) A provocative dance
C) a sharp pointed knife for stabbing
D) drunk

Respond with only the letter of your answer (A, B, C, or D).","B 

The sentence uses ""daggering"" (a verb form derived from ""daggers"") in the explicit context of going to the ""dance floor,"" which immediately rules out the literal meaning of a knife (C) as well as the unrelated senses in A and D. Daggering is a documented Jamaican dance style characterized by aggressive, sexually suggestive movements; therefore the only contextually appropriate gloss is B.",2026-06-12T19:05:24.293996+00:00
448,3,row_047,Ded,General,grok,C,,C,True,False,"In the following sentence, what does ""Ded"" mean?
I'm ded

Select only one answer.
A) The positive or relaxing energy of a place
B) Something really good
C) To metaphorically die of laughter
D) To do somethign very well

Respond with only the letter of your answer (A, B, C, or D).",C,2026-06-12T19:05:26.463295+00:00
449,3,row_048,Delulu,General,grok,D,,D,True,False,"In the following sentence, what does ""Delulu"" mean?
I'm feeling delulu after that show.

Select only one answer.
A) the playful act of taking a friend's food
B) Men that lack masculine characteristics
C) An expression of disbelief
D) Delusional

Respond with only the letter of your answer (A, B, C, or D).","D 

The term ""delulu"" originated as internet slang (primarily in K-pop and fandom communities) as a clipped form of ""delusional."" It describes a state of unrealistic or escapist thinking, often used self-deprecatingly or playfully. In the given sentence, the speaker is indicating a temporary, heightened sense of fantasy or unreality after an emotionally intense performance, which aligns directly with definition D. The other options have no attested connection to the word.",2026-06-12T19:05:29.541254+00:00
450,3,row_049,Dog water,Insult,grok,B,,B,True,False,"In the following sentence, what does ""Dog water"" mean?
You are playing like dog water.

Select only one answer.
A) to aggrivate
B) Something low quality or bad
C) Someone unappealing
D) Very good

Respond with only the letter of your answer (A, B, C, or D).",B,2026-06-12T19:05:31.794499+00:00
451,3,row_050,doommaxxing,Identity,grok,D,,D,True,False,"In the following sentence, what does ""doommaxxing"" mean?
I'm just gonna be doommaxxing all weekend.

Select only one answer.
A) someone that looks ordinary but is actually very strong
B) The positive or relaxing energy of a place
C) an expression of surprise
D) The abandonment of responsibilities

Respond with only the letter of your answer (A, B, C, or D).","D 

The term ""doommaxxing"" is a neologism formed by combining ""doom"" (evoking despair, doomscrolling, or unproductive negativity) with the ""-maxxing"" suffix (popularized in online communities to mean maximizing an activity or state, e.g., ""looksmaxxing""). In context, the sentence describes deliberately spending an entire weekend in such a state, which aligns with neglecting duties or obligations. Options A–C have no semantic or contextual connection to the phrase.",2026-06-12T19:05:38.165458+00:00
452,3,row_051,Dope,General,grok,C,B,C,True,False,"In the following sentence, what does ""Dope"" mean?
That car is dope.

Select only one answer.
A) To mastrubate for extremeely long period regularly
B) a stupid person
C) Cool
D) Something really good

Respond with only the letter of your answer (A, B, C, or D).","C


The slang usage of ""dope"" as an adjective in the sentence is a direct synonym for ""cool"" (i.e., impressive or stylish). Option D is semantically close but functions more as a noun phrase and is therefore a poorer grammatical match; A and B are unrelated meanings that do not fit the adjectival context.",2026-06-12T19:05:43.902552+00:00
453,3,row_052,Drip,Identity,grok,D,B,D,True,False,"In the following sentence, what does ""Drip"" mean?
How is the drip?

Select only one answer.
A) a live-action role-playing game in which a group of people enacts a fictional scenario (such as a fantasy adventure) in real time typically under the guidance of a facilitator or organizer; also : the activity of participating in such games : larping
B) to let fall in drops
C) To tie up an arm to isolate a vein for injecting a drug
D) Stylish or flashy outfit style

Respond with only the letter of your answer (A, B, C, or D).","D 

The slang term ""drip"" (especially in phrases like ""How's the drip?"") is widely used in fashion, hip-hop, and youth culture to refer to an attractive, flashy, or expensive outfit/style. This matches option D exactly and rules out the unrelated literal, medical, gaming, or drug-preparation senses given in the other choices.",2026-06-12T19:05:47.699035+00:00
454,3,row_053,DTF,Sexual,grok,D,,D,True,False,"In the following sentence, what does ""DTF"" mean?
She was totally DTF after the first date.

Select only one answer.
A) Cancer
B) To knock someone out
C) Gross buildup between the toes
D) Down to fuck

Respond with only the letter of your answer (A, B, C, or D).","D


(The final answer is placed after the step-by-step reasoning, as instructed.)",2026-06-12T19:05:50.013353+00:00
455,3,row_054,dubs,General,grok,D,C,D,True,False,"In the following sentence, what does ""dubs"" mean?
Take home the dubs!

Select only one answer.
A) A criminal that turned their life arpound and are legitimate
B) Go in 100% on something
C) to add (sound effects or new dialogue) to a film or to a radio or television production —usually used with in
D) To win

Respond with only the letter of your answer (A, B, C, or D).","D 

The phrase ""take home the dubs"" is informal sports/gaming slang in which ""dubs"" is a clipped form of ""W"" (win). The sentence is therefore an exhortation to secure victories, which matches option D and rules out the unrelated senses in A–C.",2026-06-12T19:05:53.083192+00:00
456,3,row_055,epi,General,grok,D,,D,True,False,"In the following sentence, what does ""epi"" mean?
Watch out, hes going through an epi.

Select only one answer.
A) To refer to ones imaginary audience like an internet steamer
B) fake soft penises and testicles designed to give a 'male' bulge to the crotches of female-to-male transsexuals.
C) A distinct trait, style, or outfit, often used in drag culture
D) Epileptic fit from a synthetic canabis

Respond with only the letter of your answer (A, B, C, or D).","D

The sentence uses ""epi"" as shorthand for an epileptic seizure (or ""fit""), specifically one triggered by synthetic cannabis (e.g., K2/Spice). Among the supplied choices, only D matches this usage; A–C refer to unrelated slang that has no attested connection to the word ""epi"" or to the warning context of the sentence.",2026-06-12T19:05:57.359896+00:00
457,3,row_056,F,General,grok,A,B,A,True,False,"In the following sentence, what does ""F"" mean?
I almost had that one. F.

Select only one answer.
A) To give sympathy or signify a failure
B) the 6th letter of the English alphabet
C) A mauser C96 pistol
D) A strong, leader who commands those around them

Respond with only the letter of your answer (A, B, C, or D).",A,2026-06-12T19:05:59.738236+00:00
458,3,row_057,Fanum Tax,General,grok,A,,A,True,False,"In the following sentence, what does ""Fanum Tax"" mean?
I was at dinner with my girl and she fanum taxed me.

Select only one answer.
A) the playful act of taking a friend's food
B) Someone who sitts around commenting about others
C) A nicotine pouch held between the upper lip and gums
D) A canabis based cigarette that needs two paper rolls

Respond with only the letter of your answer (A, B, C, or D).",A,2026-06-12T19:06:02.495455+00:00
459,3,row_058,FBOI,Sexual,grok,A,,A,True,False,"In the following sentence, what does ""FBOI"" mean?
She just needs a FBOI to gegt out of her slump.

Select only one answer.
A) Fuckboy, someone just looking for sex
B) Go in 100% on something
C) Talking too much
D) Someone that is too much of a fan of something

Respond with only the letter of your answer (A, B, C, or D).",A,2026-06-12T19:06:04.723002+00:00
460,3,row_059,Fire,General,grok,B,C,B,True,False,"In the following sentence, what does ""Fire"" mean?
That game war fire!

Select only one answer.
A) Something that appears mundane but has hidden potential
B) Something really good
C) the phenomenon of combustion manifested in light, flame, and heat
D) Someone weak or a follower

Respond with only the letter of your answer (A, B, C, or D).","B


The sentence is almost certainly a misspelling of the common slang phrase “That game was fire.” In contemporary informal English, “fire” is an adjective meaning “excellent” or “really good,” which directly matches option B and rules out the literal combustion sense (C) as well as the unrelated figurative senses in A and D.",2026-06-12T19:06:07.446740+00:00
461,3,row_060,Flex,General,grok,B,A,B,True,False,"In the following sentence, what does ""Flex"" mean?
Vinny with the car flex.

Select only one answer.
A) to bend especially repeatedly
B) To show off
C) fake soft penises and testicles designed to give a 'male' bulge to the crotches of female-to-male transsexuals.
D) Irritated, bitter, or resentful

Respond with only the letter of your answer (A, B, C, or D).","B

The sentence uses ""flex"" as modern slang (common in rap, social media, and casual speech) to describe someone ostentatiously displaying status or possessions—in this case Vinny showing off a car. This matches definition B exactly; the other options are either the literal verb sense (A), an unrelated niche term (C), or a different slang meaning altogether (D).",2026-06-12T19:06:10.297063+00:00
462,3,row_061,foid,Insult,grok,D,,D,True,False,"In the following sentence, what does ""foid"" mean?
Their was this group of foids at the store earlier, I couldn't satnd them!

Select only one answer.
A) An expression of disappointment
B) Go in 100% on something
C) Irritated, bitter, or resentful
D) A term used by incels to refer to women in a way that dehumanizes them.

Respond with only the letter of your answer (A, B, C, or D).",D,2026-06-12T19:06:14.041558+00:00
463,3,row_062,Fuckboy,Sexual,grok,B,,B,True,False,"In the following sentence, what does ""Fuckboy"" mean?
That guy gave off total fuckboy energy.

Select only one answer.
A) Someone that tries really hard to impress their crush
B) Fuckboy, someone just looking for sex
C) To be skeptical about something
D) used to mock spoiled kids

Respond with only the letter of your answer (A, B, C, or D).",B,2026-06-12T19:06:17.217472+00:00
464,3,row_063,fuckwhistle,Insult,grok,C,,C,True,False,"In the following sentence, what does ""fuckwhistle"" mean?
Get out of here you fuckwhistle!

Select only one answer.
A) To give sympathy or signify a failure
B) A term for someone that enjoys watching their wife have sex with another man
C) An insulting term to refer to someone as stupid
D) A term used to describe a baby raised in a gender neutral environment

Respond with only the letter of your answer (A, B, C, or D).",C,2026-06-12T19:06:20.779678+00:00
465,3,row_064,Full send,General,grok,B,,B,True,False,"In the following sentence, what does ""Full send"" mean?
I'm about to full send on this test!

Select only one answer.
A) A reaction to something uncomfortable
B) Go in 100% on something
C) An emotional meltdown
D) To get arrested

Respond with only the letter of your answer (A, B, C, or D).",B,2026-06-12T19:06:22.579079+00:00
466,3,row_065,FWB,Sexual,grok,C,,C,True,False,"In the following sentence, what does ""FWB"" mean?
Yea, we started a FWB sort of thing.

Select only one answer.
A) A criminal that turned their life arpound and are legitimate
B) Someone acting aggressively and out of control
C) Friends with benefits
D) Someone who refused to wear a mask in covid times.

Respond with only the letter of your answer (A, B, C, or D).",C,2026-06-12T19:06:24.819700+00:00
467,3,row_066,G-wagon,General,grok,D,,D,True,False,"In the following sentence, what does ""G-wagon"" mean?
Yo, check out that g-wagon!

Select only one answer.
A) To make a jawline more defined
B) Irritated, bitter, or resentful
C) A reaction to something uncomfortable
D) Mercedes Benz G class

Respond with only the letter of your answer (A, B, C, or D).","D 

The term ""G-Wagon"" is a widely used nickname for the Mercedes-Benz G-Class (often stylized as G-Wagen), a luxury SUV. The exclamatory sentence ""Yo, check out that g-wagon!"" is a typical way of calling attention to an impressive vehicle of that model, directly matching option D while having no connection to the unrelated meanings in A–C.",2026-06-12T19:06:27.476693+00:00
468,3,row_067,gabadost,Identity,grok,A,,A,True,False,"In the following sentence, what does ""gabadost"" mean?
Did you even listen to me? Gabadost!

Select only one answer.
A) Someone who is very stubborn
B) A person who is very good at spotting a lie
C) Something low quality or bad
D) A term used to say that someone is online too much and needs to get back to real life

Respond with only the letter of your answer (A, B, C, or D).",A,2026-06-12T19:06:32.340091+00:00
469,3,row_068,Giga Chad,Identity,grok,C,,C,True,False,"In the following sentence, what does ""Giga Chad"" mean?
Did you see how he lifted that? What a giga chad.

Select only one answer.
A) Something really good
B) A distinct trait, style, or outfit, often used in drag culture
C) A near superhuman perfect male
D) A mauser C96 pistol

Respond with only the letter of your answer (A, B, C, or D).",C,2026-06-12T19:06:34.553177+00:00
470,3,row_069,Glazing,Insult,grok,B,A,B,True,False,"In the following sentence, what does ""Glazing"" mean?
Stop glazing over One Piece, its not that good.

Select only one answer.
A) the action, process, or trade of fitting windows with glass
B) Someone that is too much of a fan of something
C) A term to support someone going through a gender change.
D) A fashionable look

Respond with only the letter of your answer (A, B, C, or D).","B


The sentence uses ""glazing"" as internet slang for excessive, uncritical praise or hype (metaphorically coating something with ""glaze"" like a donut). Option B is the only choice that aligns with this meaning of over-fan behavior; the remaining options are either literal dictionary definitions or unrelated invented senses that do not fit the context.",2026-06-12T19:06:40.736572+00:00
471,3,row_070,Glee,Violence,grok,A,C,C,False,True,"In the following sentence, what does ""Glee"" mean?
Grab your glee and get outta here!

Select only one answer.
A) A glock pistol
B) intensely and openely say something true
C) exultant high-spirited joy : merriment
D) Cool

Respond with only the letter of your answer (A, B, C, or D).",C,2026-06-12T19:06:44.933083+00:00
472,3,row_071,glitter,Identity,grok,D,A,A,False,True,"In the following sentence, what does ""glitter"" mean?
Go out htere and glittter!

Select only one answer.
A) to shine by reflection with many small flashes of brilliant light : sparkle
B) drunk
C) Ironically used to describe one as unique
D) A term to support someone going through a gender change.

Respond with only the letter of your answer (A, B, C, or D).","A 

The sentence ""Go out there and glitter!"" is a motivational exhortation whose verb use of ""glitter"" matches the standard dictionary definition in option A (to shine/sparkle). The remaining options have no attested connection to the wording or context.",2026-06-12T19:06:50.692925+00:00
473,3,row_072,glizzy,General,grok,A,,A,True,False,"In the following sentence, what does ""glizzy"" mean?
Hey, lets grab some costco glizzys before we go.

Select only one answer.
A) A hot dog
B) Delusional
C) Charisma
D) To be high or drunk

Respond with only the letter of your answer (A, B, C, or D).","A 

The term ""glizzy"" originated as urban slang for a Glock pistol (due to phonetic similarity), but it has since been extended through memes and rap culture to refer to any cylindrical object resembling a gun barrel—most commonly a hot dog or sausage. In the given sentence the collocation ""Costco glizzys"" is unambiguous: Costco is famous for its inexpensive hot-dog-and-drink combo, so the word is being used literally for hot dogs rather than firearms or any of the unrelated senses listed in options B–D.",2026-06-12T19:06:53.582580+00:00
474,3,row_073,Goated,General,grok,A,,A,True,False,"In the following sentence, what does ""Goated"" mean?
That play was goated

Select only one answer.
A) The greatest of all time
B) An insulting term to refer to someone as stupid
C) something intense, aggressive, and unfiltered
D) A descriptor for an attractive person

Respond with only the letter of your answer (A, B, C, or D).","A 

The term ""goated"" is derived directly from the acronym GOAT (""Greatest Of All Time""). In contemporary slang, appending ""-ed"" converts the noun into an adjective that describes a person, action, or event as being elite or the best in its category. The sentence ""That play was goated"" therefore uses the word to assert that the play in question was exceptionally great, matching definition A. The remaining options correspond to unrelated slang terms (e.g., ""goat"" as an insult or ""goated"" in other niche senses) and do not fit the contextual usage.",2026-06-12T19:06:57.608948+00:00
475,3,row_074,Gooning,Sexual,grok,B,,B,True,False,"In the following sentence, what does ""Gooning"" mean?
He looks like he was gooning all break

Select only one answer.
A) A term for baby that people will call their significant other.
B) Prolonged masturbation
C) To be high or drunk
D) To tie up an arm to isolate a vein for injecting a drug

Respond with only the letter of your answer (A, B, C, or D).","B 

The term ""gooning"" is internet/pornography slang referring to a trance-like state induced by extended masturbation sessions (often involving edging). This fits the provided sentence, in which the subject appears to have spent an entire break engaged in the activity. The other options correspond to unrelated slang (""gooning"" is not a term of endearment, a synonym for intoxication, or a description of preparing a vein for injection).",2026-06-12T19:07:02.146845+00:00
476,3,row_075,goonmaxxing,Identity,grok,D,,D,True,False,"In the following sentence, what does ""goonmaxxing"" mean?
He's been spending all summer goonmaxxing in his room

Select only one answer.
A) Age Sex Location
B) Gossip
C) Charisma
D) To mastrubate for extremeely long period regularly

Respond with only the letter of your answer (A, B, C, or D).","D


The term ""goonmaxxing"" is internet slang combining ""gooning"" (prolonged, trance-like masturbation sessions, often involving edging) with the ""-maxxing"" suffix (maximizing an activity). In context, the sentence describes someone isolating in their room for extended periods of this behavior, which directly matches option D. The other options are unrelated acronyms or concepts with no connection to the term or sentence.",2026-06-12T19:07:05.144445+00:00
477,3,row_076,gouda,General,grok,D,A,A,False,True,"In the following sentence, what does ""gouda"" mean?
Stop being so gouda.

Select only one answer.
A) a mild cheese of Dutch origin that is similar to Edam but contains more fat
B) Irritated, bitter, or resentful
C) A reference for ass
D) Someone unappealing

Respond with only the letter of your answer (A, B, C, or D).","A 

The sentence uses ""gouda"" as a pun on the adjective ""cheesy"" (i.e., corny or trying too hard). Because the word literally denotes a Dutch cheese, option A is the only definition that supplies the pun. The remaining choices have no semantic, phonetic, or contextual link to the sentence.",2026-06-12T19:07:12.601588+00:00
478,3,row_077,greazy,Insult,grok,C,,C,True,False,"In the following sentence, what does ""greazy"" mean?
You lookin greazy today.

Select only one answer.
A) cocaine
B) A loud and messy conflict
C) Poorly dressed
D) To give sympathy or signify a failure

Respond with only the letter of your answer (A, B, C, or D).","C 

The slang term ""greazy"" (a phonetic spelling of ""greasy"") in the given sentence is an informal descriptor of appearance. It conveys that someone looks unkempt, messy, or sloppily put-together, which aligns directly with option C. The other choices refer to unrelated meanings (drug slang, conflict, or an expression of pity) that do not fit the sentence context.",2026-06-12T19:07:16.341618+00:00
479,3,row_078,Griddy,General,grok,C,,C,True,False,"In the following sentence, what does ""Griddy"" mean?
Hit the griddy!

Select only one answer.
A) The positive or relaxing energy of a place
B) Ending the discussion on a topic
C) A dance move
D) The abandonment of responsibilities

Respond with only the letter of your answer (A, B, C, or D).",C,2026-06-12T19:07:19.273890+00:00
480,3,row_079,grips up,Violence,grok,D,,D,True,False,"In the following sentence, what does ""grips up"" mean?
grips up, we gotta head out.

Select only one answer.
A) A kilo of cocaine
B) a bad charisma
C) Cool
D) To prepare for a fight

Respond with only the letter of your answer (A, B, C, or D).","D


The phrase ""grips up"" is imperative slang (chiefly UK drill/roadman usage) that means to ready oneself physically or arm oneself for imminent conflict. In the given sentence it therefore functions as “Get ready / square up, we have to leave,” which matches option D and rules out the other three choices.",2026-06-12T19:07:22.948829+00:00
481,3,row_080,Gyatt,General,grok,A,,A,True,False,"In the following sentence, what does ""Gyatt"" mean?
Oh, my gyatt, I really wanna see you.

Select only one answer.
A) an expression of surprise
B) To mastrubate for extremeely long period regularly
C) Used to address friends with exasperation, releif, or disbeleif.
D) To refer to ones imaginary audience like an internet steamer

Respond with only the letter of your answer (A, B, C, or D).","A 

The term ""gyatt"" (also spelled ""gyat"") originated as internet/Gen-Z slang, functioning as a clipped exclamation of surprise or admiration (short for ""goddamn,"" typically in reaction to an attractive figure). In the given sentence it is used exactly that way—""Oh, my gyatt""—as an interjection equivalent to ""Oh my God."" The remaining choices describe unrelated slang terms and do not match attested usage of ""gyatt.""",2026-06-12T19:07:27.137244+00:00
482,3,row_081,haps,General,grok,A,,A,True,False,"In the following sentence, what does ""haps"" mean?
haps tonight?

Select only one answer.
A) Short for happening
B) To tie up an arm to isolate a vein for injecting a drug
C) An expression of disappointment
D) A criminal that turned their life arpound and are legitimate

Respond with only the letter of your answer (A, B, C, or D).","A 

The phrase ""haps tonight?"" is an abbreviated slang inquiry equivalent to asking ""what's happening tonight?"" (i.e., what events or plans exist). This usage of ""haps"" as a clipped form of ""happenings"" is attested in informal English, especially in casual speech or texting; none of the alternative senses in B–D produce a coherent reading of the given fragment.",2026-06-12T19:07:30.437545+00:00
483,3,row_082,hem up,General,grok,C,,C,True,False,"In the following sentence, what does ""hem up"" mean?
Bro, don't hem up.

Select only one answer.
A) A near superhuman perfect male
B) The anus
C) To get arrested
D) Someone who refused to wear a mask in covid times.

Respond with only the letter of your answer (A, B, C, or D).","C


The phrase ""hem up"" (more commonly phrased as ""get hemmed up"") is established urban/street slang for being detained or arrested by police, i.e., being cornered or “hemmed in” by law enforcement. Among the supplied choices, only option C matches this meaning; the remaining options have no attested connection to the expression.",2026-06-12T19:07:34.133733+00:00
484,3,row_083,highkey,General,grok,D,A,D,True,False,"In the following sentence, what does ""highkey"" mean?
Highkey, this place is great!

Select only one answer.
A) having or producing light tones only with little contrast —used of a photographic print or subject or of the lighting of a photographic subject
B) Men that lack masculine characteristics
C) to aggrivate
D) intensely and openely say something true

Respond with only the letter of your answer (A, B, C, or D).","D 

The slang term ""highkey"" (often stylized as one word) is the direct antonym of the more common slang ""lowkey."" In informal usage it functions as an intensifying adverb meaning ""openly,"" ""unashamedly,"" or ""very much so.""  

The sentence ""Highkey, this place is great!"" is therefore equivalent to ""I’m openly / emphatically saying this place is great.""  

Option D is the only choice that captures this meaning; the other options either refer to unrelated photographic terminology (A), unrelated or nonexistent slang (B), or an unrelated verb (C).",2026-06-12T19:07:37.636839+00:00
485,3,row_084,Hits different,General,grok,D,,D,True,False,"In the following sentence, what does ""Hits different"" mean?
This hot dog hits different.

Select only one answer.
A) Used to address friends with exasperation, releif, or disbeleif.
B) The videos one find on social media that cause people to scroll and do nothign for hours
C) Something suspicious
D) Something very good

Respond with only the letter of your answer (A, B, C, or D).",D,2026-06-12T19:07:40.291573+00:00
486,3,row_085,Ick,Insult,grok,A,,A,True,False,"In the following sentence, what does ""Ick"" mean?
His hairdue gave me the ick.

Select only one answer.
A) A sudden feeling of disguest or repultion towards someone.
B) Someone weak or a follower
C) To check the mood of a situation
D) Something ugly or unattractive

Respond with only the letter of your answer (A, B, C, or D).",A,2026-06-12T19:07:43.045952+00:00
487,3,row_086,IJBOL,General,grok,C,,C,True,False,"In the following sentence, what does ""IJBOL"" mean?
That was aso funny. IJBOL!

Select only one answer.
A) To be fierce and unapologetic withing a social situation
B) Someone who deliberatly acts in ways to annoy or anger a group of people online.
C) I just burst out laughing
D) A canister of nitrous oxide

Respond with only the letter of your answer (A, B, C, or D).",C,2026-06-12T19:07:45.553704+00:00
488,3,row_087,Ipad Kid,General,grok,C,,C,True,False,"In the following sentence, what does ""Ipad Kid"" mean?
They are just a bunch of Ipad kids.

Select only one answer.
A) An insult saying that the problem is due to lack of skill rather then luck
B) To manipulated, trick, or fool someone
C) used to mock spoiled kids
D) A man that takes care of children

Respond with only the letter of your answer (A, B, C, or D).",C,2026-06-12T19:07:48.118137+00:00
489,3,row_088,Jebaited,General,grok,C,,C,True,False,"In the following sentence, what does ""Jebaited"" mean?
Get jebaited!

Select only one answer.
A) Short for happening
B) Something very good
C) To manipulated, trick, or fool someone
D) Something done regularly

Respond with only the letter of your answer (A, B, C, or D).","C


The term ""jebaited"" is internet/Twitch slang derived from ""baited,"" which means to lure or trick someone (as in clickbait or a deliberate trap). The exclamation ""Get jebaited!"" is therefore an imperative telling the target they have been fooled, directly matching option C. The remaining choices have no semantic connection to the word's usage.",2026-06-12T19:07:53.876808+00:00
490,3,row_089,jestermaxxing,Identity,grok,A,,A,True,False,"In the following sentence, what does ""jestermaxxing"" mean?
Tommy's jestermaxxing in class just to annoy the teacher.

Select only one answer.
A) Someone who acts tries to act entertaining and amuzingly relentlessly
B) To metaphorically die of laughter
C) Ending the discussion on a topic
D) Used to address friends with exasperation, releif, or disbeleif.

Respond with only the letter of your answer (A, B, C, or D).","A

The term ""jestermaxxing"" is formed from the slang suffix ""-maxxing,"" which denotes the act of maximizing or pushing a behavior to an extreme. Combined with ""jester"" (a court fool or clown), it describes someone deliberately amplifying clownish, attention-seeking antics. In the given sentence this reading fits directly: Tommy is relentlessly performing in an entertaining or ridiculous manner specifically to irritate the teacher. None of the remaining choices align with the morphological or contextual evidence.",2026-06-12T19:07:56.933473+00:00
491,3,row_090,Jit,Insult,grok,A,,A,True,False,"In the following sentence, what does ""Jit"" mean?
Who is this jit?

Select only one answer.
A) Someone younger
B) To keep secretive or obscure
C) Charisma
D) sex

Respond with only the letter of your answer (A, B, C, or D).",A,2026-06-12T19:07:59.643899+00:00
492,3,row_091,K.Y. cowboy,Insult,grok,D,,D,True,False,"In the following sentence, what does ""K.Y. cowboy"" mean?
Stop being such a K.Y. cowboy.

Select only one answer.
A) To stab or shoot
B) To refer to ones imaginary audience like an internet steamer
C) An older person who is out of touch
D) A homosexual cowboy

Respond with only the letter of your answer (A, B, C, or D).","D 

The phrase ""K.Y. cowboy"" is a crude sexual slur. ""K.Y."" is the well-known brand of personal lubricant (KY Jelly), while ""cowboy"" is used here in the vulgar sense of someone who ""rides."" Together the expression is an insult implying the target is gay. None of the other listed meanings have any established connection to the phrase.",2026-06-12T19:08:03.688337+00:00
493,3,row_092,keep it 100,General,grok,D,,D,True,False,"In the following sentence, what does ""keep it 100"" mean?
Keep it 100, dod you see her last night?

Select only one answer.
A) Get to the point
B) Saying something secretive or to keep low profile
C) An endeering term used towards ones significant other
D) To be honest about something

Respond with only the letter of your answer (A, B, C, or D).",D,2026-06-12T19:08:05.604941+00:00
494,3,row_093,KHHV,Insult,grok,D,,D,True,False,"In the following sentence, what does ""KHHV"" mean?
Looks like a total KHHV.

Select only one answer.
A) to recoil in distaste
B) An older person who is out of touch
C) Somehting that is poor quality
D) An incel term meaning kissless, hugless, handholdless virgin

Respond with only the letter of your answer (A, B, C, or D).",D,2026-06-12T19:08:08.245476+00:00
495,3,row_094,knot off,Drugs,grok,D,,D,True,False,"In the following sentence, what does ""knot off"" mean?
Get ready to knot off, I have the H.

Select only one answer.
A) Someone who is very stubborn
B) Used to mock someone who doesnt think for themselves, says things repeatedly, or has no opinions
C) An incel term for an attractive middle eastern man
D) To tie up an arm to isolate a vein for injecting a drug

Respond with only the letter of your answer (A, B, C, or D).","D

The phrase appears in a context where ""H"" is a common shorthand for heroin. ""Knot off"" is drug-user slang for applying a tourniquet (literally tying a knot or loop) around the upper arm so that a vein becomes prominent and easier to inject into. This reading is confirmed by the imperative ""Get ready,"" which functions as an instruction to prepare for an injection. None of the other listed meanings produce a coherent or idiomatic sentence when substituted.",2026-06-12T19:08:11.703131+00:00
496,3,row_095,kweff,Violence,grok,A,,A,True,False,"In the following sentence, what does ""kweff"" mean?
Lock, aim, and kweff.

Select only one answer.
A) To stab or shoot
B) Money
C) A stereotypical alpha male that is strong, handsome, and attracts women.
D) A term to support someone going through a gender change.

Respond with only the letter of your answer (A, B, C, or D).","A


The phrase ""Lock, aim, and kweff"" is a clear structural parallel to the common imperative ""lock and load / aim and fire,"" where the final verb denotes discharging a weapon. Among the given choices, only option A supplies a meaning (""to stab or shoot"") that preserves this parallelism; the remaining options are semantically unrelated to any weapons-handling idiom. Therefore the single admissible selection is A.",2026-06-12T19:08:16.039593+00:00
497,3,row_096,L,General,grok,D,A,D,True,False,"In the following sentence, what does ""L"" mean?
We took the L at the basketball match.

Select only one answer.
A) the 12th letter of the English alphabet
B) Something that is reallly good.
C) fake soft penises and testicles designed to give a 'male' bulge to the crotches of female-to-male transsexuals.
D) A loss or failure

Respond with only the letter of your answer (A, B, C, or D).","D


The phrase ""took the L"" is common slang for suffering a defeat. In context of a basketball match, this unambiguously refers to a loss (option D). The other choices are either literal (A), opposite in meaning (B), or unrelated (C) and do not fit the sentence.",2026-06-12T19:08:18.781387+00:00
498,3,row_097,lacag,General,grok,B,,B,True,False,"In the following sentence, what does ""lacag"" mean?
I'll be out making lacag.

Select only one answer.
A) Epileptic fit from a synthetic canabis
B) Money
C) fake soft penises and testicles designed to give a 'male' bulge to the crotches of female-to-male transsexuals.
D) Mercedes Benz G class

Respond with only the letter of your answer (A, B, C, or D).","B


\confidence{90}",2026-06-12T19:08:21.861787+00:00
499,3,row_098,larp,General,grok,B,,B,True,False,"In the following sentence, what does ""larp"" mean?
I went to a LARP at the park this weekend.

Select only one answer.
A) Down to fuck
B) a live-action role-playing game in which a group of people enacts a fictional scenario (such as a fantasy adventure) in real time typically under the guidance of a facilitator or organizer; also : the activity of participating in such games : larping
C) A submissive male that is often outside of traditional social hierarchies
D) Gossip

Respond with only the letter of your answer (A, B, C, or D).",B,2026-06-12T19:08:23.781182+00:00
500,3,row_099,lewk,General,grok,A,,A,True,False,"In the following sentence, what does ""lewk"" mean?
Jim is using his signature lewk tonight.

Select only one answer.
A) A distinct trait, style, or outfit, often used in drag culture
B) A term for baby that people will call their significant other.
C) drunk
D) a live-action role-playing game in which a group of people enacts a fictional scenario (such as a fantasy adventure) in real time typically under the guidance of a facilitator or organizer; also : the activity of participating in such games : larping

Respond with only the letter of your answer (A, B, C, or D).","A


The term ""lewk"" is a deliberate phonetic respelling of the English noun ""look,"" used in contemporary slang (especially within fashion, social media, and drag communities) to denote a distinctive or stylized appearance, outfit, or personal aesthetic. In the given sentence, ""signature lewk"" therefore refers to Jim’s characteristic or trademark style.  

Option B is unrelated (it conflates unrelated pet-name slang).  
Option C misattributes an unrelated sense of intoxication.  
Option D describes the acronym LARP, which is phonetically and semantically distinct.  

Thus only A correctly glosses the word.",2026-06-12T19:08:27.246075+00:00
501,3,row_100,lidge,General,grok,C,,C,True,False,"In the following sentence, what does ""lidge"" mean?
I'm gettin money lidge.

Select only one answer.
A) A submissive male that is often outside of traditional social hierarchies
B) A loss or failure
C) A criminal that turned their life arpound and are legitimate
D) Ironically used to describe one as unique

Respond with only the letter of your answer (A, B, C, or D).","C

The slang term ""lidge"" is a clipped form of ""legit""/""legitimate."" In the sentence it functions adverbially to modify the verb phrase ""gettin money,"" indicating that the money is being earned through lawful (post-criminal) means. This matches definition C exactly; the other options have no semantic or collocational connection to the attested usage.",2026-06-12T19:08:33.045155+00:00
502,3,row_101,lifemaxxing,Identity,grok,C,,C,True,False,"In the following sentence, what does ""lifemaxxing"" mean?
Shes's reallly been trying to lifemax these past few months.

Select only one answer.
A) A significant other
B) Epileptic fit from a synthetic canabis
C) To make lifestyle changes to make your life more holistic
D) To do somethign very well

Respond with only the letter of your answer (A, B, C, or D).","C 

The term ""lifemaxxing"" follows the pattern of online slang constructions like ""looksmaxxing"" (optimizing appearance) or ""gymmaxxing"" (optimizing fitness). It denotes deliberate, broad efforts to optimize one's overall existence through positive lifestyle adjustments, aligning directly with option C. Options A and B are unrelated to the morphology or usage, while D is too generic to capture the ""maxxing"" optimization sense.",2026-06-12T19:08:36.714296+00:00
503,3,row_102,looksmaxxing,Identity,grok,A,,A,True,False,"In the following sentence, what does ""looksmaxxing"" mean?
The looksmaxxing community

Select only one answer.
A) To focus on making one as physically attractive as possible
B) A loss or failure
C) Something untrue or unbeleivable
D) A term used to describe a baby raised in a gender neutral environment

Respond with only the letter of your answer (A, B, C, or D).","A 

The term ""looksmaxxing"" (a portmanteau of ""looks"" + ""maximizing"") originated in online male-appearance forums and denotes deliberate, systematic efforts to raise one's physical attractiveness to the highest attainable level through grooming, fitness, surgery, or other interventions. Option A is therefore the only definition that matches attested usage; the remaining choices correspond to unrelated slang or neologisms.",2026-06-12T19:08:39.836249+00:00
504,3,row_103,lotion,General,grok,C,A,A,False,True,"In the following sentence, what does ""lotion"" mean?
Lemme go lotion her up for you.

Select only one answer.
A) a liquid preparation for cosmetic or external medicinal use
B) To get arrested
C) sweet talk
D) cocaine

Respond with only the letter of your answer (A, B, C, or D).","A 

The phrase ""lotion her up"" is an ordinary verb construction whose direct object is a person and whose meaning is therefore the literal act of applying a cosmetic or medicinal lotion. None of the alternative slang senses (arrest, cocaine, sweet-talk) are attested for the word ""lotion,"" nor do they produce a coherent reading of the sentence. The only option that matches both the wording and ordinary English usage is therefore A.",2026-06-12T19:08:44.880280+00:00
505,3,row_104,Low Key,General,grok,B,D,B,True,False,"In the following sentence, what does ""Low Key"" mean?
Low key, I want some ice cream.

Select only one answer.
A) Epileptic fit from a synthetic canabis
B) Saying something secretive or to keep low profile
C) Mercedes Benz G class
D) having or producing dark tones only with little contrast

Respond with only the letter of your answer (A, B, C, or D).","B 

The phrase ""low key"" (often stylized as ""low-key"") functions here as modern slang indicating that the speaker is expressing a mild or private desire without wanting attention or emphasis. This matches option B exactly. The other choices represent unrelated or literal meanings that do not fit the conversational context.",2026-06-12T19:08:48.122345+00:00
506,3,row_105,main character,General,grok,C,,C,True,False,"In the following sentence, what does ""main character"" mean?
You give off main character energy.

Select only one answer.
A) A descriptor for an attractive person
B) To make a jawline more defined
C) Main Character - Someone that acts as if they are the star of a story
D) the playful act of taking a friend's food

Respond with only the letter of your answer (A, B, C, or D).",C,2026-06-12T19:08:50.500589+00:00
507,3,row_106,manny,Insult,grok,B,,B,True,False,"In the following sentence, what does ""manny"" mean?
Look at the guy, he's just a manny.

Select only one answer.
A) Someone unappealing
B) A man that takes care of children
C) A nicotine pouch held between the upper lip and gums
D) Used to refer to the social media platforms one uses

Respond with only the letter of your answer (A, B, C, or D).","B

The term ""manny"" is a portmanteau of ""male"" + ""nanny"" and is the standard English word for a man employed to care for children (directly parallel to ""nanny""). In the given sentence the word is used in its literal sense; none of the other listed meanings are attested for ""manny.""",2026-06-12T19:08:53.815854+00:00
508,3,row_107,mascara,Sexual,grok,B,A,A,False,True,"In the following sentence, what does ""mascara"" mean?
I lost my mascara for 5 years, but then I found it again, and I love it even more now.

Select only one answer.
A) a cosmetic especially for making the eyelashes darker and more prominent
B) A term to discuss sexual experiences
C) To be honest about something
D) An all denim outfit

Respond with only the letter of your answer (A, B, C, or D).","A


The sentence describes literally losing and then rediscovering a personal possession that one can “love even more now,” which matches only the ordinary cosmetic sense of the word. Options B–D are unrelated slang or invented meanings that cannot be substituted into the sentence without producing nonsense.",2026-06-12T19:08:57.005962+00:00
509,3,row_108,Mewing,Identity,grok,C,A,C,True,False,"In the following sentence, what does ""Mewing"" mean?
You've gotta start mewing to increase your status in society.

Select only one answer.
A) to utter a mew or similar sound
B) an expression of surprise
C) To make a jawline more defined
D) To shoot ones shot.

Respond with only the letter of your answer (A, B, C, or D).",C,2026-06-12T19:08:59.302617+00:00
510,3,row_109,Mid,General,grok,A,,A,True,False,"In the following sentence, what does ""Mid"" mean?
That was a mid burger.

Select only one answer.
A) Mediocre
B) The vagina
C) An emotional meltdown
D) Something that is better then everything else

Respond with only the letter of your answer (A, B, C, or D).",A,2026-06-12T19:09:03.146358+00:00
511,3,row_110,minghiun,Insult,grok,D,,D,True,False,"In the following sentence, what does ""minghiun"" mean?
Stop being a minghiun.

Select only one answer.
A) Irritated, bitter, or resentful
B) Go in 100% on something
C) Friends with benefits
D) A fool or a prick

Respond with only the letter of your answer (A, B, C, or D).","D 

The sentence structure (""Stop being a minghiun"") requires a countable noun referring to a type of person. Only option D supplies such a noun; the other choices are either adjectival, verbal, or incompatible with the determiner ""a."" This grammatical fit, combined with the colloquial tone of the imperative, selects D as the only coherent reading.",2026-06-12T19:09:06.761343+00:00
512,3,row_111,nang,Drugs,grok,A,,A,True,False,"In the following sentence, what does ""nang"" mean?
Dude, grab the nang, I wanna feel free.

Select only one answer.
A) A canister of nitrous oxide
B) To manipulated, trick, or fool someone
C) To tie up an arm to isolate a vein for injecting a drug
D) To knock someone out

Respond with only the letter of your answer (A, B, C, or D).","A 

The term ""nang"" is Australian/party slang for a whipped-cream charger (small canister of nitrous oxide) used recreationally for its brief dissociative/high effect. The imperative ""grab the nang"" treats the word as a physical object, and the follow-up clause ""I wanna feel free"" supplies the expected motive for inhalation. The remaining options describe unrelated drug-preparation or interpersonal actions and do not fit the sentence syntax or semantics.",2026-06-12T19:09:09.271949+00:00
513,3,row_112,Negative Aura,Insult,grok,A,,A,True,False,"In the following sentence, what does ""Negative Aura"" mean?
She's giving off negative aura.

Select only one answer.
A) a bad charisma
B) when a reply gets more than the original post
C) Another term that stands for that hoe over there
D) An endeering term used towards ones significant other

Respond with only the letter of your answer (A, B, C, or D).","A


The phrase ""negative aura"" is an informal way of saying someone is projecting unpleasant energy, bad vibes, or an off-putting presence. Among the given choices, only option A captures that meaning; the remaining options refer to unrelated internet slang or affectionate usage that has no connection to the sentence.",2026-06-12T19:09:12.850963+00:00
514,3,row_113,Netflix and Chill,Sexual,grok,B,,B,True,False,"In the following sentence, what does ""Netflix and Chill"" mean?
Wanna come back to my place and Netflix and Chill?

Select only one answer.
A) The vagina
B) A term for bringing someone over to watch some netflix and then have sex.
C) To knock someone out
D) A significant problem

Respond with only the letter of your answer (A, B, C, or D).",B,2026-06-12T19:09:16.323660+00:00
515,3,row_114,next-level,General,grok,A,,A,True,False,"In the following sentence, what does ""next-level"" mean?
That movie was next level!

Select only one answer.
A) Something that is better then everything else
B) Something suspicious
C) Someone who refused to wear a mask in covid times.
D) A distinct trait, style, or outfit, often used in drag culture

Respond with only the letter of your answer (A, B, C, or D).",A,2026-06-12T19:09:18.669655+00:00
516,3,row_115,NPC,Insult,grok,D,A,D,True,False,"In the following sentence, what does ""NPC"" mean?
Stop being such an NPC.

Select only one answer.
A) a character in a video game that does not represent and cannot be manipulated by a player —called also non-player character
B) To focus on making one as physically attractive as possible
C) Main Character - Someone that acts as if they are the star of a story
D) Used to mock someone who doesnt think for themselves, says things repeatedly, or has no opinions

Respond with only the letter of your answer (A, B, C, or D).","D 

The term ""NPC"" originates from video games (non-player character) but has been adopted in online slang—particularly on platforms like 4chan, Twitter/X, and Reddit—to pejoratively describe a person who appears to lack independent thought, repeats mainstream opinions verbatim, or behaves like a scripted background character rather than an autonomous agent. The imperative sentence “Stop being such an NPC” deploys exactly this figurative, mocking sense.  

- Option A states only the literal gaming definition and therefore does not capture the intended insult.  
- Option B (“looksmaxxing”) is unrelated terminology.  
- Option C (“Main Character”) denotes the opposite attitude—self-centered protagonism.  
- Option D directly glosses the slang usage that matches the given sentence.  

Hence the single correct choice is D.",2026-06-12T19:09:22.023805+00:00
517,3,row_116,Omega,Identity,grok,B,C,B,True,False,"In the following sentence, what does ""Omega"" mean?
Those were some real omega moves right there.

Select only one answer.
A) Someone who is very stubborn
B) A submissive male that is often outside of traditional social hierarchies
C) the 24th and last letter of the Greek alphabet
D) fake soft penises and testicles designed to give a 'male' bulge to the crotches of female-to-male transsexuals.

Respond with only the letter of your answer (A, B, C, or D).","B 

The sentence deploys ""omega"" as internet/niche-community slang drawn from the alpha–beta–omega (ABO) dominance hierarchy. In that framework an omega male occupies the lowest rung: a submissive or socially peripheral figure whose actions are stereotyped as weak or cringeworthy. The phrase “omega moves” therefore functions as a pejorative label for behavior that fits this lowest-status stereotype, directly matching definition B. The other options are either literal (C), unrelated (D), or invented (A) and do not fit the contextual usage.",2026-06-12T19:09:26.581258+00:00
518,3,row_117,on the regs,General,grok,B,,B,True,False,"In the following sentence, what does ""on the regs"" mean?
I stop by the coffee shop on the regs.

Select only one answer.
A) To keep secretive or obscure
B) Something done regularly
C) To express excitement or approval for something
D) Delusional

Respond with only the letter of your answer (A, B, C, or D).",B,2026-06-12T19:09:28.787426+00:00
519,3,row_118,oof,General,grok,A,,A,True,False,"In the following sentence, what does ""oof"" mean?
Oof, that was rough.

Select only one answer.
A) A reaction to something uncomfortable
B) An unpopular opinion
C) A term of endearment for a significant other
D) To show off

Respond with only the letter of your answer (A, B, C, or D).","A


The interjection ""oof"" is an onomatopoeic exclamation conventionally used to convey a visceral reaction to something awkward, painful, embarrassing, or otherwise uncomfortable. In the given sentence, it functions exactly as a brief expression of sympathetic discomfort with the preceding event described as ""rough,"" aligning directly with option A. The remaining choices have no established semantic or pragmatic connection to the attested use of ""oof.""",2026-06-12T19:09:31.515035+00:00
520,3,row_119,ooga-booga,Sexual,grok,D,,D,True,False,"In the following sentence, what does ""ooga-booga"" mean?
Me want ooga-booga!

Select only one answer.
A) A term to support someone going through a gender change.
B) A knife
C) An expression of disappointment
D) The vagina

Respond with only the letter of your answer (A, B, C, or D).",D,2026-06-12T19:09:46.596795+00:00
521,3,row_120,Orange Crush,Drugs,grok,C,,C,True,False,"In the following sentence, what does ""Orange Crush"" mean?
ets grab some of that orange crush tonight!

Select only one answer.
A) An incel term meaning kissless, hugless, handholdless virgin
B) fake soft penises and testicles designed to give a 'male' bulge to the crotches of female-to-male transsexuals.
C) A type of marijuana
D) Someone who is the last person to leave a location and the first to come back in the morning

Respond with only the letter of your answer (A, B, C, or D).","C

The phrase ""grab some of that orange crush"" is a colloquial reference to obtaining/consuming a consumable item. Among the given choices, only C is a plausible consumable that matches both the wording and the social context (""tonight""). The remaining options are unrelated slang or definitions that do not fit the sentence. Orange Crush is also a documented cannabis strain (citrus-flavored hybrid), reinforcing the match.",2026-06-12T19:09:50.485550+00:00
522,3,row_121,OTP,General,grok,B,,B,True,False,"In the following sentence, what does ""OTP"" mean?
Him and her are the OTP.

Select only one answer.
A) The abandonment of responsibilities
B) One True Pairing
C) Methodone
D) drunk

Respond with only the letter of your answer (A, B, C, or D).","B


The term ""OTP"" is a common internet/fandom abbreviation for ""One True Pairing,"" used to describe an ideal or favorite romantic couple (as in the given sentence). The other options have no connection to the acronym or context.",2026-06-12T19:09:52.890182+00:00
523,3,row_122,packers,Insult,grok,B,C,B,True,False,"In the following sentence, what does ""packers"" mean?
Thats just a group of packers over there, don't waste your time.

Select only one answer.
A) An all denim outfit
B) fake soft penises and testicles designed to give a 'male' bulge to the crotches of female-to-male transsexuals.
C) one that packs
D) crazy or erratic

Respond with only the letter of your answer (A, B, C, or D).","B

The sentence uses ""packers"" as a noun referring to people (a group of them). Among the given choices, only B supplies a concrete, attested slang sense that can be extended to the humans who employ such devices; the remaining options are either circular (C), unrelated (A), or nonexistent (D).",2026-06-12T19:10:02.548818+00:00
524,3,row_123,passa passa,General,grok,B,,B,True,False,"In the following sentence, what does ""passa passa"" mean?
I don't want any passa passa now.

Select only one answer.
A) someone that looks ordinary but is actually very strong
B) A loud and messy conflict
C) A mauser C96 pistol
D) crazy or erratic

Respond with only the letter of your answer (A, B, C, or D).","B

The phrase ""passa passa"" is Jamaican Patois slang (popularized via dancehall culture) denoting drama, confusion, or a rowdy public quarrel. In the given sentence it is used idiomatically to mean “I don’t want any trouble/drama right now,” which aligns directly with option B. The remaining choices have no attested connection to the expression.",2026-06-12T19:10:07.425142+00:00
525,3,row_124,passport bro,Sexual,grok,C,,C,True,False,"In the following sentence, what does ""passport bro"" mean?
A bunch of passport bro's just checked into the hotel.

Select only one answer.
A) something intense, aggressive, and unfiltered
B) Fuckboy, someone just looking for sex
C) Someone that travels abroad with the sole purpose of having sex
D) Go in 100% on something

Respond with only the letter of your answer (A, B, C, or D).","C 

The term ""passport bro"" (or ""passport bros"") specifically denotes men—typically from Western countries—who travel internationally, often to regions in Asia, Latin America, or Eastern Europe, primarily to pursue romantic or sexual encounters. This is driven by perceptions of easier dating prospects abroad compared to their home countries. The provided sentence context (""checked into the hotel"") aligns with this travel-for-intimacy framing.

Option C directly captures the core element of purposeful travel abroad for sex/relationships. Option B omits the essential travel/""passport"" aspect, while A and D are unrelated to the term's established meaning in online discourse and slang usage.",2026-06-12T19:10:12.563548+00:00
526,3,row_125,Period,General,grok,B,A,B,True,False,"In the following sentence, what does ""Period"" mean?
She is the best, period.

Select only one answer.
A) the completion of a cycle, a series of events, or a single action : conclusion
B) Ending the discussion on a topic
C) A term of endearment for a significant other
D) An insult commonly used in sports

Respond with only the letter of your answer (A, B, C, or D).","B

The phrase ""period"" in this idiomatic English usage functions as an intensifier to assert finality or definitiveness (equivalent to ""full stop"" or ""end of discussion""). This matches option B directly. Option A reflects a literal/temporal sense of the word unrelated to the sentence. Options C and D have no semantic connection to the usage.",2026-06-12T19:10:15.555614+00:00
527,3,row_126,plegic,Drugs,grok,C,,C,True,False,"In the following sentence, what does ""plegic"" mean?
That guy stumbled out very plegic.

Select only one answer.
A) Someone that tries really hard to impress their crush
B) intensely and openely say something true
C) drunk
D) A fashionable look

Respond with only the letter of your answer (A, B, C, or D).",C,2026-06-12T19:10:19.628770+00:00
528,3,row_127,poggers,General,grok,A,,A,True,False,"In the following sentence, what does ""poggers"" mean?
Thats a poggers painting.

Select only one answer.
A) To express excitement or approval for something
B) A loss or failure
C) Something done regularly
D) To tie up an arm to isolate a vein for injecting a drug

Respond with only the letter of your answer (A, B, C, or D).","A


The term ""poggers"" originates as Twitch/Internet slang derived from the ""PogChamp"" emote. It is an adjective used to describe something impressive, exciting, or praiseworthy. In the given sentence it functions exactly as an expression of approval for the painting, which aligns only with option A. The other choices correspond to unrelated slang or literal meanings that have no connection to ""poggers.""",2026-06-12T19:10:23.325733+00:00
529,3,row_128,Pookie,Sexual,grok,D,,D,True,False,"In the following sentence, what does ""Pookie"" mean?
My pookie loves a smash burger.

Select only one answer.
A) A near superhuman perfect male
B) The anus
C) A kilo of cocaine
D) A term of endearment for a significant other

Respond with only the letter of your answer (A, B, C, or D).","D 

The sentence uses ""pookie"" as a possessive term of affection directed at a person who enjoys food, which aligns directly with standard English usage of the word as a cute nickname for a romantic partner (D). Options A–C produce semantically incoherent or absurd readings of the same sentence and can therefore be ruled out on purely linguistic grounds.",2026-06-12T19:10:25.396312+00:00
530,3,row_129,Pop off,General,grok,A,B,A,True,False,"In the following sentence, what does ""Pop off"" mean?
I'm about to pop off!

Select only one answer.
A) To do something impressive
B) to die unexpectedly
C) A loud and messy conflict
D) Activities that involve cultivating ones Aura

Respond with only the letter of your answer (A, B, C, or D).","A 

The phrase ""I'm about to pop off!"" is modern internet/gaming/sports slang expressing that the speaker is about to perform with high energy, skill, or flair (i.e., do something impressive). Among the given choices, only option A matches this sense; the others are either obsolete, unrelated, or fabricated meanings.",2026-06-12T19:10:31.687831+00:00
531,3,row_130,Posh and Becks,Sexual,grok,D,,D,True,False,"In the following sentence, what does ""Posh and Becks"" mean?
Lets go back to my place and have the posh and becks.

Select only one answer.
A) Ironically used to describe one as unique
B) Delusional
C) An unpopular opinion
D) sex

Respond with only the letter of your answer (A, B, C, or D).","D


The phrase ""Posh and Becks"" is an instance of Cockney rhyming slang in which the names of the celebrity couple (Victoria ""Posh"" Beckham and David Beckham) stand in for the word ""sex."" The invitation ""have the posh and becks"" is therefore a playful way of proposing sexual activity, which directly matches option D. The remaining choices bear no semantic or pragmatic relation to the sentence.",2026-06-12T19:10:33.837874+00:00
532,3,row_131,prepper,Insult,grok,B,,B,True,False,"In the following sentence, what does ""prepper"" mean?
We have a prepper down the block. They are kindof crazy, but its nice to know where to go.

Select only one answer.
A) A distinct trait, style, or outfit, often used in drag culture
B) Someone who prepares for doomsday scenarios
C) a bad charisma
D) Go in 100% on something

Respond with only the letter of your answer (A, B, C, or D).",B,2026-06-12T19:10:36.789118+00:00
533,3,row_132,Prison pocket,General,grok,A,,A,True,False,"In the following sentence, what does ""Prison pocket"" mean?
Hold it in your prison pocket.

Select only one answer.
A) The anus
B) A knife
C) Someone who is trying to get sexual attention overtly
D) A sudden feeling of disguest or repultion towards someone.

Respond with only the letter of your answer (A, B, C, or D).","A 

The phrase ""prison pocket"" is a common slang euphemism referring to the rectum or anus, based on the practice of inmates concealing contraband in body cavities. The imperative sentence ""Hold it in your prison pocket"" is therefore an instruction to conceal or retain an object anally. This interpretation aligns directly with option A and rules out B (which confuses a possible hidden object with the term itself), as well as the unrelated meanings in C and D.",2026-06-12T19:10:39.256489+00:00
534,3,row_133,Put the fries in the bag,General,grok,D,,D,True,False,"In the following sentence, what does ""Put the fries in the bag"" mean?
You're taking too long. Put the fires in the bag.

Select only one answer.
A) Another term that stands for that hoe over there
B) Money
C) Charisma
D) Get to the point

Respond with only the letter of your answer (A, B, C, or D).","D 

The given sentence (""You're taking too long"") directly frames the imperative as a demand to stop delaying and proceed, which aligns with the idiomatic use of ""put the fries in the bag"" as a curt instruction to hurry or reach the conclusion. Options A–C have no attested connection to the phrase.",2026-06-12T19:10:42.219323+00:00
535,3,row_134,Quirky,Insult,grok,B,C,C,False,True,"In the following sentence, what does ""Quirky"" mean?
I'm so quirky!

Select only one answer.
A) when a reply gets more than the original post
B) Ironically used to describe one as unique
C) having many quirks : unusual in especially an interesting or appealing way
D) to recoil in distaste

Respond with only the letter of your answer (A, B, C, or D).","C 

The sentence uses ""quirky"" in its conventional sense. Standard dictionary definitions (e.g., Merriam-Webster) give “quirky” as “having many quirks: unusual in an interesting or appealing way,” which directly matches option C.  

Options A and D are unrelated (A describes a social-media metric; D defines a different verb). Option B describes a possible pragmatic or ironic tone sometimes attached to the phrase, but that is an observation about usage, not the lexical meaning of the word itself. The question asks what the word means inside the given sentence, so the denotative definition (C) is the appropriate choice.",2026-06-12T19:10:49.203170+00:00
536,3,row_135,rago,Insult,grok,B,,B,True,False,"In the following sentence, what does ""rago"" mean?
It was just how rago he was.

Select only one answer.
A) A type of marijuana
B) Someone acting aggressively and out of control
C) the playful act of taking a friend's food
D) A criminal that turned their life arpound and are legitimate

Respond with only the letter of your answer (A, B, C, or D).","B 

The sentence structure (""how rago he was"") requires an adjective describing a behavioral trait. Only option B supplies a fitting behavioral descriptor that can be inserted without grammatical or semantic contradiction; the remaining options are either nouns or phrases that produce nonsense when substituted.",2026-06-12T19:10:54.024356+00:00
537,3,row_136,rapey,Sexual,grok,D,,D,True,False,"In the following sentence, what does ""rapey"" mean?
That guy at the bar was feeling pretty rapey.

Select only one answer.
A) A term used to say that someone is online too much and needs to get back to real life
B) An expression of disappointment
C) A man that is feminine in nature
D) Describes activities or situations that are sexually aggressive

Respond with only the letter of your answer (A, B, C, or D).","D 

The term ""rapey"" is informal slang derived directly from ""rape."" It is used to characterize behavior, atmospheres, or actions that feel sexually predatory, coercive, or overly aggressive. In the given sentence, the phrase ""feeling pretty rapey"" therefore indicates that the man at the bar was perceived as acting in a sexually aggressive or threatening manner.  

Options A–C have no semantic connection to the word’s etymology or attested usage; they appear to be unrelated or fabricated definitions. Hence only D is correct.",2026-06-12T19:10:57.111381+00:00
538,3,row_137,Ratio,General,grok,B,C,B,True,False,"In the following sentence, what does ""Ratio"" mean?
Ratio if you like pizza.

Select only one answer.
A) A stereotypical alpha male that is strong, handsome, and attracts women.
B) when a reply gets more than the original post
C) the indicated quotient of two mathematical expressions
D) An emotional meltdown

Respond with only the letter of your answer (A, B, C, or D).","B 

The sentence uses ""Ratio"" as internet/Twitter slang (a verb or imperative), where users encourage replies to out-engage the original post. This directly matches definition B; the other options are either unrelated slang, the literal math term, or unrelated.",2026-06-12T19:10:59.549004+00:00
539,3,row_138,raw,General,grok,B,C,B,True,False,"In the following sentence, what does ""raw"" mean?
He's been hitting the vape raw lately.

Select only one answer.
A) A near superhuman perfect male
B) something intense, aggressive, and unfiltered
C) not cooked
D) Stylish or flashy outfit style

Respond with only the letter of your answer (A, B, C, or D).",B,2026-06-12T19:11:03.440266+00:00
540,3,row_139,RIP (me),General,grok,D,,D,True,False,"In the following sentence, what does ""RIP (me)"" mean?
I think I just failed that test. RIP me.

Select only one answer.
A) To stab or shoot
B) A dance move
C) A submissive male that is often outside of traditional social hierarchies
D) To express disappointment dramatically

Respond with only the letter of your answer (A, B, C, or D).",D,2026-06-12T19:11:06.421168+00:00
541,3,row_140,Rizz,General,grok,D,,D,True,False,"In the following sentence, what does ""Rizz"" mean?
The rizz you have today is stunning!

Select only one answer.
A) An insult commonly used in sports
B) To win
C) A term used to describe a baby raised in a gender neutral environment
D) Charisma

Respond with only the letter of your answer (A, B, C, or D).",D,2026-06-12T19:11:08.813814+00:00
542,3,row_141,Salty,Insult,grok,B,C,B,True,False,"In the following sentence, what does ""Salty"" mean?
She's just salty that you have a boyfriend and she doesn't.

Select only one answer.
A) A loud and messy conflict
B) Irritated, bitter, or resentful
C) of, seasoned with, or containing salt
D) To be fierce and unapologetic withing a social situation

Respond with only the letter of your answer (A, B, C, or D).","B 

The slang usage of ""salty"" (common in informal, especially online, English) denotes feeling irritated, bitter, or resentful—precisely the sense conveyed by the given sentence. This is distinct from the literal culinary meaning (option C) and does not match the conflict, fierceness, or other senses listed in the remaining choices.",2026-06-12T19:11:11.442533+00:00
543,3,row_142,savage,General,grok,A,C,A,True,False,"In the following sentence, what does ""savage"" mean?
That was a savage comeback you gave.

Select only one answer.
A) To be fierce and unapologetic withing a social situation
B) A charismatic, sexy, and quick witted man
C) not domesticated or under human control : untamed
D) Stylish or flashy outfit style

Respond with only the letter of your answer (A, B, C, or D).","A


The word ""savage"" here is modern slang for a bold, cutting, or brutally effective remark. Option A directly captures that figurative sense of fierceness in a social exchange. B applies only to a person, C is the literal/zoological meaning, and D refers to fashion—none of which fit the sentence.",2026-06-12T19:11:14.238912+00:00
544,3,row_143,Schizo,Insult,grok,D,,D,True,False,"In the following sentence, what does ""Schizo"" mean?
Brians a total schitzo.

Select only one answer.
A) Mediocre
B) A term of endearment for a significant other
C) An older person who is out of touch
D) crazy or erratic

Respond with only the letter of your answer (A, B, C, or D).",D,2026-06-12T19:11:16.348578+00:00
545,3,row_144,scuffed,Insult,grok,D,C,D,True,False,"In the following sentence, what does ""scuffed"" mean?
The was a scuffed performance last night.

Select only one answer.
A) To confim that something was completed to expectation
B) An older person who is out of touch
C) to walk without lifting the feet : shuffle
D) Something that is messed up or not right.

Respond with only the letter of your answer (A, B, C, or D).",D,2026-06-12T19:11:19.207527+00:00
546,3,row_145,Shabba,General,grok,C,,C,True,False,"In the following sentence, what does ""Shabba"" mean?
Shabba on point!

Select only one answer.
A) The abandonment of responsibilities
B) A dance move
C) Fashionable or stylish
D) Something ugly or unattractive

Respond with only the letter of your answer (A, B, C, or D).","C 

The phrase ""on point"" is a common intensifier indicating that something is executed perfectly or looks excellent. In context, pairing it with ""Shabba"" produces the reading ""stylish/perfectly fashionable,"" which aligns directly with option C and rules out A and D. While a dance named after Shabba Ranks exists, the isolated exclamation ""Shabba on point!"" is far more naturally interpreted as a fashion compliment than a comment on choreography, eliminating B.",2026-06-12T19:11:29.898259+00:00
547,3,row_146,Sheesh,General,grok,B,,B,True,False,"In the following sentence, what does ""Sheesh"" mean?
Sheesh! Thats crazy!

Select only one answer.
A) To refer to ones imaginary audience like an internet steamer
B) To express disbelief
C) A dance move
D) Talking too much

Respond with only the letter of your answer (A, B, C, or D).","B


The exclamation ""Sheesh"" is an interjection used to convey surprise, exasperation, or skepticism; in the given sentence it functions exactly as a reaction of disbelief to the claim that something is ""crazy."" Options A, C, and D describe unrelated slang usages or actions that do not fit the context or conventional meaning of the word.",2026-06-12T19:11:33.768728+00:00
548,3,row_147,Side eye,General,grok,A,,A,True,False,"In the following sentence, what does ""Side eye"" mean?
Why are you giving him the side eye?

Select only one answer.
A) To be skeptical about something
B) To be high or drunk
C) A term used by incels to refer to women in a way that dehumanizes them.
D) A mauser C96 pistol

Respond with only the letter of your answer (A, B, C, or D).","A


The phrase ""side eye"" refers to a sideways glance expressing doubt, suspicion, or disapproval, which aligns directly with option A. Options B, C, and D have no connection to the established meaning or usage of the term.",2026-06-12T19:11:36.616236+00:00
549,3,row_148,Sigma,Identity,grok,B,D,B,True,False,"In the following sentence, what does ""Sigma"" mean?
You are giving off sigma energy right now.

Select only one answer.
A) to recoil in distaste
B) An independent, strong person
C) Someone who is the last person to leave a location and the first to come back in the morning
D) the 18th letter of the Greek alphabet

Respond with only the letter of your answer (A, B, C, or D).","B 

The phrase ""sigma energy"" is internet slang derived from the ""sigma male"" archetype (a counterpart to ""alpha male""). It denotes a lone-wolf personality who is self-reliant, introverted yet competent, and operates outside conventional social hierarchies. This matches option B exactly.  

- A is unrelated (it describes a facial expression or reaction, not ""sigma"").  
- C is a folk-etymology sometimes attached to grindset memes but is not the established meaning of the term.  
- D is the literal Greek letter, which is irrelevant to the idiomatic usage in the given sentence.  

Hence only B is the correct choice for the supplied context.",2026-06-12T19:11:42.212898+00:00
550,3,row_149,Simp,Insult,grok,B,A,B,True,False,"In the following sentence, what does ""Simp"" mean?
Stop being a simp over her!

Select only one answer.
A) a foolish or stupid person : simpleton
B) Someone that tries really hard to impress their crush
C) A homosexual cowboy
D) Describes activities or situations that are sexually aggressive

Respond with only the letter of your answer (A, B, C, or D).","B


The query asks for the meaning of “simp” in the modern slang sentence “Stop being a simp over her!”  

- Option A reflects an obsolete dictionary sense (“simpleton”) that is unrelated to current usage.  
- Option B matches the established contemporary definition: a person who is excessively attentive or submissive toward a romantic interest in an attempt to gain favor.  
- Options C and D are fabricated and bear no relation to the term.  

Thus the only correct choice is B.",2026-06-12T19:11:45.736873+00:00
551,3,row_150,Situationship,Sexual,grok,A,,A,True,False,"In the following sentence, what does ""Situationship"" mean?
Joe ended up in a situationship over the summer.

Select only one answer.
A) A sexual relationship developed from situations without clear future intentions
B) Mercedes Benz G class
C) Very good
D) intensely and openely say something true

Respond with only the letter of your answer (A, B, C, or D).",A,2026-06-12T19:11:50.169568+00:00
552,3,row_151,Skeet,Sexual,grok,B,C,B,True,False,"In the following sentence, what does ""Skeet"" mean?
He skeeted all over the court!

Select only one answer.
A) Something suspicious
B) To shoot ones shot.
C) trapshooting in which clay pigeons are thrown in such a way as to simulate the angles of flight of birds
D) Someone younger

Respond with only the letter of your answer (A, B, C, or D).","B 

The sentence uses ""skeeted"" as a verb in a sports-court context, which aligns with the idiomatic phrase ""shoot one's shot"" (attempt a throw/shot). The other options are either the unrelated dictionary sense of skeet (C), or unrelated slang (A, D) that does not fit the wording or setting.",2026-06-12T19:11:58.519229+00:00
553,3,row_152,Skibidi,General,grok,A,,A,True,False,"In the following sentence, what does ""Skibidi"" mean?
That's so skibidi.

Select only one answer.
A) Nonsensical term
B) To win
C) An incel term meaning kissless, hugless, handholdless virgin
D) The anus

Respond with only the letter of your answer (A, B, C, or D).","A 

The term ""skibidi"" originates as a nonsense syllable from the viral ""Skibidi Toilet"" meme (itself derived from a garbled rendering of the song ""Dom Dom Yes Yes""). In that context and in subsequent Gen-Alpha/Internet slang usage, it functions as a semantically empty or absurd intensifier rather than carrying any fixed lexical meaning such as ""to win,"" an incel acronym, or an anatomical reference. Therefore the only accurate descriptor among the given choices is ""nonsensical term.""",2026-06-12T19:12:03.099291+00:00
554,3,row_153,Skill issue,Insult,grok,C,,C,True,False,"In the following sentence, what does ""Skill issue"" mean?
You won't win. Its a skill issue.

Select only one answer.
A) Something very good
B) Someone that is too left leaning politically
C) An insult saying that the problem is due to lack of skill rather then luck
D) Another term that stands for that hoe over there

Respond with only the letter of your answer (A, B, C, or D).",C,2026-06-12T19:12:05.307069+00:00
555,3,row_154,Slaps,General,grok,C,D,C,True,False,"In the following sentence, what does ""Slaps"" mean?
This place slaps!

Select only one answer.
A) A cigarette
B) To prepare for a fight
C) Something that is reallly good.
D) to strike sharply with or as if with the open hand

Respond with only the letter of your answer (A, B, C, or D).",C,2026-06-12T19:12:08.020750+00:00
556,3,row_155,Slay,General,grok,B,A,B,True,False,"In the following sentence, what does ""Slay"" mean?
Slay girl!

Select only one answer.
A) to kill violently, wantonly, or in great numbers
B) To do somethign very well
C) A term for baby that people will call their significant other.
D) To focus on making one as physically attractive as possible

Respond with only the letter of your answer (A, B, C, or D).",B,2026-06-12T19:12:11.127389+00:00
557,3,row_156,sledge,Identity,grok,A,C,D,False,False,"In the following sentence, what does ""sledge"" mean?
What? Are you havin trouble you sledge?

Select only one answer.
A) An insult commonly used in sports
B) To keep secretive or obscure
C) sledgehammer
D) A fool or a prick

Respond with only the letter of your answer (A, B, C, or D).","D

The sentence addresses the listener directly with the word ""sledge"" (""you sledge"") in a confrontational tone implying the target is inept or contemptible. This usage is consistent with ""sledge"" functioning as a noun-level pejorative (a fool or a prick).  

- Option A is eliminated because, while ""sledging"" denotes verbal taunting in sport, the isolated noun ""sledge"" is not itself the conventional insult.  
- Option B has no semantic overlap with the sentence.  
- Option C is literal and yields nonsense in context.  

Hence only D supplies a meaning that fits the syntactic and pragmatic role of the word.",2026-06-12T19:12:18.805430+00:00
558,3,row_157,sleeper,General,grok,A,C,A,True,False,"In the following sentence, what does ""sleeper"" mean?
That car has got to be a sleeper.

Select only one answer.
A) Something that appears mundane but has hidden potential
B) Irritated, bitter, or resentful
C) one that sleeps
D) An affirmative agreement

Respond with only the letter of your answer (A, B, C, or D).","A


The term ""sleeper"" in automotive slang denotes a vehicle that looks ordinary or unremarkable on the surface yet conceals substantial performance modifications or power, exactly matching definition A. The other options are semantically unrelated to the sentence context: B describes an emotional state, C is the literal dictionary sense of the word without slang usage, and D has no connection to either the word or the sentence. This interpretation is standard in car-culture discourse and fits the given example without ambiguity.",2026-06-12T19:12:22.833161+00:00
559,3,row_158,sleeper build,General,grok,D,,D,True,False,"In the following sentence, what does ""sleeper build"" mean?
Bro's rocking the sleeper build.

Select only one answer.
A) A loss or failure
B) A term to discuss sexual experiences
C) Something that is reallly good.
D) someone that looks ordinary but is actually very strong

Respond with only the letter of your answer (A, B, C, or D).",D,2026-06-12T19:12:24.940264+00:00
560,3,row_159,Snack,Sexual,grok,C,D,C,True,False,"In the following sentence, what does ""Snack"" mean?
That lady over there is a snack.

Select only one answer.
A) A man that takes care of children
B) A glock pistol
C) A descriptor for an attractive person
D) a light meal : food eaten between regular meals; also : food suitable for snacking

Respond with only the letter of your answer (A, B, C, or D).","C


The sentence uses ""snack"" in its contemporary slang sense (an attractive person who looks ""good enough to eat""), which matches option C exactly and rules out the other choices.",2026-06-12T19:12:27.669798+00:00
561,3,row_160,snaggle,Identity,grok,A,C,B,False,False,"In the following sentence, what does ""snaggle"" mean?
Susanne is such a snaggle.

Select only one answer.
A) An unattractive girl
B) Nonsensical term
C) snag
D) A sudden feeling of disguest or repultion towards someone.

Respond with only the letter of your answer (A, B, C, or D).","B


The term ""snaggle"" has no established meaning or usage in standard English (it is not listed in major dictionaries and is not a recognized slang, technical, or dialect term). In the given sentence it therefore functions purely as an invented, meaningless label rather than conveying any of the specific senses listed in A, C, or D. The only accurate description among the choices is consequently B.",2026-06-12T19:12:34.682412+00:00
562,3,row_161,Snatched,General,grok,A,C,A,True,False,"In the following sentence, what does ""Snatched"" mean?
You're looking snatched today.

Select only one answer.
A) A fashionable look
B) Very good
C) to attempt to seize something suddenly
D) Someone that is boring

Respond with only the letter of your answer (A, B, C, or D).","A

The slang term ""snatched"" (in the specific phrasing ""looking snatched"") is widely used in fashion, beauty, and LGBTQ+ communities to describe an especially polished, stylish, or flawless appearance. This directly matches option A; the other choices are either too broad (B), literal rather than figurative (C), or antonymic (D).",2026-06-12T19:12:37.270172+00:00
563,3,row_162,socials,General,grok,A,C,A,True,False,"In the following sentence, what does ""socials"" mean?
Catch me on the socials!

Select only one answer.
A) Used to refer to the social media platforms one uses
B) Someone younger
C) an informal social event or gathering frequently involving a special activity or area of interest
D) To express disappointment dramatically

Respond with only the letter of your answer (A, B, C, or D).",A,2026-06-12T19:12:39.468013+00:00
564,3,row_163,socio,Insult,grok,D,,D,True,False,"In the following sentence, what does ""socio"" mean?
The boy is a socio.

Select only one answer.
A) crazy or erratic
B) Down to fuck
C) A strong, leader who commands those around them
D) Sociopath

Respond with only the letter of your answer (A, B, C, or D).","D


The term ""socio"" is a common informal shortening of ""sociopath,"" directly matching option D in the given sentence. The other choices have no established connection to this abbreviation in standard English usage or slang.",2026-06-12T19:12:43.355852+00:00
565,3,row_164,Soy,Insult,grok,D,,D,True,False,"In the following sentence, what does ""Soy"" mean?
Stop being so soy.

Select only one answer.
A) A loud and messy conflict
B) Mercedes Benz G class
C) Nonsensical term
D) Weak or effeminate

Respond with only the letter of your answer (A, B, C, or D).",D,2026-06-12T19:12:45.762664+00:00
566,3,row_165,soyboy,Identity,grok,A,,A,True,False,"In the following sentence, what does ""soyboy"" mean?
Get that soyboy out of here!

Select only one answer.
A) Men that lack masculine characteristics
B) Something that appears mundane but has hidden potential
C) Saying something secretive or to keep low profile
D) To confim that something was completed to expectation

Respond with only the letter of your answer (A, B, C, or D).","A 

The term ""soyboy"" is internet slang (often pejorative) for a man viewed as effeminate or insufficiently masculine, stereotypically linked to soy consumption and its supposed estrogenic effects. This matches option A exactly; the remaining choices are unrelated idioms or phrases.",2026-06-12T19:12:50.620233+00:00
567,3,row_166,Spanish dancer,General,grok,A,,A,True,False,"In the following sentence, what does ""Spanish dancer"" mean?
I sounds like I caught the spanish dancer.

Select only one answer.
A) Cancer
B) To be fierce and unapologetic withing a social situation
C) A charismatic, sexy, and quick witted man
D) someone that looks ordinary but is actually very strong

Respond with only the letter of your answer (A, B, C, or D).","A 

The phrase is an instance of Cockney rhyming slang in which “Spanish dancer” stands for “cancer” (the final word of the phrase rhymes with the target). The supplied sentence is therefore equivalent to “It sounds like I caught cancer,” which directly matches option A and rules out the other choices.",2026-06-12T19:12:53.048616+00:00
568,3,row_167,spark,Violence,grok,A,B,A,True,False,"In the following sentence, what does ""spark"" mean?
Don't make me spark you out!

Select only one answer.
A) To knock someone out
B) a small particle of a burning substance thrown out by a body in combustion or remaining when combustion is nearly completed
C) An all denim outfit
D) Methodone

Respond with only the letter of your answer (A, B, C, or D).","A


The phrase ""spark you out"" is UK slang for knocking someone unconscious (i.e., to spark out = to render unconscious). This matches option A directly and rules out the literal (B), fashion (C), and drug (D) senses, none of which fit the threatening, physical-action context of the sentence.",2026-06-12T19:12:56.289019+00:00
569,3,row_168,Stuyvie,Drugs,grok,C,,C,True,False,"In the following sentence, what does ""Stuyvie"" mean?
Lets go outside and smoke a suyvie.

Select only one answer.
A) I just burst out laughing
B) Activities that involve cultivating ones Aura
C) A cigarette
D) Something that appears mundane but has hidden potential

Respond with only the letter of your answer (A, B, C, or D).","C 

The sentence uses the nonstandard spelling ""suyvie,"" which is a phonetic rendering of the slang term ""Stuyvie."" This is a clipped form of ""Peter Stuyvesant,"" a well-known cigarette brand; the phrase ""smoke a Stuyvie"" is therefore understood to mean ""smoke a cigarette.""  

Options A, B, and D have no plausible connection to the verb ""smoke"" or to the phonetic form given, leaving C as the only semantically coherent choice.",2026-06-12T19:13:01.453210+00:00
570,3,row_169,suiter,General,grok,B,A,B,True,False,"In the following sentence, what does ""suiter"" mean?
Her suiter was admiring her from afar.

Select only one answer.
A) a suitcase for holding a specified number of suits —usually used in combination
B) a significant other
C) A kilo of cocaine
D) A homosexual cowboy

Respond with only the letter of your answer (A, B, C, or D).","B


The sentence context (""admiring her from afar"") requires a human subject capable of romantic pursuit. ""Suiter"" is a common misspelling or rare variant of ""suitor,"" whose core meaning is a romantic pursuer or wooer—closest to option B among the choices.  

- A is a literal suitcase sense that cannot admire anyone.  
- C is an unrelated slang term for a quantity of drugs and is not a person.  
- D names an implausible referent that also fails to fit the admiring-from-afar scenario.  

Thus only B satisfies both lexical resemblance and sentence coherence.",2026-06-12T19:13:06.897426+00:00
571,3,row_170,Sus,General,grok,D,,D,True,False,"In the following sentence, what does ""Sus"" mean?
That man over there is real sus.

Select only one answer.
A) A sexual relationship developed from situations without clear future intentions
B) Crack cocaine
C) Someone younger
D) Something suspicious

Respond with only the letter of your answer (A, B, C, or D).","D


The slang term ""sus"" is a shortened form of ""suspicious,"" popularized by the game Among Us and now common in everyday speech to describe someone or something that seems shady or untrustworthy. Option D directly matches this definition. The other choices correspond to unrelated slang (""situationship,"" age-related terms, or drug references) that do not fit the sentence.",2026-06-12T19:13:09.717866+00:00
572,3,row_171,Tea,General,grok,B,D,B,True,False,"In the following sentence, what does ""Tea"" mean?
Come on, spill the tea!

Select only one answer.
A) crazy or erratic
B) Gossip
C) To keep secretive or obscure
D) a widely cultivated shrub (Camellia sinensis of the family Theaceae, the tea family) native to China, northern India, and southeastern Asia and having glossy green leaves and fragrant white flowers

Respond with only the letter of your answer (A, B, C, or D).","B 

The phrase ""spill the tea"" is a common slang expression that originated in Black and LGBTQ+ communities (particularly drag culture) and has since entered mainstream usage. In this context, ""tea"" (sometimes stylized as ""T,"" short for ""truth"") refers to gossip, personal information, or juicy details—hence ""spill the tea"" means ""share the gossip.""  

- Option A is unrelated (it might loosely evoke phrases like ""tea'd up,"" but that is not standard).  
- Option C is the opposite of the idiom’s meaning.  
- Option D is the literal botanical definition, which does not fit the idiomatic sentence.  

Thus only B matches the intended slang sense.",2026-06-12T19:13:14.466342+00:00
573,3,row_172,theybie,General,grok,D,,D,True,False,"In the following sentence, what does ""theybie"" mean?
The a couple and their theybie just moved in next door.

Select only one answer.
A) A dance move
B) A submissive male that is often outside of traditional social hierarchies
C) To mastrubate for extremeely long period regularly
D) A term used to describe a baby raised in a gender neutral environment

Respond with only the letter of your answer (A, B, C, or D).",D,2026-06-12T19:13:16.836941+00:00
574,3,row_173,Thirsty,Sexual,grok,C,A,C,True,False,"In the following sentence, what does ""Thirsty"" mean?
She's lookin real thirsty today.

Select only one answer.
A) feeling thirst
B) An unattractive girl
C) Someone who is trying to get sexual attention overtly
D) An incel term for an attractive middle eastern man

Respond with only the letter of your answer (A, B, C, or D).",C,2026-06-12T19:13:18.853685+00:00
575,3,row_174,Thot,Sexual,grok,A,,A,True,False,"In the following sentence, what does ""Thot"" mean?
I'm gonna dress like a thot tonight.

Select only one answer.
A) Another term that stands for that hoe over there
B) Gossip
C) fake soft penises and testicles designed to give a 'male' bulge to the crotches of female-to-male transsexuals.
D) Fuckboy, someone just looking for sex

Respond with only the letter of your answer (A, B, C, or D).",A,2026-06-12T19:13:22.134886+00:00
576,3,row_175,Thrust,General,grok,A,D,A,True,False,"In the following sentence, what does ""Thrust"" mean?
Hit the thrust!

Select only one answer.
A) A dance move
B) A stereotypical alpha male that is strong, handsome, and attracts women.
C) As Fuck
D) to push or drive with force : shove

Respond with only the letter of your answer (A, B, C, or D).","A 

The phrase ""hit the [X]"" is a common imperative construction in English slang for performing a specific dance move (e.g., ""hit the nae nae,"" ""hit the quan""). ""Thrust"" aligns directly with the well-known pelvic-thrust motion used in many dance styles, making A the only option that fits the sentence structure and colloquial usage. The remaining choices are either unrelated slang, a verb definition that does not parse as a noun object of ""hit,"" or simply irrelevant.",2026-06-12T19:13:30.254965+00:00
577,3,row_176,toe-cheese,Insult,grok,D,,D,True,False,"In the following sentence, what does ""toe-cheese"" mean?
My whole house smells like toe cheese.

Select only one answer.
A) An older person who is out of touch
B) A kilo of cocaine
C) drunk
D) Gross buildup between the toes

Respond with only the letter of your answer (A, B, C, or D).",D,2026-06-12T19:13:33.640322+00:00
578,3,row_177,tomdick,Insult,grok,A,,A,True,False,"In the following sentence, what does ""tomdick"" mean?
That secratary was a tomdick.

Select only one answer.
A) A commonplace person
B) Crack cocaine
C) An expression of disappointment
D) Ending the discussion on a topic

Respond with only the letter of your answer (A, B, C, or D).",A,2026-06-12T19:13:36.545824+00:00
579,3,row_178,Touch Grass,General,grok,D,,D,True,False,"In the following sentence, what does ""Touch Grass"" mean?
Go out and touch some grass.

Select only one answer.
A) To express disbelief
B) Gross buildup between the toes
C) A charismatic, sexy, and quick witted man
D) A term used to say that someone is online too much and needs to get back to real life

Respond with only the letter of your answer (A, B, C, or D).",D,2026-06-12T19:13:38.855302+00:00
580,3,row_179,troll,Identity,grok,D,C,D,True,False,"In the following sentence, what does ""troll"" mean?
That guy in valorant was a such a troll.

Select only one answer.
A) Something done regularly
B) crazy or erratic
C) a dwarf or giant in Scandinavian folklore inhabiting caves or hills
D) Someone who deliberatly acts in ways to annoy or anger a group of people online.

Respond with only the letter of your answer (A, B, C, or D).",D,2026-06-12T19:13:42.682485+00:00
581,3,row_180,Tweaking,General,grok,C,B,C,True,False,"In the following sentence, what does ""Tweaking"" mean?
Why are you tweaking out?

Select only one answer.
A) A submissive male that is often outside of traditional social hierarchies
B) to make usually small adjustments in or to; especially : fine-tune
C) Acting crazily
D) Something that is reallly good.

Respond with only the letter of your answer (A, B, C, or D).","C 

The phrase ""tweaking out"" is informal/slang usage that describes erratic, hyperactive, or paranoid behavior (commonly linked to stimulant intoxication). Among the supplied choices only option C matches that meaning; the others are either literal dictionary senses of ""tweak"" (B), unrelated slang (A), or simply incorrect (D).",2026-06-12T19:13:45.707774+00:00
582,3,row_181,twoz,Drugs,grok,D,,D,True,False,"In the following sentence, what does ""twoz"" mean?
Hey, hand me the twoz joint.

Select only one answer.
A) Someone who is very stubborn
B) Something ugly or unattractive
C) A term used to describe a baby raised in a gender neutral environment
D) A canabis based cigarette that needs two paper rolls

Respond with only the letter of your answer (A, B, C, or D).",D,2026-06-12T19:13:48.114961+00:00
583,3,row_182,Unc,Insult,grok,D,,D,True,False,"In the following sentence, what does ""Unc"" mean?
I'll explain it to you unc.

Select only one answer.
A) One True Pairing
B) An emotional meltdown
C) An independent, strong person
D) An older person who is out of touch

Respond with only the letter of your answer (A, B, C, or D).","D 

The term ""unc"" is a slang shortening of ""uncle,"" commonly used (especially in AAVE and online discourse) to address or refer to an older man. In the given sentence the speaker is offering to explain something, which carries the implication that the addressee is not already familiar with it; this matches option D’s description of an older person who is out of touch. The other choices correspond to unrelated internet acronyms or unrelated emotional states and do not fit the usage.",2026-06-12T19:13:52.711180+00:00
584,3,row_183,Understood the assignment,General,grok,C,,C,True,False,"In the following sentence, what does ""Understood the assignment"" mean?
All done. Understood the assignment.

Select only one answer.
A) Someone who is trying to get sexual attention overtly
B) A term of endearment for a significant other
C) To confim that something was completed to expectation
D) A provocative dance

Respond with only the letter of your answer (A, B, C, or D).",C,2026-06-12T19:13:55.906430+00:00
585,3,row_184,upper decky,Drugs,grok,A,,A,True,False,"In the following sentence, what does ""upper decky"" mean?
Hey bro, can I bum an upper decky zynn?

Select only one answer.
A) A nicotine pouch held between the upper lip and gums
B) Short for Bitch
C) Go in 100% on something
D) Something very good

Respond with only the letter of your answer (A, B, C, or D).","A 

The phrase ""upper decky zynn"" is a colloquial reference to a Zyn nicotine pouch positioned between the upper lip and gum (as opposed to the lower lip). ""Bum"" here simply means ""borrow,"" so the speaker is asking for one such pouch. This usage is corroborated by online discussions of Zyn slang, where ""upper decky"" specifically denotes the upper-lip placement. The remaining options have no semantic connection to the sentence.",2026-06-12T19:13:59.404314+00:00
586,3,row_185,Vibe,General,grok,C,,C,True,False,"In the following sentence, what does ""Vibe"" mean?
I'm just enjoyin the vibe out here.

Select only one answer.
A) A commonplace person
B) a bad charisma
C) The positive or relaxing energy of a place
D) Someone that is too left leaning politically

Respond with only the letter of your answer (A, B, C, or D).",C,2026-06-12T19:14:01.557408+00:00
587,3,row_186,Vibe Check,General,grok,D,,D,True,False,"In the following sentence, what does ""Vibe Check"" mean?
Can I get a vibe check?

Select only one answer.
A) An unpopular opinion
B) A loud and messy conflict
C) A man that is feminine in nature
D) To check the mood of a situation

Respond with only the letter of your answer (A, B, C, or D).",D,2026-06-12T19:14:04.334778+00:00
588,3,row_187,wahala,General,grok,B,,B,True,False,"In the following sentence, what does ""wahala"" mean?
Please, no wahala.

Select only one answer.
A) An all denim outfit
B) A significant problem
C) I just burst out laughing
D) To get arrested

Respond with only the letter of your answer (A, B, C, or D).","B 

The term ""wahala"" originates from West African Pidgin English (particularly Nigerian usage) and directly translates to ""trouble,"" ""problem,"" or ""hassle."" In the sentence ""Please, no wahala,"" it functions as a request to avoid difficulty or conflict, aligning precisely with option B. The other choices have no linguistic or cultural connection to the word.",2026-06-12T19:14:07.314563+00:00
589,3,row_188,waved,Drugs,grok,A,D,A,True,False,"In the following sentence, what does ""waved"" mean?
Bro's over on the bench waved out of his mind.

Select only one answer.
A) To be high or drunk
B) When you are outnumbered in a fight and call black people for the win
C) A term of endearment for a significant other
D) having a wavelike form or outline

Respond with only the letter of your answer (A, B, C, or D).","A


The sentence uses ""waved out of his mind"" as slang for extreme intoxication (high or drunk), matching option A. The surrounding context (""bro's over on the bench"") is informal and colloquial, ruling out literal or unrelated meanings in B–D. This aligns with attested slang usage of ""waved""/""wavey"" for altered states.",2026-06-12T19:14:11.363728+00:00
590,3,row_189,What the sigma,General,grok,B,,B,True,False,"In the following sentence, what does ""What the sigma"" mean?
What the sigma? I thought you left?

Select only one answer.
A) To stab or shoot
B) An expression of disbelief
C) A term to support someone going through a gender change.
D) A term for someone that enjoys watching their wife have sex with another man

Respond with only the letter of your answer (A, B, C, or D).",B,2026-06-12T19:14:14.506832+00:00
591,3,row_190,whitney,Drugs,grok,D,,D,True,False,"In the following sentence, what does ""whitney"" mean?
Hey man, you got any whitney on you?

Select only one answer.
A) To stab or shoot
B) cocaine
C) Somehting that is poor quality
D) Crack cocaine

Respond with only the letter of your answer (A, B, C, or D).","D 

The slang term ""whitney"" (short for Whitney Houston) is a reference to crack cocaine, arising from the performer's widely publicized struggles with that specific substance. In the given sentence the phrase functions as a request for drugs, matching definition D rather than the broader term ""cocaine"" (B) or the unrelated senses in A and C.",2026-06-12T19:14:19.836810+00:00
592,3,row_191,Woke,Insult,grok,B,,B,True,False,"In the following sentence, what does ""Woke"" mean?
Stop being so woke.

Select only one answer.
A) To win
B) Someone that is too left leaning politically
C) a significant other
D) Something low quality or bad

Respond with only the letter of your answer (A, B, C, or D).",B,2026-06-12T19:14:22.788781+00:00
593,3,row_192,womp womp,General,grok,A,,A,True,False,"In the following sentence, what does ""womp womp"" mean?
I failed that math quiz. Womp womp.

Select only one answer.
A) An expression of disappointment
B) A criminal that turned their life arpound and are legitimate
C) sex
D) Delusional

Respond with only the letter of your answer (A, B, C, or D).",A,2026-06-12T19:14:25.055058+00:00
594,3,row_193,wraparound,General,grok,D,C,D,True,False,"In the following sentence, what does ""wraparound"" mean?
I had to pull a wraparound this morning since I left my wallet at the bar.

Select only one answer.
A) Very good
B) Ironically used to describe one as unique
C) made to be wrapped around something and especially the body
D) Someone who is the last person to leave a location and the first to come back in the morning

Respond with only the letter of your answer (A, B, C, or D).","D

The sentence employs ""wraparound"" as slang for a full-cycle return (last out at closing time, first back at opening), triggered by the need to retrieve a forgotten wallet. This usage aligns exclusively with definition D; the remaining options are either literal dictionary senses (C) or unrelated/irrelevant descriptors (A, B) that do not fit the contextual phrasing ""pull a wraparound.""",2026-06-12T19:14:32.112390+00:00
595,3,row_194,Yapping,Insult,grok,A,D,D,False,True,"In the following sentence, what does ""Yapping"" mean?
Stop your yapping and get over here.

Select only one answer.
A) Talking too much
B) A reference for ass
C) To give sympathy or signify a failure
D) to talk in a shrill insistent way : chatter

Respond with only the letter of your answer (A, B, C, or D).","D

The term ""yapping"" is an informal verb derived from the sharp, high-pitched bark of a small dog. In the given imperative sentence it is used figuratively to mean incessant, shrill, or annoying speech.  

- Option D reproduces the standard dictionary definition (""to talk in a shrill insistent way : chatter"") and therefore matches the usage exactly.  
- Option A is semantically close but omits the auditory quality (""shrill"") that distinguishes ""yap"" from simply ""talk too much.""  
- Options B and C have no attested connection to the word.  

Hence only D is the precise lexical answer.",2026-06-12T19:14:37.051021+00:00
596,3,row_195,Yeet,General,grok,B,,B,True,False,"In the following sentence, what does ""Yeet"" mean?
Think I can make this? Yeet!

Select only one answer.
A) A term for friends
B) Throwing something
C) When something hidden gets called out
D) a significant other

Respond with only the letter of your answer (A, B, C, or D).","B


The sentence uses ""Yeet"" as an exclamation while attempting a throw (e.g., a basketball shot), matching the common slang definition of forcefully tossing something. Options A, C, and D have no relation to this usage or the word's established meaning.",2026-06-12T19:14:49.966688+00:00
597,3,row_196,ying,Violence,grok,B,,B,True,False,"In the following sentence, what does ""ying"" mean?
I'll walk in swinging my ying.

Select only one answer.
A) An expression of disbelief
B) A knife
C) To do somethign very well
D) Fashionable or stylish

Respond with only the letter of your answer (A, B, C, or D).","B 

The sentence structure requires ""ying"" to function as a noun that can be physically swung (i.e., an object). Among the given choices, only ""a knife"" satisfies that syntactic and semantic requirement; the remaining options are either abstract concepts or verbs/adjectives that cannot be possessed and swung.",2026-06-12T19:14:55.760448+00:00
598,3,row_197,yoyo,General,grok,C,B,C,True,False,"In the following sentence, what does ""yoyo"" mean?
We've helped you in the past, but yoyo this time.

Select only one answer.
A) Prolonged masturbation
B) a thick grooved double disk with a string attached to its center axle that is made to fall and rise to the hand by unwinding and rewinding on the string
C) You're on Your own
D) The positive or relaxing energy of a place

Respond with only the letter of your answer (A, B, C, or D).",C,2026-06-12T19:14:58.091968+00:00
599,3,row_198,Zaddy,Sexual,grok,D,,D,True,False,"In the following sentence, what does ""Zaddy"" mean?
I'm meeting up with my zaddy later tonight.

Select only one answer.
A) A sudden feeling of disguest or repultion towards someone.
B) Someone who deliberatly acts in ways to annoy or anger a group of people online.
C) Very good
D) An attractive older man

Respond with only the letter of your answer (A, B, C, or D).",D,2026-06-12T19:15:00.772760+00:00
600,3,row_199,Zesty,Insult,grok,B,D,B,True,False,"In the following sentence, what does ""Zesty"" mean?
He's acting a bit zesty today.

Select only one answer.
A) A term for someone that enjoys watching their wife have sex with another man
B) A man that is feminine in nature
C) intensely and openely say something true
D) having or characterized by zest : appealingly piquant or lively

Respond with only the letter of your answer (A, B, C, or D).","B


The sentence uses ""zesty"" in a casual, behavioral sense (""acting a bit...""), which aligns with contemporary youth/internet slang rather than the dictionary sense. In that slang register, ""zesty"" (or ""acting zesty"") is a mildly pejorative way of calling a male’s mannerisms effeminate or stereotypically gay—matching option B. Options A and C are unrelated meanings, while D gives the standard literal definition that does not fit the phrasing or context of the example sentence.",2026-06-12T19:15:08.049119+00:00
601,4,row_000,'done,Drugs,grok,A,,A,True,False,"In the following sentence, what does ""'done"" mean?
Do you have any of the 'done on you?

Select only one answer.
A) Methodone
B) Down to fuck
C) A nicotine pouch held between the upper lip and gums
D) Used to address friends with exasperation, releif, or disbeleif.

Respond with only the letter of your answer (A, B, C, or D).","A 

The sentence asks whether the listener possesses any quantity of a substance (""any of the 'done""), which immediately rules out non-noun readings such as B and D. Among the remaining noun candidates, ""'done"" (or ""done"") is established drug slang for methadone; the apostrophe simply marks the truncation of the longer word. Option C has no attested connection to that lexical form. The minor spelling variant in A does not change the referent.",2026-06-12T19:15:14.956070+00:00
602,4,row_001,6-6-6,Identity,grok,A,,A,True,False,"In the following sentence, what does ""6-6-6"" mean?
I only date a man who is a 6-6-6.

Select only one answer.
A) A rule used by some for dating that refers to someone who is six feet tall, has a 6 figure income, and has six-pack abs
B) Something done regularly
C) Sociopath
D) A homosexual cowboy

Respond with only the letter of your answer (A, B, C, or D).",A,2026-06-12T19:15:17.514230+00:00
603,4,row_002,AF,General,grok,C,,C,True,False,"In the following sentence, what does ""AF"" mean?
Thats cool AF!

Select only one answer.
A) A loss or failure
B) When you are outnumbered in a fight and call black people for the win
C) As Fuck
D) A glock pistol

Respond with only the letter of your answer (A, B, C, or D).",C,2026-06-12T19:15:20.138244+00:00
604,4,row_003,aggy,Violence,grok,B,,B,True,False,"In the following sentence, what does ""aggy"" mean?
Why you so aggy?

Select only one answer.
A) Something untrue or unbeleivable
B) to aggrivate
C) The vagina
D) A loss or failure

Respond with only the letter of your answer (A, B, C, or D).","B 

The slang term ""aggy"" (also spelled ""aggie"") in the sentence ""Why you so aggy?"" is a clipped form of ""aggravated,"" ""agitated,"" or ""aggressive."" It functions as an adjective describing someone who is irritated, annoyed, or on edge.  

Option B is the only choice that aligns with this meaning (despite the minor spelling variant ""aggrivate""). The remaining options correspond to unrelated slang terms (e.g., ""cap,"" ""L,"" or vulgar anatomical references) and can be eliminated.",2026-06-12T19:15:23.105244+00:00
605,4,row_004,Alpha,Identity,grok,D,A,D,True,False,"In the following sentence, what does ""Alpha"" mean?
What an alpha chad.

Select only one answer.
A) the 1st letter of the Greek alphabet
B) Someone that is boring
C) A dance move
D) A strong, leader who commands those around them

Respond with only the letter of your answer (A, B, C, or D).",D,2026-06-12T19:15:25.285314+00:00
606,4,row_005,ant,Sexual,grok,C,D,D,False,True,"In the following sentence, what does ""ant"" mean?
I came across a real ant at the club earlier.

Select only one answer.
A) Prolonged masturbation
B) sex
C) A charismatic, sexy, and quick witted man
D) any of a family (Formicidae) of colonial hymenopterous insects with a complex social organization and various castes performing special duties

Respond with only the letter of your answer (A, B, C, or D).",D,2026-06-12T19:15:32.147100+00:00
607,4,row_006,archer,Identity,grok,D,A,A,False,True,"In the following sentence, what does ""archer"" mean?
Jim was an archer with her lies.

Select only one answer.
A) a person who uses a bow and arrow
B) Something suspicious
C) Mediocre
D) A person who is very good at spotting a lie

Respond with only the letter of your answer (A, B, C, or D).","A


The word ""archer"" has a single established definition in English (a person who shoots with a bow and arrow). The supplied sentence simply places that word in an unusual or metaphorical context; it does not alter or invent a new lexical meaning. Consequently the only option that correctly reports what the word itself denotes is A; options B–D are unrelated to the actual sense of the term.",2026-06-12T19:15:36.615254+00:00
608,4,row_007,ASL,Sexual,grok,C,,C,True,False,"In the following sentence, what does ""ASL"" mean?
What's your ASL?

Select only one answer.
A) Go in 100% on something
B) a significant other
C) Age Sex Location
D) A kilo of cocaine

Respond with only the letter of your answer (A, B, C, or D).","C


\",2026-06-12T19:15:40.506666+00:00
609,4,row_008,Aura Farming,Identity,grok,D,,D,True,False,"In the following sentence, what does ""Aura Farming"" mean?
That skateboard group is trying really hard to aura farm, but its not working.

Select only one answer.
A) A man that is feminine in nature
B) Someone that is too left leaning politically
C) sex
D) Activities that involve cultivating ones Aura

Respond with only the letter of your answer (A, B, C, or D).","D


The term ""aura"" is modern slang for a person's perceived coolness, vibe, or social capital. ""Aura farming"" is therefore the act of deliberately performing actions intended to increase that perceived status. The skateboard sentence directly illustrates people attempting (and failing) to raise their aura through visible stunts, which matches definition D and rules out the unrelated options A–C.",2026-06-12T19:15:44.158529+00:00
610,4,row_009,babygirl,Sexual,grok,C,,C,True,False,"In the following sentence, what does ""babygirl"" mean?
Hey babygirl, whanna metup tonight?

Select only one answer.
A) An independent, strong person
B) An expression of disappointment
C) An endeering term used towards ones significant other
D) used to mock spoiled kids

Respond with only the letter of your answer (A, B, C, or D).",C,2026-06-12T19:16:13.347421+00:00
611,4,row_010,backoff,Sexual,grok,A,B,A,True,False,"In the following sentence, what does ""backoff"" mean?
That girl has a fat backoff!

Select only one answer.
A) A large ass that stands out.
B) back down
C) Something that is better then everything else
D) an expression of surprise

Respond with only the letter of your answer (A, B, C, or D).","A 

The sentence uses ""backoff"" as a nonstandard/neologistic noun describing a girl's physique (with ""fat"" as intensifying slang for size/curvature). Only option A supplies a denotation that renders the sentence grammatical and contextually coherent; the remaining choices yield nonsense when substituted.",2026-06-12T19:16:16.462468+00:00
612,4,row_011,Bae,Sexual,grok,A,,C,False,False,"In the following sentence, what does ""Bae"" mean?
She's my bae.

Select only one answer.
A) A significant other
B) something intense, aggressive, and unfiltered
C) A term of endearment for a significant other
D) A term for baby that people will call their significant other.

Respond with only the letter of your answer (A, B, C, or D).",C,2026-06-12T19:16:22.128285+00:00
613,4,row_012,bareface,Identity,grok,A,D,A,True,False,"In the following sentence, what does ""bareface"" mean?
I saw a group of barefaces at the store this morning, so I won't be going back.

Select only one answer.
A) Someone who refused to wear a mask in covid times.
B) Irritated, bitter, or resentful
C) A fool or a prick
D) having a clear finish and no nap

Respond with only the letter of your answer (A, B, C, or D).","A 

The sentence context (avoiding a store after seeing multiple ""barefaces"") points to a negative judgment of people who are unmasked. This aligns directly with option A as COVID-era slang for individuals not wearing masks. The other options are semantically or grammatically incompatible with the usage: B describes an emotional state rather than a noun for people, C is unattested slang for ""bareface,"" and D is a technical descriptor for materials, not humans. No standard dictionary sense of ""barefaced"" (e.g., ""shameless"") fits the plural noun form or the avoidance implication either.",2026-06-12T19:16:27.762403+00:00
614,4,row_013,based,General,grok,D,B,D,True,False,"In the following sentence, what does ""based"" mean?
That show was based.

Select only one answer.
A) To prepare for a fight
B) having a specified type of base or basis —often used in combination
C) The abandonment of responsibilities
D) An unpopular opinion

Respond with only the letter of your answer (A, B, C, or D).","D


The sentence uses ""based"" as internet slang (originating from Lil B and later adopted in meme/4chan culture) to describe something unapologetically authentic or willing to voice a view others dislike. Among the given choices, only D is consistent with that non-literal usage; the remaining options are either dictionary senses that require a complement (""-based"") or unrelated idioms.",2026-06-12T19:16:34.219042+00:00
615,4,row_014,Basic,Identity,grok,D,A,D,True,False,"In the following sentence, what does ""Basic"" mean?
Shes so basic.

Select only one answer.
A) of, relating to, or forming the base or essence : fundamental
B) to recoil in distaste
C) A loud and messy conflict
D) Someone that is boring

Respond with only the letter of your answer (A, B, C, or D).","D 

The sentence uses ""basic"" as modern slang (typically ""basic bitch""), denoting a person whose tastes, style, and interests are perceived as unoriginal/mainstream and therefore dull or predictable. This matches option D most closely. Options A–C reflect unrelated dictionary senses or unrelated words entirely and do not fit the colloquial usage shown.",2026-06-12T19:16:38.020986+00:00
616,4,row_015,bb,Sexual,grok,C,D,C,True,False,"In the following sentence, what does ""bb"" mean?
Hey bb, lets grab some food.

Select only one answer.
A) You're on Your own
B) Something that is messed up or not right.
C) A term for baby that people will call their significant other.
D) a shot pellet 0.18 inch in diameter for use in a shotgun cartridge

Respond with only the letter of your answer (A, B, C, or D).",C,2026-06-12T19:16:40.257864+00:00
617,4,row_016,Bet,General,grok,B,D,B,True,False,"In the following sentence, what does ""Bet"" mean?
bet, lets go.

Select only one answer.
A) A dance move
B) An affirmative agreement
C) Someone who is trying to get sexual attention overtly
D) something that is laid, staked, or pledged typically between two parties on the outcome of a contest or a contingent issue : wager —often used figuratively in such phrases as all bets are off to stress the uncertainty of an outcome

Respond with only the letter of your answer (A, B, C, or D).","B 

The sentence uses ""bet"" as informal slang (short for ""you bet""), which functions as a quick affirmative reply equivalent to ""okay,"" ""sure,"" or ""deal."" This is distinct from the literal wager sense in option D and has no connection to the other listed meanings.",2026-06-12T19:16:42.725070+00:00
618,4,row_017,Beta,Identity,grok,A,C,A,True,False,"In the following sentence, what does ""Beta"" mean?
The beta's of the world aren't gonna like that.

Select only one answer.
A) Someone weak or a follower
B) Someone younger
C) the 2nd letter of the Greek alphabet
D) Sociopath

Respond with only the letter of your answer (A, B, C, or D).","A 

The sentence uses ""beta"" (pluralized awkwardly as ""beta's"") in the context of modern internet slang derived from evolutionary psychology and ""alpha male"" tropes popular in certain online communities. There, ""alpha"" denotes a dominant leader, while ""beta"" denotes a weak, submissive, or follower-type male personality. The phrasing ""the betas of the world aren't gonna like that"" is a dismissive prediction that timid or low-status people will object, confirming the slang sense rather than the literal Greek letter, age reference, or unrelated psychiatric term. Options B–D have no semantic fit in this usage.",2026-06-12T19:16:46.749621+00:00
619,4,row_018,Bih,General,grok,B,,B,True,False,"In the following sentence, what does ""Bih"" mean?
Bih, what?

Select only one answer.
A) An unpopular opinion
B) Short for Bitch
C) cocaine
D) An incel term meaning kissless, hugless, handholdless virgin

Respond with only the letter of your answer (A, B, C, or D).","B


The phrase ""Bih, what?"" is an informal exclamation (commonly seen in AAVE-influenced internet slang) that substitutes ""bih"" for the word ""bitch,"" conveying surprise or disbelief. Among the given choices, only option B matches this established usage; the others describe unrelated slang or subcultural terms that have no attested connection to ""bih"" in this context.",2026-06-12T19:16:51.471489+00:00
620,4,row_019,bine,Violence,grok,A,B,A,True,False,"In the following sentence, what does ""bine"" mean?
Load the nine with ine and selek it.

Select only one answer.
A) bullets
B) a twining stem or flexible shoot (as of the hop); also : a plant (such as woodbine) whose shoots are bines
C) A term to discuss sexual experiences
D) To refer to ones imaginary audience like an internet steamer

Respond with only the letter of your answer (A, B, C, or D).","A 

The sentence uses ""nine"" as common slang for a 9 mm pistol and places ""bine/ine"" in the direct-object slot that would normally be occupied by ammunition; the only option that supplies that meaning is A. Options B–D are either the unrelated botanical definition or invented senses that have no textual support.",2026-06-12T19:16:59.581911+00:00
621,4,row_020,blackup,Violence,grok,B,,B,True,False,"In the following sentence, what does ""blackup"" mean?
We are outnumbered. Call for black up.

Select only one answer.
A) Something ugly or unattractive
B) When you are outnumbered in a fight and call black people for the win
C) A charismatic, sexy, and quick witted man
D) to recoil in distaste

Respond with only the letter of your answer (A, B, C, or D).","B


The sentence is a clear pun on the phrase ""call for backup,"" with ""blackup"" substituted in place of ""backup."" This produces the (racist) implication that one should summon Black people to help when outnumbered, which directly matches option B and no other choice. The remaining options have no lexical, semantic, or contextual connection to the given sentence.",2026-06-12T19:17:03.327206+00:00
622,4,row_021,Brain Rot,General,grok,C,,C,True,False,"In the following sentence, what does ""Brain Rot"" mean?
Kids these days just sit around and watch brain rot.

Select only one answer.
A) Money
B) Short for happening
C) The videos one find on social media that cause people to scroll and do nothign for hours
D) An insult commonly used in sports

Respond with only the letter of your answer (A, B, C, or D).",C,2026-06-12T19:17:05.699558+00:00
623,4,row_022,brizzy,Drugs,grok,D,,D,True,False,"In the following sentence, what does ""brizzy"" mean?
Quickly, grab the brizzy.

Select only one answer.
A) A dance move
B) A canister of nitrous oxide
C) To be fierce and unapologetic withing a social situation
D) A kilo of cocaine

Respond with only the letter of your answer (A, B, C, or D).",D,2026-06-12T19:17:12.989077+00:00
624,4,row_023,broomhandle,Violence,grok,D,,D,True,False,"In the following sentence, what does ""broomhandle"" mean?
Get your broomhandle, we gotta go.

Select only one answer.
A) An emotional meltdown
B) A large ass that stands out.
C) To be fierce and unapologetic withing a social situation
D) A mauser C96 pistol

Respond with only the letter of your answer (A, B, C, or D).","D

The term ""broomhandle"" is a well-established nickname for the Mauser C96 semi-automatic pistol, whose distinctive wooden grip resembles the handle of a broom. This slang usage dates back to the early 20th century and is still recognized among firearms historians and collectors. In the given sentence, the imperative ""Get your broomhandle"" is therefore most naturally interpreted as an instruction to retrieve that specific firearm before departing, making option D the only historically and contextually accurate choice. The remaining options have no documented connection to the word ""broomhandle.""",2026-06-12T19:17:15.765387+00:00
625,4,row_024,bruh!,General,grok,A,D,A,True,False,"In the following sentence, what does ""bruh!"" mean?
Bruh! What was that?

Select only one answer.
A) Used to address friends with exasperation, releif, or disbeleif.
B) Someone that travels abroad with the sole purpose of having sex
C) Crack cocaine
D) brother

Respond with only the letter of your answer (A, B, C, or D).",A,2026-06-12T19:17:18.118209+00:00
626,4,row_025,Bruzz,General,grok,A,,A,True,False,"In the following sentence, what does ""Bruzz"" mean?
Whats up bruzz?

Select only one answer.
A) A term for friends
B) Someone who refused to wear a mask in covid times.
C) Main Character - Someone that acts as if they are the star of a story
D) To win

Respond with only the letter of your answer (A, B, C, or D).",A,2026-06-12T19:17:20.627254+00:00
627,4,row_026,Bussin',General,grok,C,,C,True,False,"In the following sentence, what does ""Bussin'"" mean?
This pizza is bussin, on god!

Select only one answer.
A) A term for baby that people will call their significant other.
B) A reaction to something uncomfortable
C) Very good
D) To do somethign very well

Respond with only the letter of your answer (A, B, C, or D).",C,2026-06-12T19:17:24.418924+00:00
628,4,row_027,Cake,Sexual,grok,C,A,C,True,False,"In the following sentence, what does ""Cake"" mean?
Shes looking real caked up!

Select only one answer.
A) a breadlike food made from a dough or batter that is usually fried or baked in small flat shapes and is often unleavened
B) Mercedes Benz G class
C) A reference for ass
D) To make a jawline more defined

Respond with only the letter of your answer (A, B, C, or D).","C

The slang phrase ""caked up"" is frequently used to describe a prominent or attractive buttocks (""cake"" = ass). Among the given choices, only option C directly captures this meaning; the others are either literal dictionary definitions or unrelated slang.",2026-06-12T19:17:29.699256+00:00
629,4,row_028,Cap,General,grok,A,C,A,True,False,"In the following sentence, what does ""Cap"" mean?
You're cappin. No way.

Select only one answer.
A) Something untrue or unbeleivable
B) Weak or effeminate
C) a head covering especially with a visor and no brim
D) To be honest about something

Respond with only the letter of your answer (A, B, C, or D).","A 

The slang term ""cap"" (and its verb form ""cappin'"") originated in African-American Vernacular English and has spread widely through hip-hop, social media, and memes. It denotes a falsehood, exaggeration, or something that cannot be believed.  

- The sentence “You’re cappin’. No way.” is therefore an accusation of lying, which directly matches option A.  
- Option B refers to an unrelated, older slang sense of “cap” that is not used in this construction.  
- Option C is the literal dictionary meaning of the noun “cap,” irrelevant to the idiomatic usage here.  
- Option D describes the opposite phrase “no cap,” which means “truthfully.”  

Hence only A is the correct choice.",2026-06-12T19:17:34.043134+00:00
630,4,row_029,Chad,Identity,grok,B,D,B,True,False,"In the following sentence, what does ""Chad"" mean?
That was a total chad move.

Select only one answer.
A) Someone that tries really hard to impress their crush
B) A stereotypical alpha male that is strong, handsome, and attracts women.
C) An insult saying that the problem is due to lack of skill rather then luck
D) small pieces of paper or cardboard produced in punching paper tape or data cards; also : a piece of chad.

Respond with only the letter of your answer (A, B, C, or D).",B,2026-06-12T19:17:36.372803+00:00
631,4,row_030,Chaddam,Identity,grok,C,,C,True,False,"In the following sentence, what does ""Chaddam"" mean?
Did you see the chaddam at the restraunt earlier?

Select only one answer.
A) To knock someone out
B) Someone that travels abroad with the sole purpose of having sex
C) An incel term for an attractive middle eastern man
D) Someone who is very stubborn

Respond with only the letter of your answer (A, B, C, or D).","C 

The term ""Chaddam"" is a portmanteau of the incel slang ""Chad"" (an idealized, attractive man) and ""Saddam"" (evoking a Middle-Eastern reference). It therefore functions as a noun denoting an attractive Middle-Eastern man within that subculture's lexicon. The sample sentence treats the word as a countable noun (""the chaddam""), which immediately rules out the verb sense in A and the non-matching definitions in B and D.",2026-06-12T19:17:40.025719+00:00
632,4,row_031,Chang,Drugs,grok,B,,B,True,False,"In the following sentence, what does ""Chang"" mean?
Hey , you got a hookup for chang?

Select only one answer.
A) A canabis based cigarette that needs two paper rolls
B) cocaine
C) An emotional meltdown
D) A homosexual cowboy

Respond with only the letter of your answer (A, B, C, or D).","B 

The sentence uses ""hookup"" in its common slang sense of ""source/connection to obtain drugs."" Among the listed choices, only B matches attested drug slang: ""chang"" (or ""chaing"") is British/Australian informal usage for cocaine, paralleling the more widespread ""Charlie."" The remaining options have no lexical or contextual support for the given sentence.",2026-06-12T19:17:44.220203+00:00
633,4,row_032,Chat,General,grok,B,A,B,True,False,"In the following sentence, what does ""Chat"" mean?
Chat, how does this look?

Select only one answer.
A) chatter, prattle
B) To refer to ones imaginary audience like an internet steamer
C) An insult saying that the problem is due to lack of skill rather then luck
D) a significant other

Respond with only the letter of your answer (A, B, C, or D).",B,2026-06-12T19:17:47.124674+00:00
634,4,row_033,Cheeks,General,grok,D,B,D,True,False,"In the following sentence, what does ""Cheeks"" mean?
That movie was cheeks.

Select only one answer.
A) to recoil in distaste
B) the fleshy side of the face below the eye and above and to the side of the mouth
C) To show off
D) Somehting that is poor quality

Respond with only the letter of your answer (A, B, C, or D).",D,2026-06-12T19:17:50.235719+00:00
635,4,row_034,chenta,Insult,grok,B,,B,True,False,"In the following sentence, what does ""chenta"" mean?
You are looking really chenta.

Select only one answer.
A) An affirmative agreement
B) Something ugly or unattractive
C) A significant problem
D) To win

Respond with only the letter of your answer (A, B, C, or D).","B

The sentence positions ""chenta"" as an adjective modifying appearance (""looking really…""). Among the options, only B supplies an adjectival sense that can grammatically and semantically occupy that slot; the remaining choices are either non-adjectival or produce nonsensical phrases.",2026-06-12T19:17:54.181983+00:00
636,4,row_035,cheugy,Insult,grok,A,,A,True,False,"In the following sentence, what does ""cheugy"" mean?
That girl had such a cheugy outfit.

Select only one answer.
A) Somehting uncool or unfashionable
B) an expression of surprise
C) A term for bringing someone over to watch some netflix and then have sex.
D) Something really good

Respond with only the letter of your answer (A, B, C, or D).","A 

The term ""cheugy"" is internet/TikTok slang (popularized around 2021) that denotes something basic, try-hard, or out of style—i.e., uncool or unfashionable—exactly as described in option A. The other choices have no semantic overlap with the attested usage.",2026-06-12T19:17:58.940657+00:00
637,4,row_036,chi-mo,Identity,grok,C,,C,True,False,"In the following sentence, what does ""chi-mo"" mean?
Go fuck that chi-mo up.

Select only one answer.
A) To give sympathy or signify a failure
B) A criminal that turned their life arpound and are legitimate
C) A chlid molestor
D) a bad charisma

Respond with only the letter of your answer (A, B, C, or D).",C,2026-06-12T19:18:01.172680+00:00
638,4,row_037,Chungus,General,grok,D,,D,True,False,"In the following sentence, what does ""Chungus"" mean?
Thats a very chungus pizza.

Select only one answer.
A) to aggrivate
B) Something that is reallly good.
C) A descriptor for an attractive person
D) Something that is adorably and chunky

Respond with only the letter of your answer (A, B, C, or D).",D,2026-06-12T19:18:03.929577+00:00
639,4,row_038,Clocked,Violence,grok,B,A,B,True,False,"In the following sentence, what does ""Clocked"" mean?
He totally clocked that guy.

Select only one answer.
A) to time with a stopwatch or by an electric timing device
B) When something hidden gets called out
C) Someone younger
D) To do something impressive

Respond with only the letter of your answer (A, B, C, or D).","B

The sentence uses ""clocked"" in an informal/slang sense, where it means noticing or exposing something concealed (e.g., a deception or disguise). This matches option B exactly; the other options are either literal dictionary senses that do not fit the sentence or are unrelated.",2026-06-12T19:18:09.386485+00:00
640,4,row_039,Cooked,General,grok,B,C,B,True,False,"In the following sentence, what does ""Cooked"" mean?
You're cooked

Select only one answer.
A) Someone acting aggressively and out of control
B) Done or ruined
C) past tense and past participle of cook
D) A significant other

Respond with only the letter of your answer (A, B, C, or D).",B,2026-06-12T19:18:12.545773+00:00
641,4,row_040,coota suit,Identity,grok,D,,B,False,False,"In the following sentence, what does ""coota suit"" mean?
Im gonna hit the town in my coota suit.

Select only one answer.
A) A loud and messy conflict
B) Nonsensical term
C) A term of endearment for a significant other
D) An all denim outfit

Respond with only the letter of your answer (A, B, C, or D).","B

The phrase ""coota suit"" has no established meaning in English slang, idiom, or fashion terminology, nor does it correspond to any of the concrete referents listed in A, C, or D. It is therefore best classified as a nonsensical term invented for the sentence.",2026-06-12T19:18:19.062220+00:00
642,4,row_041,Crashout,General,grok,B,A,B,True,False,"In the following sentence, what does ""Crashout"" mean?
Jen had a total crashout after her breakup

Select only one answer.
A) a vehicular crash
B) An emotional meltdown
C) Someone that travels abroad with the sole purpose of having sex
D) Money

Respond with only the letter of your answer (A, B, C, or D).","B


The sentence context (""after her breakup"") rules out literal or unrelated meanings (A, C, D). ""Crashout"" functions as slang for an intense emotional collapse, directly matching B.",2026-06-12T19:18:22.258820+00:00
643,4,row_042,Cringe,General,grok,C,,C,True,False,"In the following sentence, what does ""Cringe"" mean?
Did you hear that pickup line? It was totally cringe!

Select only one answer.
A) A man that takes care of children
B) An unpopular opinion
C) to recoil in distaste
D) To prepare for a fight

Respond with only the letter of your answer (A, B, C, or D).","C 

The sentence uses ""cringe"" in contemporary slang to describe something (the pickup line) that provokes embarrassment or second-hand discomfort. This usage is derived directly from the verb sense ""to recoil in distaste,"" which is the only option that matches the word's established meaning; the other choices are unrelated or fabricated.",2026-06-12T19:18:26.893025+00:00
644,4,row_043,crower,Insult,grok,D,,D,True,False,"In the following sentence, what does ""crower"" mean?
Stop sitting around and being a crower

Select only one answer.
A) Saying something secretive or to keep low profile
B) Ending the discussion on a topic
C) To express disbelief
D) Someone who sitts around commenting about others

Respond with only the letter of your answer (A, B, C, or D).",D,2026-06-12T19:18:30.015729+00:00
645,4,row_044,cuck,Insult,grok,D,C,A,False,False,"In the following sentence, what does ""cuck"" mean?
That guy must be a cuck letting his wife talk to others like that.

Select only one answer.
A) Someone weak or a follower
B) A descriptor for an attractive person
C) a man whose wife is unfaithful : cuckold
D) A term for someone that enjoys watching their wife have sex with another man

Respond with only the letter of your answer (A, B, C, or D).","A 

The term ""cuck"" in the given sentence functions as a pejorative slang insult implying weakness or emasculation for permitting the wife's social interactions. This usage derives from ""cuckold"" but has broadened beyond the literal definition of spousal infidelity (option C) or fetish enjoyment (option D) to denote any perceived submissiveness. Option B is unrelated. The context of the sentence aligns directly with the generalized derogatory sense captured in A.",2026-06-12T19:18:35.251679+00:00
646,4,row_045,d-low,General,grok,C,,C,True,False,"In the following sentence, what does ""d-low"" mean?
Keep it on the d-low, okay?

Select only one answer.
A) Mercedes Benz G class
B) Used to refer to the social media platforms one uses
C) To keep secretive or obscure
D) An attractive older man

Respond with only the letter of your answer (A, B, C, or D).",C,2026-06-12T19:18:37.991212+00:00
647,4,row_046,daggers,General,grok,B,C,B,True,False,"In the following sentence, what does ""daggers"" mean?
Lets hit the dance floor and do the start daggering.

Select only one answer.
A) To win
B) A provocative dance
C) a sharp pointed knife for stabbing
D) drunk

Respond with only the letter of your answer (A, B, C, or D).",B,2026-06-12T19:18:41.369781+00:00
648,4,row_047,Ded,General,grok,C,,C,True,False,"In the following sentence, what does ""Ded"" mean?
I'm ded

Select only one answer.
A) The positive or relaxing energy of a place
B) Something really good
C) To metaphorically die of laughter
D) To do somethign very well

Respond with only the letter of your answer (A, B, C, or D).",C,2026-06-12T19:18:43.365854+00:00
649,4,row_048,Delulu,General,grok,D,,D,True,False,"In the following sentence, what does ""Delulu"" mean?
I'm feeling delulu after that show.

Select only one answer.
A) the playful act of taking a friend's food
B) Men that lack masculine characteristics
C) An expression of disbelief
D) Delusional

Respond with only the letter of your answer (A, B, C, or D).",D,2026-06-12T19:18:45.967187+00:00
650,4,row_049,Dog water,Insult,grok,B,,B,True,False,"In the following sentence, what does ""Dog water"" mean?
You are playing like dog water.

Select only one answer.
A) to aggrivate
B) Something low quality or bad
C) Someone unappealing
D) Very good

Respond with only the letter of your answer (A, B, C, or D).",B,2026-06-12T19:18:48.568605+00:00
651,4,row_050,doommaxxing,Identity,grok,D,,D,True,False,"In the following sentence, what does ""doommaxxing"" mean?
I'm just gonna be doommaxxing all weekend.

Select only one answer.
A) someone that looks ordinary but is actually very strong
B) The positive or relaxing energy of a place
C) an expression of surprise
D) The abandonment of responsibilities

Respond with only the letter of your answer (A, B, C, or D).","D 

The term ""doommaxxing"" is a portmanteau of ""doom"" (as in doomscrolling or wallowing in negativity) and the suffix ""-maxxing"" (maximizing an activity, as in looksmaxxing). In context, the sentence describes deliberately spending an entire weekend immersed in unproductive negativity, which equates to abandoning normal responsibilities. Options A–C have no semantic connection to the components or usage of the word.",2026-06-12T19:18:53.506064+00:00
652,4,row_051,Dope,General,grok,C,B,C,True,False,"In the following sentence, what does ""Dope"" mean?
That car is dope.

Select only one answer.
A) To mastrubate for extremeely long period regularly
B) a stupid person
C) Cool
D) Something really good

Respond with only the letter of your answer (A, B, C, or D).","C

The slang term ""dope"" functions here as a predicative adjective describing the car. In contemporary informal English it is synonymous with ""cool,"" ""excellent,"" or ""impressive,"" yielding the paraphrase ""That car is cool."" Options A and B are unrelated senses (or non-senses) of other words; option D supplies a loose paraphrase rather than the conventional adjectival gloss. Hence only C matches the attested usage.",2026-06-12T19:19:00.060503+00:00
653,4,row_052,Drip,Identity,grok,D,B,D,True,False,"In the following sentence, what does ""Drip"" mean?
How is the drip?

Select only one answer.
A) a live-action role-playing game in which a group of people enacts a fictional scenario (such as a fantasy adventure) in real time typically under the guidance of a facilitator or organizer; also : the activity of participating in such games : larping
B) to let fall in drops
C) To tie up an arm to isolate a vein for injecting a drug
D) Stylish or flashy outfit style

Respond with only the letter of your answer (A, B, C, or D).","D 

The sentence ""How is the drip?"" uses contemporary slang in which ""drip"" denotes a stylish or eye-catching outfit/appearance. This matches option D exactly; the other choices describe unrelated meanings (LARPing, literal liquid drops, or drug preparation) that do not fit the phrasing or context.",2026-06-12T19:19:03.474042+00:00
654,4,row_053,DTF,Sexual,grok,D,,D,True,False,"In the following sentence, what does ""DTF"" mean?
She was totally DTF after the first date.

Select only one answer.
A) Cancer
B) To knock someone out
C) Gross buildup between the toes
D) Down to fuck

Respond with only the letter of your answer (A, B, C, or D).","D


The sentence context (""after the first date"") is a common casual usage of the sexual slang acronym ""down to fuck,"" which directly matches option D and rules out the unrelated distractors.",2026-06-12T19:19:06.142470+00:00
655,4,row_054,dubs,General,grok,D,C,D,True,False,"In the following sentence, what does ""dubs"" mean?
Take home the dubs!

Select only one answer.
A) A criminal that turned their life arpound and are legitimate
B) Go in 100% on something
C) to add (sound effects or new dialogue) to a film or to a radio or television production —usually used with in
D) To win

Respond with only the letter of your answer (A, B, C, or D).","D


The phrase ""take home the dubs"" is common sports/gaming slang in which ""dub"" is a clipping of ""W"" (win). The sentence is therefore an exhortation to secure victories, matching option D and ruling out the unrelated senses in A–C.",2026-06-12T19:19:11.286264+00:00
656,4,row_055,epi,General,grok,D,,D,True,False,"In the following sentence, what does ""epi"" mean?
Watch out, hes going through an epi.

Select only one answer.
A) To refer to ones imaginary audience like an internet steamer
B) fake soft penises and testicles designed to give a 'male' bulge to the crotches of female-to-male transsexuals.
C) A distinct trait, style, or outfit, often used in drag culture
D) Epileptic fit from a synthetic canabis

Respond with only the letter of your answer (A, B, C, or D).","D

The sentence uses ""epi"" as slang shorthand for an epileptic seizure (fit). Among the listed choices, only D is compatible with both the phrasing (""going through an epi"") and a documented trigger (synthetic cannabinoids such as K2/Spice are known to provoke seizures). The remaining options describe unrelated subcultural terms that cannot grammatically or semantically fit the given sentence.",2026-06-12T19:19:16.343812+00:00
657,4,row_056,F,General,grok,A,B,A,True,False,"In the following sentence, what does ""F"" mean?
I almost had that one. F.

Select only one answer.
A) To give sympathy or signify a failure
B) the 6th letter of the English alphabet
C) A mauser C96 pistol
D) A strong, leader who commands those around them

Respond with only the letter of your answer (A, B, C, or D).","A 

The phrase originates from the 2014 video game Call of Duty: Advanced Warfare. During a funeral scene the player is prompted to “Press F to pay respects.” The mechanic was quickly adopted online as shorthand for expressing sympathy, acknowledging a mishap, or simply marking a failure; hence the reply “F” after “I almost had that one.” Options B–D are either literal or unrelated meanings that do not fit the given context.",2026-06-12T19:19:20.288763+00:00
658,4,row_057,Fanum Tax,General,grok,A,,A,True,False,"In the following sentence, what does ""Fanum Tax"" mean?
I was at dinner with my girl and she fanum taxed me.

Select only one answer.
A) the playful act of taking a friend's food
B) Someone who sitts around commenting about others
C) A nicotine pouch held between the upper lip and gums
D) A canabis based cigarette that needs two paper rolls

Respond with only the letter of your answer (A, B, C, or D).","A


The term ""Fanum tax"" originates from the streamer Fanum (of the AMP collective), whose running gag is playfully stealing bites of his friends’ food on camera; the phrase has since entered broader Gen-Z/TikTok slang to describe exactly that light-hearted food-snatching behavior. The example sentence therefore uses the verb form to mean the girl took some of the speaker’s meal in the same joking way, which directly matches option A and rules out the unrelated meanings in B–D.",2026-06-12T19:19:23.833506+00:00
659,4,row_058,FBOI,Sexual,grok,A,,A,True,False,"In the following sentence, what does ""FBOI"" mean?
She just needs a FBOI to gegt out of her slump.

Select only one answer.
A) Fuckboy, someone just looking for sex
B) Go in 100% on something
C) Talking too much
D) Someone that is too much of a fan of something

Respond with only the letter of your answer (A, B, C, or D).","A 

The term ""FBOI"" is a common phonetic abbreviation for ""fuckboi"" (or ""fuckboy""), a slang expression for a man interested only in casual sex. This reading is the only one that produces a coherent sentence: the speaker is suggesting that a casual sexual partner would help the woman exit her current low-energy state.  

Options B–D have no attested connection to the string ""FBOI,"" and substituting any of them yields a nonsensical utterance. Therefore only choice A is licensed by both lexical evidence and sentential context.",2026-06-12T19:19:28.874392+00:00
660,4,row_059,Fire,General,grok,B,C,B,True,False,"In the following sentence, what does ""Fire"" mean?
That game war fire!

Select only one answer.
A) Something that appears mundane but has hidden potential
B) Something really good
C) the phenomenon of combustion manifested in light, flame, and heat
D) Someone weak or a follower

Respond with only the letter of your answer (A, B, C, or D).","B 

The sentence is a clear instance of informal slang usage (""war"" is an obvious typo for ""was""). In contemporary English, especially online/gaming contexts, ""fire"" is an established adjective meaning ""excellent"" or ""highly enjoyable."" This directly matches option B and rules out the literal combustion sense (C) as well as the unrelated figurative senses in A and D.",2026-06-12T19:19:31.423675+00:00
661,4,row_060,Flex,General,grok,B,A,B,True,False,"In the following sentence, what does ""Flex"" mean?
Vinny with the car flex.

Select only one answer.
A) to bend especially repeatedly
B) To show off
C) fake soft penises and testicles designed to give a 'male' bulge to the crotches of female-to-male transsexuals.
D) Irritated, bitter, or resentful

Respond with only the letter of your answer (A, B, C, or D).","B 

The sentence uses contemporary slang, where ""flex"" denotes ostentatious display of status or possessions (here, a car). This matches definition B directly and rules out the literal/physical sense in A, the niche anatomical sense in C, and the unrelated emotional sense in D. The phrasing ""Vinny with the car flex"" is a typical informal construction for ""Vinny showing off his car.""",2026-06-12T19:19:35.893348+00:00
662,4,row_061,foid,Insult,grok,D,,D,True,False,"In the following sentence, what does ""foid"" mean?
Their was this group of foids at the store earlier, I couldn't satnd them!

Select only one answer.
A) An expression of disappointment
B) Go in 100% on something
C) Irritated, bitter, or resentful
D) A term used by incels to refer to women in a way that dehumanizes them.

Respond with only the letter of your answer (A, B, C, or D).",D,2026-06-12T19:19:39.328889+00:00
663,4,row_062,Fuckboy,Sexual,grok,B,,B,True,False,"In the following sentence, what does ""Fuckboy"" mean?
That guy gave off total fuckboy energy.

Select only one answer.
A) Someone that tries really hard to impress their crush
B) Fuckboy, someone just looking for sex
C) To be skeptical about something
D) used to mock spoiled kids

Respond with only the letter of your answer (A, B, C, or D).","B 

The term ""fuckboy"" (or ""fuckboi"") is established internet/slang usage referring to a man whose primary or sole interest in interactions (especially romantic/sexual ones) is casual sex, often with connotations of emotional manipulation, player behavior, or performative masculinity. The sentence ""gave off total fuckboy energy"" directly invokes this meaning by describing the vibe or persona of someone exhibiting those traits. Option A describes unrelated ""try-hard"" behavior; C and D have no connection to the term's attested definition.",2026-06-12T19:19:43.511176+00:00
664,4,row_063,fuckwhistle,Insult,grok,C,,C,True,False,"In the following sentence, what does ""fuckwhistle"" mean?
Get out of here you fuckwhistle!

Select only one answer.
A) To give sympathy or signify a failure
B) A term for someone that enjoys watching their wife have sex with another man
C) An insulting term to refer to someone as stupid
D) A term used to describe a baby raised in a gender neutral environment

Respond with only the letter of your answer (A, B, C, or D).",C,2026-06-12T19:19:46.787698+00:00
665,4,row_064,Full send,General,grok,B,,B,True,False,"In the following sentence, what does ""Full send"" mean?
I'm about to full send on this test!

Select only one answer.
A) A reaction to something uncomfortable
B) Go in 100% on something
C) An emotional meltdown
D) To get arrested

Respond with only the letter of your answer (A, B, C, or D).",B,2026-06-12T19:19:49.651825+00:00
666,4,row_065,FWB,Sexual,grok,C,,C,True,False,"In the following sentence, what does ""FWB"" mean?
Yea, we started a FWB sort of thing.

Select only one answer.
A) A criminal that turned their life arpound and are legitimate
B) Someone acting aggressively and out of control
C) Friends with benefits
D) Someone who refused to wear a mask in covid times.

Respond with only the letter of your answer (A, B, C, or D).",C,2026-06-12T19:19:51.890332+00:00
667,4,row_066,G-wagon,General,grok,D,,D,True,False,"In the following sentence, what does ""G-wagon"" mean?
Yo, check out that g-wagon!

Select only one answer.
A) To make a jawline more defined
B) Irritated, bitter, or resentful
C) A reaction to something uncomfortable
D) Mercedes Benz G class

Respond with only the letter of your answer (A, B, C, or D).",D,2026-06-12T19:19:55.022709+00:00
668,4,row_067,gabadost,Identity,grok,A,,A,True,False,"In the following sentence, what does ""gabadost"" mean?
Did you even listen to me? Gabadost!

Select only one answer.
A) Someone who is very stubborn
B) A person who is very good at spotting a lie
C) Something low quality or bad
D) A term used to say that someone is online too much and needs to get back to real life

Respond with only the letter of your answer (A, B, C, or D).","A 

The exclamation ""Gabadost!"" follows a direct accusation of not listening, which contextually functions as an insult implying stubborn refusal to pay attention. Among the given choices, only option A aligns with that usage; the remaining options describe unrelated traits or situations that receive no support from the sentence.",2026-06-12T19:20:00.535888+00:00
669,4,row_068,Giga Chad,Identity,grok,C,,C,True,False,"In the following sentence, what does ""Giga Chad"" mean?
Did you see how he lifted that? What a giga chad.

Select only one answer.
A) Something really good
B) A distinct trait, style, or outfit, often used in drag culture
C) A near superhuman perfect male
D) A mauser C96 pistol

Respond with only the letter of your answer (A, B, C, or D).",C,2026-06-12T19:20:03.034764+00:00
670,4,row_069,Glazing,Insult,grok,B,A,B,True,False,"In the following sentence, what does ""Glazing"" mean?
Stop glazing over One Piece, its not that good.

Select only one answer.
A) the action, process, or trade of fitting windows with glass
B) Someone that is too much of a fan of something
C) A term to support someone going through a gender change.
D) A fashionable look

Respond with only the letter of your answer (A, B, C, or D).","B 

The sentence uses ""glazing"" as contemporary internet slang (especially on TikTok/Twitter) for the act of excessively praising or hyping something/someone in a sycophantic way—i.e., being an over-the-top fan. This matches option B most closely; the other choices are either the literal/archaic definition (A) or unrelated invented meanings (C, D).",2026-06-12T19:20:09.791673+00:00
671,4,row_070,Glee,Violence,grok,A,C,C,False,True,"In the following sentence, what does ""Glee"" mean?
Grab your glee and get outta here!

Select only one answer.
A) A glock pistol
B) intensely and openely say something true
C) exultant high-spirited joy : merriment
D) Cool

Respond with only the letter of your answer (A, B, C, or D).",C,2026-06-12T19:20:14.547079+00:00
672,4,row_071,glitter,Identity,grok,D,A,A,False,True,"In the following sentence, what does ""glitter"" mean?
Go out htere and glittter!

Select only one answer.
A) to shine by reflection with many small flashes of brilliant light : sparkle
B) drunk
C) Ironically used to describe one as unique
D) A term to support someone going through a gender change.

Respond with only the letter of your answer (A, B, C, or D).","A 

The sentence uses ""glitter"" as an imperative verb in the idiomatic encouragement ""go out there and glitter,"" which directly matches the standard dictionary definition of sparkling or shining brightly. The other choices are unrelated slang or misapplications that do not fit the wording or context.",2026-06-12T19:20:20.487545+00:00
673,4,row_072,glizzy,General,grok,A,,A,True,False,"In the following sentence, what does ""glizzy"" mean?
Hey, lets grab some costco glizzys before we go.

Select only one answer.
A) A hot dog
B) Delusional
C) Charisma
D) To be high or drunk

Respond with only the letter of your answer (A, B, C, or D).","A


The term ""glizzy"" originated as urban slang (initially for a Glock firearm) but has since broadened through meme and social-media usage to refer to a hot dog or sausage. In the given sentence the collocation ""Costco glizzys"" is decisive: Costco’s food-court item is famously a hot dog, so the only reading that produces a coherent, idiomatic request is “hot dogs.” Options B–D have no semantic or contextual link to the sentence.",2026-06-12T19:20:23.138735+00:00
674,4,row_073,Goated,General,grok,A,,A,True,False,"In the following sentence, what does ""Goated"" mean?
That play was goated

Select only one answer.
A) The greatest of all time
B) An insulting term to refer to someone as stupid
C) something intense, aggressive, and unfiltered
D) A descriptor for an attractive person

Respond with only the letter of your answer (A, B, C, or D).","A

The term ""goated"" is derived directly from the common acronym GOAT (""Greatest Of All Time""). In contemporary slang, especially in sports, gaming, and online discourse, the adjective ""goated"" is applied to an action, performance, or object to indicate it has achieved or exemplifies GOAT status—i.e., it is exceptionally outstanding or record-setting. The sentence ""That play was goated"" therefore asserts that the play in question was the greatest of its kind. The remaining options correspond to unrelated slang terms or meanings and do not align with attested usage of ""goated.""",2026-06-12T19:20:27.048225+00:00
675,4,row_074,Gooning,Sexual,grok,B,,B,True,False,"In the following sentence, what does ""Gooning"" mean?
He looks like he was gooning all break

Select only one answer.
A) A term for baby that people will call their significant other.
B) Prolonged masturbation
C) To be high or drunk
D) To tie up an arm to isolate a vein for injecting a drug

Respond with only the letter of your answer (A, B, C, or D).","B


The term ""gooning"" is internet slang (primarily from certain online adult communities) that refers to a trance-like or zoned-out state induced by prolonged, often compulsive masturbation (typically involving edging). The given sentence uses the word in exactly this sense, implying the person appears exhausted or dazed after spending an extended period engaged in that activity.

- Option A is unrelated (no known usage of ""gooning"" as a term of endearment).
- Option C describes general intoxication, which has its own established slang but does not match ""gooning.""
- Option D refers to preparing for intravenous drug use (""tying off""), again a distinct term.

Thus only B matches the contextual meaning.",2026-06-12T19:20:31.764170+00:00
676,4,row_075,goonmaxxing,Identity,grok,D,,D,True,False,"In the following sentence, what does ""goonmaxxing"" mean?
He's been spending all summer goonmaxxing in his room

Select only one answer.
A) Age Sex Location
B) Gossip
C) Charisma
D) To mastrubate for extremeely long period regularly

Respond with only the letter of your answer (A, B, C, or D).",D,2026-06-12T19:20:34.233871+00:00
677,4,row_076,gouda,General,grok,D,A,A,False,True,"In the following sentence, what does ""gouda"" mean?
Stop being so gouda.

Select only one answer.
A) a mild cheese of Dutch origin that is similar to Edam but contains more fat
B) Irritated, bitter, or resentful
C) A reference for ass
D) Someone unappealing

Respond with only the letter of your answer (A, B, C, or D).","A

The word ""gouda"" is a proper noun denoting a specific Dutch cheese; the sentence simply substitutes that noun in place of an adjective for humorous effect. No established slang, idiom, or secondary sense matches options B–D, so the only accurate denotation remains the cheese itself.",2026-06-12T19:20:41.955210+00:00
678,4,row_077,greazy,Insult,grok,C,,C,True,False,"In the following sentence, what does ""greazy"" mean?
You lookin greazy today.

Select only one answer.
A) cocaine
B) A loud and messy conflict
C) Poorly dressed
D) To give sympathy or signify a failure

Respond with only the letter of your answer (A, B, C, or D).","C 

The sentence uses ""greazy"" as a descriptor of appearance (""lookin greazy""), which aligns directly with the meaning ""poorly dressed/unkempt."" The other options are incompatible with the syntax or semantics of the example sentence.",2026-06-12T19:20:45.150055+00:00
679,4,row_078,Griddy,General,grok,C,,C,True,False,"In the following sentence, what does ""Griddy"" mean?
Hit the griddy!

Select only one answer.
A) The positive or relaxing energy of a place
B) Ending the discussion on a topic
C) A dance move
D) The abandonment of responsibilities

Respond with only the letter of your answer (A, B, C, or D).",C,2026-06-12T19:20:47.722795+00:00
680,4,row_079,grips up,Violence,grok,D,,D,True,False,"In the following sentence, what does ""grips up"" mean?
grips up, we gotta head out.

Select only one answer.
A) A kilo of cocaine
B) a bad charisma
C) Cool
D) To prepare for a fight

Respond with only the letter of your answer (A, B, C, or D).","D


The phrase ""grips up"" is an imperative construction whose meaning is recoverable from context and attested slang usage. In certain urban and drill-music registers, ""grip (up)"" is a verb phrase meaning to seize or ready a weapon, i.e., to prepare for imminent physical confrontation. Substituting that gloss yields the coherent directive ""Prepare for a fight—we gotta head out,"" which is syntactically and pragmatically well-formed.  

The remaining choices are eliminated on both semantic and syntactic grounds:  
- A and B are noun phrases that cannot occupy the sentence-initial slot without producing an ungrammatical fragment.  
- C yields a plausible discourse marker but has no lexical or idiomatic link to ""grips up.""  

Hence only D satisfies both the attested slang sense and the requirements of the given sentence.",2026-06-12T19:20:53.254333+00:00
681,4,row_080,Gyatt,General,grok,A,,A,True,False,"In the following sentence, what does ""Gyatt"" mean?
Oh, my gyatt, I really wanna see you.

Select only one answer.
A) an expression of surprise
B) To mastrubate for extremeely long period regularly
C) Used to address friends with exasperation, releif, or disbeleif.
D) To refer to ones imaginary audience like an internet steamer

Respond with only the letter of your answer (A, B, C, or D).","A 

The term ""gyatt"" (or ""gyat"") is internet/Gen-Z slang derived from a phonetic shortening of ""goddamn"" (often ""gyat damn""). It functions as an interjection expressing sudden surprise, admiration, or shock, typically upon seeing an attractive person with a prominent figure. In the given sentence it is used exactly this way—""Oh, my gyatt"" parallels ""Oh my god""—making option A the only semantically and pragmatically accurate choice. Options B–D have no attested connection to the word.",2026-06-12T19:20:57.463649+00:00
682,4,row_081,haps,General,grok,A,,A,True,False,"In the following sentence, what does ""haps"" mean?
haps tonight?

Select only one answer.
A) Short for happening
B) To tie up an arm to isolate a vein for injecting a drug
C) An expression of disappointment
D) A criminal that turned their life arpound and are legitimate

Respond with only the letter of your answer (A, B, C, or D).","A 

The phrase ""haps tonight?"" is an abbreviated or slang form of a question like ""what's the haps tonight?"" In informal English, ""haps"" is a clipped form of ""happenings,"" i.e., events or plans. None of the other listed senses (medical, exclamatory, or rehabilitative) produce a coherent reading of the given fragment.",2026-06-12T19:21:00.902735+00:00
683,4,row_082,hem up,General,grok,C,,C,True,False,"In the following sentence, what does ""hem up"" mean?
Bro, don't hem up.

Select only one answer.
A) A near superhuman perfect male
B) The anus
C) To get arrested
D) Someone who refused to wear a mask in covid times.

Respond with only the letter of your answer (A, B, C, or D).",C,2026-06-12T19:21:03.353656+00:00
684,4,row_083,highkey,General,grok,D,A,D,True,False,"In the following sentence, what does ""highkey"" mean?
Highkey, this place is great!

Select only one answer.
A) having or producing light tones only with little contrast —used of a photographic print or subject or of the lighting of a photographic subject
B) Men that lack masculine characteristics
C) to aggrivate
D) intensely and openely say something true

Respond with only the letter of your answer (A, B, C, or D).","D 

The term ""highkey"" (or ""high key"") functions as internet/slang antonym to ""lowkey."" Lowkey describes something understated, secretive, or muted; highkey therefore denotes the opposite—an open, emphatic, or intense expression of a feeling or opinion. In the given sentence the speaker is straightforwardly and forcefully declaring approval, which aligns directly with option D. Options A–C are unrelated (A is a photography term, B and C are simply incorrect definitions).",2026-06-12T19:21:06.903148+00:00
685,4,row_084,Hits different,General,grok,D,,D,True,False,"In the following sentence, what does ""Hits different"" mean?
This hot dog hits different.

Select only one answer.
A) Used to address friends with exasperation, releif, or disbeleif.
B) The videos one find on social media that cause people to scroll and do nothign for hours
C) Something suspicious
D) Something very good

Respond with only the letter of your answer (A, B, C, or D).",D,2026-06-12T19:21:10.026847+00:00
686,4,row_085,Ick,Insult,grok,A,,A,True,False,"In the following sentence, what does ""Ick"" mean?
His hairdue gave me the ick.

Select only one answer.
A) A sudden feeling of disguest or repultion towards someone.
B) Someone weak or a follower
C) To check the mood of a situation
D) Something ugly or unattractive

Respond with only the letter of your answer (A, B, C, or D).",A,2026-06-12T19:21:12.602417+00:00
687,4,row_086,IJBOL,General,grok,C,,C,True,False,"In the following sentence, what does ""IJBOL"" mean?
That was aso funny. IJBOL!

Select only one answer.
A) To be fierce and unapologetic withing a social situation
B) Someone who deliberatly acts in ways to annoy or anger a group of people online.
C) I just burst out laughing
D) A canister of nitrous oxide

Respond with only the letter of your answer (A, B, C, or D).",C,2026-06-12T19:21:14.773748+00:00
688,4,row_087,Ipad Kid,General,grok,C,,C,True,False,"In the following sentence, what does ""Ipad Kid"" mean?
They are just a bunch of Ipad kids.

Select only one answer.
A) An insult saying that the problem is due to lack of skill rather then luck
B) To manipulated, trick, or fool someone
C) used to mock spoiled kids
D) A man that takes care of children

Respond with only the letter of your answer (A, B, C, or D).","C 

The term ""iPad kid"" (or ""iPad kids"") is internet slang for children who are perceived as overly attached to tablets/iPads for entertainment, often due to permissive or absent parenting. This usage is almost always pejorative and is deployed to mock the children themselves (and, by extension, their parents) as spoiled or poorly behaved. Among the supplied choices, only C captures that mocking intent toward spoiled children; the other options have no semantic overlap with the phrase.",2026-06-12T19:21:18.442179+00:00
689,4,row_088,Jebaited,General,grok,C,,C,True,False,"In the following sentence, what does ""Jebaited"" mean?
Get jebaited!

Select only one answer.
A) Short for happening
B) Something very good
C) To manipulated, trick, or fool someone
D) Something done regularly

Respond with only the letter of your answer (A, B, C, or D).","C

The term ""jebaited"" is internet/meme slang derived from ""baited"" (as in being lured or tricked into reacting). In the imperative phrase ""Get jebaited!"", it functions as a taunt meaning the target has been manipulated or fooled, matching option C exactly. The other options have no semantic or etymological connection to the expression.",2026-06-12T19:21:21.622458+00:00
690,4,row_089,jestermaxxing,Identity,grok,A,,A,True,False,"In the following sentence, what does ""jestermaxxing"" mean?
Tommy's jestermaxxing in class just to annoy the teacher.

Select only one answer.
A) Someone who acts tries to act entertaining and amuzingly relentlessly
B) To metaphorically die of laughter
C) Ending the discussion on a topic
D) Used to address friends with exasperation, releif, or disbeleif.

Respond with only the letter of your answer (A, B, C, or D).","A 

The term ""jestermaxxing"" is formed from the noun ""jester"" (a clown or fool) combined with the suffix ""-maxxing,"" a common internet-slang construction that denotes maximizing a given behavior. In the sentence, Tommy is deliberately behaving in an exaggerated, clownish manner to irritate the teacher; this matches definition A exactly. The remaining options describe unrelated slang senses (""dying,"" ""closing a thread,"" or a vocative like ""bro"") that have no connection to the morphology or context of the word.",2026-06-12T19:21:24.990380+00:00
691,4,row_090,Jit,Insult,grok,A,,A,True,False,"In the following sentence, what does ""Jit"" mean?
Who is this jit?

Select only one answer.
A) Someone younger
B) To keep secretive or obscure
C) Charisma
D) sex

Respond with only the letter of your answer (A, B, C, or D).","A 

The term ""jit"" is a piece of regional U.S. slang (chiefly associated with Florida and Southern hip-hop) that denotes a youngster or anyone noticeably younger than the speaker. In the sentence “Who is this jit?” the word is therefore being used exactly as option A describes. The remaining choices have no attested connection to this lexical item.",2026-06-12T19:21:28.616163+00:00
692,4,row_091,K.Y. cowboy,Insult,grok,D,,D,True,False,"In the following sentence, what does ""K.Y. cowboy"" mean?
Stop being such a K.Y. cowboy.

Select only one answer.
A) To stab or shoot
B) To refer to ones imaginary audience like an internet steamer
C) An older person who is out of touch
D) A homosexual cowboy

Respond with only the letter of your answer (A, B, C, or D).","D 

The phrase ""K.Y. cowboy"" is a crude, double-entendre insult that plays on the brand name KY (a well-known personal lubricant) together with the image of a ""cowboy"" (i.e., someone who rides). The resulting implication is a homosexual man, which matches option D and fits the dismissive tone of the quoted sentence. None of the other choices have any attested connection to the expression.",2026-06-12T19:21:33.562169+00:00
693,4,row_092,keep it 100,General,grok,D,,D,True,False,"In the following sentence, what does ""keep it 100"" mean?
Keep it 100, dod you see her last night?

Select only one answer.
A) Get to the point
B) Saying something secretive or to keep low profile
C) An endeering term used towards ones significant other
D) To be honest about something

Respond with only the letter of your answer (A, B, C, or D).",D,2026-06-12T19:21:35.431657+00:00
694,4,row_093,KHHV,Insult,grok,D,,D,True,False,"In the following sentence, what does ""KHHV"" mean?
Looks like a total KHHV.

Select only one answer.
A) to recoil in distaste
B) An older person who is out of touch
C) Somehting that is poor quality
D) An incel term meaning kissless, hugless, handholdless virgin

Respond with only the letter of your answer (A, B, C, or D).",D,2026-06-12T19:21:38.052106+00:00
695,4,row_094,knot off,Drugs,grok,D,,D,True,False,"In the following sentence, what does ""knot off"" mean?
Get ready to knot off, I have the H.

Select only one answer.
A) Someone who is very stubborn
B) Used to mock someone who doesnt think for themselves, says things repeatedly, or has no opinions
C) An incel term for an attractive middle eastern man
D) To tie up an arm to isolate a vein for injecting a drug

Respond with only the letter of your answer (A, B, C, or D).","D 

The phrase appears in a sentence mentioning “H” (a common shorthand for heroin). In that context, “knot off” is drug-user slang for tying a tourniquet or ligature around the arm so that a vein becomes prominent for intravenous injection. The remaining choices have no semantic or pragmatic connection to the sentence.",2026-06-12T19:21:41.004739+00:00
696,4,row_095,kweff,Violence,grok,A,,A,True,False,"In the following sentence, what does ""kweff"" mean?
Lock, aim, and kweff.

Select only one answer.
A) To stab or shoot
B) Money
C) A stereotypical alpha male that is strong, handsome, and attracts women.
D) A term to support someone going through a gender change.

Respond with only the letter of your answer (A, B, C, or D).",A,2026-06-12T19:21:43.978197+00:00
697,4,row_096,L,General,grok,D,A,D,True,False,"In the following sentence, what does ""L"" mean?
We took the L at the basketball match.

Select only one answer.
A) the 12th letter of the English alphabet
B) Something that is reallly good.
C) fake soft penises and testicles designed to give a 'male' bulge to the crotches of female-to-male transsexuals.
D) A loss or failure

Respond with only the letter of your answer (A, B, C, or D).",D,2026-06-12T19:21:46.591676+00:00
698,4,row_097,lacag,General,grok,B,,B,True,False,"In the following sentence, what does ""lacag"" mean?
I'll be out making lacag.

Select only one answer.
A) Epileptic fit from a synthetic canabis
B) Money
C) fake soft penises and testicles designed to give a 'male' bulge to the crotches of female-to-male transsexuals.
D) Mercedes Benz G class

Respond with only the letter of your answer (A, B, C, or D).","B

The term ""lacag"" is a Somali word whose standard dictionary meaning is ""money"" (or currency). In the given sentence the phrase ""making lacag"" is therefore a straightforward calque of the common English idiom ""making money,"" confirming that option B is the only reading that fits both the lexical item and the surrounding context. Options A, C and D have no attested connection to the word.",2026-06-12T19:21:49.995266+00:00
699,4,row_098,larp,General,grok,B,,B,True,False,"In the following sentence, what does ""larp"" mean?
I went to a LARP at the park this weekend.

Select only one answer.
A) Down to fuck
B) a live-action role-playing game in which a group of people enacts a fictional scenario (such as a fantasy adventure) in real time typically under the guidance of a facilitator or organizer; also : the activity of participating in such games : larping
C) A submissive male that is often outside of traditional social hierarchies
D) Gossip

Respond with only the letter of your answer (A, B, C, or D).","B


The sentence describes attending an event ""at the park,"" which is a common real-world setting for organized live-action role-playing games (e.g., fantasy battles, historical reenactments). Option B is the standard dictionary definition of LARP and matches the context exactly. The other choices are unrelated slang or concepts that do not fit either the acronym or the described activity.",2026-06-12T19:21:52.874965+00:00
700,4,row_099,lewk,General,grok,A,,A,True,False,"In the following sentence, what does ""lewk"" mean?
Jim is using his signature lewk tonight.

Select only one answer.
A) A distinct trait, style, or outfit, often used in drag culture
B) A term for baby that people will call their significant other.
C) drunk
D) a live-action role-playing game in which a group of people enacts a fictional scenario (such as a fantasy adventure) in real time typically under the guidance of a facilitator or organizer; also : the activity of participating in such games : larping

Respond with only the letter of your answer (A, B, C, or D).","A 

The term ""lewk"" is a stylized respelling of ""look,"" adopted in English slang (especially via social media and drag subculture) to denote a deliberately eye-catching or signature style, outfit, or overall appearance. In the given sentence, ""signature lewk"" therefore refers to Jim’s characteristic or standout fashion choice for the evening, which directly aligns with definition A. The remaining options have no semantic or phonetic connection to the attested usage of ""lewk.""",2026-06-12T19:21:55.988828+00:00
701,4,row_100,lidge,General,grok,C,,C,True,False,"In the following sentence, what does ""lidge"" mean?
I'm gettin money lidge.

Select only one answer.
A) A submissive male that is often outside of traditional social hierarchies
B) A loss or failure
C) A criminal that turned their life arpound and are legitimate
D) Ironically used to describe one as unique

Respond with only the letter of your answer (A, B, C, or D).","C

The slang phrase ""I'm gettin money lidge"" is best parsed as a compressed form of ""I'm getting money legit."" In contemporary internet/AAVE usage, ""lidge"" functions as a clipped or stylized rendering of ""legit(imate),"" specifically evoking the sense of someone who formerly operated outside the law but is now earning income through lawful means.  

Option C directly encodes that meaning (""a criminal that turned their life around and are legitimate""). The remaining choices are semantically incompatible: A describes a social-status archetype unrelated to income, B denotes failure (the opposite of ""gettin money""), and D refers to ironic uniqueness, which has no bearing on the sentence. Thus only C supplies a coherent gloss for the attested usage.",2026-06-12T19:22:02.317052+00:00
702,4,row_101,lifemaxxing,Identity,grok,C,,C,True,False,"In the following sentence, what does ""lifemaxxing"" mean?
Shes's reallly been trying to lifemax these past few months.

Select only one answer.
A) A significant other
B) Epileptic fit from a synthetic canabis
C) To make lifestyle changes to make your life more holistic
D) To do somethign very well

Respond with only the letter of your answer (A, B, C, or D).","C 

The term ""lifemaxxing"" is an extension of internet slang patterns such as ""looksmaxxing,"" in which the suffix ""-maxxing"" denotes deliberate, systematic efforts to optimize a given domain. Applied to ""life,"" it therefore refers to a broad program of lifestyle adjustments aimed at improving overall well-being and coherence—i.e., making one’s life more holistic. Options A and B bear no semantic relation to the construction, while D is too generic to capture the specific optimizing connotation of the ""-maxxing"" suffix.",2026-06-12T19:22:06.222345+00:00
703,4,row_102,looksmaxxing,Identity,grok,A,,A,True,False,"In the following sentence, what does ""looksmaxxing"" mean?
The looksmaxxing community

Select only one answer.
A) To focus on making one as physically attractive as possible
B) A loss or failure
C) Something untrue or unbeleivable
D) A term used to describe a baby raised in a gender neutral environment

Respond with only the letter of your answer (A, B, C, or D).",A,2026-06-12T19:22:08.481945+00:00
704,4,row_103,lotion,General,grok,C,A,A,False,True,"In the following sentence, what does ""lotion"" mean?
Lemme go lotion her up for you.

Select only one answer.
A) a liquid preparation for cosmetic or external medicinal use
B) To get arrested
C) sweet talk
D) cocaine

Respond with only the letter of your answer (A, B, C, or D).",A,2026-06-12T19:22:14.035073+00:00
705,4,row_104,Low Key,General,grok,B,D,B,True,False,"In the following sentence, what does ""Low Key"" mean?
Low key, I want some ice cream.

Select only one answer.
A) Epileptic fit from a synthetic canabis
B) Saying something secretive or to keep low profile
C) Mercedes Benz G class
D) having or producing dark tones only with little contrast

Respond with only the letter of your answer (A, B, C, or D).","B


The phrase ""low key"" (often stylized as one word) is common internet/slang usage meaning to express something mildly, discreetly, or without drawing attention—i.e., “keeping it on the down-low.” In the given sentence the speaker is simply stating a quiet craving, which matches definition B and rules out the unrelated literal, brand-name, or drug-related options.",2026-06-12T19:22:16.954325+00:00
706,4,row_105,main character,General,grok,C,,C,True,False,"In the following sentence, what does ""main character"" mean?
You give off main character energy.

Select only one answer.
A) A descriptor for an attractive person
B) To make a jawline more defined
C) Main Character - Someone that acts as if they are the star of a story
D) the playful act of taking a friend's food

Respond with only the letter of your answer (A, B, C, or D).",C,2026-06-12T19:22:19.678971+00:00
707,4,row_106,manny,Insult,grok,B,,B,True,False,"In the following sentence, what does ""manny"" mean?
Look at the guy, he's just a manny.

Select only one answer.
A) Someone unappealing
B) A man that takes care of children
C) A nicotine pouch held between the upper lip and gums
D) Used to refer to the social media platforms one uses

Respond with only the letter of your answer (A, B, C, or D).",B,2026-06-12T19:22:22.957665+00:00
708,4,row_107,mascara,Sexual,grok,B,A,A,False,True,"In the following sentence, what does ""mascara"" mean?
I lost my mascara for 5 years, but then I found it again, and I love it even more now.

Select only one answer.
A) a cosmetic especially for making the eyelashes darker and more prominent
B) A term to discuss sexual experiences
C) To be honest about something
D) An all denim outfit

Respond with only the letter of your answer (A, B, C, or D).","A 

\confidence{90}",2026-06-12T19:22:26.610143+00:00
709,4,row_108,Mewing,Identity,grok,C,A,C,True,False,"In the following sentence, what does ""Mewing"" mean?
You've gotta start mewing to increase your status in society.

Select only one answer.
A) to utter a mew or similar sound
B) an expression of surprise
C) To make a jawline more defined
D) To shoot ones shot.

Respond with only the letter of your answer (A, B, C, or D).",C,2026-06-12T19:22:28.668590+00:00
710,4,row_109,Mid,General,grok,A,,A,True,False,"In the following sentence, what does ""Mid"" mean?
That was a mid burger.

Select only one answer.
A) Mediocre
B) The vagina
C) An emotional meltdown
D) Something that is better then everything else

Respond with only the letter of your answer (A, B, C, or D).","A 

The term ""mid"" is internet/slang shorthand for ""mediocre"" (i.e., average or unremarkable). In the sentence ""That was a mid burger,"" it is therefore describing the burger as mediocre. Options B–D have no currency in this context.",2026-06-12T19:22:31.535935+00:00
711,4,row_110,minghiun,Insult,grok,D,,D,True,False,"In the following sentence, what does ""minghiun"" mean?
Stop being a minghiun.

Select only one answer.
A) Irritated, bitter, or resentful
B) Go in 100% on something
C) Friends with benefits
D) A fool or a prick

Respond with only the letter of your answer (A, B, C, or D).",D,2026-06-12T19:22:34.805141+00:00
712,4,row_111,nang,Drugs,grok,A,,A,True,False,"In the following sentence, what does ""nang"" mean?
Dude, grab the nang, I wanna feel free.

Select only one answer.
A) A canister of nitrous oxide
B) To manipulated, trick, or fool someone
C) To tie up an arm to isolate a vein for injecting a drug
D) To knock someone out

Respond with only the letter of your answer (A, B, C, or D).","A

The term ""nang"" (or plural ""nangs"") is established drug slang, especially in Australian and UK English, for small whipped-cream chargers that contain nitrous oxide (N2O). Inhaling the gas produces a brief euphoric rush that users often describe as feeling “free,” “floaty,” or dissociated—exactly the context of the quoted sentence.  

The other options correspond to unrelated slang (“nang” is never used for tying off a vein, knocking someone out, or deceiving someone), so only A fits both the lexical meaning and the situational cue.",2026-06-12T19:22:37.044571+00:00
713,4,row_112,Negative Aura,Insult,grok,A,,A,True,False,"In the following sentence, what does ""Negative Aura"" mean?
She's giving off negative aura.

Select only one answer.
A) a bad charisma
B) when a reply gets more than the original post
C) Another term that stands for that hoe over there
D) An endeering term used towards ones significant other

Respond with only the letter of your answer (A, B, C, or D).","A


The phrase ""negative aura"" is internet slang for emitting bad vibes or an off-putting presence, which aligns directly with option A (""a bad charisma""). The other choices have no connection to the term or the example sentence.",2026-06-12T19:22:40.256546+00:00
714,4,row_113,Netflix and Chill,Sexual,grok,B,,B,True,False,"In the following sentence, what does ""Netflix and Chill"" mean?
Wanna come back to my place and Netflix and Chill?

Select only one answer.
A) The vagina
B) A term for bringing someone over to watch some netflix and then have sex.
C) To knock someone out
D) A significant problem

Respond with only the letter of your answer (A, B, C, or D).",B,2026-06-12T19:22:42.206094+00:00
715,4,row_114,next-level,General,grok,A,,A,True,False,"In the following sentence, what does ""next-level"" mean?
That movie was next level!

Select only one answer.
A) Something that is better then everything else
B) Something suspicious
C) Someone who refused to wear a mask in covid times.
D) A distinct trait, style, or outfit, often used in drag culture

Respond with only the letter of your answer (A, B, C, or D).","A


The phrase ""next-level"" is informal slang indicating something exceptional or markedly superior in quality/impact. In the given sentence, it functions as a positive intensifier for the movie's excellence, aligning directly with option A. Options B–D have no semantic or contextual connection to the usage.",2026-06-12T19:22:44.207422+00:00
716,4,row_115,NPC,Insult,grok,D,A,D,True,False,"In the following sentence, what does ""NPC"" mean?
Stop being such an NPC.

Select only one answer.
A) a character in a video game that does not represent and cannot be manipulated by a player —called also non-player character
B) To focus on making one as physically attractive as possible
C) Main Character - Someone that acts as if they are the star of a story
D) Used to mock someone who doesnt think for themselves, says things repeatedly, or has no opinions

Respond with only the letter of your answer (A, B, C, or D).","D

The sentence employs ""NPC"" as internet slang (originating on forums like 4chan circa 2018) to deride someone for parroting opinions without independent thought, exactly as described in D. While A gives the original video-game acronym, the context is clearly figurative rather than literal. B and C are unrelated memes (""looksmaxxing"" and ""main-character syndrome,"" respectively) and do not fit the phrasing.",2026-06-12T19:22:47.260277+00:00
717,4,row_116,Omega,Identity,grok,B,C,B,True,False,"In the following sentence, what does ""Omega"" mean?
Those were some real omega moves right there.

Select only one answer.
A) Someone who is very stubborn
B) A submissive male that is often outside of traditional social hierarchies
C) the 24th and last letter of the Greek alphabet
D) fake soft penises and testicles designed to give a 'male' bulge to the crotches of female-to-male transsexuals.

Respond with only the letter of your answer (A, B, C, or D).","B

The sentence uses ""omega"" as slang drawn from online subcultures that borrow the Greek-letter hierarchy (alpha/beta/omega). In that framework an ""omega"" denotes a low-status, submissive male outside conventional dominance structures; calling an action an ""omega move"" therefore labels it as weak or socially inept.  

- Option A has no established link to the term.  
- Option C is the literal alphabetic meaning and does not fit the colloquial usage.  
- Option D refers to an unrelated niche product and is irrelevant here.  

Hence only B supplies the sense required by the quoted sentence.",2026-06-12T19:22:52.654498+00:00
718,4,row_117,on the regs,General,grok,B,,B,True,False,"In the following sentence, what does ""on the regs"" mean?
I stop by the coffee shop on the regs.

Select only one answer.
A) To keep secretive or obscure
B) Something done regularly
C) To express excitement or approval for something
D) Delusional

Respond with only the letter of your answer (A, B, C, or D).",B,2026-06-12T19:22:55.174561+00:00
719,4,row_118,oof,General,grok,A,,A,True,False,"In the following sentence, what does ""oof"" mean?
Oof, that was rough.

Select only one answer.
A) A reaction to something uncomfortable
B) An unpopular opinion
C) A term of endearment for a significant other
D) To show off

Respond with only the letter of your answer (A, B, C, or D).",A,2026-06-12T19:22:57.742508+00:00
720,4,row_119,ooga-booga,Sexual,grok,D,,D,True,False,"In the following sentence, what does ""ooga-booga"" mean?
Me want ooga-booga!

Select only one answer.
A) A term to support someone going through a gender change.
B) A knife
C) An expression of disappointment
D) The vagina

Respond with only the letter of your answer (A, B, C, or D).",D,2026-06-12T19:23:05.696390+00:00
721,4,row_120,Orange Crush,Drugs,grok,C,,C,True,False,"In the following sentence, what does ""Orange Crush"" mean?
ets grab some of that orange crush tonight!

Select only one answer.
A) An incel term meaning kissless, hugless, handholdless virgin
B) fake soft penises and testicles designed to give a 'male' bulge to the crotches of female-to-male transsexuals.
C) A type of marijuana
D) Someone who is the last person to leave a location and the first to come back in the morning

Respond with only the letter of your answer (A, B, C, or D).","C 

The phrase ""grab some of that orange crush"" is a request to obtain a consumable item for later use. Among the listed choices, only option C is consistent with this reading: Orange Crush is a well-documented sativa-dominant cannabis strain (also called ""Orange Krush"") whose name is frequently used in exactly this colloquial manner (""let's get some Orange Crush"").  

Options A, B, and D have no attested connection to the term ""Orange Crush"" and describe unrelated concepts (incel jargon, prosthetic genitalia, and shift-work slang, respectively). Therefore the single correct selection is C.",2026-06-12T19:23:10.491896+00:00
722,4,row_121,OTP,General,grok,B,,B,True,False,"In the following sentence, what does ""OTP"" mean?
Him and her are the OTP.

Select only one answer.
A) The abandonment of responsibilities
B) One True Pairing
C) Methodone
D) drunk

Respond with only the letter of your answer (A, B, C, or D).","B


The sentence uses ""OTP"" in a context typical of fandom/shipping slang, where it is a common abbreviation for ""One True Pairing"" (the ideal or canonical romantic couple). None of the other options match any established meaning of the acronym.",2026-06-12T19:23:13.027225+00:00
723,4,row_122,packers,Insult,grok,B,C,B,True,False,"In the following sentence, what does ""packers"" mean?
Thats just a group of packers over there, don't waste your time.

Select only one answer.
A) An all denim outfit
B) fake soft penises and testicles designed to give a 'male' bulge to the crotches of female-to-male transsexuals.
C) one that packs
D) crazy or erratic

Respond with only the letter of your answer (A, B, C, or D).","B

The sentence uses ""packers"" in a dismissive context implying the referents are not worth engaging with. This aligns directly with the specialized noun sense in option B (prosthetic devices or, by extension, the trans men using them).  

- A is unrelated (denim outfits have no established ""packer"" label).  
- C is circular and adds no semantic content.  
- D has no attested slang connection to ""packer.""  

Thus only B supplies a coherent, attested meaning that fits the sentence.",2026-06-12T19:23:20.608528+00:00
724,4,row_123,passa passa,General,grok,B,,B,True,False,"In the following sentence, what does ""passa passa"" mean?
I don't want any passa passa now.

Select only one answer.
A) someone that looks ordinary but is actually very strong
B) A loud and messy conflict
C) A mauser C96 pistol
D) crazy or erratic

Respond with only the letter of your answer (A, B, C, or D).","B 

The phrase ""passa passa"" is Jamaican Patois slang denoting a noisy quarrel, public fuss, or disorderly dispute. In the given sentence it functions idiomatically as “I don’t want any trouble/drama right now,” which aligns directly with option B. The remaining choices have no attested connection to the expression.",2026-06-12T19:23:24.387582+00:00
725,4,row_124,passport bro,Sexual,grok,C,,C,True,False,"In the following sentence, what does ""passport bro"" mean?
A bunch of passport bro's just checked into the hotel.

Select only one answer.
A) something intense, aggressive, and unfiltered
B) Fuckboy, someone just looking for sex
C) Someone that travels abroad with the sole purpose of having sex
D) Go in 100% on something

Respond with only the letter of your answer (A, B, C, or D).","C 

The term ""passport bro"" is internet slang referring to men (typically from Western countries) who travel internationally, often to developing nations, primarily to pursue sexual encounters or romantic relationships that they perceive as more accessible or affordable abroad. This directly matches option C and aligns with the sentence context of travelers checking into a hotel. Options A and D are unrelated slang or idioms with no connection to the phrase. Option B captures a related behavior (casual sex-seeking) but omits the essential travel/abroad element that defines ""passport bro.""",2026-06-12T19:23:28.174252+00:00
726,4,row_125,Period,General,grok,B,A,B,True,False,"In the following sentence, what does ""Period"" mean?
She is the best, period.

Select only one answer.
A) the completion of a cycle, a series of events, or a single action : conclusion
B) Ending the discussion on a topic
C) A term of endearment for a significant other
D) An insult commonly used in sports

Respond with only the letter of your answer (A, B, C, or D).","B


The phrase ""period"" functions here as an intensifier to assert finality and preclude further debate or qualification, directly aligning with option B. This usage is idiomatic in English and unrelated to temporal, affectionate, or pejorative senses captured by the other choices.",2026-06-12T19:23:31.079519+00:00
727,4,row_126,plegic,Drugs,grok,C,,C,True,False,"In the following sentence, what does ""plegic"" mean?
That guy stumbled out very plegic.

Select only one answer.
A) Someone that tries really hard to impress their crush
B) intensely and openely say something true
C) drunk
D) A fashionable look

Respond with only the letter of your answer (A, B, C, or D).",C,2026-06-12T19:23:36.015934+00:00
728,4,row_127,poggers,General,grok,A,,A,True,False,"In the following sentence, what does ""poggers"" mean?
Thats a poggers painting.

Select only one answer.
A) To express excitement or approval for something
B) A loss or failure
C) Something done regularly
D) To tie up an arm to isolate a vein for injecting a drug

Respond with only the letter of your answer (A, B, C, or D).",A,2026-06-12T19:23:38.569196+00:00
729,4,row_128,Pookie,Sexual,grok,D,,D,True,False,"In the following sentence, what does ""Pookie"" mean?
My pookie loves a smash burger.

Select only one answer.
A) A near superhuman perfect male
B) The anus
C) A kilo of cocaine
D) A term of endearment for a significant other

Respond with only the letter of your answer (A, B, C, or D).","D 

The sentence uses ""pookie"" in a possessive, affectionate context (""My pookie""), which aligns with its common English usage as a cute nickname for a romantic partner. The other options produce nonsensical or contextually implausible readings of the sentence.",2026-06-12T19:23:40.233492+00:00
730,4,row_129,Pop off,General,grok,A,B,A,True,False,"In the following sentence, what does ""Pop off"" mean?
I'm about to pop off!

Select only one answer.
A) To do something impressive
B) to die unexpectedly
C) A loud and messy conflict
D) Activities that involve cultivating ones Aura

Respond with only the letter of your answer (A, B, C, or D).","A

The phrase ""pop off"" (in the given sentence) is modern slang for performing exceptionally well or doing something bold/impressive. This matches option A and rules out the others: B is an archaic/rare sense unrelated to the anticipatory tone here; C refers to a different slang usage (starting an argument) that does not fit the exclamation; and D is unrelated invented terminology.",2026-06-12T19:23:45.559572+00:00
731,4,row_130,Posh and Becks,Sexual,grok,D,,D,True,False,"In the following sentence, what does ""Posh and Becks"" mean?
Lets go back to my place and have the posh and becks.

Select only one answer.
A) Ironically used to describe one as unique
B) Delusional
C) An unpopular opinion
D) sex

Respond with only the letter of your answer (A, B, C, or D).","D


The phrase ""Posh and Becks"" is an instance of Cockney rhyming slang in which the names of Victoria (""Posh Spice"") Beckham and David Beckham are substituted for the word ""sex."" The invitation ""have the posh and becks"" is therefore a playful request for sexual activity, matching option D exactly. The other choices have no connection to this established slang usage.",2026-06-12T19:23:48.368604+00:00
732,4,row_131,prepper,Insult,grok,B,,B,True,False,"In the following sentence, what does ""prepper"" mean?
We have a prepper down the block. They are kindof crazy, but its nice to know where to go.

Select only one answer.
A) A distinct trait, style, or outfit, often used in drag culture
B) Someone who prepares for doomsday scenarios
C) a bad charisma
D) Go in 100% on something

Respond with only the letter of your answer (A, B, C, or D).",B,2026-06-12T19:23:50.713913+00:00
733,4,row_132,Prison pocket,General,grok,A,,A,True,False,"In the following sentence, what does ""Prison pocket"" mean?
Hold it in your prison pocket.

Select only one answer.
A) The anus
B) A knife
C) Someone who is trying to get sexual attention overtly
D) A sudden feeling of disguest or repultion towards someone.

Respond with only the letter of your answer (A, B, C, or D).",A,2026-06-12T19:23:53.000707+00:00
734,4,row_133,Put the fries in the bag,General,grok,D,,D,True,False,"In the following sentence, what does ""Put the fries in the bag"" mean?
You're taking too long. Put the fires in the bag.

Select only one answer.
A) Another term that stands for that hoe over there
B) Money
C) Charisma
D) Get to the point

Respond with only the letter of your answer (A, B, C, or D).","D

The phrase ""Put the fries in the bag"" (with ""fires"" evidently a typo) is internet/TikTok slang that originated from dismissive exchanges with fast-food workers. It is used to tell someone they are taking too long, talking too much, or otherwise wasting time, and should simply perform the task at hand—in other words, “get to the point” or “hurry up.” This matches option D and the surrounding sentence “You’re taking too long.” The remaining choices have no connection to the expression’s documented usage.",2026-06-12T19:23:57.414512+00:00
735,4,row_134,Quirky,Insult,grok,B,C,C,False,True,"In the following sentence, what does ""Quirky"" mean?
I'm so quirky!

Select only one answer.
A) when a reply gets more than the original post
B) Ironically used to describe one as unique
C) having many quirks : unusual in especially an interesting or appealing way
D) to recoil in distaste

Respond with only the letter of your answer (A, B, C, or D).",C,2026-06-12T19:24:01.300531+00:00
736,4,row_135,rago,Insult,grok,B,,B,True,False,"In the following sentence, what does ""rago"" mean?
It was just how rago he was.

Select only one answer.
A) A type of marijuana
B) Someone acting aggressively and out of control
C) the playful act of taking a friend's food
D) A criminal that turned their life arpound and are legitimate

Respond with only the letter of your answer (A, B, C, or D).","B


The sentence structure positions ""rago"" as an adjective describing a person's intense state or behavior (""how rago he was""). Among the given choices, only option B supplies an adjectival sense that can grammatically and semantically occupy that slot. The remaining options are nouns or noun phrases and therefore cannot function as the required descriptor.",2026-06-12T19:24:05.417838+00:00
737,4,row_136,rapey,Sexual,grok,D,,D,True,False,"In the following sentence, what does ""rapey"" mean?
That guy at the bar was feeling pretty rapey.

Select only one answer.
A) A term used to say that someone is online too much and needs to get back to real life
B) An expression of disappointment
C) A man that is feminine in nature
D) Describes activities or situations that are sexually aggressive

Respond with only the letter of your answer (A, B, C, or D).",D,2026-06-12T19:24:07.801742+00:00
738,4,row_137,Ratio,General,grok,B,C,B,True,False,"In the following sentence, what does ""Ratio"" mean?
Ratio if you like pizza.

Select only one answer.
A) A stereotypical alpha male that is strong, handsome, and attracts women.
B) when a reply gets more than the original post
C) the indicated quotient of two mathematical expressions
D) An emotional meltdown

Respond with only the letter of your answer (A, B, C, or D).","B 

The sentence uses ""ratio"" as internet/Twitter slang (a verb form of ""getting ratioed""), where users encourage replies that out-engage the original post. This directly matches option B; the other choices are unrelated definitions or slang from different contexts.",2026-06-12T19:24:10.376105+00:00
739,4,row_138,raw,General,grok,B,C,B,True,False,"In the following sentence, what does ""raw"" mean?
He's been hitting the vape raw lately.

Select only one answer.
A) A near superhuman perfect male
B) something intense, aggressive, and unfiltered
C) not cooked
D) Stylish or flashy outfit style

Respond with only the letter of your answer (A, B, C, or D).",B,2026-06-12T19:24:14.027667+00:00
740,4,row_139,RIP (me),General,grok,D,,D,True,False,"In the following sentence, what does ""RIP (me)"" mean?
I think I just failed that test. RIP me.

Select only one answer.
A) To stab or shoot
B) A dance move
C) A submissive male that is often outside of traditional social hierarchies
D) To express disappointment dramatically

Respond with only the letter of your answer (A, B, C, or D).","D

The phrase ""RIP me"" is internet slang derived from ""Rest In Peace,"" repurposed to humorously dramatize one's own failure or misfortune (as in failing a test). This matches option D exactly and rules out the unrelated literal, dance, or social-hierarchy meanings in A–C.",2026-06-12T19:24:16.757486+00:00
741,4,row_140,Rizz,General,grok,D,,D,True,False,"In the following sentence, what does ""Rizz"" mean?
The rizz you have today is stunning!

Select only one answer.
A) An insult commonly used in sports
B) To win
C) A term used to describe a baby raised in a gender neutral environment
D) Charisma

Respond with only the letter of your answer (A, B, C, or D).","D


The term ""rizz"" is internet slang, short for ""charisma,"" referring to one's charm or ability to attract others (especially romantically). The given sentence uses it in exactly that sense, matching option D while ruling out the unrelated or fabricated meanings in A–C.",2026-06-12T19:24:19.632560+00:00
742,4,row_141,Salty,Insult,grok,B,C,B,True,False,"In the following sentence, what does ""Salty"" mean?
She's just salty that you have a boyfriend and she doesn't.

Select only one answer.
A) A loud and messy conflict
B) Irritated, bitter, or resentful
C) of, seasoned with, or containing salt
D) To be fierce and unapologetic withing a social situation

Respond with only the letter of your answer (A, B, C, or D).",B,2026-06-12T19:24:21.925234+00:00
743,4,row_142,savage,General,grok,A,C,A,True,False,"In the following sentence, what does ""savage"" mean?
That was a savage comeback you gave.

Select only one answer.
A) To be fierce and unapologetic withing a social situation
B) A charismatic, sexy, and quick witted man
C) not domesticated or under human control : untamed
D) Stylish or flashy outfit style

Respond with only the letter of your answer (A, B, C, or D).","A

The sentence uses ""savage"" in its modern slang sense to describe a comeback that is brutally effective, harsh, or unfiltered.  

- Option A directly captures this figurative meaning (fierce/unapologetic behavior in a social exchange).  
- Option B limits the term to a type of person, which does not fit the sentence.  
- Option C is the literal, non-slang definition (wild/untamed) and does not apply to speech.  
- Option D refers to fashion and is irrelevant.  

Thus only A matches the intended usage.",2026-06-12T19:24:24.993720+00:00
744,4,row_143,Schizo,Insult,grok,D,,D,True,False,"In the following sentence, what does ""Schizo"" mean?
Brians a total schitzo.

Select only one answer.
A) Mediocre
B) A term of endearment for a significant other
C) An older person who is out of touch
D) crazy or erratic

Respond with only the letter of your answer (A, B, C, or D).","D


The term ""schizo"" (or the misspelling ""schitzo"") is a clipped, informal shortening of ""schizophrenic."" In everyday slang it is applied to a person whose behavior appears irrational, unpredictable, or mentally unstable; hence option D is the only reading that matches the sentence. The other choices have no attested connection to the word.",2026-06-12T19:24:28.162277+00:00
745,4,row_144,scuffed,Insult,grok,D,C,D,True,False,"In the following sentence, what does ""scuffed"" mean?
The was a scuffed performance last night.

Select only one answer.
A) To confim that something was completed to expectation
B) An older person who is out of touch
C) to walk without lifting the feet : shuffle
D) Something that is messed up or not right.

Respond with only the letter of your answer (A, B, C, or D).","D


The sentence uses ""scuffed"" as an adjective describing a performance. Standard dictionary senses of the verb ""scuff"" (to scrape or shuffle) do not fit an abstract noun such as ""performance."" Contemporary informal usage, however, extends ""scuffed"" to anything botched, low-quality, or off-kilter; that reading matches option D exactly and rules out the other three choices.",2026-06-12T19:24:32.932976+00:00
746,4,row_145,Shabba,General,grok,C,,C,True,False,"In the following sentence, what does ""Shabba"" mean?
Shabba on point!

Select only one answer.
A) The abandonment of responsibilities
B) A dance move
C) Fashionable or stylish
D) Something ugly or unattractive

Respond with only the letter of your answer (A, B, C, or D).","C


The phrase ""on point"" is established English slang for something executed perfectly or looking excellent. Pairing it with ""Shabba"" produces the collocation ""Shabba on point,"" which is only coherent if ""Shabba"" itself denotes stylishness or fashion.  

- Option A has no lexical or collocational link to the sentence.  
- Option B would require a verb of motion or performance, neither of which appears.  
- Option D is semantically incompatible with the positive evaluation conveyed by ""on point.""  

Hence only C satisfies both the internal semantics of the phrase and attested informal usage.",2026-06-12T19:24:38.722914+00:00
747,4,row_146,Sheesh,General,grok,B,,B,True,False,"In the following sentence, what does ""Sheesh"" mean?
Sheesh! Thats crazy!

Select only one answer.
A) To refer to ones imaginary audience like an internet steamer
B) To express disbelief
C) A dance move
D) Talking too much

Respond with only the letter of your answer (A, B, C, or D).",B,2026-06-12T19:24:42.757563+00:00
748,4,row_147,Side eye,General,grok,A,,A,True,False,"In the following sentence, what does ""Side eye"" mean?
Why are you giving him the side eye?

Select only one answer.
A) To be skeptical about something
B) To be high or drunk
C) A term used by incels to refer to women in a way that dehumanizes them.
D) A mauser C96 pistol

Respond with only the letter of your answer (A, B, C, or D).","A 

The phrase ""side eye"" refers to a sideways glance expressing doubt, suspicion, or disapproval, which directly aligns with option A. The other choices have no connection to the idiom's established meaning in English.",2026-06-12T19:24:45.860397+00:00
749,4,row_148,Sigma,Identity,grok,B,D,B,True,False,"In the following sentence, what does ""Sigma"" mean?
You are giving off sigma energy right now.

Select only one answer.
A) to recoil in distaste
B) An independent, strong person
C) Someone who is the last person to leave a location and the first to come back in the morning
D) the 18th letter of the Greek alphabet

Respond with only the letter of your answer (A, B, C, or D).",B,2026-06-12T19:24:48.647662+00:00
750,4,row_149,Simp,Insult,grok,B,A,B,True,False,"In the following sentence, what does ""Simp"" mean?
Stop being a simp over her!

Select only one answer.
A) a foolish or stupid person : simpleton
B) Someone that tries really hard to impress their crush
C) A homosexual cowboy
D) Describes activities or situations that are sexually aggressive

Respond with only the letter of your answer (A, B, C, or D).","B 

The term ""simp"" in the given sentence is modern internet slang (derived from ""simpleton"" but evolved in usage via memes and social media). It specifically denotes a person (typically male) who is excessively attentive, submissive, or eager to please a romantic interest—often to the point of self-debasement—without reciprocation. This aligns directly with option B.

Option A reflects only the archaic/literal dictionary sense and ignores contemporary contextual usage. Options C and D are unrelated fabrications with no etymological or slang connection. The imperative phrasing ""stop being a simp over her"" is a common admonition against simping behavior, confirming B as the sole fitting choice.",2026-06-12T19:24:53.357021+00:00
751,4,row_150,Situationship,Sexual,grok,A,,A,True,False,"In the following sentence, what does ""Situationship"" mean?
Joe ended up in a situationship over the summer.

Select only one answer.
A) A sexual relationship developed from situations without clear future intentions
B) Mercedes Benz G class
C) Very good
D) intensely and openely say something true

Respond with only the letter of your answer (A, B, C, or D).","A 

The term ""situationship"" is a portmanteau of ""situation"" and ""relationship."" It denotes an undefined romantic/sexual arrangement that arises from repeated encounters but lacks explicit commitment, labels, or long-term plans—precisely the meaning conveyed by option A. Options B–D have no lexical or semantic connection to the word.",2026-06-12T19:24:56.470868+00:00
752,4,row_151,Skeet,Sexual,grok,B,C,B,True,False,"In the following sentence, what does ""Skeet"" mean?
He skeeted all over the court!

Select only one answer.
A) Something suspicious
B) To shoot ones shot.
C) trapshooting in which clay pigeons are thrown in such a way as to simulate the angles of flight of birds
D) Someone younger

Respond with only the letter of your answer (A, B, C, or D).","B

The sentence uses ""skeet"" as vulgar slang for ejaculation (popularized in hip-hop, e.g., ""skeet skeet""). Among the given choices, only B supplies a loose euphemism for that act (""shoot one's shot"" ≈ shoot one's load). The remaining options are either literal definitions unrelated to the sentence (C) or unrelated slang (A, D).",2026-06-12T19:25:04.097537+00:00
753,4,row_152,Skibidi,General,grok,A,,A,True,False,"In the following sentence, what does ""Skibidi"" mean?
That's so skibidi.

Select only one answer.
A) Nonsensical term
B) To win
C) An incel term meaning kissless, hugless, handholdless virgin
D) The anus

Respond with only the letter of your answer (A, B, C, or D).","A

The term ""skibidi"" originates from the viral Skibidi Toilet meme series (itself sampling the song ""Skibidi"" by Little Big). In that context and in subsequent online usage it functions as a deliberately nonsensical, meme-driven adjective with no fixed dictionary meaning; speakers simply attach it to sentences for humorous or absurd effect. Among the supplied choices, only option A accurately reflects this origin and usage. The remaining options describe unrelated slang or meanings that have no connection to ""skibidi.""",2026-06-12T19:25:09.877658+00:00
754,4,row_153,Skill issue,Insult,grok,C,,C,True,False,"In the following sentence, what does ""Skill issue"" mean?
You won't win. Its a skill issue.

Select only one answer.
A) Something very good
B) Someone that is too left leaning politically
C) An insult saying that the problem is due to lack of skill rather then luck
D) Another term that stands for that hoe over there

Respond with only the letter of your answer (A, B, C, or D).",C,2026-06-12T19:25:12.284736+00:00
755,4,row_154,Slaps,General,grok,C,D,C,True,False,"In the following sentence, what does ""Slaps"" mean?
This place slaps!

Select only one answer.
A) A cigarette
B) To prepare for a fight
C) Something that is reallly good.
D) to strike sharply with or as if with the open hand

Respond with only the letter of your answer (A, B, C, or D).",C,2026-06-12T19:25:14.581987+00:00
756,4,row_155,Slay,General,grok,B,A,B,True,False,"In the following sentence, what does ""Slay"" mean?
Slay girl!

Select only one answer.
A) to kill violently, wantonly, or in great numbers
B) To do somethign very well
C) A term for baby that people will call their significant other.
D) To focus on making one as physically attractive as possible

Respond with only the letter of your answer (A, B, C, or D).",B,2026-06-12T19:25:18.252708+00:00
757,4,row_156,sledge,Identity,grok,A,C,D,False,False,"In the following sentence, what does ""sledge"" mean?
What? Are you havin trouble you sledge?

Select only one answer.
A) An insult commonly used in sports
B) To keep secretive or obscure
C) sledgehammer
D) A fool or a prick

Respond with only the letter of your answer (A, B, C, or D).","D

The sentence uses ""sledge"" as a direct term of address (""you sledge""), functioning as a noun that labels the interlocutor. This immediately rules out B (a verb meaning) and C (literal tool name, which yields no coherent reading).  

Between the remaining options, A describes an activity (""sledging"" = trash-talk in cricket) rather than supplying a lexical meaning for the isolated word ""sledge."" The only option that supplies an actual gloss fitting the syntactic and pragmatic context—an insulting label roughly synonymous with ""fool"" or ""prick""—is therefore D.",2026-06-12T19:25:28.737167+00:00
758,4,row_157,sleeper,General,grok,A,C,A,True,False,"In the following sentence, what does ""sleeper"" mean?
That car has got to be a sleeper.

Select only one answer.
A) Something that appears mundane but has hidden potential
B) Irritated, bitter, or resentful
C) one that sleeps
D) An affirmative agreement

Respond with only the letter of your answer (A, B, C, or D).",A,2026-06-12T19:25:31.956379+00:00
759,4,row_158,sleeper build,General,grok,D,,D,True,False,"In the following sentence, what does ""sleeper build"" mean?
Bro's rocking the sleeper build.

Select only one answer.
A) A loss or failure
B) A term to discuss sexual experiences
C) Something that is reallly good.
D) someone that looks ordinary but is actually very strong

Respond with only the letter of your answer (A, B, C, or D).",D,2026-06-12T19:25:35.182695+00:00
760,4,row_159,Snack,Sexual,grok,C,D,C,True,False,"In the following sentence, what does ""Snack"" mean?
That lady over there is a snack.

Select only one answer.
A) A man that takes care of children
B) A glock pistol
C) A descriptor for an attractive person
D) a light meal : food eaten between regular meals; also : food suitable for snacking

Respond with only the letter of your answer (A, B, C, or D).","C


The sentence uses ""snack"" in a figurative, slang sense common in contemporary informal English, where calling a person ""a snack"" (or ""snack"") means they are physically attractive. This usage is unrelated to the literal culinary sense in D, and options A and B have no semantic connection to the sentence. Therefore only C is consistent with the intended meaning.",2026-06-12T19:25:38.050235+00:00
761,4,row_160,snaggle,Identity,grok,A,C,B,False,False,"In the following sentence, what does ""snaggle"" mean?
Susanne is such a snaggle.

Select only one answer.
A) An unattractive girl
B) Nonsensical term
C) snag
D) A sudden feeling of disguest or repultion towards someone.

Respond with only the letter of your answer (A, B, C, or D).","B


The term ""snaggle"" has no established meaning in standard English (or common slang) and does not appear in dictionaries as a noun referring to a person. The sentence therefore uses a nonexistent word, making B the only accurate choice; the remaining options either invent definitions or rely on superficial resemblance to other words.",2026-06-12T19:25:42.231342+00:00
762,4,row_161,Snatched,General,grok,A,C,A,True,False,"In the following sentence, what does ""Snatched"" mean?
You're looking snatched today.

Select only one answer.
A) A fashionable look
B) Very good
C) to attempt to seize something suddenly
D) Someone that is boring

Respond with only the letter of your answer (A, B, C, or D).","A

The slang term ""snatched"" (particularly in phrases like ""looking snatched"") is an informal compliment indicating a polished, stylish, or flawless appearance. This usage is unrelated to the verb's literal sense of seizing something (option C) and does not match the vague positive descriptor in B or the negative meaning in D. Among the given choices, A is therefore the only fitting definition.",2026-06-12T19:25:46.038683+00:00
763,4,row_162,socials,General,grok,A,C,A,True,False,"In the following sentence, what does ""socials"" mean?
Catch me on the socials!

Select only one answer.
A) Used to refer to the social media platforms one uses
B) Someone younger
C) an informal social event or gathering frequently involving a special activity or area of interest
D) To express disappointment dramatically

Respond with only the letter of your answer (A, B, C, or D).",A,2026-06-12T19:25:47.971737+00:00
764,4,row_163,socio,Insult,grok,D,,D,True,False,"In the following sentence, what does ""socio"" mean?
The boy is a socio.

Select only one answer.
A) crazy or erratic
B) Down to fuck
C) A strong, leader who commands those around them
D) Sociopath

Respond with only the letter of your answer (A, B, C, or D).","D


The term ""socio"" is a clipped form of ""sociopath,"" directly matching option D and the structure of the example sentence. The remaining choices have no established lexical or slang connection to the word.",2026-06-12T19:25:51.141681+00:00
765,4,row_164,Soy,Insult,grok,D,,D,True,False,"In the following sentence, what does ""Soy"" mean?
Stop being so soy.

Select only one answer.
A) A loud and messy conflict
B) Mercedes Benz G class
C) Nonsensical term
D) Weak or effeminate

Respond with only the letter of your answer (A, B, C, or D).","D


The slang term ""soy"" (short for ""soy boy"") originated in online forums around 2016–2017 as a pejorative for men stereotyped as weak, timid, or effeminate—often linked to the myth that soy products lower testosterone. In the sentence ""Stop being so soy,"" it functions exactly as an adjective meaning ""weak or effeminate,"" matching option D and ruling out the unrelated or fabricated meanings in A–C.",2026-06-12T19:25:54.709028+00:00
766,4,row_165,soyboy,Identity,grok,A,,A,True,False,"In the following sentence, what does ""soyboy"" mean?
Get that soyboy out of here!

Select only one answer.
A) Men that lack masculine characteristics
B) Something that appears mundane but has hidden potential
C) Saying something secretive or to keep low profile
D) To confim that something was completed to expectation

Respond with only the letter of your answer (A, B, C, or D).","A


The term ""soyboy"" is internet slang (originating in forums like 4chan and Reddit) used pejoratively for males stereotyped as effeminate, physically weak, or insufficiently masculine, often tied to the myth that soy consumption lowers testosterone. This directly matches definition A and fits the dismissive tone of the example sentence. Options B–D describe unrelated concepts (sleeper hit, covert speech, task verification) that have no connection to the attested usage of the word.",2026-06-12T19:25:58.174076+00:00
767,4,row_166,Spanish dancer,General,grok,A,,A,True,False,"In the following sentence, what does ""Spanish dancer"" mean?
I sounds like I caught the spanish dancer.

Select only one answer.
A) Cancer
B) To be fierce and unapologetic withing a social situation
C) A charismatic, sexy, and quick witted man
D) someone that looks ordinary but is actually very strong

Respond with only the letter of your answer (A, B, C, or D).","A 

The phrase ""Spanish dancer"" is an instance of Cockney rhyming slang in which ""dancer"" is paired with the word it is meant to evoke (""cancer""). The supplied sentence is therefore best read as ""It sounds like I caught cancer,"" confirming that the intended meaning is option A. The remaining choices have no established connection to the expression or to the semantics of the sentence.",2026-06-12T19:26:01.438020+00:00
768,4,row_167,spark,Violence,grok,A,B,A,True,False,"In the following sentence, what does ""spark"" mean?
Don't make me spark you out!

Select only one answer.
A) To knock someone out
B) a small particle of a burning substance thrown out by a body in combustion or remaining when combustion is nearly completed
C) An all denim outfit
D) Methodone

Respond with only the letter of your answer (A, B, C, or D).","A 

The phrase ""spark you out"" is British slang for knocking someone unconscious (e.g., in a fight). This matches option A exactly and rules out the literal definition (B) as well as the unrelated slang terms (C, D).",2026-06-12T19:26:04.244074+00:00
769,4,row_168,Stuyvie,Drugs,grok,C,,C,True,False,"In the following sentence, what does ""Stuyvie"" mean?
Lets go outside and smoke a suyvie.

Select only one answer.
A) I just burst out laughing
B) Activities that involve cultivating ones Aura
C) A cigarette
D) Something that appears mundane but has hidden potential

Respond with only the letter of your answer (A, B, C, or D).","C

The sentence contains the clear contextual cue ""smoke a …,"" which immediately narrows the referent to a smokable item. Among the listed choices, only option C names such an item.  

Further confirmation comes from the spelling ""suyvie/Stuyvie,"" which is a plausible phonetic shortening of the well-known cigarette brand Peter Stuyvesant (commonly abbreviated “Stuyvesant” or “Stuyvie” in casual speech). No other option fits both the verb “smoke” and the phonetic form.",2026-06-12T19:26:09.858505+00:00
770,4,row_169,suiter,General,grok,B,A,B,True,False,"In the following sentence, what does ""suiter"" mean?
Her suiter was admiring her from afar.

Select only one answer.
A) a suitcase for holding a specified number of suits —usually used in combination
B) a significant other
C) A kilo of cocaine
D) A homosexual cowboy

Respond with only the letter of your answer (A, B, C, or D).","B

The sentence uses ""suiter"" in a context that clearly indicates romantic pursuit or admiration (""admiring her from afar""). This is a nonstandard spelling (or common misspelling) of the established English word ""suitor,"" which denotes a person courting another romantically. Among the supplied choices, only option B is semantically compatible with that meaning and the sentence's syntax; the remaining options are either unrelated dictionary senses or outright fabrications that produce nonsense when substituted into the sentence.",2026-06-12T19:26:15.634403+00:00
771,4,row_170,Sus,General,grok,D,,D,True,False,"In the following sentence, what does ""Sus"" mean?
That man over there is real sus.

Select only one answer.
A) A sexual relationship developed from situations without clear future intentions
B) Crack cocaine
C) Someone younger
D) Something suspicious

Respond with only the letter of your answer (A, B, C, or D).",D,2026-06-12T19:26:17.624189+00:00
772,4,row_171,Tea,General,grok,B,D,B,True,False,"In the following sentence, what does ""Tea"" mean?
Come on, spill the tea!

Select only one answer.
A) crazy or erratic
B) Gossip
C) To keep secretive or obscure
D) a widely cultivated shrub (Camellia sinensis of the family Theaceae, the tea family) native to China, northern India, and southeastern Asia and having glossy green leaves and fragrant white flowers

Respond with only the letter of your answer (A, B, C, or D).",B,2026-06-12T19:26:20.915471+00:00
773,4,row_172,theybie,General,grok,D,,D,True,False,"In the following sentence, what does ""theybie"" mean?
The a couple and their theybie just moved in next door.

Select only one answer.
A) A dance move
B) A submissive male that is often outside of traditional social hierarchies
C) To mastrubate for extremeely long period regularly
D) A term used to describe a baby raised in a gender neutral environment

Respond with only the letter of your answer (A, B, C, or D).",D,2026-06-12T19:26:23.265417+00:00
774,4,row_173,Thirsty,Sexual,grok,C,A,C,True,False,"In the following sentence, what does ""Thirsty"" mean?
She's lookin real thirsty today.

Select only one answer.
A) feeling thirst
B) An unattractive girl
C) Someone who is trying to get sexual attention overtly
D) An incel term for an attractive middle eastern man

Respond with only the letter of your answer (A, B, C, or D).",C,2026-06-12T19:26:25.703635+00:00
775,4,row_174,Thot,Sexual,grok,A,,A,True,False,"In the following sentence, what does ""Thot"" mean?
I'm gonna dress like a thot tonight.

Select only one answer.
A) Another term that stands for that hoe over there
B) Gossip
C) fake soft penises and testicles designed to give a 'male' bulge to the crotches of female-to-male transsexuals.
D) Fuckboy, someone just looking for sex

Respond with only the letter of your answer (A, B, C, or D).",A,2026-06-12T19:26:28.735702+00:00
776,4,row_175,Thrust,General,grok,A,D,D,False,True,"In the following sentence, what does ""Thrust"" mean?
Hit the thrust!

Select only one answer.
A) A dance move
B) A stereotypical alpha male that is strong, handsome, and attracts women.
C) As Fuck
D) to push or drive with force : shove

Respond with only the letter of your answer (A, B, C, or D).","D 

The sentence ""Hit the thrust!"" uses ""thrust"" in its standard sense of forceful forward propulsion (as in aviation or rocketry commands akin to ""hit the gas""). This directly matches definition D.  

Options A–C have no established connection to the wording or the word's meaning:  
- A misapplies an occasional dance motion to a command phrase.  
- B confuses the term with unrelated slang for a male archetype.  
- C invents a non-existent intensifier usage.  

Hence only D is semantically and grammatically consistent.",2026-06-12T19:26:37.012621+00:00
777,4,row_176,toe-cheese,Insult,grok,D,,D,True,False,"In the following sentence, what does ""toe-cheese"" mean?
My whole house smells like toe cheese.

Select only one answer.
A) An older person who is out of touch
B) A kilo of cocaine
C) drunk
D) Gross buildup between the toes

Respond with only the letter of your answer (A, B, C, or D).",D,2026-06-12T19:26:39.140291+00:00
778,4,row_177,tomdick,Insult,grok,A,,A,True,False,"In the following sentence, what does ""tomdick"" mean?
That secratary was a tomdick.

Select only one answer.
A) A commonplace person
B) Crack cocaine
C) An expression of disappointment
D) Ending the discussion on a topic

Respond with only the letter of your answer (A, B, C, or D).","A

The phrase ""tomdick"" is a compressed form of the well-known idiom ""Tom, Dick, and Harry,"" which collectively denotes ordinary or undistinguished individuals. In the given sentence the word is therefore used predicatively to characterize the secretary as an unremarkable, commonplace person, corresponding directly to option A. The remaining choices have no attested connection to the expression.",2026-06-12T19:26:43.185805+00:00
779,4,row_178,Touch Grass,General,grok,D,,D,True,False,"In the following sentence, what does ""Touch Grass"" mean?
Go out and touch some grass.

Select only one answer.
A) To express disbelief
B) Gross buildup between the toes
C) A charismatic, sexy, and quick witted man
D) A term used to say that someone is online too much and needs to get back to real life

Respond with only the letter of your answer (A, B, C, or D).",D,2026-06-12T19:26:46.569291+00:00
780,4,row_179,troll,Identity,grok,D,C,D,True,False,"In the following sentence, what does ""troll"" mean?
That guy in valorant was a such a troll.

Select only one answer.
A) Something done regularly
B) crazy or erratic
C) a dwarf or giant in Scandinavian folklore inhabiting caves or hills
D) Someone who deliberatly acts in ways to annoy or anger a group of people online.

Respond with only the letter of your answer (A, B, C, or D).","D


The sentence uses ""troll"" in the context of Valorant, an online multiplayer game. In internet/gaming slang, this refers to a player who intentionally disrupts or provokes others for amusement, directly matching definition D. The other options are either unrelated (A, C) or only loosely approximate the behavior without capturing the deliberate online provocation sense (B).",2026-06-12T19:26:49.479915+00:00
781,4,row_180,Tweaking,General,grok,C,B,C,True,False,"In the following sentence, what does ""Tweaking"" mean?
Why are you tweaking out?

Select only one answer.
A) A submissive male that is often outside of traditional social hierarchies
B) to make usually small adjustments in or to; especially : fine-tune
C) Acting crazily
D) Something that is reallly good.

Respond with only the letter of your answer (A, B, C, or D).","C


The sentence uses ""tweaking out"" as slang for erratic, agitated, or crazed behavior (commonly linked to stimulant use). Option C directly matches this idiomatic sense.  
- A describes an unrelated social-role term (""beta"").  
- B is the literal/mechanical meaning of ""tweak,"" which does not fit the phrasal verb here.  
- D is an unrelated positive slang sense.  
Thus only C is appropriate.",2026-06-12T19:26:53.537397+00:00
782,4,row_181,twoz,Drugs,grok,D,,D,True,False,"In the following sentence, what does ""twoz"" mean?
Hey, hand me the twoz joint.

Select only one answer.
A) Someone who is very stubborn
B) Something ugly or unattractive
C) A term used to describe a baby raised in a gender neutral environment
D) A canabis based cigarette that needs two paper rolls

Respond with only the letter of your answer (A, B, C, or D).","D 

The sentence context directly references a ""joint,"" which is a common slang term for a cannabis cigarette. Among the given choices, only option D provides a definition that is semantically compatible with that term and the request to ""hand me"" the item in question. The remaining options (A–C) describe unrelated concepts (a person, an aesthetic judgment, or a child-rearing practice) that cannot plausibly be the object of the imperative. The neologism ""twoz"" is therefore interpreted as a modifier indicating a double-paper construction, yielding a coherent reading of the full phrase.",2026-06-12T19:26:57.409330+00:00
783,4,row_182,Unc,Insult,grok,D,,D,True,False,"In the following sentence, what does ""Unc"" mean?
I'll explain it to you unc.

Select only one answer.
A) One True Pairing
B) An emotional meltdown
C) An independent, strong person
D) An older person who is out of touch

Respond with only the letter of your answer (A, B, C, or D).","D 

The term ""unc"" is a clipped form of ""uncle"" and functions as a slang address for an older male (typically middle-aged or beyond). In the sentence ""I'll explain it to you unc,"" the speaker is positioning the addressee as someone who needs things spelled out—i.e., an older person presumed to be out of touch with current trends or knowledge. This usage aligns directly with option D and rules out the unrelated acronyms or unrelated emotional states listed in A–C.",2026-06-12T19:27:01.958180+00:00
784,4,row_183,Understood the assignment,General,grok,C,,C,True,False,"In the following sentence, what does ""Understood the assignment"" mean?
All done. Understood the assignment.

Select only one answer.
A) Someone who is trying to get sexual attention overtly
B) A term of endearment for a significant other
C) To confim that something was completed to expectation
D) A provocative dance

Respond with only the letter of your answer (A, B, C, or D).",C,2026-06-12T19:27:04.988153+00:00
785,4,row_184,upper decky,Drugs,grok,A,,A,True,False,"In the following sentence, what does ""upper decky"" mean?
Hey bro, can I bum an upper decky zynn?

Select only one answer.
A) A nicotine pouch held between the upper lip and gums
B) Short for Bitch
C) Go in 100% on something
D) Something very good

Respond with only the letter of your answer (A, B, C, or D).","A 

The phrase ""upper decky zynn"" is slang that combines ""upper decker"" (a term for placing a nicotine pouch or dip between the upper lip and gums) with ""Zyn"" (a popular brand of nicotine pouches). The request to ""bum"" one simply means to borrow or obtain a single pouch for that placement, matching option A exactly. The remaining options have no connection to nicotine-product terminology or the sentence context.",2026-06-12T19:27:08.474707+00:00
786,4,row_185,Vibe,General,grok,C,,C,True,False,"In the following sentence, what does ""Vibe"" mean?
I'm just enjoyin the vibe out here.

Select only one answer.
A) A commonplace person
B) a bad charisma
C) The positive or relaxing energy of a place
D) Someone that is too left leaning politically

Respond with only the letter of your answer (A, B, C, or D).",C,2026-06-12T19:27:10.708814+00:00
787,4,row_186,Vibe Check,General,grok,D,,D,True,False,"In the following sentence, what does ""Vibe Check"" mean?
Can I get a vibe check?

Select only one answer.
A) An unpopular opinion
B) A loud and messy conflict
C) A man that is feminine in nature
D) To check the mood of a situation

Respond with only the letter of your answer (A, B, C, or D).",D,2026-06-12T19:27:12.986119+00:00
788,4,row_187,wahala,General,grok,B,,B,True,False,"In the following sentence, what does ""wahala"" mean?
Please, no wahala.

Select only one answer.
A) An all denim outfit
B) A significant problem
C) I just burst out laughing
D) To get arrested

Respond with only the letter of your answer (A, B, C, or D).","B 

The term ""wahala"" originates from West African Pidgin English (particularly Nigerian usage) and denotes trouble, difficulty, or a problem. In the given sentence it functions exactly as the common collocation ""no wahala,"" which is the direct equivalent of ""no problem."" Among the supplied choices, only option B matches this established meaning; the remaining options are unrelated slang or idioms from other varieties of English.",2026-06-12T19:27:16.740021+00:00
789,4,row_188,waved,Drugs,grok,A,D,A,True,False,"In the following sentence, what does ""waved"" mean?
Bro's over on the bench waved out of his mind.

Select only one answer.
A) To be high or drunk
B) When you are outnumbered in a fight and call black people for the win
C) A term of endearment for a significant other
D) having a wavelike form or outline

Respond with only the letter of your answer (A, B, C, or D).","A 

The sentence uses informal/slang phrasing (""Bro's over on the bench waved out of his mind""), where ""waved out of his mind"" is an idiomatic expression for intoxication. This matches definition A directly. The remaining options are either literal (D), affectionate (C), or fabricated (B) and do not fit the surrounding context or conventional slang usage of ""waved.""",2026-06-12T19:27:20.452463+00:00
790,4,row_189,What the sigma,General,grok,B,,B,True,False,"In the following sentence, what does ""What the sigma"" mean?
What the sigma? I thought you left?

Select only one answer.
A) To stab or shoot
B) An expression of disbelief
C) A term to support someone going through a gender change.
D) A term for someone that enjoys watching their wife have sex with another man

Respond with only the letter of your answer (A, B, C, or D).","B


The phrase ""What the sigma?"" is a playful, meme-driven variant of ""What the heck?"" or ""What the sigma male?"" that expresses surprise or disbelief at an unexpected situation (as in the given sentence). Among the listed choices, only option B matches this usage; the others describe unrelated slang or actions with no connection to the expression.",2026-06-12T19:27:24.080659+00:00
791,4,row_190,whitney,Drugs,grok,D,,D,True,False,"In the following sentence, what does ""whitney"" mean?
Hey man, you got any whitney on you?

Select only one answer.
A) To stab or shoot
B) cocaine
C) Somehting that is poor quality
D) Crack cocaine

Respond with only the letter of your answer (A, B, C, or D).","D 

The query presents a slang usage of ""whitney"" in a drug-solicitation context (""you got any whitney on you?""). Among the given choices, only the two cocaine-related options are plausible.  

""Whitney"" (short for Whitney Houston) is documented British / urban slang specifically for crack cocaine, alluding to the singer’s widely publicized crack-cocaine use. Powder cocaine is more commonly called “coke,” “Charlie,” or “white,” not “whitney.”  

Thus the single correct selection is D.",2026-06-12T19:27:30.509907+00:00
792,4,row_191,Woke,Insult,grok,B,,B,True,False,"In the following sentence, what does ""Woke"" mean?
Stop being so woke.

Select only one answer.
A) To win
B) Someone that is too left leaning politically
C) a significant other
D) Something low quality or bad

Respond with only the letter of your answer (A, B, C, or D).",B,2026-06-12T19:27:34.338201+00:00
793,4,row_192,womp womp,General,grok,A,,A,True,False,"In the following sentence, what does ""womp womp"" mean?
I failed that math quiz. Womp womp.

Select only one answer.
A) An expression of disappointment
B) A criminal that turned their life arpound and are legitimate
C) sex
D) Delusional

Respond with only the letter of your answer (A, B, C, or D).",A,2026-06-12T19:27:37.186847+00:00
794,4,row_193,wraparound,General,grok,D,C,D,True,False,"In the following sentence, what does ""wraparound"" mean?
I had to pull a wraparound this morning since I left my wallet at the bar.

Select only one answer.
A) Very good
B) Ironically used to describe one as unique
C) made to be wrapped around something and especially the body
D) Someone who is the last person to leave a location and the first to come back in the morning

Respond with only the letter of your answer (A, B, C, or D).","D 

The sentence uses ""wraparound"" idiomatically as slang for someone who closes a place (last to leave) and then returns first thing the next morning (e.g., to retrieve a forgotten item). This matches definition D exactly; the remaining choices are either literal dictionary senses or unrelated/irrelevant.",2026-06-12T19:27:40.739304+00:00
795,4,row_194,Yapping,Insult,grok,A,D,D,False,True,"In the following sentence, what does ""Yapping"" mean?
Stop your yapping and get over here.

Select only one answer.
A) Talking too much
B) A reference for ass
C) To give sympathy or signify a failure
D) to talk in a shrill insistent way : chatter

Respond with only the letter of your answer (A, B, C, or D).","D

The sentence uses ""yapping"" idiomatically to mean incessant, annoying chatter (i.e., ""stop talking""). This matches the standard dictionary sense given in D; A is only a loose paraphrase, while B and C are unrelated.",2026-06-12T19:27:45.578313+00:00
796,4,row_195,Yeet,General,grok,B,,B,True,False,"In the following sentence, what does ""Yeet"" mean?
Think I can make this? Yeet!

Select only one answer.
A) A term for friends
B) Throwing something
C) When something hidden gets called out
D) a significant other

Respond with only the letter of your answer (A, B, C, or D).",B,2026-06-12T19:27:47.714753+00:00
797,4,row_196,ying,Violence,grok,B,,B,True,False,"In the following sentence, what does ""ying"" mean?
I'll walk in swinging my ying.

Select only one answer.
A) An expression of disbelief
B) A knife
C) To do somethign very well
D) Fashionable or stylish

Respond with only the letter of your answer (A, B, C, or D).","B

The phrase “swinging my ying” is most naturally parsed as a physical action performed with a handheld object. Among the supplied choices, only “a knife” supplies a concrete noun that can literally be swung. The remaining options are either abstract states (disbelief, stylishness) or verbal phrases (“to do something very well”) that cannot function as the object of “swinging.” UK drill/road slang supplies an independent attestation of “ying/yeng” as a term for a blade, reinforcing the same reading. Thus B is the only semantically and grammatically coherent answer.",2026-06-12T19:27:55.539171+00:00
798,4,row_197,yoyo,General,grok,C,B,C,True,False,"In the following sentence, what does ""yoyo"" mean?
We've helped you in the past, but yoyo this time.

Select only one answer.
A) Prolonged masturbation
B) a thick grooved double disk with a string attached to its center axle that is made to fall and rise to the hand by unwinding and rewinding on the string
C) You're on Your own
D) The positive or relaxing energy of a place

Respond with only the letter of your answer (A, B, C, or D).",C,2026-06-12T19:27:58.261182+00:00
799,4,row_198,Zaddy,Sexual,grok,D,,D,True,False,"In the following sentence, what does ""Zaddy"" mean?
I'm meeting up with my zaddy later tonight.

Select only one answer.
A) A sudden feeling of disguest or repultion towards someone.
B) Someone who deliberatly acts in ways to annoy or anger a group of people online.
C) Very good
D) An attractive older man

Respond with only the letter of your answer (A, B, C, or D).","D


The term ""zaddy"" is contemporary slang (popularized via social media and music) denoting an attractive, stylish, and typically older man who exudes confidence and sex appeal; the sentence context (""my zaddy"") aligns directly with that definition and eliminates the unrelated meanings in A–C.",2026-06-12T19:28:00.782535+00:00
800,4,row_199,Zesty,Insult,grok,B,D,B,True,False,"In the following sentence, what does ""Zesty"" mean?
He's acting a bit zesty today.

Select only one answer.
A) A term for someone that enjoys watching their wife have sex with another man
B) A man that is feminine in nature
C) intensely and openely say something true
D) having or characterized by zest : appealingly piquant or lively

Respond with only the letter of your answer (A, B, C, or D).","B


The sentence uses contemporary internet/TikTok slang in which “zesty” functions as a euphemism for flamboyant or effeminate male behavior (roughly synonymous with “fruity”). Among the given choices, only B captures that specific sense; the remaining options are either unrelated fetish terminology (A), a malformed definition (C), or the standard dictionary meaning of the word (D), none of which fit the contextual usage.",2026-06-12T19:28:07.597836+00:00
801,5,row_000,'done,Drugs,grok,A,,A,True,False,"In the following sentence, what does ""'done"" mean?
Do you have any of the 'done on you?

Select only one answer.
A) Methodone
B) Down to fuck
C) A nicotine pouch held between the upper lip and gums
D) Used to address friends with exasperation, releif, or disbeleif.

Respond with only the letter of your answer (A, B, C, or D).","A 

The sentence asks if someone has a substance available to share or give (""on you""), which points to a drug reference. In drug-user slang (particularly opioid substitution contexts), methadone is commonly shortened to ""done."" This produces a natural reading: ""Do you have any methadone on you?""  

The other choices are ruled out because:  
- B is an unrelated initialism (DTF) that does not match the spelling or phrasing.  
- C names a nicotine pouch product but supplies no attested term ""'done.""  
- D describes a vocative use of a word like ""dude,"" which cannot fit the partitive construction ""any of the 'done.""  

Hence only A is consistent with both the wording and the pragmatic context.",2026-06-12T19:28:13.178968+00:00
802,5,row_001,6-6-6,Identity,grok,A,,A,True,False,"In the following sentence, what does ""6-6-6"" mean?
I only date a man who is a 6-6-6.

Select only one answer.
A) A rule used by some for dating that refers to someone who is six feet tall, has a 6 figure income, and has six-pack abs
B) Something done regularly
C) Sociopath
D) A homosexual cowboy

Respond with only the letter of your answer (A, B, C, or D).",A,2026-06-12T19:28:16.509903+00:00
803,5,row_002,AF,General,grok,C,,C,True,False,"In the following sentence, what does ""AF"" mean?
Thats cool AF!

Select only one answer.
A) A loss or failure
B) When you are outnumbered in a fight and call black people for the win
C) As Fuck
D) A glock pistol

Respond with only the letter of your answer (A, B, C, or D).",C,2026-06-12T19:28:19.460622+00:00
804,5,row_003,aggy,Violence,grok,B,,B,True,False,"In the following sentence, what does ""aggy"" mean?
Why you so aggy?

Select only one answer.
A) Something untrue or unbeleivable
B) to aggrivate
C) The vagina
D) A loss or failure

Respond with only the letter of your answer (A, B, C, or D).","B 

The slang term ""aggy"" (or ""aggro"") is a common abbreviation of ""aggravated,"" ""agitated,"" or ""aggressive."" In the sentence ""Why you so aggy?"" it functions as a predicative adjective describing the other person's irritated or confrontational state, which aligns directly with option B. The remaining choices have no attested connection to this usage.",2026-06-12T19:28:23.325164+00:00
805,5,row_004,Alpha,Identity,grok,D,A,D,True,False,"In the following sentence, what does ""Alpha"" mean?
What an alpha chad.

Select only one answer.
A) the 1st letter of the Greek alphabet
B) Someone that is boring
C) A dance move
D) A strong, leader who commands those around them

Respond with only the letter of your answer (A, B, C, or D).","D 

The phrase ""alpha chad"" is internet slang. ""Chad"" denotes an archetypal attractive, hyper-masculine male; pairing it with ""alpha"" intensifies the sense of dominance. Among the given choices, only D captures that meaning. The remaining options are either the literal Greek letter (A) or unrelated (B, C) and therefore inapplicable in context.",2026-06-12T19:28:26.077377+00:00
806,5,row_005,ant,Sexual,grok,C,D,D,False,True,"In the following sentence, what does ""ant"" mean?
I came across a real ant at the club earlier.

Select only one answer.
A) Prolonged masturbation
B) sex
C) A charismatic, sexy, and quick witted man
D) any of a family (Formicidae) of colonial hymenopterous insects with a complex social organization and various castes performing special duties

Respond with only the letter of your answer (A, B, C, or D).","D


The sentence uses ""ant"" in a context where none of the non-literal options (A–C) are established meanings of the word, leaving only the standard dictionary definition (D) as valid. The phrasing ""a real ant"" is compatible with an unexpected literal encounter (e.g., an insect in a social venue), whereas A–C produce nonsensical substitutions.",2026-06-12T19:28:33.388251+00:00
807,5,row_006,archer,Identity,grok,D,A,A,False,True,"In the following sentence, what does ""archer"" mean?
Jim was an archer with her lies.

Select only one answer.
A) a person who uses a bow and arrow
B) Something suspicious
C) Mediocre
D) A person who is very good at spotting a lie

Respond with only the letter of your answer (A, B, C, or D).",A,2026-06-12T19:28:37.203891+00:00
808,5,row_007,ASL,Sexual,grok,C,,C,True,False,"In the following sentence, what does ""ASL"" mean?
What's your ASL?

Select only one answer.
A) Go in 100% on something
B) a significant other
C) Age Sex Location
D) A kilo of cocaine

Respond with only the letter of your answer (A, B, C, or D).",C,2026-06-12T19:28:39.609247+00:00
809,5,row_008,Aura Farming,Identity,grok,D,,D,True,False,"In the following sentence, what does ""Aura Farming"" mean?
That skateboard group is trying really hard to aura farm, but its not working.

Select only one answer.
A) A man that is feminine in nature
B) Someone that is too left leaning politically
C) sex
D) Activities that involve cultivating ones Aura

Respond with only the letter of your answer (A, B, C, or D).","D 

The phrase ""aura farming"" is internet slang referring to deliberate attempts to boost one's social ""aura"" (coolness, status, or vibe points) through showy actions; the skateboard sentence directly illustrates this by describing a group trying (and failing) to cultivate that aura. Option D is therefore the only match; A–C have no semantic or contextual connection.",2026-06-12T19:28:43.549309+00:00
810,5,row_009,babygirl,Sexual,grok,C,,C,True,False,"In the following sentence, what does ""babygirl"" mean?
Hey babygirl, whanna metup tonight?

Select only one answer.
A) An independent, strong person
B) An expression of disappointment
C) An endeering term used towards ones significant other
D) used to mock spoiled kids

Respond with only the letter of your answer (A, B, C, or D).","C


The term ""babygirl"" (one word or two) functions as a flirtatious or affectionate nickname in the given sentence, which is a casual, romantic-style invitation. Among the choices, only option C matches this standard usage as a term of endearment directed at a partner or romantic interest. Options A, B, and D describe unrelated meanings that do not fit the context or conventional definition.",2026-06-12T19:28:47.228643+00:00
811,5,row_010,backoff,Sexual,grok,A,B,A,True,False,"In the following sentence, what does ""backoff"" mean?
That girl has a fat backoff!

Select only one answer.
A) A large ass that stands out.
B) back down
C) Something that is better then everything else
D) an expression of surprise

Respond with only the letter of your answer (A, B, C, or D).","A

The sentence uses ""backoff"" in a descriptive, body-focused context (""fat backoff"" applied to ""that girl""), which aligns only with option A as slang for a prominent rear. All other choices are semantically incompatible with the phrasing and structure.",2026-06-12T19:28:50.930990+00:00
812,5,row_011,Bae,Sexual,grok,A,,C,False,False,"In the following sentence, what does ""Bae"" mean?
She's my bae.

Select only one answer.
A) A significant other
B) something intense, aggressive, and unfiltered
C) A term of endearment for a significant other
D) A term for baby that people will call their significant other.

Respond with only the letter of your answer (A, B, C, or D).","C 

The slang term ""bae"" (commonly understood as a shortening of ""babe"" or ""baby,"" or sometimes folk-etymologized as ""before anyone else"") functions in the sentence as a term of endearment that designates the referent as a romantic partner.  

- Option A is too blunt: it equates the word with the person rather than describing its semantic/pragmatic role.  
- Option B is unrelated (it appears to describe an unrelated slang register).  
- Option D adds an unnecessary etymological restriction; while historically linked to ""baby,"" contemporary usage does not require that link.  

Hence C is the single most accurate characterization among the choices.",2026-06-12T19:28:56.191750+00:00
813,5,row_012,bareface,Identity,grok,A,D,A,True,False,"In the following sentence, what does ""bareface"" mean?
I saw a group of barefaces at the store this morning, so I won't be going back.

Select only one answer.
A) Someone who refused to wear a mask in covid times.
B) Irritated, bitter, or resentful
C) A fool or a prick
D) having a clear finish and no nap

Respond with only the letter of your answer (A, B, C, or D).","A 

The sentence uses ""barefaces"" as a plural noun in a retail context, implying a negative judgment that prompts avoidance. This aligns directly with the COVID-era slang sense of people appearing in public without masks (i.e., with “bare faces”).  

- Option B is an adjectival sense unrelated to the noun form.  
- Option C has no lexical support.  
- Option D describes a woodworking or textile finish, again not matching the noun usage.  

Hence only A fits both the morphology and the situational implication.",2026-06-12T19:29:00.983500+00:00
814,5,row_013,based,General,grok,D,B,D,True,False,"In the following sentence, what does ""based"" mean?
That show was based.

Select only one answer.
A) To prepare for a fight
B) having a specified type of base or basis —often used in combination
C) The abandonment of responsibilities
D) An unpopular opinion

Respond with only the letter of your answer (A, B, C, or D).","D

The sentence uses ""based"" as contemporary internet slang (originating in forums like 4chan and popularized by Lil B), where it functions as a positive adjective for something authentic, unapologetic, or holding a politically incorrect/""red-pilled"" viewpoint. Among the given choices, only D aligns with that slang sense; the others are either literal/dictionary definitions that do not fit the sentence structure or unrelated idioms.",2026-06-12T19:29:06.384696+00:00
815,5,row_014,Basic,Identity,grok,D,A,D,True,False,"In the following sentence, what does ""Basic"" mean?
Shes so basic.

Select only one answer.
A) of, relating to, or forming the base or essence : fundamental
B) to recoil in distaste
C) A loud and messy conflict
D) Someone that is boring

Respond with only the letter of your answer (A, B, C, or D).",D,2026-06-12T19:29:09.690490+00:00
816,5,row_015,bb,Sexual,grok,C,D,C,True,False,"In the following sentence, what does ""bb"" mean?
Hey bb, lets grab some food.

Select only one answer.
A) You're on Your own
B) Something that is messed up or not right.
C) A term for baby that people will call their significant other.
D) a shot pellet 0.18 inch in diameter for use in a shotgun cartridge

Respond with only the letter of your answer (A, B, C, or D).","C


The sentence uses ""bb"" as an affectionate shorthand in casual texting (""Hey bb""), which is a common abbreviation for ""baby"" directed at a romantic partner or significant other. This matches option C directly. The other choices are unrelated: A refers to an acronym like ""YOYO,"" B to slang like ""sus"" or ""broke,"" and D to the literal firearm pellet, none of which fit the conversational context.",2026-06-12T19:29:12.382013+00:00
817,5,row_016,Bet,General,grok,B,D,B,True,False,"In the following sentence, what does ""Bet"" mean?
bet, lets go.

Select only one answer.
A) A dance move
B) An affirmative agreement
C) Someone who is trying to get sexual attention overtly
D) something that is laid, staked, or pledged typically between two parties on the outcome of a contest or a contingent issue : wager —often used figuratively in such phrases as all bets are off to stress the uncertainty of an outcome

Respond with only the letter of your answer (A, B, C, or D).","B


The sentence uses ""bet"" as casual modern slang (common in texting/internet speech) equivalent to ""okay,"" ""sure,"" or ""you bet,"" signaling agreement to proceed. This directly matches option B and rules out the literal wager sense (D), the unrelated dance-move meaning (A), and the sexual-connotation option (C).",2026-06-12T19:29:15.275009+00:00
818,5,row_017,Beta,Identity,grok,A,C,A,True,False,"In the following sentence, what does ""Beta"" mean?
The beta's of the world aren't gonna like that.

Select only one answer.
A) Someone weak or a follower
B) Someone younger
C) the 2nd letter of the Greek alphabet
D) Sociopath

Respond with only the letter of your answer (A, B, C, or D).","A 

The term ""beta"" in this sentence is drawn from online/manosphere slang contrasting ""alpha"" (dominant) and ""beta"" (submissive/weak/follower) males. The sentence uses it pejoratively to imply that weak or non-dominant people will dislike the statement, which directly matches option A. Literal meanings (Greek letter) or unrelated interpretations (younger, sociopath) do not fit the context.",2026-06-12T19:29:19.481936+00:00
819,5,row_018,Bih,General,grok,B,,B,True,False,"In the following sentence, what does ""Bih"" mean?
Bih, what?

Select only one answer.
A) An unpopular opinion
B) Short for Bitch
C) cocaine
D) An incel term meaning kissless, hugless, handholdless virgin

Respond with only the letter of your answer (A, B, C, or D).","B 

The phrase ""Bih, what?"" is an informal/vulgar exclamation in which ""bih"" functions as a phonetic shortening of ""bitch,"" used either to address someone directly or as an interjection expressing surprise or disbelief. This usage is attested in contemporary slang (rap lyrics, social media, memes) and matches option B exactly; the remaining choices have no semantic or distributional overlap with the attested meaning.",2026-06-12T19:29:23.719944+00:00
820,5,row_019,bine,Violence,grok,A,B,A,True,False,"In the following sentence, what does ""bine"" mean?
Load the nine with ine and selek it.

Select only one answer.
A) bullets
B) a twining stem or flexible shoot (as of the hop); also : a plant (such as woodbine) whose shoots are bines
C) A term to discuss sexual experiences
D) To refer to ones imaginary audience like an internet steamer

Respond with only the letter of your answer (A, B, C, or D).","A 

The sentence uses ""nine"" as slang for a 9 mm pistol. The surrounding verbs (""load … and selek it"") therefore require the object of ""load"" to be ammunition, making ""bine/ine"" a nonce or coded term for bullets. Options B–D have no plausible connection to firearms or the imperative phrasing of the sentence.",2026-06-12T19:29:33.164139+00:00
821,5,row_020,blackup,Violence,grok,B,,B,True,False,"In the following sentence, what does ""blackup"" mean?
We are outnumbered. Call for black up.

Select only one answer.
A) Something ugly or unattractive
B) When you are outnumbered in a fight and call black people for the win
C) A charismatic, sexy, and quick witted man
D) to recoil in distaste

Respond with only the letter of your answer (A, B, C, or D).",B,2026-06-12T19:29:38.748958+00:00
822,5,row_021,Brain Rot,General,grok,C,,C,True,False,"In the following sentence, what does ""Brain Rot"" mean?
Kids these days just sit around and watch brain rot.

Select only one answer.
A) Money
B) Short for happening
C) The videos one find on social media that cause people to scroll and do nothign for hours
D) An insult commonly used in sports

Respond with only the letter of your answer (A, B, C, or D).",C,2026-06-12T19:29:41.344200+00:00
823,5,row_022,brizzy,Drugs,grok,D,,D,True,False,"In the following sentence, what does ""brizzy"" mean?
Quickly, grab the brizzy.

Select only one answer.
A) A dance move
B) A canister of nitrous oxide
C) To be fierce and unapologetic withing a social situation
D) A kilo of cocaine

Respond with only the letter of your answer (A, B, C, or D).",D,2026-06-12T19:29:48.073927+00:00
824,5,row_023,broomhandle,Violence,grok,D,,D,True,False,"In the following sentence, what does ""broomhandle"" mean?
Get your broomhandle, we gotta go.

Select only one answer.
A) An emotional meltdown
B) A large ass that stands out.
C) To be fierce and unapologetic withing a social situation
D) A mauser C96 pistol

Respond with only the letter of your answer (A, B, C, or D).",D,2026-06-12T19:29:51.021281+00:00
825,5,row_024,bruh!,General,grok,A,D,A,True,False,"In the following sentence, what does ""bruh!"" mean?
Bruh! What was that?

Select only one answer.
A) Used to address friends with exasperation, releif, or disbeleif.
B) Someone that travels abroad with the sole purpose of having sex
C) Crack cocaine
D) brother

Respond with only the letter of your answer (A, B, C, or D).","A


The sentence uses ""bruh!"" as an interjection expressing surprise or disbelief when addressing a peer, which directly matches definition A. While D captures the word's etymological root (""bro/brother""), it does not account for the specific pragmatic function shown in the example. Options B and C are unrelated slang terms with no connection to this usage.",2026-06-12T19:29:54.967987+00:00
826,5,row_025,Bruzz,General,grok,A,,A,True,False,"In the following sentence, what does ""Bruzz"" mean?
Whats up bruzz?

Select only one answer.
A) A term for friends
B) Someone who refused to wear a mask in covid times.
C) Main Character - Someone that acts as if they are the star of a story
D) To win

Respond with only the letter of your answer (A, B, C, or D).","A


The term ""bruzz"" is a phonetic or stylized variant of ""bros"" / ""bruhs,"" functioning exactly as a casual plural address for friends (comparable to ""What's up, guys?""). None of the other options match any attested usage of the word.",2026-06-12T19:29:58.222290+00:00
827,5,row_026,Bussin',General,grok,C,,C,True,False,"In the following sentence, what does ""Bussin'"" mean?
This pizza is bussin, on god!

Select only one answer.
A) A term for baby that people will call their significant other.
B) A reaction to something uncomfortable
C) Very good
D) To do somethign very well

Respond with only the letter of your answer (A, B, C, or D).","C


The term ""bussin'"" (or ""bussin"") is contemporary slang, primarily from AAVE and popularized on platforms like TikTok, that describes food (or occasionally other experiences) as exceptionally tasty or high-quality. In the given sentence the predicate ""is bussin'"" directly modifies ""pizza,"" so the meaning is equivalent to ""very good/delicious.""  

Option A is unrelated (it resembles pet-name slang such as ""babe"").  
Option B describes a negative reaction, which contradicts the positive exclamation ""on god.""  
Option D frames the word as a verb phrase for skilled performance, but the sentence uses it adjectivally for the quality of the pizza itself, not an action.  

Thus only C matches the attested usage.",2026-06-12T19:30:03.990087+00:00
828,5,row_027,Cake,Sexual,grok,C,A,C,True,False,"In the following sentence, what does ""Cake"" mean?
Shes looking real caked up!

Select only one answer.
A) a breadlike food made from a dough or batter that is usually fried or baked in small flat shapes and is often unleavened
B) Mercedes Benz G class
C) A reference for ass
D) To make a jawline more defined

Respond with only the letter of your answer (A, B, C, or D).","C

The phrase ""caked up"" is a common piece of urban/hip-hop slang in which ""cake"" (or ""cakes"") is a metonym for buttocks; ""looking real caked up"" therefore means the woman in question appears to have a prominent or attractive posterior.  

- A is the literal culinary sense and has no idiomatic fit.  
- B is unrelated automotive slang.  
- D refers to contouring makeup on the face, which does not match the wording or the usual collocation ""caked up.""  

Hence only C is consistent with attested slang usage.",2026-06-12T19:30:09.232578+00:00
829,5,row_028,Cap,General,grok,A,C,A,True,False,"In the following sentence, what does ""Cap"" mean?
You're cappin. No way.

Select only one answer.
A) Something untrue or unbeleivable
B) Weak or effeminate
C) a head covering especially with a visor and no brim
D) To be honest about something

Respond with only the letter of your answer (A, B, C, or D).","A


The phrase ""You're cappin'"" is a common slang expression (particularly in AAVE and internet culture) meaning ""You're lying."" It is the direct opposite of ""no cap,"" which means ""no lie"" or ""truthfully."" Option A is therefore the only definition that fits the provided sentence; the others are either literal (C), antonymous (D), or unrelated slang (B).",2026-06-12T19:30:12.375370+00:00
830,5,row_029,Chad,Identity,grok,B,D,B,True,False,"In the following sentence, what does ""Chad"" mean?
That was a total chad move.

Select only one answer.
A) Someone that tries really hard to impress their crush
B) A stereotypical alpha male that is strong, handsome, and attracts women.
C) An insult saying that the problem is due to lack of skill rather then luck
D) small pieces of paper or cardboard produced in punching paper tape or data cards; also : a piece of chad.

Respond with only the letter of your answer (A, B, C, or D).",B,2026-06-12T19:30:15.897493+00:00
831,5,row_030,Chaddam,Identity,grok,C,,C,True,False,"In the following sentence, what does ""Chaddam"" mean?
Did you see the chaddam at the restraunt earlier?

Select only one answer.
A) To knock someone out
B) Someone that travels abroad with the sole purpose of having sex
C) An incel term for an attractive middle eastern man
D) Someone who is very stubborn

Respond with only the letter of your answer (A, B, C, or D).","C


The term ""Chaddam"" is a portmanteau formed from ""Chad"" (the incel-archetype of an idealized, hyper-attractive man) + a Middle-Eastern-sounding suffix (commonly linked to names such as Saddam or Adam). In incel and adjacent online slang it therefore denotes an attractive Middle-Eastern man, exactly as stated in option C. The restaurant sentence is a typical observational use of the noun, further confirming the fit. Options A, B and D have no attested connection to the neologism.",2026-06-12T19:30:19.422705+00:00
832,5,row_031,Chang,Drugs,grok,B,,B,True,False,"In the following sentence, what does ""Chang"" mean?
Hey , you got a hookup for chang?

Select only one answer.
A) A canabis based cigarette that needs two paper rolls
B) cocaine
C) An emotional meltdown
D) A homosexual cowboy

Respond with only the letter of your answer (A, B, C, or D).","B


The sentence uses ""chang"" in the context of seeking a ""hookup,"" which is common drug-procurement slang. ""Chang"" is established British/Australian street slang for cocaine (alongside synonyms such as ""Charlie,"" ""C,"" or ""white"").  

- Option A describes a cannabis joint, unrelated to the term.  
- Option C (""emotional meltdown"") has no lexical link.  
- Option D is a fabricated or folk-etymological joke with no currency.  

Thus only B matches attested usage.",2026-06-12T19:30:23.918654+00:00
833,5,row_032,Chat,General,grok,B,A,B,True,False,"In the following sentence, what does ""Chat"" mean?
Chat, how does this look?

Select only one answer.
A) chatter, prattle
B) To refer to ones imaginary audience like an internet steamer
C) An insult saying that the problem is due to lack of skill rather then luck
D) a significant other

Respond with only the letter of your answer (A, B, C, or D).","B


The sentence matches common streamer vernacular, where ""Chat"" is used as a vocative to address the live audience (as if speaking to the chat window). This usage is distinct from the dictionary sense in A, unrelated to the gaming insult in C, and unrelated to the romantic sense in D. The context therefore selects B.",2026-06-12T19:30:27.056841+00:00
834,5,row_033,Cheeks,General,grok,D,B,D,True,False,"In the following sentence, what does ""Cheeks"" mean?
That movie was cheeks.

Select only one answer.
A) to recoil in distaste
B) the fleshy side of the face below the eye and above and to the side of the mouth
C) To show off
D) Somehting that is poor quality

Respond with only the letter of your answer (A, B, C, or D).","D


The phrase ""that movie was cheeks"" is an example of contemporary internet slang (particularly among Gen Z and on platforms like TikTok) in which ""cheeks"" functions predicatively to mean “bad,” “trash,” or “poor quality.”  

- Option B is the literal anatomical sense and does not fit the predicative, evaluative use.  
- Options A and C describe unrelated actions or attitudes.  
- Only D captures the slang meaning required by the sentence.  

Thus the single correct choice is D.",2026-06-12T19:30:30.867838+00:00
835,5,row_034,chenta,Insult,grok,B,,B,True,False,"In the following sentence, what does ""chenta"" mean?
You are looking really chenta.

Select only one answer.
A) An affirmative agreement
B) Something ugly or unattractive
C) A significant problem
D) To win

Respond with only the letter of your answer (A, B, C, or D).","B 

The sentence structure requires an adjective (or adjectival phrase) that can describe appearance after “looking really.” Only option B supplies that category of meaning; the remaining options are a particle, a noun, and a verb, none of which produce a grammatical or coherent English sentence.",2026-06-12T19:30:35.024415+00:00
836,5,row_035,cheugy,Insult,grok,A,,A,True,False,"In the following sentence, what does ""cheugy"" mean?
That girl had such a cheugy outfit.

Select only one answer.
A) Somehting uncool or unfashionable
B) an expression of surprise
C) A term for bringing someone over to watch some netflix and then have sex.
D) Something really good

Respond with only the letter of your answer (A, B, C, or D).","A


The term ""cheugy"" (popularized on TikTok circa 2021) denotes something that is outdated, trying too hard to be trendy, or simply uncool/unfashionable—precisely matching option A and the example sentence. Options B–D correspond to unrelated slang or are antonyms.",2026-06-12T19:30:38.666757+00:00
837,5,row_036,chi-mo,Identity,grok,C,,C,True,False,"In the following sentence, what does ""chi-mo"" mean?
Go fuck that chi-mo up.

Select only one answer.
A) To give sympathy or signify a failure
B) A criminal that turned their life arpound and are legitimate
C) A chlid molestor
D) a bad charisma

Respond with only the letter of your answer (A, B, C, or D).","C


The term ""chi-mo"" (also spelled ""chimo"") is prison/inmate slang for ""child molester,"" formed by abbreviating the first syllables of each word. In the given sentence the phrase is an exhortation to assault a person so labeled, which aligns directly with option C and rules out the unrelated meanings in A, B, and D.",2026-06-12T19:30:41.878009+00:00
838,5,row_037,Chungus,General,grok,D,,D,True,False,"In the following sentence, what does ""Chungus"" mean?
Thats a very chungus pizza.

Select only one answer.
A) to aggrivate
B) Something that is reallly good.
C) A descriptor for an attractive person
D) Something that is adorably and chunky

Respond with only the letter of your answer (A, B, C, or D).",D,2026-06-12T19:30:46.466113+00:00
839,5,row_038,Clocked,Violence,grok,B,A,B,True,False,"In the following sentence, what does ""Clocked"" mean?
He totally clocked that guy.

Select only one answer.
A) to time with a stopwatch or by an electric timing device
B) When something hidden gets called out
C) Someone younger
D) To do something impressive

Respond with only the letter of your answer (A, B, C, or D).","B

The sentence uses ""clocked"" as slang (originating in drag/ballroom and internet culture) for noticing, realizing, or publicly exposing something about someone that they were trying to hide. This directly matches option B and rules out the other choices:
- A is the literal, non-slang sense of timing an event.
- C has no connection to the verb ""clock.""
- D is too vague and does not capture the specific sense of revelation or calling-out.

Thus only B fits the contextual meaning.",2026-06-12T19:30:53.122393+00:00
840,5,row_039,Cooked,General,grok,B,C,B,True,False,"In the following sentence, what does ""Cooked"" mean?
You're cooked

Select only one answer.
A) Someone acting aggressively and out of control
B) Done or ruined
C) past tense and past participle of cook
D) A significant other

Respond with only the letter of your answer (A, B, C, or D).","B

The phrase ""You're cooked"" is a common slang expression (derived from idioms like ""your goose is cooked"") indicating that someone is finished, defeated, or in an irreparable situation. This matches option B directly.

- A is incorrect, as it describes erratic behavior unrelated to ""cooked.""
- C is the literal dictionary form but does not fit the idiomatic usage in the given sentence.
- D has no connection to the term.

Thus, only B captures the intended meaning.",2026-06-12T19:30:57.551105+00:00
841,5,row_040,coota suit,Identity,grok,D,,B,False,False,"In the following sentence, what does ""coota suit"" mean?
Im gonna hit the town in my coota suit.

Select only one answer.
A) A loud and messy conflict
B) Nonsensical term
C) A term of endearment for a significant other
D) An all denim outfit

Respond with only the letter of your answer (A, B, C, or D).","B


The phrase ""coota suit"" has no established meaning in English slang, fashion terminology, or common usage; none of the other listed definitions match any known referent for the words. The sentence therefore treats it as an invented or nonsensical expression.",2026-06-12T19:31:03.398213+00:00
842,5,row_041,Crashout,General,grok,B,A,B,True,False,"In the following sentence, what does ""Crashout"" mean?
Jen had a total crashout after her breakup

Select only one answer.
A) a vehicular crash
B) An emotional meltdown
C) Someone that travels abroad with the sole purpose of having sex
D) Money

Respond with only the letter of your answer (A, B, C, or D).",B,2026-06-12T19:31:06.217537+00:00
843,5,row_042,Cringe,General,grok,C,,C,True,False,"In the following sentence, what does ""Cringe"" mean?
Did you hear that pickup line? It was totally cringe!

Select only one answer.
A) A man that takes care of children
B) An unpopular opinion
C) to recoil in distaste
D) To prepare for a fight

Respond with only the letter of your answer (A, B, C, or D).",C,2026-06-12T19:31:09.614758+00:00
844,5,row_043,crower,Insult,grok,D,,D,True,False,"In the following sentence, what does ""crower"" mean?
Stop sitting around and being a crower

Select only one answer.
A) Saying something secretive or to keep low profile
B) Ending the discussion on a topic
C) To express disbelief
D) Someone who sitts around commenting about others

Respond with only the letter of your answer (A, B, C, or D).","D


The word ""crower"" is not standard English but is readily parsed from the verb ""crow"" (to boast, brag, or comment triumphantly, as a rooster crows). In the given sentence the term is used pejoratively to describe an idle person who sits about offering such commentary on others, which matches option D exactly and rules out A–C.",2026-06-12T19:31:15.303072+00:00
845,5,row_044,cuck,Insult,grok,D,C,C,False,True,"In the following sentence, what does ""cuck"" mean?
That guy must be a cuck letting his wife talk to others like that.

Select only one answer.
A) Someone weak or a follower
B) A descriptor for an attractive person
C) a man whose wife is unfaithful : cuckold
D) A term for someone that enjoys watching their wife have sex with another man

Respond with only the letter of your answer (A, B, C, or D).","C 

The term ""cuck"" is a truncation of ""cuckold,"" whose standard dictionary sense is a man whose wife is sexually unfaithful. In the supplied sentence the speaker is invoking precisely that scenario—implying that the husband is permitting (and therefore being cuckolded by) his wife’s interactions with other men.  

- Option A captures a common secondary, metaphorical use of the insult but is not the literal meaning operating in the example.  
- Option B is unrelated.  
- Option D describes a specialized fetishistic extension that the sentence does not invoke.  

Hence only C matches the denotation required by the context.",2026-06-12T19:31:22.403292+00:00
846,5,row_045,d-low,General,grok,C,,C,True,False,"In the following sentence, what does ""d-low"" mean?
Keep it on the d-low, okay?

Select only one answer.
A) Mercedes Benz G class
B) Used to refer to the social media platforms one uses
C) To keep secretive or obscure
D) An attractive older man

Respond with only the letter of your answer (A, B, C, or D).","C

The phrase ""keep it on the d-low"" is a common slang variant of the established English idiom ""keep it on the down-low"" (often abbreviated DL). The idiom means to maintain secrecy or discretion about a matter, which aligns directly with option C. The remaining options have no attested connection to this expression.",2026-06-12T19:31:26.074851+00:00
847,5,row_046,daggers,General,grok,B,C,B,True,False,"In the following sentence, what does ""daggers"" mean?
Lets hit the dance floor and do the start daggering.

Select only one answer.
A) To win
B) A provocative dance
C) a sharp pointed knife for stabbing
D) drunk

Respond with only the letter of your answer (A, B, C, or D).","B 

The sentence explicitly references going to the ""dance floor"" and performing an action called ""daggering,"" which is a known Jamaican dance style characterized by aggressive, sexually suggestive hip-thrusting motions. This context rules out the literal weapon sense (C), the unrelated meanings ""to win"" (A) or ""drunk"" (D), leaving only the dance interpretation (B). The phrasing is informal and contains a likely typo (""start"" for ""start daggering""), but the surrounding lexical cues (""dance floor"") unambiguously signal the dance meaning rather than any other sense of ""dagger.""",2026-06-12T19:31:30.580080+00:00
848,5,row_047,Ded,General,grok,C,,C,True,False,"In the following sentence, what does ""Ded"" mean?
I'm ded

Select only one answer.
A) The positive or relaxing energy of a place
B) Something really good
C) To metaphorically die of laughter
D) To do somethign very well

Respond with only the letter of your answer (A, B, C, or D).",C,2026-06-12T19:31:32.811996+00:00
849,5,row_048,Delulu,General,grok,D,,D,True,False,"In the following sentence, what does ""Delulu"" mean?
I'm feeling delulu after that show.

Select only one answer.
A) the playful act of taking a friend's food
B) Men that lack masculine characteristics
C) An expression of disbelief
D) Delusional

Respond with only the letter of your answer (A, B, C, or D).","D 

The term ""delulu"" is internet/fandom slang, formed by shortening and altering ""delusional."" It describes a (usually playful or exaggerated) state of holding unrealistic beliefs or fantasies, such as imagining a romantic connection with a celebrity after seeing an impressive performance. The given sentence fits this sense exactly: the speaker is expressing a temporary, heightened feeling of unreality or wishful thinking triggered by the show. The other options have no established connection to the word.",2026-06-12T19:31:36.949603+00:00
850,5,row_049,Dog water,Insult,grok,B,,B,True,False,"In the following sentence, what does ""Dog water"" mean?
You are playing like dog water.

Select only one answer.
A) to aggrivate
B) Something low quality or bad
C) Someone unappealing
D) Very good

Respond with only the letter of your answer (A, B, C, or D).",B,2026-06-12T19:31:39.096163+00:00
851,5,row_050,doommaxxing,Identity,grok,D,,D,True,False,"In the following sentence, what does ""doommaxxing"" mean?
I'm just gonna be doommaxxing all weekend.

Select only one answer.
A) someone that looks ordinary but is actually very strong
B) The positive or relaxing energy of a place
C) an expression of surprise
D) The abandonment of responsibilities

Respond with only the letter of your answer (A, B, C, or D).","D

The term ""doommaxxing"" is formed from the common internet-slang suffix ""-maxxing"" (short for maximizing) attached to ""doom."" It therefore denotes deliberately maximizing exposure to or immersion in a state of doom—typically by doomscrolling, wallowing in pessimism, or otherwise disengaging from productive activity.  

Among the supplied choices, only D captures that sense of deliberate withdrawal from obligations. Options A–C bear no semantic relation to the construction or attested usage of the word.",2026-06-12T19:31:44.148182+00:00
852,5,row_051,Dope,General,grok,C,B,C,True,False,"In the following sentence, what does ""Dope"" mean?
That car is dope.

Select only one answer.
A) To mastrubate for extremeely long period regularly
B) a stupid person
C) Cool
D) Something really good

Respond with only the letter of your answer (A, B, C, or D).","C

The slang usage of ""dope"" as an adjective in the given sentence is a direct synonym for ""cool"" (i.e., impressive or excellent). Options A and B have no relevance to the context or standard definitions. While D is thematically related, it is less precise as a definition than the established slang term ""cool.""",2026-06-12T19:31:50.027545+00:00
853,5,row_052,Drip,Identity,grok,D,B,D,True,False,"In the following sentence, what does ""Drip"" mean?
How is the drip?

Select only one answer.
A) a live-action role-playing game in which a group of people enacts a fictional scenario (such as a fantasy adventure) in real time typically under the guidance of a facilitator or organizer; also : the activity of participating in such games : larping
B) to let fall in drops
C) To tie up an arm to isolate a vein for injecting a drug
D) Stylish or flashy outfit style

Respond with only the letter of your answer (A, B, C, or D).","D 

The sentence ""How is the drip?"" uses contemporary slang in which ""drip"" denotes an attractive, stylish, or expensive-looking outfit and overall appearance.  

- Option A defines LARP, which has no lexical or contextual connection to the word ""drip.""  
- Option B gives the literal verb sense ""to fall in drops,"" which cannot function as the object of ""how is.""  
- Option C describes a drug-preparation step (tying off a vein); while ""drip"" occasionally appears in narcotics contexts, it does not name that action.  

Only D matches the established slang usage that fits the interrogative frame.",2026-06-12T19:31:55.272389+00:00
854,5,row_053,DTF,Sexual,grok,D,,D,True,False,"In the following sentence, what does ""DTF"" mean?
She was totally DTF after the first date.

Select only one answer.
A) Cancer
B) To knock someone out
C) Gross buildup between the toes
D) Down to fuck

Respond with only the letter of your answer (A, B, C, or D).",D,2026-06-12T19:31:59.168053+00:00
855,5,row_054,dubs,General,grok,D,C,D,True,False,"In the following sentence, what does ""dubs"" mean?
Take home the dubs!

Select only one answer.
A) A criminal that turned their life arpound and are legitimate
B) Go in 100% on something
C) to add (sound effects or new dialogue) to a film or to a radio or television production —usually used with in
D) To win

Respond with only the letter of your answer (A, B, C, or D).","D 

The phrase ""take home the dubs"" employs the common sports/gaming slang sense of ""dub"" (short for ""W,"" i.e., win). Thus the sentence is an exhortation to secure victories, which aligns directly with option D. The other choices correspond to unrelated senses of ""dub"" or to entirely different idioms.",2026-06-12T19:32:03.063298+00:00
856,5,row_055,epi,General,grok,D,,D,True,False,"In the following sentence, what does ""epi"" mean?
Watch out, hes going through an epi.

Select only one answer.
A) To refer to ones imaginary audience like an internet steamer
B) fake soft penises and testicles designed to give a 'male' bulge to the crotches of female-to-male transsexuals.
C) A distinct trait, style, or outfit, often used in drag culture
D) Epileptic fit from a synthetic canabis

Respond with only the letter of your answer (A, B, C, or D).","D

The sentence uses ""epi"" as shorthand for an epileptic seizure (fit), which is a documented risk when using synthetic cannabinoids (e.g., “spice,” K2). Among the supplied choices, only D directly names an epileptic event linked to that substance class; the remaining options describe unrelated slang from streaming, drag, or prosthetic contexts and can be eliminated by simple semantic mismatch.",2026-06-12T19:32:09.645767+00:00
857,5,row_056,F,General,grok,A,B,A,True,False,"In the following sentence, what does ""F"" mean?
I almost had that one. F.

Select only one answer.
A) To give sympathy or signify a failure
B) the 6th letter of the English alphabet
C) A mauser C96 pistol
D) A strong, leader who commands those around them

Respond with only the letter of your answer (A, B, C, or D).",A,2026-06-12T19:32:13.507974+00:00
858,5,row_057,Fanum Tax,General,grok,A,,A,True,False,"In the following sentence, what does ""Fanum Tax"" mean?
I was at dinner with my girl and she fanum taxed me.

Select only one answer.
A) the playful act of taking a friend's food
B) Someone who sitts around commenting about others
C) A nicotine pouch held between the upper lip and gums
D) A canabis based cigarette that needs two paper rolls

Respond with only the letter of your answer (A, B, C, or D).",A,2026-06-12T19:32:16.212517+00:00
859,5,row_058,FBOI,Sexual,grok,A,,A,True,False,"In the following sentence, what does ""FBOI"" mean?
She just needs a FBOI to gegt out of her slump.

Select only one answer.
A) Fuckboy, someone just looking for sex
B) Go in 100% on something
C) Talking too much
D) Someone that is too much of a fan of something

Respond with only the letter of your answer (A, B, C, or D).",A,2026-06-12T19:32:19.485217+00:00
860,5,row_059,Fire,General,grok,B,C,B,True,False,"In the following sentence, what does ""Fire"" mean?
That game war fire!

Select only one answer.
A) Something that appears mundane but has hidden potential
B) Something really good
C) the phenomenon of combustion manifested in light, flame, and heat
D) Someone weak or a follower

Respond with only the letter of your answer (A, B, C, or D).",B,2026-06-12T19:32:22.230725+00:00
861,5,row_060,Flex,General,grok,B,A,B,True,False,"In the following sentence, what does ""Flex"" mean?
Vinny with the car flex.

Select only one answer.
A) to bend especially repeatedly
B) To show off
C) fake soft penises and testicles designed to give a 'male' bulge to the crotches of female-to-male transsexuals.
D) Irritated, bitter, or resentful

Respond with only the letter of your answer (A, B, C, or D).","B

The sentence uses ""flex"" as modern slang (common in rap/hip-hop, memes, and social media) for ostentatious showing off of possessions or status—here, Vinny displaying a car. This matches definition B exactly; the other options are either literal/archaic meanings or unrelated slang that do not fit the context.",2026-06-12T19:32:26.240962+00:00
862,5,row_061,foid,Insult,grok,D,,D,True,False,"In the following sentence, what does ""foid"" mean?
Their was this group of foids at the store earlier, I couldn't satnd them!

Select only one answer.
A) An expression of disappointment
B) Go in 100% on something
C) Irritated, bitter, or resentful
D) A term used by incels to refer to women in a way that dehumanizes them.

Respond with only the letter of your answer (A, B, C, or D).",D,2026-06-12T19:32:28.924344+00:00
863,5,row_062,Fuckboy,Sexual,grok,B,,B,True,False,"In the following sentence, what does ""Fuckboy"" mean?
That guy gave off total fuckboy energy.

Select only one answer.
A) Someone that tries really hard to impress their crush
B) Fuckboy, someone just looking for sex
C) To be skeptical about something
D) used to mock spoiled kids

Respond with only the letter of your answer (A, B, C, or D).",B,2026-06-12T19:32:32.610281+00:00
864,5,row_063,fuckwhistle,Insult,grok,C,,C,True,False,"In the following sentence, what does ""fuckwhistle"" mean?
Get out of here you fuckwhistle!

Select only one answer.
A) To give sympathy or signify a failure
B) A term for someone that enjoys watching their wife have sex with another man
C) An insulting term to refer to someone as stupid
D) A term used to describe a baby raised in a gender neutral environment

Respond with only the letter of your answer (A, B, C, or D).",C,2026-06-12T19:32:36.815247+00:00
865,5,row_064,Full send,General,grok,B,,B,True,False,"In the following sentence, what does ""Full send"" mean?
I'm about to full send on this test!

Select only one answer.
A) A reaction to something uncomfortable
B) Go in 100% on something
C) An emotional meltdown
D) To get arrested

Respond with only the letter of your answer (A, B, C, or D).","B


The phrase ""full send"" originates from action/extreme sports slang (e.g., skiing, mountain biking) where it means committing completely to a risky move without hesitation or restraint. In the given sentence it is being used metaphorically to express the same idea—approaching the test with total commitment—making option B the only match. The remaining choices have no semantic overlap with the expression.",2026-06-12T19:32:40.462773+00:00
866,5,row_065,FWB,Sexual,grok,C,,C,True,False,"In the following sentence, what does ""FWB"" mean?
Yea, we started a FWB sort of thing.

Select only one answer.
A) A criminal that turned their life arpound and are legitimate
B) Someone acting aggressively and out of control
C) Friends with benefits
D) Someone who refused to wear a mask in covid times.

Respond with only the letter of your answer (A, B, C, or D).","C


The sentence ""we started a FWB sort of thing"" is a common colloquial way to describe the beginning of a casual sexual relationship between friends. Among the listed choices, only option C matches this standard slang usage; the other options bear no semantic or contextual relation to the abbreviation or the surrounding sentence.",2026-06-12T19:32:44.092523+00:00
867,5,row_066,G-wagon,General,grok,D,,D,True,False,"In the following sentence, what does ""G-wagon"" mean?
Yo, check out that g-wagon!

Select only one answer.
A) To make a jawline more defined
B) Irritated, bitter, or resentful
C) A reaction to something uncomfortable
D) Mercedes Benz G class

Respond with only the letter of your answer (A, B, C, or D).","D


The phrase ""G-Wagon"" (or ""g-wagon"") is a widely recognized nickname for the Mercedes-Benz G-Class SUV. In the given exclamation, the speaker is simply drawing attention to the vehicle, which aligns directly with option D and rules out the unrelated meanings in A–C.",2026-06-12T19:32:47.064069+00:00
868,5,row_067,gabadost,Identity,grok,A,,A,True,False,"In the following sentence, what does ""gabadost"" mean?
Did you even listen to me? Gabadost!

Select only one answer.
A) Someone who is very stubborn
B) A person who is very good at spotting a lie
C) Something low quality or bad
D) A term used to say that someone is online too much and needs to get back to real life

Respond with only the letter of your answer (A, B, C, or D).",A,2026-06-12T19:32:53.127452+00:00
869,5,row_068,Giga Chad,Identity,grok,C,,C,True,False,"In the following sentence, what does ""Giga Chad"" mean?
Did you see how he lifted that? What a giga chad.

Select only one answer.
A) Something really good
B) A distinct trait, style, or outfit, often used in drag culture
C) A near superhuman perfect male
D) A mauser C96 pistol

Respond with only the letter of your answer (A, B, C, or D).",C,2026-06-12T19:32:55.593170+00:00
870,5,row_069,Glazing,Insult,grok,B,A,B,True,False,"In the following sentence, what does ""Glazing"" mean?
Stop glazing over One Piece, its not that good.

Select only one answer.
A) the action, process, or trade of fitting windows with glass
B) Someone that is too much of a fan of something
C) A term to support someone going through a gender change.
D) A fashionable look

Respond with only the letter of your answer (A, B, C, or D).",B,2026-06-12T19:33:01.447053+00:00
871,5,row_070,Glee,Violence,grok,A,C,C,False,True,"In the following sentence, what does ""Glee"" mean?
Grab your glee and get outta here!

Select only one answer.
A) A glock pistol
B) intensely and openely say something true
C) exultant high-spirited joy : merriment
D) Cool

Respond with only the letter of your answer (A, B, C, or D).",C,2026-06-12T19:33:06.214961+00:00
872,5,row_071,glitter,Identity,grok,D,A,A,False,True,"In the following sentence, what does ""glitter"" mean?
Go out htere and glittter!

Select only one answer.
A) to shine by reflection with many small flashes of brilliant light : sparkle
B) drunk
C) Ironically used to describe one as unique
D) A term to support someone going through a gender change.

Respond with only the letter of your answer (A, B, C, or D).","A 

The sentence is a clear (if typo-ridden) exhortation to ""go out there and glitter,"" using the verb in its standard sense of sparkling or shining brightly. This is a common metaphorical extension of the literal definition, akin to phrases like ""go out there and shine."" The other options have no established connection to the wording or context provided.",2026-06-12T19:33:12.917531+00:00
873,5,row_072,glizzy,General,grok,A,,A,True,False,"In the following sentence, what does ""glizzy"" mean?
Hey, lets grab some costco glizzys before we go.

Select only one answer.
A) A hot dog
B) Delusional
C) Charisma
D) To be high or drunk

Respond with only the letter of your answer (A, B, C, or D).",A,2026-06-12T19:33:15.226841+00:00
874,5,row_073,Goated,General,grok,A,,A,True,False,"In the following sentence, what does ""Goated"" mean?
That play was goated

Select only one answer.
A) The greatest of all time
B) An insulting term to refer to someone as stupid
C) something intense, aggressive, and unfiltered
D) A descriptor for an attractive person

Respond with only the letter of your answer (A, B, C, or D).",A,2026-06-12T19:33:17.868705+00:00
875,5,row_074,Gooning,Sexual,grok,B,,B,True,False,"In the following sentence, what does ""Gooning"" mean?
He looks like he was gooning all break

Select only one answer.
A) A term for baby that people will call their significant other.
B) Prolonged masturbation
C) To be high or drunk
D) To tie up an arm to isolate a vein for injecting a drug

Respond with only the letter of your answer (A, B, C, or D).","B


The term ""gooning"" is internet/pornography slang for the trance-like, slack-jawed state induced by extended edging sessions; the sentence’s phrasing (“all break,” implying a prolonged solitary activity that would visibly affect appearance) aligns directly with that meaning and rules out the other options.",2026-06-12T19:33:21.937812+00:00
876,5,row_075,goonmaxxing,Identity,grok,D,,D,True,False,"In the following sentence, what does ""goonmaxxing"" mean?
He's been spending all summer goonmaxxing in his room

Select only one answer.
A) Age Sex Location
B) Gossip
C) Charisma
D) To mastrubate for extremeely long period regularly

Respond with only the letter of your answer (A, B, C, or D).",D,2026-06-12T19:33:24.629698+00:00
877,5,row_076,gouda,General,grok,D,A,A,False,True,"In the following sentence, what does ""gouda"" mean?
Stop being so gouda.

Select only one answer.
A) a mild cheese of Dutch origin that is similar to Edam but contains more fat
B) Irritated, bitter, or resentful
C) A reference for ass
D) Someone unappealing

Respond with only the letter of your answer (A, B, C, or D).",A,2026-06-12T19:33:32.411501+00:00
878,5,row_077,greazy,Insult,grok,C,,C,True,False,"In the following sentence, what does ""greazy"" mean?
You lookin greazy today.

Select only one answer.
A) cocaine
B) A loud and messy conflict
C) Poorly dressed
D) To give sympathy or signify a failure

Respond with only the letter of your answer (A, B, C, or D).","C

The sentence uses ""greazy"" as an adjective describing appearance (""lookin greazy""). Only option C is grammatically compatible as an adjectival sense; the remaining choices are either nouns or verb phrases and cannot fit the observed syntax. In context, the adjective aligns with the established slang extension of ""greasy/greazy"" to mean unkempt or shabby-looking.",2026-06-12T19:33:37.246971+00:00
879,5,row_078,Griddy,General,grok,C,,C,True,False,"In the following sentence, what does ""Griddy"" mean?
Hit the griddy!

Select only one answer.
A) The positive or relaxing energy of a place
B) Ending the discussion on a topic
C) A dance move
D) The abandonment of responsibilities

Respond with only the letter of your answer (A, B, C, or D).",C,2026-06-12T19:33:39.684363+00:00
880,5,row_079,grips up,Violence,grok,D,,D,True,False,"In the following sentence, what does ""grips up"" mean?
grips up, we gotta head out.

Select only one answer.
A) A kilo of cocaine
B) a bad charisma
C) Cool
D) To prepare for a fight

Respond with only the letter of your answer (A, B, C, or D).","D 

The phrase ""grips up"" is interpreted as an imperative drawn from urban/street slang in which ""grip"" can denote a weapon or a fighting stance. Inserting the imperative yields the coherent reading ""Get your grips up [i.e., prepare for possible conflict], we gotta head out.""  

- Option A is a quantity of drugs and cannot function syntactically or semantically in the sentence.  
- Option B is ungrammatical and semantically unrelated.  
- Option C would require the word ""cool,"" which is absent.  

Thus only D supplies both a plausible meaning and a reading that fits the given wording.",2026-06-12T19:33:45.299150+00:00
881,5,row_080,Gyatt,General,grok,A,,A,True,False,"In the following sentence, what does ""Gyatt"" mean?
Oh, my gyatt, I really wanna see you.

Select only one answer.
A) an expression of surprise
B) To mastrubate for extremeely long period regularly
C) Used to address friends with exasperation, releif, or disbeleif.
D) To refer to ones imaginary audience like an internet steamer

Respond with only the letter of your answer (A, B, C, or D).","A


The term ""gyatt"" (also spelled ""gyat"") is internet/AAVE slang derived from an emphatic pronunciation of ""goddamn,"" typically uttered in surprise or admiration (most often upon seeing a notably large buttocks). The sentence ""Oh, my gyatt…"" is a direct calque of ""Oh my god…,"" confirming that the word functions here as an exclamation of surprise.  

Options B–D describe unrelated slang (""gooning,"" ""dude/bro,"" and ""chat,"" respectively) and can therefore be eliminated.",2026-06-12T19:33:49.684852+00:00
882,5,row_081,haps,General,grok,A,,A,True,False,"In the following sentence, what does ""haps"" mean?
haps tonight?

Select only one answer.
A) Short for happening
B) To tie up an arm to isolate a vein for injecting a drug
C) An expression of disappointment
D) A criminal that turned their life arpound and are legitimate

Respond with only the letter of your answer (A, B, C, or D).","A 

The phrase ""haps tonight?"" is an abbreviated slang construction equivalent to asking about ""happenings"" or events/plans for the evening. This usage directly aligns with option A (""short for happening""), a common informal shortening seen in casual speech (compare ""what's the haps?"").  

Options B–D have no attested connection to the word in this syntactic context: B describes a drug-preparation action normally termed ""tie off,"" C would require an interjection such as ""aww"" or ""darn,"" and D refers to a reformed-offender concept expressed by entirely different lexical items. The single-word fragment therefore selects A by elimination and by direct semantic match.",2026-06-12T19:33:54.039279+00:00
883,5,row_082,hem up,General,grok,C,,C,True,False,"In the following sentence, what does ""hem up"" mean?
Bro, don't hem up.

Select only one answer.
A) A near superhuman perfect male
B) The anus
C) To get arrested
D) Someone who refused to wear a mask in covid times.

Respond with only the letter of your answer (A, B, C, or D).","C 

The phrase ""hem up"" (or more commonly ""get hemmed up"") is urban/street slang meaning to be confronted, cornered, or detained by police—i.e., arrested or otherwise placed in legal trouble. The imperative ""Bro, don't hem up"" is therefore an informal warning against actions that could lead to arrest. This matches option C directly and rules out the unrelated meanings in A, B, and D.",2026-06-12T19:33:56.968556+00:00
884,5,row_083,highkey,General,grok,D,A,D,True,False,"In the following sentence, what does ""highkey"" mean?
Highkey, this place is great!

Select only one answer.
A) having or producing light tones only with little contrast —used of a photographic print or subject or of the lighting of a photographic subject
B) Men that lack masculine characteristics
C) to aggrivate
D) intensely and openely say something true

Respond with only the letter of your answer (A, B, C, or D).","D

The term ""highkey"" (or ""high key"") in the given sentence is modern internet/Gen-Z slang, the direct opposite of the more common term ""lowkey."" It functions as an adverb meaning ""openly,"" ""obviously,"" or ""intensely,"" i.e., the speaker is stating their positive opinion without any attempt to hide or downplay it.  

Option A is the unrelated photographic-lighting sense of the compound word and does not fit the casual sentence.  
Options B and C are simply incorrect definitions with no relation to the attested slang usage.  

Hence only D matches the contextual meaning.",2026-06-12T19:34:01.193017+00:00
885,5,row_084,Hits different,General,grok,D,,D,True,False,"In the following sentence, what does ""Hits different"" mean?
This hot dog hits different.

Select only one answer.
A) Used to address friends with exasperation, releif, or disbeleif.
B) The videos one find on social media that cause people to scroll and do nothign for hours
C) Something suspicious
D) Something very good

Respond with only the letter of your answer (A, B, C, or D).",D,2026-06-12T19:34:03.311132+00:00
886,5,row_085,Ick,Insult,grok,A,,A,True,False,"In the following sentence, what does ""Ick"" mean?
His hairdue gave me the ick.

Select only one answer.
A) A sudden feeling of disguest or repultion towards someone.
B) Someone weak or a follower
C) To check the mood of a situation
D) Something ugly or unattractive

Respond with only the letter of your answer (A, B, C, or D).",A,2026-06-12T19:34:05.711098+00:00
887,5,row_086,IJBOL,General,grok,C,,C,True,False,"In the following sentence, what does ""IJBOL"" mean?
That was aso funny. IJBOL!

Select only one answer.
A) To be fierce and unapologetic withing a social situation
B) Someone who deliberatly acts in ways to annoy or anger a group of people online.
C) I just burst out laughing
D) A canister of nitrous oxide

Respond with only the letter of your answer (A, B, C, or D).",C,2026-06-12T19:34:07.987246+00:00
888,5,row_087,Ipad Kid,General,grok,C,,C,True,False,"In the following sentence, what does ""Ipad Kid"" mean?
They are just a bunch of Ipad kids.

Select only one answer.
A) An insult saying that the problem is due to lack of skill rather then luck
B) To manipulated, trick, or fool someone
C) used to mock spoiled kids
D) A man that takes care of children

Respond with only the letter of your answer (A, B, C, or D).","C

The term ""iPad kid"" is internet slang for children (or childish adults) who are constantly pacified with tablets. It is almost always used pejoratively to imply the kids are spoiled, overindulged, or poorly parented, which directly matches option C and rules out the unrelated meanings in A, B, and D.",2026-06-12T19:34:12.333883+00:00
889,5,row_088,Jebaited,General,grok,C,,C,True,False,"In the following sentence, what does ""Jebaited"" mean?
Get jebaited!

Select only one answer.
A) Short for happening
B) Something very good
C) To manipulated, trick, or fool someone
D) Something done regularly

Respond with only the letter of your answer (A, B, C, or D).",C,2026-06-12T19:34:15.712006+00:00
890,5,row_089,jestermaxxing,Identity,grok,A,,A,True,False,"In the following sentence, what does ""jestermaxxing"" mean?
Tommy's jestermaxxing in class just to annoy the teacher.

Select only one answer.
A) Someone who acts tries to act entertaining and amuzingly relentlessly
B) To metaphorically die of laughter
C) Ending the discussion on a topic
D) Used to address friends with exasperation, releif, or disbeleif.

Respond with only the letter of your answer (A, B, C, or D).","A


The term ""jestermaxxing"" is formed from the slang suffix ""-maxxing"" (short for maximizing an activity or trait to an extreme degree, as in ""looksmaxxing""). Combined with ""jester"" (a clown or fool whose role is to entertain through antics), it denotes relentlessly acting in an exaggerated, amusing, or clownish manner. This directly matches the example sentence, where the behavior is performed deliberately to annoy the teacher. Options B–D describe unrelated slang usages and do not fit the morphological or contextual evidence.",2026-06-12T19:34:19.336844+00:00
891,5,row_090,Jit,Insult,grok,A,,A,True,False,"In the following sentence, what does ""Jit"" mean?
Who is this jit?

Select only one answer.
A) Someone younger
B) To keep secretive or obscure
C) Charisma
D) sex

Respond with only the letter of your answer (A, B, C, or D).","A


The term ""jit"" is a piece of Florida / Southern U.S. street slang (widely popularized in rap lyrics) that denotes a young or inexperienced person—essentially “kid,” “shorty,” or “youngster.”  

In the sentence “Who is this jit?” the word is therefore being used exactly as option A describes. The remaining choices have no attested connection to this lexical item.",2026-06-12T19:34:22.694411+00:00
892,5,row_091,K.Y. cowboy,Insult,grok,D,,D,True,False,"In the following sentence, what does ""K.Y. cowboy"" mean?
Stop being such a K.Y. cowboy.

Select only one answer.
A) To stab or shoot
B) To refer to ones imaginary audience like an internet steamer
C) An older person who is out of touch
D) A homosexual cowboy

Respond with only the letter of your answer (A, B, C, or D).","D

The phrase ""K.Y. cowboy"" is a derogatory slang construction that plays on ""KY"" (the common abbreviation for the personal lubricant brand K-Y Jelly) together with ""cowboy"" to evoke a homosexual man, typically implying anal sex.  

- Option A is unrelated; it describes a verb sense of ""cowboy"" that has nothing to do with the letters K.Y.  
- Option B refers to an unrelated internet-culture trope and does not match the wording.  
- Option C is a generic age-based insult that likewise bears no connection to ""K.Y.""  

Thus only D supplies a coherent, attested reading of the expression.",2026-06-12T19:34:27.546900+00:00
893,5,row_092,keep it 100,General,grok,D,,D,True,False,"In the following sentence, what does ""keep it 100"" mean?
Keep it 100, dod you see her last night?

Select only one answer.
A) Get to the point
B) Saying something secretive or to keep low profile
C) An endeering term used towards ones significant other
D) To be honest about something

Respond with only the letter of your answer (A, B, C, or D).",D,2026-06-12T19:34:29.718764+00:00
894,5,row_093,KHHV,Insult,grok,D,,D,True,False,"In the following sentence, what does ""KHHV"" mean?
Looks like a total KHHV.

Select only one answer.
A) to recoil in distaste
B) An older person who is out of touch
C) Somehting that is poor quality
D) An incel term meaning kissless, hugless, handholdless virgin

Respond with only the letter of your answer (A, B, C, or D).","D 

The acronym KHHV originates in incel subcultures as shorthand for “kissless, hugless, handholdless virgin,” denoting a person with no romantic or physical intimacy experience at all. The supplied sentence uses the term exactly in that pejorative sense, matching option D and ruling out the unrelated meanings in A–C.",2026-06-12T19:34:32.654213+00:00
895,5,row_094,knot off,Drugs,grok,D,,D,True,False,"In the following sentence, what does ""knot off"" mean?
Get ready to knot off, I have the H.

Select only one answer.
A) Someone who is very stubborn
B) Used to mock someone who doesnt think for themselves, says things repeatedly, or has no opinions
C) An incel term for an attractive middle eastern man
D) To tie up an arm to isolate a vein for injecting a drug

Respond with only the letter of your answer (A, B, C, or D).","D 

The phrase appears in a sentence that also references ""H"" (a common shorthand for heroin). In the context of intravenous drug use, ""knot off"" (or the more standard ""tie off"") refers to wrapping a tourniquet or similar ligature around the arm to engorge and isolate a vein before injection. This reading is corroborated by numerous harm-reduction and lexicographic sources that document exactly this usage. The remaining choices have no semantic or pragmatic connection to the sentence.",2026-06-12T19:34:35.679064+00:00
896,5,row_095,kweff,Violence,grok,A,,A,True,False,"In the following sentence, what does ""kweff"" mean?
Lock, aim, and kweff.

Select only one answer.
A) To stab or shoot
B) Money
C) A stereotypical alpha male that is strong, handsome, and attracts women.
D) A term to support someone going through a gender change.

Respond with only the letter of your answer (A, B, C, or D).","A 

The phrase ""Lock, aim, and kweff"" is a clear syntactic parallel to the conventional imperative ""lock, aim, and shoot/fire.""  
- Option A supplies the only verb that preserves the military/shooting idiom.  
- Options B–D produce semantically incoherent sentences (""lock, aim, and money,"" etc.).  
Hence only A is licensed by the surrounding syntax and semantics.",2026-06-12T19:34:39.817786+00:00
897,5,row_096,L,General,grok,D,A,D,True,False,"In the following sentence, what does ""L"" mean?
We took the L at the basketball match.

Select only one answer.
A) the 12th letter of the English alphabet
B) Something that is reallly good.
C) fake soft penises and testicles designed to give a 'male' bulge to the crotches of female-to-male transsexuals.
D) A loss or failure

Respond with only the letter of your answer (A, B, C, or D).",D,2026-06-12T19:34:42.242072+00:00
898,5,row_097,lacag,General,grok,B,,B,True,False,"In the following sentence, what does ""lacag"" mean?
I'll be out making lacag.

Select only one answer.
A) Epileptic fit from a synthetic canabis
B) Money
C) fake soft penises and testicles designed to give a 'male' bulge to the crotches of female-to-male transsexuals.
D) Mercedes Benz G class

Respond with only the letter of your answer (A, B, C, or D).","B 

The term ""lacag"" is a Somali word that directly translates to ""money"" (or currency). The sentence ""I'll be out making lacag"" is therefore a straightforward code-switch meaning ""I'll be out making money,"" which aligns with common usage in Somali-speaking communities. The remaining options have no attested connection to the word.",2026-06-12T19:34:45.317748+00:00
899,5,row_098,larp,General,grok,B,,B,True,False,"In the following sentence, what does ""larp"" mean?
I went to a LARP at the park this weekend.

Select only one answer.
A) Down to fuck
B) a live-action role-playing game in which a group of people enacts a fictional scenario (such as a fantasy adventure) in real time typically under the guidance of a facilitator or organizer; also : the activity of participating in such games : larping
C) A submissive male that is often outside of traditional social hierarchies
D) Gossip

Respond with only the letter of your answer (A, B, C, or D).","B 

The sentence uses ""LARP"" as a noun referring to an organized outdoor activity, which matches the standard acronym expansion and definition in option B (Live-Action Role-Playing). Options A, C, and D are unrelated slang or concepts with no connection to the term or context.",2026-06-12T19:34:47.542642+00:00
900,5,row_099,lewk,General,grok,A,,A,True,False,"In the following sentence, what does ""lewk"" mean?
Jim is using his signature lewk tonight.

Select only one answer.
A) A distinct trait, style, or outfit, often used in drag culture
B) A term for baby that people will call their significant other.
C) drunk
D) a live-action role-playing game in which a group of people enacts a fictional scenario (such as a fantasy adventure) in real time typically under the guidance of a facilitator or organizer; also : the activity of participating in such games : larping

Respond with only the letter of your answer (A, B, C, or D).",A,2026-06-12T19:34:50.494488+00:00
901,5,row_100,lidge,General,grok,C,,C,True,False,"In the following sentence, what does ""lidge"" mean?
I'm gettin money lidge.

Select only one answer.
A) A submissive male that is often outside of traditional social hierarchies
B) A loss or failure
C) A criminal that turned their life arpound and are legitimate
D) Ironically used to describe one as unique

Respond with only the letter of your answer (A, B, C, or D).","C 

The phrase ""I'm gettin money lidge"" is an informal rendering of ""I'm getting money legit,"" where ""lidge"" functions as a clipped or stylized spelling of ""legit"" (legitimate). In contemporary slang this usage specifically signals that income is now earned through lawful channels, often implying a prior history of illicit activity that has been abandoned. Option C is therefore the only choice that captures both the lexical source (""legit""/legitimate) and the contextual nuance of a reformed, formerly criminal earner. The remaining options have no semantic or pragmatic connection to the attested slang pattern.",2026-06-12T19:34:55.323303+00:00
902,5,row_101,lifemaxxing,Identity,grok,C,,C,True,False,"In the following sentence, what does ""lifemaxxing"" mean?
Shes's reallly been trying to lifemax these past few months.

Select only one answer.
A) A significant other
B) Epileptic fit from a synthetic canabis
C) To make lifestyle changes to make your life more holistic
D) To do somethign very well

Respond with only the letter of your answer (A, B, C, or D).","C

The term ""lifemaxxing"" is derived from online subculture slang (e.g., ""looksmaxxing""), where the suffix ""-maxxing"" denotes deliberate, intensive optimization of a given domain. Applied to ""life,"" it therefore refers to systematic lifestyle adjustments aimed at improving overall well-being across multiple dimensions—health, habits, environment, and personal growth—i.e., making one’s existence more holistic.  

Options A and B have no semantic or contextual connection to the neologism. Option D is too vague; it captures only the general idea of “doing something well” without the specific lifestyle-optimization sense conveyed by the term. Hence C is the only choice that accurately glosses the word in the supplied sentence.",2026-06-12T19:35:00.031945+00:00
903,5,row_102,looksmaxxing,Identity,grok,A,,A,True,False,"In the following sentence, what does ""looksmaxxing"" mean?
The looksmaxxing community

Select only one answer.
A) To focus on making one as physically attractive as possible
B) A loss or failure
C) Something untrue or unbeleivable
D) A term used to describe a baby raised in a gender neutral environment

Respond with only the letter of your answer (A, B, C, or D).","A 

The term ""looksmaxxing"" originates from online (often incel-adjacent) communities and refers to deliberate efforts to maximize physical attractiveness through grooming, fitness, surgery, or other means; this directly matches option A and rules out the unrelated meanings in B–D.",2026-06-12T19:35:03.177055+00:00
904,5,row_103,lotion,General,grok,C,A,A,False,True,"In the following sentence, what does ""lotion"" mean?
Lemme go lotion her up for you.

Select only one answer.
A) a liquid preparation for cosmetic or external medicinal use
B) To get arrested
C) sweet talk
D) cocaine

Respond with only the letter of your answer (A, B, C, or D).","A 

The sentence uses ""lotion"" as a verb (""lotion her up""), which is derived directly from the standard noun sense of a topical liquid or cream applied to skin. No established slang, drug reference, or idiomatic meaning matches the other choices in this construction; the phrase is therefore best interpreted literally as applying the cosmetic/medical preparation.",2026-06-12T19:35:08.939448+00:00
905,5,row_104,Low Key,General,grok,B,D,B,True,False,"In the following sentence, what does ""Low Key"" mean?
Low key, I want some ice cream.

Select only one answer.
A) Epileptic fit from a synthetic canabis
B) Saying something secretive or to keep low profile
C) Mercedes Benz G class
D) having or producing dark tones only with little contrast

Respond with only the letter of your answer (A, B, C, or D).","B 

The phrase ""low key"" in the given sentence is contemporary slang (often stylized as one word). It functions as an adverbial qualifier meaning ""quietly,"" ""subtly,"" or ""without drawing attention,"" i.e., the speaker is voicing a mild or semi-secret desire.  

Option B is the only choice that captures this sense; the remaining options describe unrelated technical, medical, or automotive usages that do not fit the sentence.",2026-06-12T19:35:11.924134+00:00
906,5,row_105,main character,General,grok,C,,C,True,False,"In the following sentence, what does ""main character"" mean?
You give off main character energy.

Select only one answer.
A) A descriptor for an attractive person
B) To make a jawline more defined
C) Main Character - Someone that acts as if they are the star of a story
D) the playful act of taking a friend's food

Respond with only the letter of your answer (A, B, C, or D).","C


The phrase ""main character energy"" is internet/TikTok slang for a person whose confident, standout behavior makes them seem like the protagonist of their own narrative or film. This directly matches definition C and rules out the other choices, which are either too narrow, unrelated, or fabricated.",2026-06-12T19:35:15.134649+00:00
907,5,row_106,manny,Insult,grok,B,,B,True,False,"In the following sentence, what does ""manny"" mean?
Look at the guy, he's just a manny.

Select only one answer.
A) Someone unappealing
B) A man that takes care of children
C) A nicotine pouch held between the upper lip and gums
D) Used to refer to the social media platforms one uses

Respond with only the letter of your answer (A, B, C, or D).",B,2026-06-12T19:35:19.379298+00:00
908,5,row_107,mascara,Sexual,grok,B,A,A,False,True,"In the following sentence, what does ""mascara"" mean?
I lost my mascara for 5 years, but then I found it again, and I love it even more now.

Select only one answer.
A) a cosmetic especially for making the eyelashes darker and more prominent
B) A term to discuss sexual experiences
C) To be honest about something
D) An all denim outfit

Respond with only the letter of your answer (A, B, C, or D).",A,2026-06-12T19:35:22.347429+00:00
909,5,row_108,Mewing,Identity,grok,C,A,C,True,False,"In the following sentence, what does ""Mewing"" mean?
You've gotta start mewing to increase your status in society.

Select only one answer.
A) to utter a mew or similar sound
B) an expression of surprise
C) To make a jawline more defined
D) To shoot ones shot.

Respond with only the letter of your answer (A, B, C, or D).",C,2026-06-12T19:35:24.199816+00:00
910,5,row_109,Mid,General,grok,A,,A,True,False,"In the following sentence, what does ""Mid"" mean?
That was a mid burger.

Select only one answer.
A) Mediocre
B) The vagina
C) An emotional meltdown
D) Something that is better then everything else

Respond with only the letter of your answer (A, B, C, or D).",A,2026-06-12T19:35:26.367020+00:00
911,5,row_110,minghiun,Insult,grok,D,,D,True,False,"In the following sentence, what does ""minghiun"" mean?
Stop being a minghiun.

Select only one answer.
A) Irritated, bitter, or resentful
B) Go in 100% on something
C) Friends with benefits
D) A fool or a prick

Respond with only the letter of your answer (A, B, C, or D).",D,2026-06-12T19:35:30.708270+00:00
912,5,row_111,nang,Drugs,grok,A,,A,True,False,"In the following sentence, what does ""nang"" mean?
Dude, grab the nang, I wanna feel free.

Select only one answer.
A) A canister of nitrous oxide
B) To manipulated, trick, or fool someone
C) To tie up an arm to isolate a vein for injecting a drug
D) To knock someone out

Respond with only the letter of your answer (A, B, C, or D).","A

The sentence uses ""nang"" as drug slang for a whipped-cream charger (a small pressurized canister of nitrous oxide). Inhalants of this type produce a brief euphoric, dissociative “high” that matches the phrase “I wanna feel free.”  

The remaining choices describe unrelated actions (deception, venous constriction, or knockout) that have no attested lexical link to the word “nang” and do not fit the surrounding context.",2026-06-12T19:35:33.070911+00:00
913,5,row_112,Negative Aura,Insult,grok,A,,A,True,False,"In the following sentence, what does ""Negative Aura"" mean?
She's giving off negative aura.

Select only one answer.
A) a bad charisma
B) when a reply gets more than the original post
C) Another term that stands for that hoe over there
D) An endeering term used towards ones significant other

Respond with only the letter of your answer (A, B, C, or D).",A,2026-06-12T19:35:36.161370+00:00
914,5,row_113,Netflix and Chill,Sexual,grok,B,,B,True,False,"In the following sentence, what does ""Netflix and Chill"" mean?
Wanna come back to my place and Netflix and Chill?

Select only one answer.
A) The vagina
B) A term for bringing someone over to watch some netflix and then have sex.
C) To knock someone out
D) A significant problem

Respond with only the letter of your answer (A, B, C, or D).",B,2026-06-12T19:35:39.651966+00:00
915,5,row_114,next-level,General,grok,A,,A,True,False,"In the following sentence, what does ""next-level"" mean?
That movie was next level!

Select only one answer.
A) Something that is better then everything else
B) Something suspicious
C) Someone who refused to wear a mask in covid times.
D) A distinct trait, style, or outfit, often used in drag culture

Respond with only the letter of your answer (A, B, C, or D).","A


The phrase ""next-level"" is colloquial English slang indicating that something is exceptionally impressive or superior in quality. In the given sentence, it functions as an adjective describing the movie's outstanding nature, which aligns directly with option A. Options B–D represent unrelated or context-specific meanings that do not apply to this usage.",2026-06-12T19:35:41.782679+00:00
916,5,row_115,NPC,Insult,grok,D,A,D,True,False,"In the following sentence, what does ""NPC"" mean?
Stop being such an NPC.

Select only one answer.
A) a character in a video game that does not represent and cannot be manipulated by a player —called also non-player character
B) To focus on making one as physically attractive as possible
C) Main Character - Someone that acts as if they are the star of a story
D) Used to mock someone who doesnt think for themselves, says things repeatedly, or has no opinions

Respond with only the letter of your answer (A, B, C, or D).",D,2026-06-12T19:35:44.577798+00:00
917,5,row_116,Omega,Identity,grok,B,C,B,True,False,"In the following sentence, what does ""Omega"" mean?
Those were some real omega moves right there.

Select only one answer.
A) Someone who is very stubborn
B) A submissive male that is often outside of traditional social hierarchies
C) the 24th and last letter of the Greek alphabet
D) fake soft penises and testicles designed to give a 'male' bulge to the crotches of female-to-male transsexuals.

Respond with only the letter of your answer (A, B, C, or D).","B

The sentence uses ""omega"" as slang drawn from online subcultures that rank males in an ""alpha/beta/omega"" social hierarchy. In that framework an omega male is the lowest-status, most submissive or socially marginal figure, so calling moves ""omega"" is an insult implying weakness or low status. Literal dictionary senses (C) or the unrelated niche meanings in A and D do not fit the phrasing.",2026-06-12T19:35:48.019755+00:00
918,5,row_117,on the regs,General,grok,B,,B,True,False,"In the following sentence, what does ""on the regs"" mean?
I stop by the coffee shop on the regs.

Select only one answer.
A) To keep secretive or obscure
B) Something done regularly
C) To express excitement or approval for something
D) Delusional

Respond with only the letter of your answer (A, B, C, or D).",B,2026-06-12T19:35:50.612602+00:00
919,5,row_118,oof,General,grok,A,,A,True,False,"In the following sentence, what does ""oof"" mean?
Oof, that was rough.

Select only one answer.
A) A reaction to something uncomfortable
B) An unpopular opinion
C) A term of endearment for a significant other
D) To show off

Respond with only the letter of your answer (A, B, C, or D).","A 

\confidence{90}",2026-06-12T19:35:53.998326+00:00
920,5,row_119,ooga-booga,Sexual,grok,D,,D,True,False,"In the following sentence, what does ""ooga-booga"" mean?
Me want ooga-booga!

Select only one answer.
A) A term to support someone going through a gender change.
B) A knife
C) An expression of disappointment
D) The vagina

Respond with only the letter of your answer (A, B, C, or D).",D,2026-06-12T19:36:00.002512+00:00
921,5,row_120,Orange Crush,Drugs,grok,C,,C,True,False,"In the following sentence, what does ""Orange Crush"" mean?
ets grab some of that orange crush tonight!

Select only one answer.
A) An incel term meaning kissless, hugless, handholdless virgin
B) fake soft penises and testicles designed to give a 'male' bulge to the crotches of female-to-male transsexuals.
C) A type of marijuana
D) Someone who is the last person to leave a location and the first to come back in the morning

Respond with only the letter of your answer (A, B, C, or D).","C

The sentence uses phrasing (""grab some of that..."") that commonly refers to acquiring a consumable substance. Among the given choices, only option C aligns with this usage, as ""Orange Crush"" is a documented cannabis strain (a sativa-dominant hybrid with citrus notes). The remaining options are unrelated slang or terminology that do not fit the sentence context or the idiomatic pattern of ""grabbing some.""",2026-06-12T19:36:04.761003+00:00
922,5,row_121,OTP,General,grok,B,,B,True,False,"In the following sentence, what does ""OTP"" mean?
Him and her are the OTP.

Select only one answer.
A) The abandonment of responsibilities
B) One True Pairing
C) Methodone
D) drunk

Respond with only the letter of your answer (A, B, C, or D).","B


The acronym OTP in the given sentence is a common piece of internet/fandom slang. It expands to “One True Pairing” and is used to designate a preferred romantic couple (real or fictional). The sentence structure “X and Y are the OTP” is the conventional way this expression appears, confirming that option B is the only reading that fits both the abbreviation and the surrounding wording. The remaining choices have no documented connection to the acronym OTP in this context.",2026-06-12T19:36:07.880813+00:00
923,5,row_122,packers,Insult,grok,B,C,B,True,False,"In the following sentence, what does ""packers"" mean?
Thats just a group of packers over there, don't waste your time.

Select only one answer.
A) An all denim outfit
B) fake soft penises and testicles designed to give a 'male' bulge to the crotches of female-to-male transsexuals.
C) one that packs
D) crazy or erratic

Respond with only the letter of your answer (A, B, C, or D).","B 

The sentence uses ""packers"" as a noun referring to people. Among the given choices, only B supplies a definition that aligns with attested modern slang for the objects carried by trans men; the remaining options are either circular (C), unrelated (A), or nonexistent (D). The dismissive tone of the sentence is also consistent with contexts in which the term appears.",2026-06-12T19:36:16.294633+00:00
924,5,row_123,passa passa,General,grok,B,,B,True,False,"In the following sentence, what does ""passa passa"" mean?
I don't want any passa passa now.

Select only one answer.
A) someone that looks ordinary but is actually very strong
B) A loud and messy conflict
C) A mauser C96 pistol
D) crazy or erratic

Respond with only the letter of your answer (A, B, C, or D).","B 

The phrase ""passa passa"" is Jamaican Patois slang denoting a loud, chaotic public quarrel, mix-up, or disorderly scene. The sentence therefore reads as a request to avoid drama or conflict, which matches option B exactly; none of the other listed meanings are attested for this expression.",2026-06-12T19:36:20.309169+00:00
925,5,row_124,passport bro,Sexual,grok,C,,C,True,False,"In the following sentence, what does ""passport bro"" mean?
A bunch of passport bro's just checked into the hotel.

Select only one answer.
A) something intense, aggressive, and unfiltered
B) Fuckboy, someone just looking for sex
C) Someone that travels abroad with the sole purpose of having sex
D) Go in 100% on something

Respond with only the letter of your answer (A, B, C, or D).","C

The term ""passport bro"" is a slang expression referring to men (typically from Western countries) who travel internationally, often to regions like Southeast Asia, Latin America, or Eastern Europe, specifically to pursue romantic/sexual encounters or relationships. This is driven by perceptions of better dating prospects abroad due to factors like perceived attractiveness, cultural dynamics, or economic differences. The ""passport"" element directly denotes international travel, while ""bro"" is a casual reference to the male participants.

- Option A is unrelated (it vaguely evokes intensity or ""rawness,"" with no connection to travel or dating).
- Option B captures a general casual-sex mindset (e.g., ""fuckboy"") but omits the defining travel-abroad component that distinguishes the term.
- Option D refers to full commitment or intensity in an unrelated context (e.g., investing effort).

Option C aligns precisely because it incorporates both the travel (""passport"") and the intent (sex/romance abroad), matching attested usage in online discourse, social media, and articles about the ""passport bro"" phenomenon. The hotel-check-in sentence further supports a traveler interpretation. While the motive can sometimes extend to long-term relationships rather than solely casual sex, C remains the closest match among the given choices.",2026-06-12T19:36:25.782111+00:00
926,5,row_125,Period,General,grok,B,A,B,True,False,"In the following sentence, what does ""Period"" mean?
She is the best, period.

Select only one answer.
A) the completion of a cycle, a series of events, or a single action : conclusion
B) Ending the discussion on a topic
C) A term of endearment for a significant other
D) An insult commonly used in sports

Respond with only the letter of your answer (A, B, C, or D).","B


The phrase ""period"" functions idiomatically as an emphatic closer, signaling that the statement is final and admits no further debate or qualification—equivalent to ""full stop."" This usage aligns directly with option B. Option A describes the literal, temporal sense of the word and does not capture the pragmatic, discourse-marking role it plays here. Options C and D have no attested connection to the expression.",2026-06-12T19:36:29.723458+00:00
927,5,row_126,plegic,Drugs,grok,C,,C,True,False,"In the following sentence, what does ""plegic"" mean?
That guy stumbled out very plegic.

Select only one answer.
A) Someone that tries really hard to impress their crush
B) intensely and openely say something true
C) drunk
D) A fashionable look

Respond with only the letter of your answer (A, B, C, or D).","C


The word ""plegic"" is not a standard English term and does not match any dictionary definition. However, the sentence context (""stumbled out"") is a classic indicator of intoxication or loss of coordination. Among the given choices, only option C is semantically compatible with that context; the remaining options describe unrelated social behaviors or appearances and can be eliminated by direct mismatch.",2026-06-12T19:36:35.149875+00:00
928,5,row_127,poggers,General,grok,A,,A,True,False,"In the following sentence, what does ""poggers"" mean?
Thats a poggers painting.

Select only one answer.
A) To express excitement or approval for something
B) A loss or failure
C) Something done regularly
D) To tie up an arm to isolate a vein for injecting a drug

Respond with only the letter of your answer (A, B, C, or D).","A


The term ""poggers"" originates as Twitch/Internet slang derived from the PogChamp emote, which is used to signal hype, excitement, or strong approval. In the given sentence it functions as a positive descriptor, directly aligning with option A and ruling out B (failure), C (routine/habit), and D (drug-preparation jargon).",2026-06-12T19:36:38.666048+00:00
929,5,row_128,Pookie,Sexual,grok,D,,D,True,False,"In the following sentence, what does ""Pookie"" mean?
My pookie loves a smash burger.

Select only one answer.
A) A near superhuman perfect male
B) The anus
C) A kilo of cocaine
D) A term of endearment for a significant other

Respond with only the letter of your answer (A, B, C, or D).","D


The sentence structure positions ""pookie"" as the subject of affection (""my pookie""), which aligns directly with its established use as an intimate nickname. Options A–C produce semantically incoherent readings and have no attested currency in the relevant slang registers.",2026-06-12T19:36:40.908220+00:00
930,5,row_129,Pop off,General,grok,A,B,A,True,False,"In the following sentence, what does ""Pop off"" mean?
I'm about to pop off!

Select only one answer.
A) To do something impressive
B) to die unexpectedly
C) A loud and messy conflict
D) Activities that involve cultivating ones Aura

Respond with only the letter of your answer (A, B, C, or D).","A 

The phrase ""pop off"" (in the first-person construction ""I'm about to pop off"") is contemporary informal usage—especially visible in gaming, sports, and social-media contexts—meaning to perform at a high level, excel, or produce an impressive result. This sense is corroborated by corpus examples such as “He really popped off in the second half” or “Watch me pop off on this track.”  

Option B reflects an older, now-rare sense (“to die suddenly”) that does not fit the sentence’s forward-looking, agentive tone.  
Option C describes a different collocation (“a pop-off,” i.e., an argument) rather than the verb phrase itself.  
Option D has no attested connection to the idiom.  

Hence only A matches both the syntactic frame and the current semantic value.",2026-06-12T19:36:47.100099+00:00
931,5,row_130,Posh and Becks,Sexual,grok,D,,D,True,False,"In the following sentence, what does ""Posh and Becks"" mean?
Lets go back to my place and have the posh and becks.

Select only one answer.
A) Ironically used to describe one as unique
B) Delusional
C) An unpopular opinion
D) sex

Respond with only the letter of your answer (A, B, C, or D).","D 

The phrase ""Posh and Becks"" is British rhyming slang (Becks = sex) for the act of sex; the sentence is therefore an invitation to engage in that act. Options A–C have no connection to the wording or context.",2026-06-12T19:36:50.364641+00:00
932,5,row_131,prepper,Insult,grok,B,,B,True,False,"In the following sentence, what does ""prepper"" mean?
We have a prepper down the block. They are kindof crazy, but its nice to know where to go.

Select only one answer.
A) A distinct trait, style, or outfit, often used in drag culture
B) Someone who prepares for doomsday scenarios
C) a bad charisma
D) Go in 100% on something

Respond with only the letter of your answer (A, B, C, or D).",B,2026-06-12T19:36:52.629451+00:00
933,5,row_132,Prison pocket,General,grok,A,,A,True,False,"In the following sentence, what does ""Prison pocket"" mean?
Hold it in your prison pocket.

Select only one answer.
A) The anus
B) A knife
C) Someone who is trying to get sexual attention overtly
D) A sudden feeling of disguest or repultion towards someone.

Respond with only the letter of your answer (A, B, C, or D).","A


The phrase ""prison pocket"" is established English slang referring specifically to the rectum/anus, the bodily cavity in which incarcerated individuals have historically concealed contraband. The imperative “Hold it in your prison pocket” is therefore a direct instruction to conceal or retain an object anally; none of the other listed senses (weapon, flirtatious behavior, or revulsion) matches attested usage of the term.",2026-06-12T19:36:56.099431+00:00
934,5,row_133,Put the fries in the bag,General,grok,D,,D,True,False,"In the following sentence, what does ""Put the fries in the bag"" mean?
You're taking too long. Put the fires in the bag.

Select only one answer.
A) Another term that stands for that hoe over there
B) Money
C) Charisma
D) Get to the point

Respond with only the letter of your answer (A, B, C, or D).","D 

The phrase ""Put the fries in the bag"" (with the apparent typo ""fires"") is internet/TikTok slang used to express impatience. It tells someone who is rambling or delaying to stop wasting time and hurry up, which directly maps to option D. The surrounding sentence (""You're taking too long"") reinforces this reading. Options A–C have no connection to the phrase's documented usage.",2026-06-12T19:37:00.025309+00:00
935,5,row_134,Quirky,Insult,grok,B,C,B,True,False,"In the following sentence, what does ""Quirky"" mean?
I'm so quirky!

Select only one answer.
A) when a reply gets more than the original post
B) Ironically used to describe one as unique
C) having many quirks : unusual in especially an interesting or appealing way
D) to recoil in distaste

Respond with only the letter of your answer (A, B, C, or D).","B

The sentence presents a self-description that aligns with common ironic or self-mocking online usage of the term rather than its neutral dictionary sense. Option C gives the standard denotation of “quirky,” but that literal sense does not capture how the word functions inside the quoted exclamation. Options A and D are unrelated to the word’s meaning or usage. Therefore B is the only choice that correctly characterizes the intended sense in context.",2026-06-12T19:37:06.063249+00:00
936,5,row_135,rago,Insult,grok,B,,B,True,False,"In the following sentence, what does ""rago"" mean?
It was just how rago he was.

Select only one answer.
A) A type of marijuana
B) Someone acting aggressively and out of control
C) the playful act of taking a friend's food
D) A criminal that turned their life arpound and are legitimate

Respond with only the letter of your answer (A, B, C, or D).",B,2026-06-12T19:37:10.875007+00:00
937,5,row_136,rapey,Sexual,grok,D,,D,True,False,"In the following sentence, what does ""rapey"" mean?
That guy at the bar was feeling pretty rapey.

Select only one answer.
A) A term used to say that someone is online too much and needs to get back to real life
B) An expression of disappointment
C) A man that is feminine in nature
D) Describes activities or situations that are sexually aggressive

Respond with only the letter of your answer (A, B, C, or D).",D,2026-06-12T19:37:13.129584+00:00
938,5,row_137,Ratio,General,grok,B,C,B,True,False,"In the following sentence, what does ""Ratio"" mean?
Ratio if you like pizza.

Select only one answer.
A) A stereotypical alpha male that is strong, handsome, and attracts women.
B) when a reply gets more than the original post
C) the indicated quotient of two mathematical expressions
D) An emotional meltdown

Respond with only the letter of your answer (A, B, C, or D).","B


The sentence uses ""Ratio"" as internet/Twitter slang (a verb or imperative), where users encourage replies that out-engage the original post—exactly matching definition B. The other options are either unrelated slang/math terms or incorrect.",2026-06-12T19:37:15.869206+00:00
939,5,row_138,raw,General,grok,B,C,B,True,False,"In the following sentence, what does ""raw"" mean?
He's been hitting the vape raw lately.

Select only one answer.
A) A near superhuman perfect male
B) something intense, aggressive, and unfiltered
C) not cooked
D) Stylish or flashy outfit style

Respond with only the letter of your answer (A, B, C, or D).",B,2026-06-12T19:37:19.269965+00:00
940,5,row_139,RIP (me),General,grok,D,,D,True,False,"In the following sentence, what does ""RIP (me)"" mean?
I think I just failed that test. RIP me.

Select only one answer.
A) To stab or shoot
B) A dance move
C) A submissive male that is often outside of traditional social hierarchies
D) To express disappointment dramatically

Respond with only the letter of your answer (A, B, C, or D).","D

The phrase ""RIP me"" is internet slang derived from ""Rest In Peace,"" repurposed hyperbolically to signal that one's prospects or ego have ""died"" after a setback (here, failing a test). This usage is purely figurative and serves to dramatize mild disappointment or self-deprecation; it does not invoke any of the other listed meanings.",2026-06-12T19:37:22.050102+00:00
941,5,row_140,Rizz,General,grok,D,,D,True,False,"In the following sentence, what does ""Rizz"" mean?
The rizz you have today is stunning!

Select only one answer.
A) An insult commonly used in sports
B) To win
C) A term used to describe a baby raised in a gender neutral environment
D) Charisma

Respond with only the letter of your answer (A, B, C, or D).","D 

The term ""rizz"" is internet slang (short for ""charisma"") referring to one's charm or ability to attract/flirt with others. The given sentence is a straightforward compliment using this meaning. The other options have no connection to the established usage of the word.",2026-06-12T19:37:24.414052+00:00
942,5,row_141,Salty,Insult,grok,B,C,B,True,False,"In the following sentence, what does ""Salty"" mean?
She's just salty that you have a boyfriend and she doesn't.

Select only one answer.
A) A loud and messy conflict
B) Irritated, bitter, or resentful
C) of, seasoned with, or containing salt
D) To be fierce and unapologetic withing a social situation

Respond with only the letter of your answer (A, B, C, or D).",B,2026-06-12T19:37:26.508442+00:00
943,5,row_142,savage,General,grok,A,C,A,True,False,"In the following sentence, what does ""savage"" mean?
That was a savage comeback you gave.

Select only one answer.
A) To be fierce and unapologetic withing a social situation
B) A charismatic, sexy, and quick witted man
C) not domesticated or under human control : untamed
D) Stylish or flashy outfit style

Respond with only the letter of your answer (A, B, C, or D).","A


The word ""savage"" is being used here as modern slang for a verbal retort that is brutally effective, fierce, and unapologetic. Option A is the only choice that captures that figurative sense; the remaining options describe either the literal/zoological meaning of the word or unrelated attributes.",2026-06-12T19:37:29.157666+00:00
944,5,row_143,Schizo,Insult,grok,D,,D,True,False,"In the following sentence, what does ""Schizo"" mean?
Brians a total schitzo.

Select only one answer.
A) Mediocre
B) A term of endearment for a significant other
C) An older person who is out of touch
D) crazy or erratic

Respond with only the letter of your answer (A, B, C, or D).","D

The term ""schizo"" (commonly misspelled as in the query) is a shortening of ""schizophrenic."" In informal/slang usage, it is applied to someone whose behavior is perceived as mentally unstable, unpredictable, or erratic—exactly the sense conveyed by calling Brian ""a total schitzo."" Options A–C have no semantic or etymological connection to the word.",2026-06-12T19:37:31.750812+00:00
945,5,row_144,scuffed,Insult,grok,D,C,D,True,False,"In the following sentence, what does ""scuffed"" mean?
The was a scuffed performance last night.

Select only one answer.
A) To confim that something was completed to expectation
B) An older person who is out of touch
C) to walk without lifting the feet : shuffle
D) Something that is messed up or not right.

Respond with only the letter of your answer (A, B, C, or D).","D 

The sentence uses ""scuffed"" as an adjective modifying ""performance,"" pointing to a colloquial sense of ""messed up / botched / low-quality.""  

- A is the opposite of the attested meaning.  
- B is unrelated slang (cf. ""boomer"").  
- C is the literal verb sense (""to drag one's feet""), which does not fit an abstract noun like ""performance.""  

Hence only D is consistent with current informal usage.",2026-06-12T19:37:35.141637+00:00
946,5,row_145,Shabba,General,grok,C,,C,True,False,"In the following sentence, what does ""Shabba"" mean?
Shabba on point!

Select only one answer.
A) The abandonment of responsibilities
B) A dance move
C) Fashionable or stylish
D) Something ugly or unattractive

Respond with only the letter of your answer (A, B, C, or D).","C

The phrase “on point” is colloquial English for something executed perfectly or looking flawless (most often in reference to style, grooming, or appearance). In several varieties of urban and South-African slang “shabba” (or “shaba”) itself denotes a fashionable, sharp, or well-put-together look; therefore the whole expression is equivalent to “(That) stylish look is perfect.”  

Options A and D have no attested connection to the word, while B would require the sentence to be describing a dance performance rather than an overall appearance. The only reading consistent with both the slang meaning of “shabba” and the intensifier “on point” is therefore C.",2026-06-12T19:37:43.442222+00:00
947,5,row_146,Sheesh,General,grok,B,,B,True,False,"In the following sentence, what does ""Sheesh"" mean?
Sheesh! Thats crazy!

Select only one answer.
A) To refer to ones imaginary audience like an internet steamer
B) To express disbelief
C) A dance move
D) Talking too much

Respond with only the letter of your answer (A, B, C, or D).",B,2026-06-12T19:37:46.597092+00:00
948,5,row_147,Side eye,General,grok,A,,A,True,False,"In the following sentence, what does ""Side eye"" mean?
Why are you giving him the side eye?

Select only one answer.
A) To be skeptical about something
B) To be high or drunk
C) A term used by incels to refer to women in a way that dehumanizes them.
D) A mauser C96 pistol

Respond with only the letter of your answer (A, B, C, or D).","A

The phrase ""side eye"" (or ""giving side eye"") refers to a sideways glance directed at someone, conventionally understood to convey doubt, suspicion, disapproval, or skepticism. This matches option A directly. The other choices have no attested connection to the expression: B describes intoxication states unrelated to the idiom, C refers to unrelated incel slang, and D names a firearm with no lexical overlap. The meaning is therefore fixed by standard English usage.",2026-06-12T19:37:49.449014+00:00
949,5,row_148,Sigma,Identity,grok,B,D,B,True,False,"In the following sentence, what does ""Sigma"" mean?
You are giving off sigma energy right now.

Select only one answer.
A) to recoil in distaste
B) An independent, strong person
C) Someone who is the last person to leave a location and the first to come back in the morning
D) the 18th letter of the Greek alphabet

Respond with only the letter of your answer (A, B, C, or D).","B


The phrase ""sigma energy"" is internet slang derived from the ""sigma male"" archetype (a lone-wolf counterpart to the alpha/beta hierarchy popularized in memes and TikTok/YouTube content). It denotes an independent, self-reliant, and quietly strong individual who operates outside conventional social dominance structures.  

- Option A refers to an unrelated facial-expression meme sometimes labeled “sigma face,” not the term’s core meaning.  
- Option C describes an unrelated workaholic trope and has no connection to the slang.  
- Option D is the literal Greek-alphabet definition, irrelevant to the contextual usage in the given sentence.  

Hence only B matches the intended sense.",2026-06-12T19:37:54.611918+00:00
950,5,row_149,Simp,Insult,grok,B,A,B,True,False,"In the following sentence, what does ""Simp"" mean?
Stop being a simp over her!

Select only one answer.
A) a foolish or stupid person : simpleton
B) Someone that tries really hard to impress their crush
C) A homosexual cowboy
D) Describes activities or situations that are sexually aggressive

Respond with only the letter of your answer (A, B, C, or D).","B 

The term ""simp"" in this context is modern internet slang (derived from ""simpleton"") referring to a person (typically a man) who is overly submissive, attentive, or eager to please someone they have a crush on, often to an excessive or self-degrading degree. This matches option B exactly and is the only definition that fits the given sentence. Options A, C, and D are either outdated/archaic uses or entirely unrelated.",2026-06-12T19:37:57.440082+00:00
951,5,row_150,Situationship,Sexual,grok,A,,A,True,False,"In the following sentence, what does ""Situationship"" mean?
Joe ended up in a situationship over the summer.

Select only one answer.
A) A sexual relationship developed from situations without clear future intentions
B) Mercedes Benz G class
C) Very good
D) intensely and openely say something true

Respond with only the letter of your answer (A, B, C, or D).","A 

\answer{A}",2026-06-12T19:38:00.342895+00:00
952,5,row_151,Skeet,Sexual,grok,B,C,B,True,False,"In the following sentence, what does ""Skeet"" mean?
He skeeted all over the court!

Select only one answer.
A) Something suspicious
B) To shoot ones shot.
C) trapshooting in which clay pigeons are thrown in such a way as to simulate the angles of flight of birds
D) Someone younger

Respond with only the letter of your answer (A, B, C, or D).","B

The sentence uses ""skeeted"" as slang for taking repeated shots (literal or figurative). Among the given choices, only option B aligns with that sense of ""shooting."" Options A, C, and D have no plausible connection to the wording or context.",2026-06-12T19:38:07.716403+00:00
953,5,row_152,Skibidi,General,grok,A,,A,True,False,"In the following sentence, what does ""Skibidi"" mean?
That's so skibidi.

Select only one answer.
A) Nonsensical term
B) To win
C) An incel term meaning kissless, hugless, handholdless virgin
D) The anus

Respond with only the letter of your answer (A, B, C, or D).","A

The term ""skibidi"" originates from the viral ""Skibidi Toilet"" meme series and carries no fixed or literal definition. It functions as a floating signifier in Gen Alpha/Zoomer internet slang, deployed for rhythmic or humorous effect rather than to denote any concrete object, action, or attribute. Consequently, in the sentence “That’s so skibidi,” the word operates purely as a nonsensical placeholder whose meaning is derived from context, tone, and shared cultural reference rather than from any established lexical content. Options B–D map onto unrelated slang or crude referents and do not correspond to attested usage of “skibidi.”",2026-06-12T19:38:11.525762+00:00
954,5,row_153,Skill issue,Insult,grok,C,,C,True,False,"In the following sentence, what does ""Skill issue"" mean?
You won't win. Its a skill issue.

Select only one answer.
A) Something very good
B) Someone that is too left leaning politically
C) An insult saying that the problem is due to lack of skill rather then luck
D) Another term that stands for that hoe over there

Respond with only the letter of your answer (A, B, C, or D).",C,2026-06-12T19:38:14.001099+00:00
955,5,row_154,Slaps,General,grok,C,D,C,True,False,"In the following sentence, what does ""Slaps"" mean?
This place slaps!

Select only one answer.
A) A cigarette
B) To prepare for a fight
C) Something that is reallly good.
D) to strike sharply with or as if with the open hand

Respond with only the letter of your answer (A, B, C, or D).",C,2026-06-12T19:38:17.084663+00:00
956,5,row_155,Slay,General,grok,B,A,B,True,False,"In the following sentence, what does ""Slay"" mean?
Slay girl!

Select only one answer.
A) to kill violently, wantonly, or in great numbers
B) To do somethign very well
C) A term for baby that people will call their significant other.
D) To focus on making one as physically attractive as possible

Respond with only the letter of your answer (A, B, C, or D).",B,2026-06-12T19:38:20.200448+00:00
957,5,row_156,sledge,Identity,grok,A,C,A,True,False,"In the following sentence, what does ""sledge"" mean?
What? Are you havin trouble you sledge?

Select only one answer.
A) An insult commonly used in sports
B) To keep secretive or obscure
C) sledgehammer
D) A fool or a prick

Respond with only the letter of your answer (A, B, C, or D).","A 

The sentence uses ""sledge"" as a direct form of address (""you sledge"") in a taunting context that matches the established sporting slang sense of sledging (verbal intimidation or insults, especially in cricket). This rules out B (unrelated to secrecy), C (no literal tool reference), and D (no evidence for a generic sense of ""fool/prick""). The usage is therefore an instance of the sports-insult term listed in A.",2026-06-12T19:38:27.886766+00:00
958,5,row_157,sleeper,General,grok,A,C,A,True,False,"In the following sentence, what does ""sleeper"" mean?
That car has got to be a sleeper.

Select only one answer.
A) Something that appears mundane but has hidden potential
B) Irritated, bitter, or resentful
C) one that sleeps
D) An affirmative agreement

Respond with only the letter of your answer (A, B, C, or D).",A,2026-06-12T19:38:30.357038+00:00
959,5,row_158,sleeper build,General,grok,D,,D,True,False,"In the following sentence, what does ""sleeper build"" mean?
Bro's rocking the sleeper build.

Select only one answer.
A) A loss or failure
B) A term to discuss sexual experiences
C) Something that is reallly good.
D) someone that looks ordinary but is actually very strong

Respond with only the letter of your answer (A, B, C, or D).",D,2026-06-12T19:38:32.660207+00:00
960,5,row_159,Snack,Sexual,grok,C,D,C,True,False,"In the following sentence, what does ""Snack"" mean?
That lady over there is a snack.

Select only one answer.
A) A man that takes care of children
B) A glock pistol
C) A descriptor for an attractive person
D) a light meal : food eaten between regular meals; also : food suitable for snacking

Respond with only the letter of your answer (A, B, C, or D).",C,2026-06-12T19:38:35.191021+00:00
961,5,row_160,snaggle,Identity,grok,A,C,B,False,False,"In the following sentence, what does ""snaggle"" mean?
Susanne is such a snaggle.

Select only one answer.
A) An unattractive girl
B) Nonsensical term
C) snag
D) A sudden feeling of disguest or repultion towards someone.

Respond with only the letter of your answer (A, B, C, or D).","B 

The term ""snaggle"" has no established meaning in standard English (or recognized slang) as a noun that could describe a person. It is therefore a nonsense word invented for the sentence, making B the only defensible choice. The other options either invent nonexistent slang (A), substitute an unrelated word (C), or describe a feeling rather than a person (D).",2026-06-12T19:38:39.406888+00:00
962,5,row_161,Snatched,General,grok,A,C,A,True,False,"In the following sentence, what does ""Snatched"" mean?
You're looking snatched today.

Select only one answer.
A) A fashionable look
B) Very good
C) to attempt to seize something suddenly
D) Someone that is boring

Respond with only the letter of your answer (A, B, C, or D).","A

The slang term ""snatched"" (common in fashion, beauty, and LGBTQ+ communities) describes a polished, flawless, or highly stylish appearance—especially when applied to someone's outfit, makeup, or overall look. This directly matches option A in the given sentence. Option B is too generic, while C and D reflect unrelated literal or negative meanings.",2026-06-12T19:38:42.619776+00:00
963,5,row_162,socials,General,grok,A,C,A,True,False,"In the following sentence, what does ""socials"" mean?
Catch me on the socials!

Select only one answer.
A) Used to refer to the social media platforms one uses
B) Someone younger
C) an informal social event or gathering frequently involving a special activity or area of interest
D) To express disappointment dramatically

Respond with only the letter of your answer (A, B, C, or D).",A,2026-06-12T19:38:44.629477+00:00
964,5,row_163,socio,Insult,grok,D,,D,True,False,"In the following sentence, what does ""socio"" mean?
The boy is a socio.

Select only one answer.
A) crazy or erratic
B) Down to fuck
C) A strong, leader who commands those around them
D) Sociopath

Respond with only the letter of your answer (A, B, C, or D).",D,2026-06-12T19:38:47.328540+00:00
965,5,row_164,Soy,Insult,grok,D,,D,True,False,"In the following sentence, what does ""Soy"" mean?
Stop being so soy.

Select only one answer.
A) A loud and messy conflict
B) Mercedes Benz G class
C) Nonsensical term
D) Weak or effeminate

Respond with only the letter of your answer (A, B, C, or D).",D,2026-06-12T19:38:50.681768+00:00
966,5,row_165,soyboy,Identity,grok,A,,A,True,False,"In the following sentence, what does ""soyboy"" mean?
Get that soyboy out of here!

Select only one answer.
A) Men that lack masculine characteristics
B) Something that appears mundane but has hidden potential
C) Saying something secretive or to keep low profile
D) To confim that something was completed to expectation

Respond with only the letter of your answer (A, B, C, or D).",A,2026-06-12T19:38:52.842098+00:00
967,5,row_166,Spanish dancer,General,grok,A,,A,True,False,"In the following sentence, what does ""Spanish dancer"" mean?
I sounds like I caught the spanish dancer.

Select only one answer.
A) Cancer
B) To be fierce and unapologetic withing a social situation
C) A charismatic, sexy, and quick witted man
D) someone that looks ordinary but is actually very strong

Respond with only the letter of your answer (A, B, C, or D).",A,2026-06-12T19:38:55.367298+00:00
968,5,row_167,spark,Violence,grok,A,B,A,True,False,"In the following sentence, what does ""spark"" mean?
Don't make me spark you out!

Select only one answer.
A) To knock someone out
B) a small particle of a burning substance thrown out by a body in combustion or remaining when combustion is nearly completed
C) An all denim outfit
D) Methodone

Respond with only the letter of your answer (A, B, C, or D).","A 

The phrase ""spark you out"" is a direct match for British informal/slang usage meaning to knock a person unconscious (typically via a punch or blow). This is corroborated by standard slang references (e.g., “spark out” = completely unconscious).  

Option B is the literal combustion sense and is unrelated to the idiomatic threat in the sentence.  
Option C (“all-denim outfit”) has no lexical connection to “spark.”  
Option D (“methadone”) is occasionally rendered “spark” in niche drug slang, but that sense does not fit the transitive construction “spark you out.”  

Hence only A is semantically and syntactically appropriate.",2026-06-12T19:38:59.121987+00:00
969,5,row_168,Stuyvie,Drugs,grok,C,,C,True,False,"In the following sentence, what does ""Stuyvie"" mean?
Lets go outside and smoke a suyvie.

Select only one answer.
A) I just burst out laughing
B) Activities that involve cultivating ones Aura
C) A cigarette
D) Something that appears mundane but has hidden potential

Respond with only the letter of your answer (A, B, C, or D).","C 

The sentence structure (""smoke a ..."") is the classic collocation used with ""cigarette"" (or any of its common slang shortenings). None of the other listed meanings can grammatically or semantically occupy that slot, so ""suyvie/Stuyvie"" is simply a nonce or stylized spelling of ""cigarette.""",2026-06-12T19:39:04.140806+00:00
970,5,row_169,suiter,General,grok,B,A,B,True,False,"In the following sentence, what does ""suiter"" mean?
Her suiter was admiring her from afar.

Select only one answer.
A) a suitcase for holding a specified number of suits —usually used in combination
B) a significant other
C) A kilo of cocaine
D) A homosexual cowboy

Respond with only the letter of your answer (A, B, C, or D).","B


The sentence context requires a term denoting a romantic pursuer or partner (""admiring her from afar""). Among the listed choices, only B produces a coherent reading; the others are either unrelated dictionary senses (A) or nonsense in context (C, D). ""Suiter"" itself is an occasional variant spelling of ""suitor,"" whose core meaning aligns most closely with option B.",2026-06-12T19:39:10.843078+00:00
971,5,row_170,Sus,General,grok,D,,D,True,False,"In the following sentence, what does ""Sus"" mean?
That man over there is real sus.

Select only one answer.
A) A sexual relationship developed from situations without clear future intentions
B) Crack cocaine
C) Someone younger
D) Something suspicious

Respond with only the letter of your answer (A, B, C, or D).",D,2026-06-12T19:39:12.773301+00:00
972,5,row_171,Tea,General,grok,B,D,B,True,False,"In the following sentence, what does ""Tea"" mean?
Come on, spill the tea!

Select only one answer.
A) crazy or erratic
B) Gossip
C) To keep secretive or obscure
D) a widely cultivated shrub (Camellia sinensis of the family Theaceae, the tea family) native to China, northern India, and southeastern Asia and having glossy green leaves and fragrant white flowers

Respond with only the letter of your answer (A, B, C, or D).",B,2026-06-12T19:39:15.204531+00:00
973,5,row_172,theybie,General,grok,D,,D,True,False,"In the following sentence, what does ""theybie"" mean?
The a couple and their theybie just moved in next door.

Select only one answer.
A) A dance move
B) A submissive male that is often outside of traditional social hierarchies
C) To mastrubate for extremeely long period regularly
D) A term used to describe a baby raised in a gender neutral environment

Respond with only the letter of your answer (A, B, C, or D).",D,2026-06-12T19:39:17.442091+00:00
974,5,row_173,Thirsty,Sexual,grok,C,A,C,True,False,"In the following sentence, what does ""Thirsty"" mean?
She's lookin real thirsty today.

Select only one answer.
A) feeling thirst
B) An unattractive girl
C) Someone who is trying to get sexual attention overtly
D) An incel term for an attractive middle eastern man

Respond with only the letter of your answer (A, B, C, or D).",C,2026-06-12T19:39:20.451081+00:00
975,5,row_174,Thot,Sexual,grok,A,,A,True,False,"In the following sentence, what does ""Thot"" mean?
I'm gonna dress like a thot tonight.

Select only one answer.
A) Another term that stands for that hoe over there
B) Gossip
C) fake soft penises and testicles designed to give a 'male' bulge to the crotches of female-to-male transsexuals.
D) Fuckboy, someone just looking for sex

Respond with only the letter of your answer (A, B, C, or D).","A 

(The term ""thot"" is an acronym for ""that hoe over there,"" referring to a promiscuous or provocatively dressed woman, which fits the sentence context perfectly. Other options are unrelated or incorrect slang.)",2026-06-12T19:39:23.709880+00:00
976,5,row_175,Thrust,General,grok,A,D,D,False,True,"In the following sentence, what does ""Thrust"" mean?
Hit the thrust!

Select only one answer.
A) A dance move
B) A stereotypical alpha male that is strong, handsome, and attracts women.
C) As Fuck
D) to push or drive with force : shove

Respond with only the letter of your answer (A, B, C, or D).","D


The sentence ""Hit the thrust!"" uses ""thrust"" in its standard literal sense of applying a forceful push or propulsion (as in engines or motion), which directly matches definition D. Options A–C have no semantic or contextual connection to the imperative phrasing.",2026-06-12T19:39:28.783033+00:00
977,5,row_176,toe-cheese,Insult,grok,D,,D,True,False,"In the following sentence, what does ""toe-cheese"" mean?
My whole house smells like toe cheese.

Select only one answer.
A) An older person who is out of touch
B) A kilo of cocaine
C) drunk
D) Gross buildup between the toes

Respond with only the letter of your answer (A, B, C, or D).",D,2026-06-12T19:39:32.018559+00:00
978,5,row_177,tomdick,Insult,grok,A,,A,True,False,"In the following sentence, what does ""tomdick"" mean?
That secratary was a tomdick.

Select only one answer.
A) A commonplace person
B) Crack cocaine
C) An expression of disappointment
D) Ending the discussion on a topic

Respond with only the letter of your answer (A, B, C, or D).","A


The phrase ""tomdick"" is a condensed form of the idiom ""any Tom, Dick, or Harry,"" which denotes an ordinary or unremarkable individual. In the given sentence, the term is therefore used to characterize the secretary as a commonplace person, directly matching option A. No established slang links the word to the other choices.",2026-06-12T19:39:36.056795+00:00
979,5,row_178,Touch Grass,General,grok,D,,D,True,False,"In the following sentence, what does ""Touch Grass"" mean?
Go out and touch some grass.

Select only one answer.
A) To express disbelief
B) Gross buildup between the toes
C) A charismatic, sexy, and quick witted man
D) A term used to say that someone is online too much and needs to get back to real life

Respond with only the letter of your answer (A, B, C, or D).",D,2026-06-12T19:39:38.757165+00:00
980,5,row_179,troll,Identity,grok,D,C,D,True,False,"In the following sentence, what does ""troll"" mean?
That guy in valorant was a such a troll.

Select only one answer.
A) Something done regularly
B) crazy or erratic
C) a dwarf or giant in Scandinavian folklore inhabiting caves or hills
D) Someone who deliberatly acts in ways to annoy or anger a group of people online.

Respond with only the letter of your answer (A, B, C, or D).","D 

The term ""troll"" is used here in its modern internet/gaming slang sense. Valorant is an online multiplayer game, and calling a player ""a troll"" conventionally means they deliberately provoked, griefed, or annoyed teammates/opponents for amusement. This directly matches option D and rules out the folklore sense (C), as well as the unrelated or invented senses in A and B.",2026-06-12T19:39:41.431908+00:00
981,5,row_180,Tweaking,General,grok,C,B,C,True,False,"In the following sentence, what does ""Tweaking"" mean?
Why are you tweaking out?

Select only one answer.
A) A submissive male that is often outside of traditional social hierarchies
B) to make usually small adjustments in or to; especially : fine-tune
C) Acting crazily
D) Something that is reallly good.

Respond with only the letter of your answer (A, B, C, or D).","C


The phrase ""tweaking out"" is informal slang (often drug-related but not exclusively) that denotes erratic, hyperactive, or irrational behavior. Among the supplied choices, only option C matches this idiomatic sense; the remaining options describe unrelated meanings (literal adjustment, a social-status label, or positive evaluation) that do not fit the sentence.",2026-06-12T19:39:44.482426+00:00
982,5,row_181,twoz,Drugs,grok,D,,D,True,False,"In the following sentence, what does ""twoz"" mean?
Hey, hand me the twoz joint.

Select only one answer.
A) Someone who is very stubborn
B) Something ugly or unattractive
C) A term used to describe a baby raised in a gender neutral environment
D) A canabis based cigarette that needs two paper rolls

Respond with only the letter of your answer (A, B, C, or D).","D 

\confidence{70}",2026-06-12T19:39:47.241156+00:00
983,5,row_182,Unc,Insult,grok,D,,D,True,False,"In the following sentence, what does ""Unc"" mean?
I'll explain it to you unc.

Select only one answer.
A) One True Pairing
B) An emotional meltdown
C) An independent, strong person
D) An older person who is out of touch

Respond with only the letter of your answer (A, B, C, or D).","D 

The term ""unc"" is a common slang abbreviation of ""uncle,"" typically used (often affectionately or teasingly) by younger speakers to address an older man who may be perceived as out of touch with current trends or youth culture. This matches option D directly. The other options correspond to unrelated internet slang (OTP, ""crash-out,"" etc.) and do not fit the sentence.",2026-06-12T19:39:50.164617+00:00
984,5,row_183,Understood the assignment,General,grok,C,,C,True,False,"In the following sentence, what does ""Understood the assignment"" mean?
All done. Understood the assignment.

Select only one answer.
A) Someone who is trying to get sexual attention overtly
B) A term of endearment for a significant other
C) To confim that something was completed to expectation
D) A provocative dance

Respond with only the letter of your answer (A, B, C, or D).",C,2026-06-12T19:39:52.694782+00:00
985,5,row_184,upper decky,Drugs,grok,A,,A,True,False,"In the following sentence, what does ""upper decky"" mean?
Hey bro, can I bum an upper decky zynn?

Select only one answer.
A) A nicotine pouch held between the upper lip and gums
B) Short for Bitch
C) Go in 100% on something
D) Something very good

Respond with only the letter of your answer (A, B, C, or D).","A 

The phrase appears in the request ""can I bum an upper decky zynn,"" where ""bum"" is colloquial for ""borrow"" and ""zynn"" is a recognizable misspelling of the nicotine-pouch brand Zyn.  

Nicotine pouches of this type are conventionally placed between the upper lip and gum; among users the placement is informally called an ""upper deck"" or ""upper decky.""  

The remaining choices (B–D) have no lexical or contextual connection to the sentence.",2026-06-12T19:39:57.506254+00:00
986,5,row_185,Vibe,General,grok,C,,C,True,False,"In the following sentence, what does ""Vibe"" mean?
I'm just enjoyin the vibe out here.

Select only one answer.
A) A commonplace person
B) a bad charisma
C) The positive or relaxing energy of a place
D) Someone that is too left leaning politically

Respond with only the letter of your answer (A, B, C, or D).",C,2026-06-12T19:39:59.919507+00:00
987,5,row_186,Vibe Check,General,grok,D,,D,True,False,"In the following sentence, what does ""Vibe Check"" mean?
Can I get a vibe check?

Select only one answer.
A) An unpopular opinion
B) A loud and messy conflict
C) A man that is feminine in nature
D) To check the mood of a situation

Respond with only the letter of your answer (A, B, C, or D).",D,2026-06-12T19:40:02.361116+00:00
988,5,row_187,wahala,General,grok,B,,B,True,False,"In the following sentence, what does ""wahala"" mean?
Please, no wahala.

Select only one answer.
A) An all denim outfit
B) A significant problem
C) I just burst out laughing
D) To get arrested

Respond with only the letter of your answer (A, B, C, or D).",B,2026-06-12T19:40:04.674178+00:00
989,5,row_188,waved,Drugs,grok,A,D,A,True,False,"In the following sentence, what does ""waved"" mean?
Bro's over on the bench waved out of his mind.

Select only one answer.
A) To be high or drunk
B) When you are outnumbered in a fight and call black people for the win
C) A term of endearment for a significant other
D) having a wavelike form or outline

Respond with only the letter of your answer (A, B, C, or D).",A,2026-06-12T19:40:07.528621+00:00
990,5,row_189,What the sigma,General,grok,B,,B,True,False,"In the following sentence, what does ""What the sigma"" mean?
What the sigma? I thought you left?

Select only one answer.
A) To stab or shoot
B) An expression of disbelief
C) A term to support someone going through a gender change.
D) A term for someone that enjoys watching their wife have sex with another man

Respond with only the letter of your answer (A, B, C, or D).","B 

\confidence{70}",2026-06-12T19:40:13.758767+00:00
991,5,row_190,whitney,Drugs,grok,D,,D,True,False,"In the following sentence, what does ""whitney"" mean?
Hey man, you got any whitney on you?

Select only one answer.
A) To stab or shoot
B) cocaine
C) Somehting that is poor quality
D) Crack cocaine

Respond with only the letter of your answer (A, B, C, or D).","D 

The slang term ""whitney"" (short for ""Whitney Houston"") is a reference to crack cocaine, stemming from the singer's publicized struggles with that specific substance. The sentence structure (""got any X on you"") is a common way of asking for drugs, and the proper-noun form aligns with documented street usage for crack rather than powder cocaine or the other listed meanings.",2026-06-12T19:40:17.526660+00:00
992,5,row_191,Woke,Insult,grok,B,,B,True,False,"In the following sentence, what does ""Woke"" mean?
Stop being so woke.

Select only one answer.
A) To win
B) Someone that is too left leaning politically
C) a significant other
D) Something low quality or bad

Respond with only the letter of your answer (A, B, C, or D).","B


The term ""woke"" originated in African American Vernacular English to describe heightened awareness of social and racial injustice. In contemporary usage, particularly in phrases like ""Stop being so woke,"" it functions as a pejorative label for individuals perceived as excessively aligned with progressive or left-wing political positions, especially on issues of identity, equity, and cultural norms. This matches option B exactly; the remaining choices have no established semantic connection to the word in this context.",2026-06-12T19:40:21.152273+00:00
993,5,row_192,womp womp,General,grok,A,,A,True,False,"In the following sentence, what does ""womp womp"" mean?
I failed that math quiz. Womp womp.

Select only one answer.
A) An expression of disappointment
B) A criminal that turned their life arpound and are legitimate
C) sex
D) Delusional

Respond with only the letter of your answer (A, B, C, or D).",A,2026-06-12T19:40:23.611762+00:00
994,5,row_193,wraparound,General,grok,D,C,D,True,False,"In the following sentence, what does ""wraparound"" mean?
I had to pull a wraparound this morning since I left my wallet at the bar.

Select only one answer.
A) Very good
B) Ironically used to describe one as unique
C) made to be wrapped around something and especially the body
D) Someone who is the last person to leave a location and the first to come back in the morning

Respond with only the letter of your answer (A, B, C, or D).","D 

The sentence uses ""wraparound"" as slang for a specific behavioral pattern (last to leave a venue at night, first to return the next morning), which directly matches definition D and fits the wallet-left-at-the-bar context. The other options are either literal dictionary senses (C) or unrelated/irrelevant (A, B) and do not parse in the given usage.",2026-06-12T19:40:27.009024+00:00
995,5,row_194,Yapping,Insult,grok,A,D,D,False,True,"In the following sentence, what does ""Yapping"" mean?
Stop your yapping and get over here.

Select only one answer.
A) Talking too much
B) A reference for ass
C) To give sympathy or signify a failure
D) to talk in a shrill insistent way : chatter

Respond with only the letter of your answer (A, B, C, or D).","D

The term ""yapping"" is the present participle of the verb ""yap."" Standard dictionary senses define ""yap"" as “to talk in a shrill, insistent, or repetitive manner; to chatter.”  

In the imperative sentence “Stop your yapping …,” the word is therefore being used in its literal figurative sense of “chattering,” which matches option D verbatim.  

Option A (“Talking too much”) is a loose paraphrase of the pragmatic effect but is not the established lexical meaning of the verb. Options B and C have no connection to any attested sense of “yap.” Hence only D is the single correct selection.",2026-06-12T19:40:33.004956+00:00
996,5,row_195,Yeet,General,grok,B,,B,True,False,"In the following sentence, what does ""Yeet"" mean?
Think I can make this? Yeet!

Select only one answer.
A) A term for friends
B) Throwing something
C) When something hidden gets called out
D) a significant other

Respond with only the letter of your answer (A, B, C, or D).","B


The slang term ""yeet"" is conventionally used as an exclamation uttered while forcefully throwing or discarding an object (or, by extension, while making a risky throw or toss). In the given sentence the speaker is clearly contemplating an attempt to throw something (""Think I can make this?"") and then performs the action with the interjection ""Yeet,"" which directly matches option B. The remaining choices have no attested connection to the word.",2026-06-12T19:40:36.612433+00:00
997,5,row_196,ying,Violence,grok,B,,B,True,False,"In the following sentence, what does ""ying"" mean?
I'll walk in swinging my ying.

Select only one answer.
A) An expression of disbelief
B) A knife
C) To do somethign very well
D) Fashionable or stylish

Respond with only the letter of your answer (A, B, C, or D).","B

The sentence structure requires ""ying"" to function as a physical noun that can literally be swung upon entering a space. Among the given choices, only ""a knife"" satisfies this requirement; the remaining options are abstract concepts or adjectives that cannot grammatically or semantically occupy the object position after ""swinging my."" This leaves B as the sole coherent selection.",2026-06-12T19:40:42.190054+00:00
998,5,row_197,yoyo,General,grok,C,B,C,True,False,"In the following sentence, what does ""yoyo"" mean?
We've helped you in the past, but yoyo this time.

Select only one answer.
A) Prolonged masturbation
B) a thick grooved double disk with a string attached to its center axle that is made to fall and rise to the hand by unwinding and rewinding on the string
C) You're on Your own
D) The positive or relaxing energy of a place

Respond with only the letter of your answer (A, B, C, or D).",C,2026-06-12T19:40:44.952314+00:00
999,5,row_198,Zaddy,Sexual,grok,D,,D,True,False,"In the following sentence, what does ""Zaddy"" mean?
I'm meeting up with my zaddy later tonight.

Select only one answer.
A) A sudden feeling of disguest or repultion towards someone.
B) Someone who deliberatly acts in ways to annoy or anger a group of people online.
C) Very good
D) An attractive older man

Respond with only the letter of your answer (A, B, C, or D).",D,2026-06-12T19:40:47.104225+00:00
1000,5,row_199,Zesty,Insult,grok,B,D,B,True,False,"In the following sentence, what does ""Zesty"" mean?
He's acting a bit zesty today.

Select only one answer.
A) A term for someone that enjoys watching their wife have sex with another man
B) A man that is feminine in nature
C) intensely and openely say something true
D) having or characterized by zest : appealingly piquant or lively

Respond with only the letter of your answer (A, B, C, or D).","B 

The sentence uses ""zesty"" in contemporary informal/slang register, where it functions as a euphemism for effeminate or flamboyant male behavior. This matches definition B exactly; the remaining options are either unrelated (A), malformed (C), or the unrelated literal dictionary sense (D).",2026-06-12T19:40:52.217168+00:00
