run_id,iteration,prompt_id,slang_term,term_type,model,correct_letter,literal_letter,model_answer,is_correct,chose_literal,full_prompt,raw_response,timestamp_utc
1,1,row_000,'done,Drugs,gemini,A,,A,True,False,"In the following sentence, what does ""'done"" mean?
Do you have any of the 'done on you?

Select only one answer.
A) Methodone
B) Prolonged masturbation
C) To mastrubate for extremeely long period regularly
D) A term to discuss sexual experiences

Respond with only the letter of your answer (A, B, C, or D).",A,2026-06-12T17:05:06.602793+00:00
2,1,row_001,6-6-6,Identity,gemini,A,,A,True,False,"In the following sentence, what does ""6-6-6"" mean?
I only date a man who is a 6-6-6.

Select only one answer.
A) A rule used by some for dating that refers to someone who is six feet tall, has a 6 figure income, and has six-pack abs
B) Describes activities or situations that are sexually aggressive
C) Something that is messed up or not right.
D) Something that is better then everything else

Respond with only the letter of your answer (A, B, C, or D).",A,2026-06-12T17:05:09.792190+00:00
3,1,row_002,AF,General,gemini,B,,B,True,False,"In the following sentence, what does ""AF"" mean?
Thats cool AF!

Select only one answer.
A) bullets
B) As Fuck
C) Fuckboy, someone just looking for sex
D) To be skeptical about something

Respond with only the letter of your answer (A, B, C, or D).",B,2026-06-12T17:05:12.194592+00:00
4,1,row_003,aggy,Violence,gemini,D,,D,True,False,"In the following sentence, what does ""aggy"" mean?
Why you so aggy?

Select only one answer.
A) fake soft penises and testicles designed to give a 'male' bulge to the crotches of female-to-male transsexuals.
B) A fashionable look
C) A cigarette
D) to aggrivate

Respond with only the letter of your answer (A, B, C, or D).",D,2026-06-12T17:05:15.659726+00:00
5,1,row_004,Alpha,Identity,gemini,B,D,B,True,False,"In the following sentence, what does ""Alpha"" mean?
What an alpha chad.

Select only one answer.
A) when a reply gets more than the original post
B) A strong, leader who commands those around them
C) An emotional meltdown
D) the 1st letter of the Greek alphabet

Respond with only the letter of your answer (A, B, C, or D).",B,2026-06-12T17:05:18.412544+00:00
6,1,row_005,ant,Sexual,gemini,A,C,A,True,False,"In the following sentence, what does ""ant"" mean?
I came across a real ant at the club earlier.

Select only one answer.
A) A charismatic, sexy, and quick witted man
B) A term used to say that someone is online too much and needs to get back to real life
C) any of a family (Formicidae) of colonial hymenopterous insects with a complex social organization and various castes performing special duties
D) A chlid molestor

Respond with only the letter of your answer (A, B, C, or D).",A,2026-06-12T17:05:25.372660+00:00
7,1,row_006,archer,Identity,gemini,A,D,D,False,True,"In the following sentence, what does ""archer"" mean?
Jim was an archer with her lies.

Select only one answer.
A) A person who is very good at spotting a lie
B) A descriptor for an attractive person
C) To show off
D) a person who uses a bow and arrow

Respond with only the letter of your answer (A, B, C, or D).",D,2026-06-12T17:05:31.331917+00:00
8,1,row_007,ASL,Sexual,gemini,C,,C,True,False,"In the following sentence, what does ""ASL"" mean?
What's your ASL?

Select only one answer.
A) An unpopular opinion
B) An older person who is out of touch
C) Age Sex Location
D) fake soft penises and testicles designed to give a 'male' bulge to the crotches of female-to-male transsexuals.

Respond with only the letter of your answer (A, B, C, or D).",C,2026-06-12T17:05:33.925952+00:00
9,1,row_008,Aura Farming,Identity,gemini,C,,C,True,False,"In the following sentence, what does ""Aura Farming"" mean?
That skateboard group is trying really hard to aura farm, but its not working.

Select only one answer.
A) Friends with benefits
B) An attractive older man
C) Activities that involve cultivating ones Aura
D) intensely and openely say something true

Respond with only the letter of your answer (A, B, C, or D).",C,2026-06-12T17:05:37.609592+00:00
10,1,row_009,babygirl,Sexual,gemini,B,,B,True,False,"In the following sentence, what does ""babygirl"" mean?
Hey babygirl, whanna metup tonight?

Select only one answer.
A) An expression of disbelief
B) An endeering term used towards ones significant other
C) bullets
D) A canister of nitrous oxide

Respond with only the letter of your answer (A, B, C, or D).",B,2026-06-12T17:05:40.049858+00:00
11,1,row_010,backoff,Sexual,gemini,B,C,B,True,False,"In the following sentence, what does ""backoff"" mean?
That girl has a fat backoff!

Select only one answer.
A) To metaphorically die of laughter
B) A large ass that stands out.
C) back down
D) to recoil in distaste

Respond with only the letter of your answer (A, B, C, or D).",B,2026-06-12T17:05:43.323888+00:00
12,1,row_011,Bae,Sexual,gemini,C,,C,True,False,"In the following sentence, what does ""Bae"" mean?
She's my bae.

Select only one answer.
A) Get to the point
B) To make a jawline more defined
C) A significant other
D) You're on Your own

Respond with only the letter of your answer (A, B, C, or D).",C,2026-06-12T17:05:45.992075+00:00
13,1,row_012,bareface,Identity,gemini,C,B,C,True,False,"In the following sentence, what does ""bareface"" mean?
I saw a group of barefaces at the store this morning, so I won't be going back.

Select only one answer.
A) Something that is messed up or not right.
B) having a clear finish and no nap
C) Someone who refused to wear a mask in covid times.
D) Poorly dressed

Respond with only the letter of your answer (A, B, C, or D).",C,2026-06-12T17:05:49.974401+00:00
14,1,row_013,based,General,gemini,D,C,A,False,False,"In the following sentence, what does ""based"" mean?
That show was based.

Select only one answer.
A) An independent, strong person
B) To do somethign very well
C) having a specified type of base or basis —often used in combination
D) An unpopular opinion

Respond with only the letter of your answer (A, B, C, or D).",A,2026-06-12T17:05:57.365750+00:00
15,1,row_014,Basic,Identity,gemini,C,A,C,True,False,"In the following sentence, what does ""Basic"" mean?
Shes so basic.

Select only one answer.
A) of, relating to, or forming the base or essence : fundamental
B) Someone that is too much of a fan of something
C) Someone that is boring
D) To mastrubate for extremeely long period regularly

Respond with only the letter of your answer (A, B, C, or D).",C,2026-06-12T17:06:00.468688+00:00
16,1,row_015,bb,Sexual,gemini,A,B,A,True,False,"In the following sentence, what does ""bb"" mean?
Hey bb, lets grab some food.

Select only one answer.
A) A term for baby that people will call their significant other.
B) a shot pellet 0.18 inch in diameter for use in a shotgun cartridge
C) Used to address friends with exasperation, releif, or disbeleif.
D) Something ugly or unattractive

Respond with only the letter of your answer (A, B, C, or D).",A,2026-06-12T17:06:03.382044+00:00
17,1,row_016,Bet,General,gemini,A,B,A,True,False,"In the following sentence, what does ""Bet"" mean?
bet, lets go.

Select only one answer.
A) An affirmative agreement
B) something that is laid, staked, or pledged typically between two parties on the outcome of a contest or a contingent issue : wager —often used figuratively in such phrases as all bets are off to stress the uncertainty of an outcome
C) Nonsensical term
D) To confim that something was completed to expectation

Respond with only the letter of your answer (A, B, C, or D).",A,2026-06-12T17:06:06.802135+00:00
18,1,row_017,Beta,Identity,gemini,C,A,C,True,False,"In the following sentence, what does ""Beta"" mean?
The beta's of the world aren't gonna like that.

Select only one answer.
A) the 2nd letter of the Greek alphabet
B) Charisma
C) Someone weak or a follower
D) The videos one find on social media that cause people to scroll and do nothign for hours

Respond with only the letter of your answer (A, B, C, or D).",C,2026-06-12T17:06:09.697490+00:00
19,1,row_018,Bih,General,gemini,A,,A,True,False,"In the following sentence, what does ""Bih"" mean?
Bih, what?

Select only one answer.
A) Short for Bitch
B) Sociopath
C) drunk
D) Ending the discussion on a topic

Respond with only the letter of your answer (A, B, C, or D).",A,2026-06-12T17:06:12.252779+00:00
20,1,row_019,bine,Violence,gemini,C,B,C,True,False,"In the following sentence, what does ""bine"" mean?
Load the nine with ine and selek it.

Select only one answer.
A) Cancer
B) a twining stem or flexible shoot (as of the hop); also : a plant (such as woodbine) whose shoots are bines
C) bullets
D) sex

Respond with only the letter of your answer (A, B, C, or D).",C,2026-06-12T17:06:16.533156+00:00
21,1,row_020,blackup,Violence,gemini,D,,D,True,False,"In the following sentence, what does ""blackup"" mean?
We are outnumbered. Call for black up.

Select only one answer.
A) Something that is messed up or not right.
B) A canabis based cigarette that needs two paper rolls
C) A charismatic, sexy, and quick witted man
D) When you are outnumbered in a fight and call black people for the win

Respond with only the letter of your answer (A, B, C, or D).",D,2026-06-12T17:06:19.797596+00:00
22,1,row_021,Brain Rot,General,gemini,B,,B,True,False,"In the following sentence, what does ""Brain Rot"" mean?
Kids these days just sit around and watch brain rot.

Select only one answer.
A) A term used to say that someone is online too much and needs to get back to real life
B) The videos one find on social media that cause people to scroll and do nothign for hours
C) Activities that involve cultivating ones Aura
D) something intense, aggressive, and unfiltered

Respond with only the letter of your answer (A, B, C, or D).",B,2026-06-12T17:06:23.028198+00:00
23,1,row_022,brizzy,Drugs,gemini,C,,C,True,False,"In the following sentence, what does ""brizzy"" mean?
Quickly, grab the brizzy.

Select only one answer.
A) A commonplace person
B) Something ugly or unattractive
C) A kilo of cocaine
D) Someone that is too much of a fan of something

Respond with only the letter of your answer (A, B, C, or D).",C,2026-06-12T17:06:26.637985+00:00
24,1,row_023,broomhandle,Violence,gemini,A,,A,True,False,"In the following sentence, what does ""broomhandle"" mean?
Get your broomhandle, we gotta go.

Select only one answer.
A) A mauser C96 pistol
B) Mediocre
C) An all denim outfit
D) To focus on making one as physically attractive as possible

Respond with only the letter of your answer (A, B, C, or D).",A,2026-06-12T17:06:29.302856+00:00
25,1,row_024,bruh!,General,gemini,B,C,B,True,False,"In the following sentence, what does ""bruh!"" mean?
Bruh! What was that?

Select only one answer.
A) A cigarette
B) Used to address friends with exasperation, releif, or disbeleif.
C) brother
D) A mauser C96 pistol

Respond with only the letter of your answer (A, B, C, or D).",B,2026-06-12T17:06:32.049516+00:00
26,1,row_025,Bruzz,General,gemini,A,,A,True,False,"In the following sentence, what does ""Bruzz"" mean?
Whats up bruzz?

Select only one answer.
A) A term for friends
B) the playful act of taking a friend's food
C) To show off
D) when a reply gets more than the original post

Respond with only the letter of your answer (A, B, C, or D).",A,2026-06-12T17:06:35.014946+00:00
27,1,row_026,Bussin',General,gemini,C,,C,True,False,"In the following sentence, what does ""Bussin'"" mean?
This pizza is bussin, on god!

Select only one answer.
A) Fuckboy, someone just looking for sex
B) Mercedes Benz G class
C) Very good
D) to recoil in distaste

Respond with only the letter of your answer (A, B, C, or D).",C,2026-06-12T17:06:37.556973+00:00
28,1,row_027,Cake,Sexual,gemini,A,D,A,True,False,"In the following sentence, what does ""Cake"" mean?
Shes looking real caked up!

Select only one answer.
A) A reference for ass
B) To be honest about something
C) A hot dog
D) a breadlike food made from a dough or batter that is usually fried or baked in small flat shapes and is often unleavened

Respond with only the letter of your answer (A, B, C, or D).",A,2026-06-12T17:06:40.989380+00:00
29,1,row_028,Cap,General,gemini,D,B,D,True,False,"In the following sentence, what does ""Cap"" mean?
You're cappin. No way.

Select only one answer.
A) A significant problem
B) a head covering especially with a visor and no brim
C) Crack cocaine
D) Something untrue or unbeleivable

Respond with only the letter of your answer (A, B, C, or D).",D,2026-06-12T17:06:44.003547+00:00
30,1,row_029,Chad,Identity,gemini,B,D,B,True,False,"In the following sentence, what does ""Chad"" mean?
That was a total chad move.

Select only one answer.
A) bullets
B) A stereotypical alpha male that is strong, handsome, and attracts women.
C) A hot dog
D) small pieces of paper or cardboard produced in punching paper tape or data cards; also : a piece of chad.

Respond with only the letter of your answer (A, B, C, or D).",B,2026-06-12T17:06:47.055639+00:00
31,1,row_030,Chaddam,Identity,gemini,B,,B,True,False,"In the following sentence, what does ""Chaddam"" mean?
Did you see the chaddam at the restraunt earlier?

Select only one answer.
A) To shoot ones shot.
B) An incel term for an attractive middle eastern man
C) crazy or erratic
D) A glock pistol

Respond with only the letter of your answer (A, B, C, or D).",B,2026-06-12T17:06:50.701010+00:00
32,1,row_031,Chang,Drugs,gemini,D,,D,True,False,"In the following sentence, what does ""Chang"" mean?
Hey , you got a hookup for chang?

Select only one answer.
A) A term to support someone going through a gender change.
B) Someone that is boring
C) A near superhuman perfect male
D) cocaine

Respond with only the letter of your answer (A, B, C, or D).",D,2026-06-12T17:06:53.694740+00:00
33,1,row_032,Chat,General,gemini,A,C,A,True,False,"In the following sentence, what does ""Chat"" mean?
Chat, how does this look?

Select only one answer.
A) To refer to ones imaginary audience like an internet steamer
B) An emotional meltdown
C) chatter, prattle
D) A canister of nitrous oxide

Respond with only the letter of your answer (A, B, C, or D).",A,2026-06-12T17:06:56.859314+00:00
34,1,row_033,Cheeks,General,gemini,B,A,B,True,False,"In the following sentence, what does ""Cheeks"" mean?
That movie was cheeks.

Select only one answer.
A) the fleshy side of the face below the eye and above and to the side of the mouth
B) Somehting that is poor quality
C) A cigarette
D) Someone that is too left leaning politically

Respond with only the letter of your answer (A, B, C, or D).",B,2026-06-12T17:06:59.731568+00:00
35,1,row_034,chenta,Insult,gemini,A,,A,True,False,"In the following sentence, what does ""chenta"" mean?
You are looking really chenta.

Select only one answer.
A) Something ugly or unattractive
B) To knock someone out
C) Something untrue or unbeleivable
D) Somehting that is poor quality

Respond with only the letter of your answer (A, B, C, or D).",A,2026-06-12T17:07:08.514085+00:00
36,1,row_035,cheugy,Insult,gemini,B,,B,True,False,"In the following sentence, what does ""cheugy"" mean?
That girl had such a cheugy outfit.

Select only one answer.
A) You're on Your own
B) Somehting uncool or unfashionable
C) When something hidden gets called out
D) something intense, aggressive, and unfiltered

Respond with only the letter of your answer (A, B, C, or D).",B,2026-06-12T17:07:11.275164+00:00
37,1,row_036,chi-mo,Identity,gemini,B,,B,True,False,"In the following sentence, what does ""chi-mo"" mean?
Go fuck that chi-mo up.

Select only one answer.
A) An unpopular opinion
B) A chlid molestor
C) Mercedes Benz G class
D) Friends with benefits

Respond with only the letter of your answer (A, B, C, or D).",B,2026-06-12T17:07:13.698733+00:00
38,1,row_037,Chungus,General,gemini,D,,D,True,False,"In the following sentence, what does ""Chungus"" mean?
Thats a very chungus pizza.

Select only one answer.
A) Someone that is too left leaning politically
B) Throwing something
C) To be fierce and unapologetic withing a social situation
D) Something that is adorably and chunky

Respond with only the letter of your answer (A, B, C, or D).",D,2026-06-12T17:07:16.454179+00:00
39,1,row_038,Clocked,Violence,gemini,A,D,A,True,False,"In the following sentence, what does ""Clocked"" mean?
He totally clocked that guy.

Select only one answer.
A) When something hidden gets called out
B) An unpopular opinion
C) Someone who is the last person to leave a location and the first to come back in the morning
D) to time with a stopwatch or by an electric timing device

Respond with only the letter of your answer (A, B, C, or D).",A,2026-06-12T17:07:21.622500+00:00
40,1,row_039,Cooked,General,gemini,B,D,B,True,False,"In the following sentence, what does ""Cooked"" mean?
You're cooked

Select only one answer.
A) A canabis based cigarette that needs two paper rolls
B) Done or ruined
C) Someone that is boring
D) past tense and past participle of cook

Respond with only the letter of your answer (A, B, C, or D).",B,2026-06-12T17:07:25.222785+00:00
41,1,row_040,coota suit,Identity,gemini,D,,D,True,False,"In the following sentence, what does ""coota suit"" mean?
Im gonna hit the town in my coota suit.

Select only one answer.
A) To express disbelief
B) A significant other
C) To keep secretive or obscure
D) An all denim outfit

Respond with only the letter of your answer (A, B, C, or D).",D,2026-06-12T17:07:27.924687+00:00
42,1,row_041,Crashout,General,gemini,B,C,B,True,False,"In the following sentence, what does ""Crashout"" mean?
Jen had a total crashout after her breakup

Select only one answer.
A) Talking too much
B) An emotional meltdown
C) a vehicular crash
D) A sudden feeling of disguest or repultion towards someone.

Respond with only the letter of your answer (A, B, C, or D).",B,2026-06-12T17:07:32.670635+00:00
43,1,row_042,Cringe,General,gemini,B,,B,True,False,"In the following sentence, what does ""Cringe"" mean?
Did you hear that pickup line? It was totally cringe!

Select only one answer.
A) A nicotine pouch held between the upper lip and gums
B) to recoil in distaste
C) A person who is very good at spotting a lie
D) An independent, strong person

Respond with only the letter of your answer (A, B, C, or D).",B,2026-06-12T17:07:36.688896+00:00
44,1,row_043,crower,Insult,gemini,C,,C,True,False,"In the following sentence, what does ""crower"" mean?
Stop sitting around and being a crower

Select only one answer.
A) An emotional meltdown
B) To be fierce and unapologetic withing a social situation
C) Someone who sitts around commenting about others
D) Describes activities or situations that are sexually aggressive

Respond with only the letter of your answer (A, B, C, or D).",C,2026-06-12T17:07:41.267205+00:00
45,1,row_044,cuck,Insult,gemini,B,C,D,False,False,"In the following sentence, what does ""cuck"" mean?
That guy must be a cuck letting his wife talk to others like that.

Select only one answer.
A) Someone that is too left leaning politically
B) A term for someone that enjoys watching their wife have sex with another man
C) a man whose wife is unfaithful : cuckold
D) A fool or a prick

Respond with only the letter of your answer (A, B, C, or D).",D,2026-06-12T17:07:48.397034+00:00
46,1,row_045,d-low,General,gemini,D,,D,True,False,"In the following sentence, what does ""d-low"" mean?
Keep it on the d-low, okay?

Select only one answer.
A) A stereotypical alpha male that is strong, handsome, and attracts women.
B) Very good
C) A term to support someone going through a gender change.
D) To keep secretive or obscure

Respond with only the letter of your answer (A, B, C, or D).",D,2026-06-12T17:07:50.696416+00:00
47,1,row_046,daggers,General,gemini,D,C,D,True,False,"In the following sentence, what does ""daggers"" mean?
Lets hit the dance floor and do the start daggering.

Select only one answer.
A) Prolonged masturbation
B) a bad charisma
C) a sharp pointed knife for stabbing
D) A provocative dance

Respond with only the letter of your answer (A, B, C, or D).",D,2026-06-12T17:07:53.852853+00:00
48,1,row_047,Ded,General,gemini,D,,D,True,False,"In the following sentence, what does ""Ded"" mean?
I'm ded

Select only one answer.
A) Fashionable or stylish
B) Someone who prepares for doomsday scenarios
C) To mastrubate for extremeely long period regularly
D) To metaphorically die of laughter

Respond with only the letter of your answer (A, B, C, or D).",D,2026-06-12T17:07:56.484564+00:00
49,1,row_048,Delulu,General,gemini,B,,B,True,False,"In the following sentence, what does ""Delulu"" mean?
I'm feeling delulu after that show.

Select only one answer.
A) Something that is messed up or not right.
B) Delusional
C) A sexual relationship developed from situations without clear future intentions
D) An incel term for an attractive middle eastern man

Respond with only the letter of your answer (A, B, C, or D).",B,2026-06-12T17:07:59.085452+00:00
50,1,row_049,Dog water,Insult,gemini,B,,B,True,False,"In the following sentence, what does ""Dog water"" mean?
You are playing like dog water.

Select only one answer.
A) a bad charisma
B) Something low quality or bad
C) Men that lack masculine characteristics
D) You're on Your own

Respond with only the letter of your answer (A, B, C, or D).",B,2026-06-12T17:08:01.704145+00:00
51,1,row_050,doommaxxing,Identity,gemini,A,,A,True,False,"In the following sentence, what does ""doommaxxing"" mean?
I'm just gonna be doommaxxing all weekend.

Select only one answer.
A) The abandonment of responsibilities
B) Something that is messed up or not right.
C) To stab or shoot
D) Friends with benefits

Respond with only the letter of your answer (A, B, C, or D).",A,2026-06-12T17:08:06.169330+00:00
52,1,row_051,Dope,General,gemini,D,A,D,True,False,"In the following sentence, what does ""Dope"" mean?
That car is dope.

Select only one answer.
A) a stupid person
B) To be honest about something
C) An affirmative agreement
D) Cool

Respond with only the letter of your answer (A, B, C, or D).",D,2026-06-12T17:08:08.428062+00:00
53,1,row_052,Drip,Identity,gemini,B,D,C,False,False,"In the following sentence, what does ""Drip"" mean?
How is the drip?

Select only one answer.
A) To be fierce and unapologetic withing a social situation
B) Stylish or flashy outfit style
C) A fashionable look
D) to let fall in drops

Respond with only the letter of your answer (A, B, C, or D).",C,2026-06-12T17:08:17.226244+00:00
54,1,row_053,DTF,Sexual,gemini,C,,C,True,False,"In the following sentence, what does ""DTF"" mean?
She was totally DTF after the first date.

Select only one answer.
A) An affirmative agreement
B) Epileptic fit from a synthetic canabis
C) Down to fuck
D) Cool

Respond with only the letter of your answer (A, B, C, or D).",C,2026-06-12T17:08:19.575777+00:00
55,1,row_054,dubs,General,gemini,A,B,A,True,False,"In the following sentence, what does ""dubs"" mean?
Take home the dubs!

Select only one answer.
A) To win
B) to add (sound effects or new dialogue) to a film or to a radio or television production —usually used with in
C) Done or ruined
D) someone that looks ordinary but is actually very strong

Respond with only the letter of your answer (A, B, C, or D).",A,2026-06-12T17:08:22.720667+00:00
56,1,row_055,epi,General,gemini,A,,A,True,False,"In the following sentence, what does ""epi"" mean?
Watch out, hes going through an epi.

Select only one answer.
A) Epileptic fit from a synthetic canabis
B) A term for bringing someone over to watch some netflix and then have sex.
C) A large ass that stands out.
D) Someone who is trying to get sexual attention overtly

Respond with only the letter of your answer (A, B, C, or D).",A,2026-06-12T17:08:31.591302+00:00
57,1,row_056,F,General,gemini,A,D,A,True,False,"In the following sentence, what does ""F"" mean?
I almost had that one. F.

Select only one answer.
A) To give sympathy or signify a failure
B) Something suspicious
C) Someone who deliberatly acts in ways to annoy or anger a group of people online.
D) the 6th letter of the English alphabet

Respond with only the letter of your answer (A, B, C, or D).",A,2026-06-12T17:08:34.737684+00:00
58,1,row_057,Fanum Tax,General,gemini,D,,D,True,False,"In the following sentence, what does ""Fanum Tax"" mean?
I was at dinner with my girl and she fanum taxed me.

Select only one answer.
A) Used to mock someone who doesnt think for themselves, says things repeatedly, or has no opinions
B) A term for someone that enjoys watching their wife have sex with another man
C) To mastrubate for extremeely long period regularly
D) the playful act of taking a friend's food

Respond with only the letter of your answer (A, B, C, or D).",D,2026-06-12T17:08:37.499523+00:00
59,1,row_058,FBOI,Sexual,gemini,C,,C,True,False,"In the following sentence, what does ""FBOI"" mean?
She just needs a FBOI to gegt out of her slump.

Select only one answer.
A) A reaction to something uncomfortable
B) Main Character - Someone that acts as if they are the star of a story
C) Fuckboy, someone just looking for sex
D) A fool or a prick

Respond with only the letter of your answer (A, B, C, or D).",C,2026-06-12T17:08:40.180544+00:00
60,1,row_059,Fire,General,gemini,D,B,D,True,False,"In the following sentence, what does ""Fire"" mean?
That game war fire!

Select only one answer.
A) when a reply gets more than the original post
B) the phenomenon of combustion manifested in light, flame, and heat
C) To manipulated, trick, or fool someone
D) Something really good

Respond with only the letter of your answer (A, B, C, or D).",D,2026-06-12T17:08:43.449042+00:00
61,1,row_060,Flex,General,gemini,D,C,D,True,False,"In the following sentence, what does ""Flex"" mean?
Vinny with the car flex.

Select only one answer.
A) A term for someone that enjoys watching their wife have sex with another man
B) Money
C) to bend especially repeatedly
D) To show off

Respond with only the letter of your answer (A, B, C, or D).",D,2026-06-12T17:08:45.953957+00:00
62,1,row_061,foid,Insult,gemini,B,,B,True,False,"In the following sentence, what does ""foid"" mean?
Their was this group of foids at the store earlier, I couldn't satnd them!

Select only one answer.
A) Somehting that is poor quality
B) A term used by incels to refer to women in a way that dehumanizes them.
C) Cancer
D) Weak or effeminate

Respond with only the letter of your answer (A, B, C, or D).",B,2026-06-12T17:08:48.984578+00:00
63,1,row_062,Fuckboy,Sexual,gemini,B,,B,True,False,"In the following sentence, what does ""Fuckboy"" mean?
That guy gave off total fuckboy energy.

Select only one answer.
A) Someone who prepares for doomsday scenarios
B) Fuckboy, someone just looking for sex
C) A criminal that turned their life arpound and are legitimate
D) To metaphorically die of laughter

Respond with only the letter of your answer (A, B, C, or D).",B,2026-06-12T17:08:51.689749+00:00
64,1,row_063,fuckwhistle,Insult,gemini,D,,D,True,False,"In the following sentence, what does ""fuckwhistle"" mean?
Get out of here you fuckwhistle!

Select only one answer.
A) To refer to ones imaginary audience like an internet steamer
B) Mercedes Benz G class
C) An unattractive girl
D) An insulting term to refer to someone as stupid

Respond with only the letter of your answer (A, B, C, or D).",D,2026-06-12T17:08:54.508182+00:00
65,1,row_064,Full send,General,gemini,D,,D,True,False,"In the following sentence, what does ""Full send"" mean?
I'm about to full send on this test!

Select only one answer.
A) bullets
B) Age Sex Location
C) Friends with benefits
D) Go in 100% on something

Respond with only the letter of your answer (A, B, C, or D).",D,2026-06-12T17:08:56.928889+00:00
66,1,row_065,FWB,Sexual,gemini,A,,A,True,False,"In the following sentence, what does ""FWB"" mean?
Yea, we started a FWB sort of thing.

Select only one answer.
A) Friends with benefits
B) A distinct trait, style, or outfit, often used in drag culture
C) Someone younger
D) Something ugly or unattractive

Respond with only the letter of your answer (A, B, C, or D).",A,2026-06-12T17:08:59.165799+00:00
67,1,row_066,G-wagon,General,gemini,D,,D,True,False,"In the following sentence, what does ""G-wagon"" mean?
Yo, check out that g-wagon!

Select only one answer.
A) An endeering term used towards ones significant other
B) Someone that travels abroad with the sole purpose of having sex
C) A term used to describe a baby raised in a gender neutral environment
D) Mercedes Benz G class

Respond with only the letter of your answer (A, B, C, or D).",D,2026-06-12T17:09:01.481677+00:00
68,1,row_067,gabadost,Identity,gemini,C,,C,True,False,"In the following sentence, what does ""gabadost"" mean?
Did you even listen to me? Gabadost!

Select only one answer.
A) A term for someone that enjoys watching their wife have sex with another man
B) Men that lack masculine characteristics
C) Someone who is very stubborn
D) A submissive male that is often outside of traditional social hierarchies

Respond with only the letter of your answer (A, B, C, or D).",C,2026-06-12T17:09:06.367206+00:00
69,1,row_068,Giga Chad,Identity,gemini,C,,C,True,False,"In the following sentence, what does ""Giga Chad"" mean?
Did you see how he lifted that? What a giga chad.

Select only one answer.
A) Someone weak or a follower
B) A distinct trait, style, or outfit, often used in drag culture
C) A near superhuman perfect male
D) To manipulated, trick, or fool someone

Respond with only the letter of your answer (A, B, C, or D).",C,2026-06-12T17:09:08.966263+00:00
70,1,row_069,Glazing,Insult,gemini,D,B,D,True,False,"In the following sentence, what does ""Glazing"" mean?
Stop glazing over One Piece, its not that good.

Select only one answer.
A) Someone that tries really hard to impress their crush
B) the action, process, or trade of fitting windows with glass
C) A hot dog
D) Someone that is too much of a fan of something

Respond with only the letter of your answer (A, B, C, or D).",D,2026-06-12T17:09:13.180300+00:00
71,1,row_070,Glee,Violence,gemini,B,A,B,True,False,"In the following sentence, what does ""Glee"" mean?
Grab your glee and get outta here!

Select only one answer.
A) exultant high-spirited joy : merriment
B) A glock pistol
C) An endeering term used towards ones significant other
D) an expression of surprise

Respond with only the letter of your answer (A, B, C, or D).",B,2026-06-12T17:09:18.948408+00:00
72,1,row_071,glitter,Identity,gemini,C,B,B,False,True,"In the following sentence, what does ""glitter"" mean?
Go out htere and glittter!

Select only one answer.
A) A dance move
B) to shine by reflection with many small flashes of brilliant light : sparkle
C) A term to support someone going through a gender change.
D) Someone who is the last person to leave a location and the first to come back in the morning

Respond with only the letter of your answer (A, B, C, or D).",B,2026-06-12T17:09:22.179688+00:00
73,1,row_072,glizzy,General,gemini,A,,A,True,False,"In the following sentence, what does ""glizzy"" mean?
Hey, lets grab some costco glizzys before we go.

Select only one answer.
A) A hot dog
B) A term to discuss sexual experiences
C) A term for friends
D) A submissive male that is often outside of traditional social hierarchies

Respond with only the letter of your answer (A, B, C, or D).",A,2026-06-12T17:09:26.147953+00:00
74,1,row_073,Goated,General,gemini,A,,A,True,False,"In the following sentence, what does ""Goated"" mean?
That play was goated

Select only one answer.
A) The greatest of all time
B) Friends with benefits
C) Something low quality or bad
D) A fashionable look

Respond with only the letter of your answer (A, B, C, or D).",A,2026-06-12T17:09:28.473734+00:00
75,1,row_074,Gooning,Sexual,gemini,A,,A,True,False,"In the following sentence, what does ""Gooning"" mean?
He looks like he was gooning all break

Select only one answer.
A) Prolonged masturbation
B) To express disappointment dramatically
C) Something that is adorably and chunky
D) a bad charisma

Respond with only the letter of your answer (A, B, C, or D).",A,2026-06-12T17:09:31.496489+00:00
76,1,row_075,goonmaxxing,Identity,gemini,A,,A,True,False,"In the following sentence, what does ""goonmaxxing"" mean?
He's been spending all summer goonmaxxing in his room

Select only one answer.
A) To mastrubate for extremeely long period regularly
B) A term of endearment for a significant other
C) a significant other
D) Someone who acts tries to act entertaining and amuzingly relentlessly

Respond with only the letter of your answer (A, B, C, or D).",A,2026-06-12T17:09:34.505175+00:00
77,1,row_076,gouda,General,gemini,B,D,D,False,True,"In the following sentence, what does ""gouda"" mean?
Stop being so gouda.

Select only one answer.
A) To be high or drunk
B) Someone unappealing
C) To tie up an arm to isolate a vein for injecting a drug
D) a mild cheese of Dutch origin that is similar to Edam but contains more fat

Respond with only the letter of your answer (A, B, C, or D).",D,2026-06-12T17:09:54.121174+00:00
78,1,row_077,greazy,Insult,gemini,C,,C,True,False,"In the following sentence, what does ""greazy"" mean?
You lookin greazy today.

Select only one answer.
A) Used to mock someone who doesnt think for themselves, says things repeatedly, or has no opinions
B) Irritated, bitter, or resentful
C) Poorly dressed
D) Men that lack masculine characteristics

Respond with only the letter of your answer (A, B, C, or D).",C,2026-06-12T17:10:03.251278+00:00
79,1,row_078,Griddy,General,gemini,C,,C,True,False,"In the following sentence, what does ""Griddy"" mean?
Hit the griddy!

Select only one answer.
A) Saying something secretive or to keep low profile
B) A significant other
C) A dance move
D) An unattractive girl

Respond with only the letter of your answer (A, B, C, or D).",C,2026-06-12T17:10:05.724979+00:00
80,1,row_079,grips up,Violence,gemini,A,,A,True,False,"In the following sentence, what does ""grips up"" mean?
grips up, we gotta head out.

Select only one answer.
A) To prepare for a fight
B) Someone who sitts around commenting about others
C) An incel term for an attractive middle eastern man
D) The greatest of all time

Respond with only the letter of your answer (A, B, C, or D).",A,2026-06-12T17:10:09.894970+00:00
81,1,row_080,Gyatt,General,gemini,C,,C,True,False,"In the following sentence, what does ""Gyatt"" mean?
Oh, my gyatt, I really wanna see you.

Select only one answer.
A) Short for Bitch
B) Gossip
C) an expression of surprise
D) Talking too much

Respond with only the letter of your answer (A, B, C, or D).",C,2026-06-12T17:10:13.230448+00:00
82,1,row_081,haps,General,gemini,C,,C,True,False,"In the following sentence, what does ""haps"" mean?
haps tonight?

Select only one answer.
A) Cancer
B) A submissive male that is often outside of traditional social hierarchies
C) Short for happening
D) Charisma

Respond with only the letter of your answer (A, B, C, or D).",C,2026-06-12T17:10:16.181631+00:00
83,1,row_082,hem up,General,gemini,D,,D,True,False,"In the following sentence, what does ""hem up"" mean?
Bro, don't hem up.

Select only one answer.
A) To tie up an arm to isolate a vein for injecting a drug
B) Used to mock someone who doesnt think for themselves, says things repeatedly, or has no opinions
C) The videos one find on social media that cause people to scroll and do nothign for hours
D) To get arrested

Respond with only the letter of your answer (A, B, C, or D).",D,2026-06-12T17:10:20.306840+00:00
84,1,row_083,highkey,General,gemini,D,A,D,True,False,"In the following sentence, what does ""highkey"" mean?
Highkey, this place is great!

Select only one answer.
A) having or producing light tones only with little contrast —used of a photographic print or subject or of the lighting of a photographic subject
B) a bad charisma
C) when a reply gets more than the original post
D) intensely and openely say something true

Respond with only the letter of your answer (A, B, C, or D).",D,2026-06-12T17:10:23.349796+00:00
85,1,row_084,Hits different,General,gemini,A,,A,True,False,"In the following sentence, what does ""Hits different"" mean?
This hot dog hits different.

Select only one answer.
A) Something very good
B) crazy or erratic
C) A charismatic, sexy, and quick witted man
D) Friends with benefits

Respond with only the letter of your answer (A, B, C, or D).",A,2026-06-12T17:10:26.449899+00:00
86,1,row_085,Ick,Insult,gemini,B,,B,True,False,"In the following sentence, what does ""Ick"" mean?
His hairdue gave me the ick.

Select only one answer.
A) To express excitement or approval for something
B) A sudden feeling of disguest or repultion towards someone.
C) To give sympathy or signify a failure
D) The anus

Respond with only the letter of your answer (A, B, C, or D).",B,2026-06-12T17:10:29.284677+00:00
87,1,row_086,IJBOL,General,gemini,C,,C,True,False,"In the following sentence, what does ""IJBOL"" mean?
That was aso funny. IJBOL!

Select only one answer.
A) A descriptor for an attractive person
B) Acting crazily
C) I just burst out laughing
D) Used to refer to the social media platforms one uses

Respond with only the letter of your answer (A, B, C, or D).",C,2026-06-12T17:10:31.812436+00:00
88,1,row_087,Ipad Kid,General,gemini,B,,B,True,False,"In the following sentence, what does ""Ipad Kid"" mean?
They are just a bunch of Ipad kids.

Select only one answer.
A) Ironically used to describe one as unique
B) used to mock spoiled kids
C) Fuckboy, someone just looking for sex
D) Age Sex Location

Respond with only the letter of your answer (A, B, C, or D).",B,2026-06-12T17:10:34.862681+00:00
89,1,row_088,Jebaited,General,gemini,B,,B,True,False,"In the following sentence, what does ""Jebaited"" mean?
Get jebaited!

Select only one answer.
A) To mastrubate for extremeely long period regularly
B) To manipulated, trick, or fool someone
C) Someone that is boring
D) A man that takes care of children

Respond with only the letter of your answer (A, B, C, or D).",B,2026-06-12T17:10:37.422718+00:00
90,1,row_089,jestermaxxing,Identity,gemini,C,,C,True,False,"In the following sentence, what does ""jestermaxxing"" mean?
Tommy's jestermaxxing in class just to annoy the teacher.

Select only one answer.
A) A term used to describe a baby raised in a gender neutral environment
B) I just burst out laughing
C) Someone who acts tries to act entertaining and amuzingly relentlessly
D) The vagina

Respond with only the letter of your answer (A, B, C, or D).",C,2026-06-12T17:10:40.957651+00:00
91,1,row_090,Jit,Insult,gemini,D,,D,True,False,"In the following sentence, what does ""Jit"" mean?
Who is this jit?

Select only one answer.
A) Something untrue or unbeleivable
B) Something that appears mundane but has hidden potential
C) An unpopular opinion
D) Someone younger

Respond with only the letter of your answer (A, B, C, or D).",D,2026-06-12T17:10:43.723440+00:00
92,1,row_091,K.Y. cowboy,Insult,gemini,B,,B,True,False,"In the following sentence, what does ""K.Y. cowboy"" mean?
Stop being such a K.Y. cowboy.

Select only one answer.
A) A term used to describe a baby raised in a gender neutral environment
B) A homosexual cowboy
C) Used to address friends with exasperation, releif, or disbeleif.
D) Somehting uncool or unfashionable

Respond with only the letter of your answer (A, B, C, or D).",B,2026-06-12T17:10:48.712484+00:00
93,1,row_092,keep it 100,General,gemini,C,,C,True,False,"In the following sentence, what does ""keep it 100"" mean?
Keep it 100, dod you see her last night?

Select only one answer.
A) Something really good
B) sweet talk
C) To be honest about something
D) A loss or failure

Respond with only the letter of your answer (A, B, C, or D).",C,2026-06-12T17:10:52.428633+00:00
94,1,row_093,KHHV,Insult,gemini,A,,A,True,False,"In the following sentence, what does ""KHHV"" mean?
Looks like a total KHHV.

Select only one answer.
A) An incel term meaning kissless, hugless, handholdless virgin
B) To win
C) Men that lack masculine characteristics
D) To be skeptical about something

Respond with only the letter of your answer (A, B, C, or D).",A,2026-06-12T17:10:54.724359+00:00
95,1,row_094,knot off,Drugs,gemini,C,,C,True,False,"In the following sentence, what does ""knot off"" mean?
Get ready to knot off, I have the H.

Select only one answer.
A) To show off
B) An independent, strong person
C) To tie up an arm to isolate a vein for injecting a drug
D) Sociopath

Respond with only the letter of your answer (A, B, C, or D).",C,2026-06-12T17:10:57.591128+00:00
96,1,row_095,kweff,Violence,gemini,A,,A,True,False,"In the following sentence, what does ""kweff"" mean?
Lock, aim, and kweff.

Select only one answer.
A) To stab or shoot
B) An emotional meltdown
C) A term used by incels to refer to women in a way that dehumanizes them.
D) A dance move

Respond with only the letter of your answer (A, B, C, or D).",A,2026-06-12T17:11:00.923794+00:00
97,1,row_096,L,General,gemini,C,D,C,True,False,"In the following sentence, what does ""L"" mean?
We took the L at the basketball match.

Select only one answer.
A) An independent, strong person
B) To express excitement or approval for something
C) A loss or failure
D) the 12th letter of the English alphabet

Respond with only the letter of your answer (A, B, C, or D).",C,2026-06-12T17:11:03.458713+00:00
98,1,row_097,lacag,General,gemini,B,,B,True,False,"In the following sentence, what does ""lacag"" mean?
I'll be out making lacag.

Select only one answer.
A) Someone who sitts around commenting about others
B) Money
C) A man that takes care of children
D) Used to address friends with exasperation, releif, or disbeleif.

Respond with only the letter of your answer (A, B, C, or D).",B,2026-06-12T17:11:06.922515+00:00
99,1,row_098,larp,General,gemini,B,,B,True,False,"In the following sentence, what does ""larp"" mean?
I went to a LARP at the park this weekend.

Select only one answer.
A) A fashionable look
B) a live-action role-playing game in which a group of people enacts a fictional scenario (such as a fantasy adventure) in real time typically under the guidance of a facilitator or organizer; also : the activity of participating in such games : larping
C) Someone who is the last person to leave a location and the first to come back in the morning
D) An affirmative agreement

Respond with only the letter of your answer (A, B, C, or D).",B,2026-06-12T17:11:09.244473+00:00
100,1,row_099,lewk,General,gemini,A,,A,True,False,"In the following sentence, what does ""lewk"" mean?
Jim is using his signature lewk tonight.

Select only one answer.
A) A distinct trait, style, or outfit, often used in drag culture
B) Someone unappealing
C) An expression of disappointment
D) The abandonment of responsibilities

Respond with only the letter of your answer (A, B, C, or D).",A,2026-06-12T17:11:14.797575+00:00
101,1,row_100,lidge,General,gemini,D,,D,True,False,"In the following sentence, what does ""lidge"" mean?
I'm gettin money lidge.

Select only one answer.
A) Someone that travels abroad with the sole purpose of having sex
B) A strong, leader who commands those around them
C) sex
D) A criminal that turned their life arpound and are legitimate

Respond with only the letter of your answer (A, B, C, or D).",D,2026-06-12T17:11:19.224230+00:00
102,1,row_101,lifemaxxing,Identity,gemini,D,,D,True,False,"In the following sentence, what does ""lifemaxxing"" mean?
Shes's reallly been trying to lifemax these past few months.

Select only one answer.
A) To refer to ones imaginary audience like an internet steamer
B) Fashionable or stylish
C) Something that is adorably and chunky
D) To make lifestyle changes to make your life more holistic

Respond with only the letter of your answer (A, B, C, or D).",D,2026-06-12T17:11:22.684212+00:00
103,1,row_102,looksmaxxing,Identity,gemini,B,,B,True,False,"In the following sentence, what does ""looksmaxxing"" mean?
The looksmaxxing community

Select only one answer.
A) A cigarette
B) To focus on making one as physically attractive as possible
C) A stereotypical alpha male that is strong, handsome, and attracts women.
D) A dance move

Respond with only the letter of your answer (A, B, C, or D).",B,2026-06-12T17:11:25.201601+00:00
104,1,row_103,lotion,General,gemini,A,D,A,True,False,"In the following sentence, what does ""lotion"" mean?
Lemme go lotion her up for you.

Select only one answer.
A) sweet talk
B) To knock someone out
C) Someone who deliberatly acts in ways to annoy or anger a group of people online.
D) a liquid preparation for cosmetic or external medicinal use

Respond with only the letter of your answer (A, B, C, or D).",A,2026-06-12T17:11:28.721945+00:00
105,1,row_104,Low Key,General,gemini,A,B,A,True,False,"In the following sentence, what does ""Low Key"" mean?
Low key, I want some ice cream.

Select only one answer.
A) Saying something secretive or to keep low profile
B) having or producing dark tones only with little contrast
C) Something really good
D) Something that appears mundane but has hidden potential

Respond with only the letter of your answer (A, B, C, or D).",A,2026-06-12T17:11:31.458566+00:00
106,1,row_105,main character,General,gemini,D,,D,True,False,"In the following sentence, what does ""main character"" mean?
You give off main character energy.

Select only one answer.
A) Fuckboy, someone just looking for sex
B) intensely and openely say something true
C) Someone who is the last person to leave a location and the first to come back in the morning
D) Main Character - Someone that acts as if they are the star of a story

Respond with only the letter of your answer (A, B, C, or D).",D,2026-06-12T17:11:34.094519+00:00
107,1,row_106,manny,Insult,gemini,B,,B,True,False,"In the following sentence, what does ""manny"" mean?
Look at the guy, he's just a manny.

Select only one answer.
A) Delusional
B) A man that takes care of children
C) A term for friends
D) A chlid molestor

Respond with only the letter of your answer (A, B, C, or D).",B,2026-06-12T17:11:36.668584+00:00
108,1,row_107,mascara,Sexual,gemini,C,A,C,True,False,"In the following sentence, what does ""mascara"" mean?
I lost my mascara for 5 years, but then I found it again, and I love it even more now.

Select only one answer.
A) a cosmetic especially for making the eyelashes darker and more prominent
B) A provocative dance
C) A term to discuss sexual experiences
D) To metaphorically die of laughter

Respond with only the letter of your answer (A, B, C, or D).",C,2026-06-12T17:11:44.134218+00:00
109,1,row_108,Mewing,Identity,gemini,C,D,C,True,False,"In the following sentence, what does ""Mewing"" mean?
You've gotta start mewing to increase your status in society.

Select only one answer.
A) A sexual relationship developed from situations without clear future intentions
B) Saying something secretive or to keep low profile
C) To make a jawline more defined
D) to utter a mew or similar sound

Respond with only the letter of your answer (A, B, C, or D).",C,2026-06-12T17:11:47.355758+00:00
110,1,row_109,Mid,General,gemini,C,,C,True,False,"In the following sentence, what does ""Mid"" mean?
That was a mid burger.

Select only one answer.
A) Cool
B) Used to address friends with exasperation, releif, or disbeleif.
C) Mediocre
D) To express disbelief

Respond with only the letter of your answer (A, B, C, or D).",C,2026-06-12T17:11:49.774410+00:00
111,1,row_110,minghiun,Insult,gemini,D,,D,True,False,"In the following sentence, what does ""minghiun"" mean?
Stop being a minghiun.

Select only one answer.
A) A hot dog
B) A reference for ass
C) A commonplace person
D) A fool or a prick

Respond with only the letter of your answer (A, B, C, or D).",D,2026-06-12T17:11:53.445859+00:00
112,1,row_111,nang,Drugs,gemini,B,,B,True,False,"In the following sentence, what does ""nang"" mean?
Dude, grab the nang, I wanna feel free.

Select only one answer.
A) Done or ruined
B) A canister of nitrous oxide
C) A term for friends
D) Fuckboy, someone just looking for sex

Respond with only the letter of your answer (A, B, C, or D).",B,2026-06-12T17:11:56.320940+00:00
113,1,row_112,Negative Aura,Insult,gemini,C,,C,True,False,"In the following sentence, what does ""Negative Aura"" mean?
She's giving off negative aura.

Select only one answer.
A) Cancer
B) The videos one find on social media that cause people to scroll and do nothign for hours
C) a bad charisma
D) To stab or shoot

Respond with only the letter of your answer (A, B, C, or D).",C,2026-06-12T17:11:59.210878+00:00
114,1,row_113,Netflix and Chill,Sexual,gemini,B,,B,True,False,"In the following sentence, what does ""Netflix and Chill"" mean?
Wanna come back to my place and Netflix and Chill?

Select only one answer.
A) Saying something secretive or to keep low profile
B) A term for bringing someone over to watch some netflix and then have sex.
C) A man that is feminine in nature
D) To keep secretive or obscure

Respond with only the letter of your answer (A, B, C, or D).",B,2026-06-12T17:12:01.420980+00:00
115,1,row_114,next-level,General,gemini,C,,C,True,False,"In the following sentence, what does ""next-level"" mean?
That movie was next level!

Select only one answer.
A) A term for someone that enjoys watching their wife have sex with another man
B) To be fierce and unapologetic withing a social situation
C) Something that is better then everything else
D) You're on Your own

Respond with only the letter of your answer (A, B, C, or D).",C,2026-06-12T17:12:04.284066+00:00
116,1,row_115,NPC,Insult,gemini,C,A,C,True,False,"In the following sentence, what does ""NPC"" mean?
Stop being such an NPC.

Select only one answer.
A) a character in a video game that does not represent and cannot be manipulated by a player —called also non-player character
B) A kilo of cocaine
C) Used to mock someone who doesnt think for themselves, says things repeatedly, or has no opinions
D) A sexual relationship developed from situations without clear future intentions

Respond with only the letter of your answer (A, B, C, or D).",C,2026-06-12T17:12:07.884013+00:00
117,1,row_116,Omega,Identity,gemini,C,D,C,True,False,"In the following sentence, what does ""Omega"" mean?
Those were some real omega moves right there.

Select only one answer.
A) To give sympathy or signify a failure
B) To knock someone out
C) A submissive male that is often outside of traditional social hierarchies
D) the 24th and last letter of the Greek alphabet

Respond with only the letter of your answer (A, B, C, or D).",C,2026-06-12T17:12:12.395776+00:00
118,1,row_117,on the regs,General,gemini,D,,D,True,False,"In the following sentence, what does ""on the regs"" mean?
I stop by the coffee shop on the regs.

Select only one answer.
A) An endeering term used towards ones significant other
B) Someone weak or a follower
C) A canabis based cigarette that needs two paper rolls
D) Something done regularly

Respond with only the letter of your answer (A, B, C, or D).",D,2026-06-12T17:12:14.849774+00:00
119,1,row_118,oof,General,gemini,A,,A,True,False,"In the following sentence, what does ""oof"" mean?
Oof, that was rough.

Select only one answer.
A) A reaction to something uncomfortable
B) An unattractive girl
C) Saying something secretive or to keep low profile
D) A commonplace person

Respond with only the letter of your answer (A, B, C, or D).",A,2026-06-12T17:12:17.561213+00:00
120,1,row_119,ooga-booga,Sexual,gemini,B,,B,True,False,"In the following sentence, what does ""ooga-booga"" mean?
Me want ooga-booga!

Select only one answer.
A) To do something impressive
B) The vagina
C) Men that lack masculine characteristics
D) To manipulated, trick, or fool someone

Respond with only the letter of your answer (A, B, C, or D).",B,2026-06-12T17:12:23.129090+00:00
121,1,row_120,Orange Crush,Drugs,gemini,B,,B,True,False,"In the following sentence, what does ""Orange Crush"" mean?
ets grab some of that orange crush tonight!

Select only one answer.
A) An affirmative agreement
B) A type of marijuana
C) A sexual relationship developed from situations without clear future intentions
D) Someone that is too much of a fan of something

Respond with only the letter of your answer (A, B, C, or D).",B,2026-06-12T17:12:26.998684+00:00
122,1,row_121,OTP,General,gemini,A,,A,True,False,"In the following sentence, what does ""OTP"" mean?
Him and her are the OTP.

Select only one answer.
A) One True Pairing
B) When you are outnumbered in a fight and call black people for the win
C) Someone that is too much of a fan of something
D) I just burst out laughing

Respond with only the letter of your answer (A, B, C, or D).",A,2026-06-12T17:12:29.623454+00:00
123,1,row_122,packers,Insult,gemini,B,D,A,False,False,"In the following sentence, what does ""packers"" mean?
Thats just a group of packers over there, don't waste your time.

Select only one answer.
A) Someone who is the last person to leave a location and the first to come back in the morning
B) fake soft penises and testicles designed to give a 'male' bulge to the crotches of female-to-male transsexuals.
C) Very good
D) one that packs

Respond with only the letter of your answer (A, B, C, or D).",A,2026-06-12T17:12:38.238184+00:00
124,1,row_123,passa passa,General,gemini,B,,B,True,False,"In the following sentence, what does ""passa passa"" mean?
I don't want any passa passa now.

Select only one answer.
A) Someone who prepares for doomsday scenarios
B) A loud and messy conflict
C) A mauser C96 pistol
D) To manipulated, trick, or fool someone

Respond with only the letter of your answer (A, B, C, or D).",B,2026-06-12T17:12:41.159180+00:00
125,1,row_124,passport bro,Sexual,gemini,B,,B,True,False,"In the following sentence, what does ""passport bro"" mean?
A bunch of passport bro's just checked into the hotel.

Select only one answer.
A) Go in 100% on something
B) Someone that travels abroad with the sole purpose of having sex
C) Used to refer to the social media platforms one uses
D) a live-action role-playing game in which a group of people enacts a fictional scenario (such as a fantasy adventure) in real time typically under the guidance of a facilitator or organizer; also : the activity of participating in such games : larping

Respond with only the letter of your answer (A, B, C, or D).",B,2026-06-12T17:12:44.301539+00:00
126,1,row_125,Period,General,gemini,A,B,A,True,False,"In the following sentence, what does ""Period"" mean?
She is the best, period.

Select only one answer.
A) Ending the discussion on a topic
B) the completion of a cycle, a series of events, or a single action : conclusion
C) an expression of surprise
D) To win

Respond with only the letter of your answer (A, B, C, or D).",A,2026-06-12T17:12:47.353978+00:00
127,1,row_126,plegic,Drugs,gemini,A,,C,False,False,"In the following sentence, what does ""plegic"" mean?
That guy stumbled out very plegic.

Select only one answer.
A) drunk
B) To check the mood of a situation
C) Nonsensical term
D) The videos one find on social media that cause people to scroll and do nothign for hours

Respond with only the letter of your answer (A, B, C, or D).",C,2026-06-12T17:12:55.674339+00:00
128,1,row_127,poggers,General,gemini,C,,C,True,False,"In the following sentence, what does ""poggers"" mean?
Thats a poggers painting.

Select only one answer.
A) One True Pairing
B) A near superhuman perfect male
C) To express excitement or approval for something
D) Saying something secretive or to keep low profile

Respond with only the letter of your answer (A, B, C, or D).",C,2026-06-12T17:12:58.457941+00:00
129,1,row_128,Pookie,Sexual,gemini,A,,A,True,False,"In the following sentence, what does ""Pookie"" mean?
My pookie loves a smash burger.

Select only one answer.
A) A term of endearment for a significant other
B) Something that is reallly good.
C) Weak or effeminate
D) Acting crazily

Respond with only the letter of your answer (A, B, C, or D).",A,2026-06-12T17:13:00.871621+00:00
130,1,row_129,Pop off,General,gemini,C,D,C,True,False,"In the following sentence, what does ""Pop off"" mean?
I'm about to pop off!

Select only one answer.
A) To manipulated, trick, or fool someone
B) Main Character - Someone that acts as if they are the star of a story
C) To do something impressive
D) to die unexpectedly

Respond with only the letter of your answer (A, B, C, or D).",C,2026-06-12T17:13:04.997838+00:00
131,1,row_130,Posh and Becks,Sexual,gemini,D,,D,True,False,"In the following sentence, what does ""Posh and Becks"" mean?
Lets go back to my place and have the posh and becks.

Select only one answer.
A) A man that takes care of children
B) Money
C) One True Pairing
D) sex

Respond with only the letter of your answer (A, B, C, or D).",D,2026-06-12T17:13:07.729469+00:00
132,1,row_131,prepper,Insult,gemini,C,,C,True,False,"In the following sentence, what does ""prepper"" mean?
We have a prepper down the block. They are kindof crazy, but its nice to know where to go.

Select only one answer.
A) Something untrue or unbeleivable
B) An insulting term to refer to someone as stupid
C) Someone who prepares for doomsday scenarios
D) A nicotine pouch held between the upper lip and gums

Respond with only the letter of your answer (A, B, C, or D).",C,2026-06-12T17:13:10.779359+00:00
133,1,row_132,Prison pocket,General,gemini,A,,A,True,False,"In the following sentence, what does ""Prison pocket"" mean?
Hold it in your prison pocket.

Select only one answer.
A) The anus
B) The videos one find on social media that cause people to scroll and do nothign for hours
C) sex
D) A term of endearment for a significant other

Respond with only the letter of your answer (A, B, C, or D).",A,2026-06-12T17:13:13.137204+00:00
134,1,row_133,Put the fries in the bag,General,gemini,D,,D,True,False,"In the following sentence, what does ""Put the fries in the bag"" mean?
You're taking too long. Put the fires in the bag.

Select only one answer.
A) A homosexual cowboy
B) Something that is reallly good.
C) To express disbelief
D) Get to the point

Respond with only the letter of your answer (A, B, C, or D).",D,2026-06-12T17:13:17.407442+00:00
135,1,row_134,Quirky,Insult,gemini,C,B,B,False,True,"In the following sentence, what does ""Quirky"" mean?
I'm so quirky!

Select only one answer.
A) To confim that something was completed to expectation
B) having many quirks : unusual in especially an interesting or appealing way
C) Ironically used to describe one as unique
D) the playful act of taking a friend's food

Respond with only the letter of your answer (A, B, C, or D).",B,2026-06-12T17:13:20.668456+00:00
136,1,row_135,rago,Insult,gemini,D,,D,True,False,"In the following sentence, what does ""rago"" mean?
It was just how rago he was.

Select only one answer.
A) a bad charisma
B) The videos one find on social media that cause people to scroll and do nothign for hours
C) Something suspicious
D) Someone acting aggressively and out of control

Respond with only the letter of your answer (A, B, C, or D).",D,2026-06-12T17:13:25.590838+00:00
137,1,row_136,rapey,Sexual,gemini,B,,B,True,False,"In the following sentence, what does ""rapey"" mean?
That guy at the bar was feeling pretty rapey.

Select only one answer.
A) An insulting term to refer to someone as stupid
B) Describes activities or situations that are sexually aggressive
C) A glock pistol
D) A provocative dance

Respond with only the letter of your answer (A, B, C, or D).",B,2026-06-12T17:13:28.145873+00:00
138,1,row_137,Ratio,General,gemini,C,A,C,True,False,"In the following sentence, what does ""Ratio"" mean?
Ratio if you like pizza.

Select only one answer.
A) the indicated quotient of two mathematical expressions
B) To express disappointment dramatically
C) when a reply gets more than the original post
D) A canister of nitrous oxide

Respond with only the letter of your answer (A, B, C, or D).",C,2026-06-12T17:13:31.532065+00:00
139,1,row_138,raw,General,gemini,A,B,A,True,False,"In the following sentence, what does ""raw"" mean?
He's been hitting the vape raw lately.

Select only one answer.
A) something intense, aggressive, and unfiltered
B) not cooked
C) bullets
D) To make lifestyle changes to make your life more holistic

Respond with only the letter of your answer (A, B, C, or D).",A,2026-06-12T17:13:34.168818+00:00
140,1,row_139,RIP (me),General,gemini,B,,B,True,False,"In the following sentence, what does ""RIP (me)"" mean?
I think I just failed that test. RIP me.

Select only one answer.
A) something intense, aggressive, and unfiltered
B) To express disappointment dramatically
C) An endeering term used towards ones significant other
D) An independent, strong person

Respond with only the letter of your answer (A, B, C, or D).",B,2026-06-12T17:13:37.133438+00:00
141,1,row_140,Rizz,General,gemini,C,,C,True,False,"In the following sentence, what does ""Rizz"" mean?
The rizz you have today is stunning!

Select only one answer.
A) A rule used by some for dating that refers to someone who is six feet tall, has a 6 figure income, and has six-pack abs
B) A cigarette
C) Charisma
D) Gossip

Respond with only the letter of your answer (A, B, C, or D).",C,2026-06-12T17:13:39.952829+00:00
142,1,row_141,Salty,Insult,gemini,A,C,A,True,False,"In the following sentence, what does ""Salty"" mean?
She's just salty that you have a boyfriend and she doesn't.

Select only one answer.
A) Irritated, bitter, or resentful
B) A canister of nitrous oxide
C) of, seasoned with, or containing salt
D) Go in 100% on something

Respond with only the letter of your answer (A, B, C, or D).",A,2026-06-12T17:13:42.322248+00:00
143,1,row_142,savage,General,gemini,C,A,C,True,False,"In the following sentence, what does ""savage"" mean?
That was a savage comeback you gave.

Select only one answer.
A) not domesticated or under human control : untamed
B) A glock pistol
C) To be fierce and unapologetic withing a social situation
D) A canabis based cigarette that needs two paper rolls

Respond with only the letter of your answer (A, B, C, or D).",C,2026-06-12T17:13:45.118880+00:00
144,1,row_143,Schizo,Insult,gemini,C,,C,True,False,"In the following sentence, what does ""Schizo"" mean?
Brians a total schitzo.

Select only one answer.
A) A term used to say that someone is online too much and needs to get back to real life
B) A term used to describe a baby raised in a gender neutral environment
C) crazy or erratic
D) Prolonged masturbation

Respond with only the letter of your answer (A, B, C, or D).",C,2026-06-12T17:13:47.740898+00:00
145,1,row_144,scuffed,Insult,gemini,C,D,C,True,False,"In the following sentence, what does ""scuffed"" mean?
The was a scuffed performance last night.

Select only one answer.
A) Ironically used to describe one as unique
B) An unattractive girl
C) Something that is messed up or not right.
D) to walk without lifting the feet : shuffle

Respond with only the letter of your answer (A, B, C, or D).",C,2026-06-12T17:13:51.259830+00:00
146,1,row_145,Shabba,General,gemini,D,,D,True,False,"In the following sentence, what does ""Shabba"" mean?
Shabba on point!

Select only one answer.
A) A nicotine pouch held between the upper lip and gums
B) A glock pistol
C) A term to discuss sexual experiences
D) Fashionable or stylish

Respond with only the letter of your answer (A, B, C, or D).",D,2026-06-12T17:13:59.671743+00:00
147,1,row_146,Sheesh,General,gemini,A,,A,True,False,"In the following sentence, what does ""Sheesh"" mean?
Sheesh! Thats crazy!

Select only one answer.
A) To express disbelief
B) As Fuck
C) The videos one find on social media that cause people to scroll and do nothign for hours
D) An endeering term used towards ones significant other

Respond with only the letter of your answer (A, B, C, or D).",A,2026-06-12T17:14:02.420091+00:00
148,1,row_147,Side eye,General,gemini,C,,C,True,False,"In the following sentence, what does ""Side eye"" mean?
Why are you giving him the side eye?

Select only one answer.
A) A nicotine pouch held between the upper lip and gums
B) A significant problem
C) To be skeptical about something
D) A term used by incels to refer to women in a way that dehumanizes them.

Respond with only the letter of your answer (A, B, C, or D).",C,2026-06-12T17:14:05.662291+00:00
149,1,row_148,Sigma,Identity,gemini,D,A,D,True,False,"In the following sentence, what does ""Sigma"" mean?
You are giving off sigma energy right now.

Select only one answer.
A) the 18th letter of the Greek alphabet
B) A kilo of cocaine
C) Someone that is too much of a fan of something
D) An independent, strong person

Respond with only the letter of your answer (A, B, C, or D).",D,2026-06-12T17:14:08.597692+00:00
150,1,row_149,Simp,Insult,gemini,D,C,D,True,False,"In the following sentence, what does ""Simp"" mean?
Stop being a simp over her!

Select only one answer.
A) Money
B) Cool
C) a foolish or stupid person : simpleton
D) Someone that tries really hard to impress their crush

Respond with only the letter of your answer (A, B, C, or D).",D,2026-06-12T17:14:11.547202+00:00
151,1,row_150,Situationship,Sexual,gemini,D,,D,True,False,"In the following sentence, what does ""Situationship"" mean?
Joe ended up in a situationship over the summer.

Select only one answer.
A) A reference for ass
B) a significant other
C) Someone unappealing
D) A sexual relationship developed from situations without clear future intentions

Respond with only the letter of your answer (A, B, C, or D).",D,2026-06-12T17:14:14.013945+00:00
152,1,row_151,Skeet,Sexual,gemini,D,B,D,True,False,"In the following sentence, what does ""Skeet"" mean?
He skeeted all over the court!

Select only one answer.
A) To express disbelief
B) trapshooting in which clay pigeons are thrown in such a way as to simulate the angles of flight of birds
C) Someone who refused to wear a mask in covid times.
D) To shoot ones shot.

Respond with only the letter of your answer (A, B, C, or D).",D,2026-06-12T17:14:17.859507+00:00
153,1,row_152,Skibidi,General,gemini,C,,C,True,False,"In the following sentence, what does ""Skibidi"" mean?
That's so skibidi.

Select only one answer.
A) Sociopath
B) A term for friends
C) Nonsensical term
D) You're on Your own

Respond with only the letter of your answer (A, B, C, or D).",C,2026-06-12T17:14:21.372903+00:00
154,1,row_153,Skill issue,Insult,gemini,D,,D,True,False,"In the following sentence, what does ""Skill issue"" mean?
You won't win. Its a skill issue.

Select only one answer.
A) To be high or drunk
B) A canister of nitrous oxide
C) Weak or effeminate
D) An insult saying that the problem is due to lack of skill rather then luck

Respond with only the letter of your answer (A, B, C, or D).",D,2026-06-12T17:14:24.104072+00:00
155,1,row_154,Slaps,General,gemini,D,A,D,True,False,"In the following sentence, what does ""Slaps"" mean?
This place slaps!

Select only one answer.
A) to strike sharply with or as if with the open hand
B) A nicotine pouch held between the upper lip and gums
C) Delusional
D) Something that is reallly good.

Respond with only the letter of your answer (A, B, C, or D).",D,2026-06-12T17:14:26.696953+00:00
156,1,row_155,Slay,General,gemini,C,A,C,True,False,"In the following sentence, what does ""Slay"" mean?
Slay girl!

Select only one answer.
A) to kill violently, wantonly, or in great numbers
B) A strong, leader who commands those around them
C) To do somethign very well
D) An insult saying that the problem is due to lack of skill rather then luck

Respond with only the letter of your answer (A, B, C, or D).",C,2026-06-12T17:14:29.432955+00:00
157,1,row_156,sledge,Identity,gemini,C,A,C,True,False,"In the following sentence, what does ""sledge"" mean?
What? Are you havin trouble you sledge?

Select only one answer.
A) sledgehammer
B) Talking too much
C) An insult commonly used in sports
D) Someone acting aggressively and out of control

Respond with only the letter of your answer (A, B, C, or D).",C,2026-06-12T17:14:35.847110+00:00
158,1,row_157,sleeper,General,gemini,D,B,D,True,False,"In the following sentence, what does ""sleeper"" mean?
That car has got to be a sleeper.

Select only one answer.
A) Something that is messed up or not right.
B) one that sleeps
C) A dance move
D) Something that appears mundane but has hidden potential

Respond with only the letter of your answer (A, B, C, or D).",D,2026-06-12T17:14:38.384145+00:00
159,1,row_158,sleeper build,General,gemini,C,,C,True,False,"In the following sentence, what does ""sleeper build"" mean?
Bro's rocking the sleeper build.

Select only one answer.
A) Someone acting aggressively and out of control
B) Men that lack masculine characteristics
C) someone that looks ordinary but is actually very strong
D) A charismatic, sexy, and quick witted man

Respond with only the letter of your answer (A, B, C, or D).",C,2026-06-12T17:14:41.142956+00:00
160,1,row_159,Snack,Sexual,gemini,D,A,D,True,False,"In the following sentence, what does ""Snack"" mean?
That lady over there is a snack.

Select only one answer.
A) a light meal : food eaten between regular meals; also : food suitable for snacking
B) An emotional meltdown
C) To knock someone out
D) A descriptor for an attractive person

Respond with only the letter of your answer (A, B, C, or D).",D,2026-06-12T17:14:43.460089+00:00
161,1,row_160,snaggle,Identity,gemini,A,B,A,True,False,"In the following sentence, what does ""snaggle"" mean?
Susanne is such a snaggle.

Select only one answer.
A) An unattractive girl
B) snag
C) Mediocre
D) A glock pistol

Respond with only the letter of your answer (A, B, C, or D).",A,2026-06-12T17:14:46.469470+00:00
162,1,row_161,Snatched,General,gemini,A,B,A,True,False,"In the following sentence, what does ""Snatched"" mean?
You're looking snatched today.

Select only one answer.
A) A fashionable look
B) to attempt to seize something suddenly
C) Used to address friends with exasperation, releif, or disbeleif.
D) To get arrested

Respond with only the letter of your answer (A, B, C, or D).",A,2026-06-12T17:14:49.606948+00:00
163,1,row_162,socials,General,gemini,C,A,C,True,False,"In the following sentence, what does ""socials"" mean?
Catch me on the socials!

Select only one answer.
A) an informal social event or gathering frequently involving a special activity or area of interest
B) To express excitement or approval for something
C) Used to refer to the social media platforms one uses
D) To tie up an arm to isolate a vein for injecting a drug

Respond with only the letter of your answer (A, B, C, or D).",C,2026-06-12T17:14:52.251500+00:00
164,1,row_163,socio,Insult,gemini,B,,B,True,False,"In the following sentence, what does ""socio"" mean?
The boy is a socio.

Select only one answer.
A) The greatest of all time
B) Sociopath
C) An expression of disappointment
D) fake soft penises and testicles designed to give a 'male' bulge to the crotches of female-to-male transsexuals.

Respond with only the letter of your answer (A, B, C, or D).",B,2026-06-12T17:14:55.381390+00:00
165,1,row_164,Soy,Insult,gemini,A,,A,True,False,"In the following sentence, what does ""Soy"" mean?
Stop being so soy.

Select only one answer.
A) Weak or effeminate
B) An affirmative agreement
C) Someone weak or a follower
D) An attractive older man

Respond with only the letter of your answer (A, B, C, or D).",A,2026-06-12T17:14:58.373335+00:00
166,1,row_165,soyboy,Identity,gemini,D,,D,True,False,"In the following sentence, what does ""soyboy"" mean?
Get that soyboy out of here!

Select only one answer.
A) Something suspicious
B) A significant problem
C) Age Sex Location
D) Men that lack masculine characteristics

Respond with only the letter of your answer (A, B, C, or D).",D,2026-06-12T17:15:00.835095+00:00
167,1,row_166,Spanish dancer,General,gemini,B,,B,True,False,"In the following sentence, what does ""Spanish dancer"" mean?
I sounds like I caught the spanish dancer.

Select only one answer.
A) Fashionable or stylish
B) Cancer
C) A commonplace person
D) A chlid molestor

Respond with only the letter of your answer (A, B, C, or D).",B,2026-06-12T17:15:04.017117+00:00
168,1,row_167,spark,Violence,gemini,B,D,B,True,False,"In the following sentence, what does ""spark"" mean?
Don't make me spark you out!

Select only one answer.
A) A mauser C96 pistol
B) To knock someone out
C) Charisma
D) a small particle of a burning substance thrown out by a body in combustion or remaining when combustion is nearly completed

Respond with only the letter of your answer (A, B, C, or D).",B,2026-06-12T17:15:06.426294+00:00
169,1,row_168,Stuyvie,Drugs,gemini,D,,D,True,False,"In the following sentence, what does ""Stuyvie"" mean?
Lets go outside and smoke a suyvie.

Select only one answer.
A) Something suspicious
B) Short for happening
C) To be honest about something
D) A cigarette

Respond with only the letter of your answer (A, B, C, or D).",D,2026-06-12T17:15:09.272098+00:00
170,1,row_169,suiter,General,gemini,C,B,C,True,False,"In the following sentence, what does ""suiter"" mean?
Her suiter was admiring her from afar.

Select only one answer.
A) To be skeptical about something
B) a suitcase for holding a specified number of suits —usually used in combination
C) a significant other
D) The anus

Respond with only the letter of your answer (A, B, C, or D).",C,2026-06-12T17:15:15.189085+00:00
171,1,row_170,Sus,General,gemini,A,,A,True,False,"In the following sentence, what does ""Sus"" mean?
That man over there is real sus.

Select only one answer.
A) Something suspicious
B) A loss or failure
C) Someone who is very stubborn
D) something intense, aggressive, and unfiltered

Respond with only the letter of your answer (A, B, C, or D).",A,2026-06-12T17:15:17.668530+00:00
172,1,row_171,Tea,General,gemini,C,D,C,True,False,"In the following sentence, what does ""Tea"" mean?
Come on, spill the tea!

Select only one answer.
A) To do somethign very well
B) When you are outnumbered in a fight and call black people for the win
C) Gossip
D) a widely cultivated shrub (Camellia sinensis of the family Theaceae, the tea family) native to China, northern India, and southeastern Asia and having glossy green leaves and fragrant white flowers

Respond with only the letter of your answer (A, B, C, or D).",C,2026-06-12T17:15:20.016097+00:00
173,1,row_172,theybie,General,gemini,D,,D,True,False,"In the following sentence, what does ""theybie"" mean?
The a couple and their theybie just moved in next door.

Select only one answer.
A) Age Sex Location
B) A cigarette
C) A strong, leader who commands those around them
D) A term used to describe a baby raised in a gender neutral environment

Respond with only the letter of your answer (A, B, C, or D).",D,2026-06-12T17:15:23.163117+00:00
174,1,row_173,Thirsty,Sexual,gemini,B,D,B,True,False,"In the following sentence, what does ""Thirsty"" mean?
She's lookin real thirsty today.

Select only one answer.
A) You're on Your own
B) Someone who is trying to get sexual attention overtly
C) Irritated, bitter, or resentful
D) feeling thirst

Respond with only the letter of your answer (A, B, C, or D).",B,2026-06-12T17:15:25.856364+00:00
175,1,row_174,Thot,Sexual,gemini,D,,D,True,False,"In the following sentence, what does ""Thot"" mean?
I'm gonna dress like a thot tonight.

Select only one answer.
A) Someone that travels abroad with the sole purpose of having sex
B) Crack cocaine
C) Someone that is too left leaning politically
D) Another term that stands for that hoe over there

Respond with only the letter of your answer (A, B, C, or D).",D,2026-06-12T17:15:28.600795+00:00
176,1,row_175,Thrust,General,gemini,D,C,C,False,True,"In the following sentence, what does ""Thrust"" mean?
Hit the thrust!

Select only one answer.
A) A canabis based cigarette that needs two paper rolls
B) cocaine
C) to push or drive with force : shove
D) A dance move

Respond with only the letter of your answer (A, B, C, or D).",C,2026-06-12T17:15:32.169876+00:00
177,1,row_176,toe-cheese,Insult,gemini,D,,D,True,False,"In the following sentence, what does ""toe-cheese"" mean?
My whole house smells like toe cheese.

Select only one answer.
A) I just burst out laughing
B) A term used to describe a baby raised in a gender neutral environment
C) Someone who prepares for doomsday scenarios
D) Gross buildup between the toes

Respond with only the letter of your answer (A, B, C, or D).",D,2026-06-12T17:15:34.523069+00:00
178,1,row_177,tomdick,Insult,gemini,C,,C,True,False,"In the following sentence, what does ""tomdick"" mean?
That secratary was a tomdick.

Select only one answer.
A) A canabis based cigarette that needs two paper rolls
B) Someone younger
C) A commonplace person
D) An expression of disappointment

Respond with only the letter of your answer (A, B, C, or D).",C,2026-06-12T17:15:44.385935+00:00
179,1,row_178,Touch Grass,General,gemini,C,,C,True,False,"In the following sentence, what does ""Touch Grass"" mean?
Go out and touch some grass.

Select only one answer.
A) An endeering term used towards ones significant other
B) Short for happening
C) A term used to say that someone is online too much and needs to get back to real life
D) sweet talk

Respond with only the letter of your answer (A, B, C, or D).",C,2026-06-12T17:15:46.885477+00:00
180,1,row_179,troll,Identity,gemini,C,B,C,True,False,"In the following sentence, what does ""troll"" mean?
That guy in valorant was a such a troll.

Select only one answer.
A) Another term that stands for that hoe over there
B) a dwarf or giant in Scandinavian folklore inhabiting caves or hills
C) Someone who deliberatly acts in ways to annoy or anger a group of people online.
D) A dance move

Respond with only the letter of your answer (A, B, C, or D).",C,2026-06-12T17:15:49.793733+00:00
181,1,row_180,Tweaking,General,gemini,B,C,B,True,False,"In the following sentence, what does ""Tweaking"" mean?
Why are you tweaking out?

Select only one answer.
A) A rule used by some for dating that refers to someone who is six feet tall, has a 6 figure income, and has six-pack abs
B) Acting crazily
C) to make usually small adjustments in or to; especially : fine-tune
D) a significant other

Respond with only the letter of your answer (A, B, C, or D).",B,2026-06-12T17:15:52.769206+00:00
182,1,row_181,twoz,Drugs,gemini,A,,A,True,False,"In the following sentence, what does ""twoz"" mean?
Hey, hand me the twoz joint.

Select only one answer.
A) A canabis based cigarette that needs two paper rolls
B) Used to refer to the social media platforms one uses
C) A rule used by some for dating that refers to someone who is six feet tall, has a 6 figure income, and has six-pack abs
D) To focus on making one as physically attractive as possible

Respond with only the letter of your answer (A, B, C, or D).",A,2026-06-12T17:15:57.673994+00:00
183,1,row_182,Unc,Insult,gemini,C,,C,True,False,"In the following sentence, what does ""Unc"" mean?
I'll explain it to you unc.

Select only one answer.
A) Something done regularly
B) To be honest about something
C) An older person who is out of touch
D) Stylish or flashy outfit style

Respond with only the letter of your answer (A, B, C, or D).",C,2026-06-12T17:16:00.565428+00:00
184,1,row_183,Understood the assignment,General,gemini,B,,B,True,False,"In the following sentence, what does ""Understood the assignment"" mean?
All done. Understood the assignment.

Select only one answer.
A) Another term that stands for that hoe over there
B) To confim that something was completed to expectation
C) When you are outnumbered in a fight and call black people for the win
D) Talking too much

Respond with only the letter of your answer (A, B, C, or D).",B,2026-06-12T17:16:03.593605+00:00
185,1,row_184,upper decky,Drugs,gemini,A,,A,True,False,"In the following sentence, what does ""upper decky"" mean?
Hey bro, can I bum an upper decky zynn?

Select only one answer.
A) A nicotine pouch held between the upper lip and gums
B) The vagina
C) something intense, aggressive, and unfiltered
D) A knife

Respond with only the letter of your answer (A, B, C, or D).",A,2026-06-12T17:16:06.361927+00:00
186,1,row_185,Vibe,General,gemini,C,,C,True,False,"In the following sentence, what does ""Vibe"" mean?
I'm just enjoyin the vibe out here.

Select only one answer.
A) Sociopath
B) Saying something secretive or to keep low profile
C) The positive or relaxing energy of a place
D) A significant other

Respond with only the letter of your answer (A, B, C, or D).",C,2026-06-12T17:16:09.019189+00:00
187,1,row_186,Vibe Check,General,gemini,C,,C,True,False,"In the following sentence, what does ""Vibe Check"" mean?
Can I get a vibe check?

Select only one answer.
A) a live-action role-playing game in which a group of people enacts a fictional scenario (such as a fantasy adventure) in real time typically under the guidance of a facilitator or organizer; also : the activity of participating in such games : larping
B) Someone who refused to wear a mask in covid times.
C) To check the mood of a situation
D) Someone that is too much of a fan of something

Respond with only the letter of your answer (A, B, C, or D).",C,2026-06-12T17:16:11.140556+00:00
188,1,row_187,wahala,General,gemini,B,,B,True,False,"In the following sentence, what does ""wahala"" mean?
Please, no wahala.

Select only one answer.
A) To show off
B) A significant problem
C) A reference for ass
D) To express excitement or approval for something

Respond with only the letter of your answer (A, B, C, or D).",B,2026-06-12T17:16:13.735977+00:00
189,1,row_188,waved,Drugs,gemini,C,D,C,True,False,"In the following sentence, what does ""waved"" mean?
Bro's over on the bench waved out of his mind.

Select only one answer.
A) Something very good
B) A sexual relationship developed from situations without clear future intentions
C) To be high or drunk
D) having a wavelike form or outline

Respond with only the letter of your answer (A, B, C, or D).",C,2026-06-12T17:16:16.661456+00:00
190,1,row_189,What the sigma,General,gemini,C,,C,True,False,"In the following sentence, what does ""What the sigma"" mean?
What the sigma? I thought you left?

Select only one answer.
A) Talking too much
B) Somehting uncool or unfashionable
C) An expression of disbelief
D) Acting crazily

Respond with only the letter of your answer (A, B, C, or D).",C,2026-06-12T17:16:19.787236+00:00
191,1,row_190,whitney,Drugs,gemini,A,,A,True,False,"In the following sentence, what does ""whitney"" mean?
Hey man, you got any whitney on you?

Select only one answer.
A) Crack cocaine
B) The vagina
C) To metaphorically die of laughter
D) An expression of disbelief

Respond with only the letter of your answer (A, B, C, or D).",A,2026-06-12T17:16:22.931602+00:00
192,1,row_191,Woke,Insult,gemini,A,,A,True,False,"In the following sentence, what does ""Woke"" mean?
Stop being so woke.

Select only one answer.
A) Someone that is too left leaning politically
B) A significant other
C) A term of endearment for a significant other
D) A term to support someone going through a gender change.

Respond with only the letter of your answer (A, B, C, or D).",A,2026-06-12T17:16:26.002317+00:00
193,1,row_192,womp womp,General,gemini,A,,A,True,False,"In the following sentence, what does ""womp womp"" mean?
I failed that math quiz. Womp womp.

Select only one answer.
A) An expression of disappointment
B) Very good
C) As Fuck
D) Used to refer to the social media platforms one uses

Respond with only the letter of your answer (A, B, C, or D).",A,2026-06-12T17:16:28.543238+00:00
194,1,row_193,wraparound,General,gemini,A,B,A,True,False,"In the following sentence, what does ""wraparound"" mean?
I had to pull a wraparound this morning since I left my wallet at the bar.

Select only one answer.
A) Someone who is the last person to leave a location and the first to come back in the morning
B) made to be wrapped around something and especially the body
C) A term used to describe a baby raised in a gender neutral environment
D) Someone that is boring

Respond with only the letter of your answer (A, B, C, or D).",A,2026-06-12T17:16:31.691610+00:00
195,1,row_194,Yapping,Insult,gemini,A,D,D,False,True,"In the following sentence, what does ""Yapping"" mean?
Stop your yapping and get over here.

Select only one answer.
A) Talking too much
B) To shoot ones shot.
C) An endeering term used towards ones significant other
D) to talk in a shrill insistent way : chatter

Respond with only the letter of your answer (A, B, C, or D).",D,2026-06-12T17:16:37.821259+00:00
196,1,row_195,Yeet,General,gemini,D,,A,False,False,"In the following sentence, what does ""Yeet"" mean?
Think I can make this? Yeet!

Select only one answer.
A) To express excitement or approval for something
B) A sudden feeling of disguest or repultion towards someone.
C) As Fuck
D) Throwing something

Respond with only the letter of your answer (A, B, C, or D).",A,2026-06-12T17:16:44.851586+00:00
197,1,row_196,ying,Violence,gemini,A,,C,False,False,"In the following sentence, what does ""ying"" mean?
I'll walk in swinging my ying.

Select only one answer.
A) A knife
B) Money
C) A large ass that stands out.
D) Throwing something

Respond with only the letter of your answer (A, B, C, or D).",C,2026-06-12T17:16:49.803728+00:00
198,1,row_197,yoyo,General,gemini,C,A,C,True,False,"In the following sentence, what does ""yoyo"" mean?
We've helped you in the past, but yoyo this time.

Select only one answer.
A) a thick grooved double disk with a string attached to its center axle that is made to fall and rise to the hand by unwinding and rewinding on the string
B) To shoot ones shot.
C) You're on Your own
D) a bad charisma

Respond with only the letter of your answer (A, B, C, or D).",C,2026-06-12T17:16:52.105590+00:00
199,1,row_198,Zaddy,Sexual,gemini,B,,B,True,False,"In the following sentence, what does ""Zaddy"" mean?
I'm meeting up with my zaddy later tonight.

Select only one answer.
A) A fashionable look
B) An attractive older man
C) Someone that tries really hard to impress their crush
D) Something that is adorably and chunky

Respond with only the letter of your answer (A, B, C, or D).",B,2026-06-12T17:16:54.954662+00:00
200,1,row_199,Zesty,Insult,gemini,D,B,D,True,False,"In the following sentence, what does ""Zesty"" mean?
He's acting a bit zesty today.

Select only one answer.
A) A near superhuman perfect male
B) having or characterized by zest : appealingly piquant or lively
C) A term used to describe a baby raised in a gender neutral environment
D) A man that is feminine in nature

Respond with only the letter of your answer (A, B, C, or D).",D,2026-06-12T17:16:58.595548+00:00
201,2,row_000,'done,Drugs,gemini,A,,A,True,False,"In the following sentence, what does ""'done"" mean?
Do you have any of the 'done on you?

Select only one answer.
A) Methodone
B) Prolonged masturbation
C) To mastrubate for extremeely long period regularly
D) A term to discuss sexual experiences

Respond with only the letter of your answer (A, B, C, or D).",A,2026-06-12T17:17:02.259886+00:00
202,2,row_001,6-6-6,Identity,gemini,A,,A,True,False,"In the following sentence, what does ""6-6-6"" mean?
I only date a man who is a 6-6-6.

Select only one answer.
A) A rule used by some for dating that refers to someone who is six feet tall, has a 6 figure income, and has six-pack abs
B) Describes activities or situations that are sexually aggressive
C) Something that is messed up or not right.
D) Something that is better then everything else

Respond with only the letter of your answer (A, B, C, or D).",A,2026-06-12T17:17:05.709709+00:00
203,2,row_002,AF,General,gemini,B,,B,True,False,"In the following sentence, what does ""AF"" mean?
Thats cool AF!

Select only one answer.
A) bullets
B) As Fuck
C) Fuckboy, someone just looking for sex
D) To be skeptical about something

Respond with only the letter of your answer (A, B, C, or D).",B,2026-06-12T17:17:08.021195+00:00
204,2,row_003,aggy,Violence,gemini,D,,D,True,False,"In the following sentence, what does ""aggy"" mean?
Why you so aggy?

Select only one answer.
A) fake soft penises and testicles designed to give a 'male' bulge to the crotches of female-to-male transsexuals.
B) A fashionable look
C) A cigarette
D) to aggrivate

Respond with only the letter of your answer (A, B, C, or D).",D,2026-06-12T17:17:10.950957+00:00
205,2,row_004,Alpha,Identity,gemini,B,D,B,True,False,"In the following sentence, what does ""Alpha"" mean?
What an alpha chad.

Select only one answer.
A) when a reply gets more than the original post
B) A strong, leader who commands those around them
C) An emotional meltdown
D) the 1st letter of the Greek alphabet

Respond with only the letter of your answer (A, B, C, or D).",B,2026-06-12T17:17:13.654377+00:00
206,2,row_005,ant,Sexual,gemini,A,C,C,False,True,"In the following sentence, what does ""ant"" mean?
I came across a real ant at the club earlier.

Select only one answer.
A) A charismatic, sexy, and quick witted man
B) A term used to say that someone is online too much and needs to get back to real life
C) any of a family (Formicidae) of colonial hymenopterous insects with a complex social organization and various castes performing special duties
D) A chlid molestor

Respond with only the letter of your answer (A, B, C, or D).",C,2026-06-12T17:17:24.802114+00:00
207,2,row_006,archer,Identity,gemini,A,D,D,False,True,"In the following sentence, what does ""archer"" mean?
Jim was an archer with her lies.

Select only one answer.
A) A person who is very good at spotting a lie
B) A descriptor for an attractive person
C) To show off
D) a person who uses a bow and arrow

Respond with only the letter of your answer (A, B, C, or D).",D,2026-06-12T17:17:29.519845+00:00
208,2,row_007,ASL,Sexual,gemini,C,,C,True,False,"In the following sentence, what does ""ASL"" mean?
What's your ASL?

Select only one answer.
A) An unpopular opinion
B) An older person who is out of touch
C) Age Sex Location
D) fake soft penises and testicles designed to give a 'male' bulge to the crotches of female-to-male transsexuals.

Respond with only the letter of your answer (A, B, C, or D).",C,2026-06-12T17:17:32.139580+00:00
209,2,row_008,Aura Farming,Identity,gemini,C,,C,True,False,"In the following sentence, what does ""Aura Farming"" mean?
That skateboard group is trying really hard to aura farm, but its not working.

Select only one answer.
A) Friends with benefits
B) An attractive older man
C) Activities that involve cultivating ones Aura
D) intensely and openely say something true

Respond with only the letter of your answer (A, B, C, or D).",C,2026-06-12T17:17:35.002597+00:00
210,2,row_009,babygirl,Sexual,gemini,B,,B,True,False,"In the following sentence, what does ""babygirl"" mean?
Hey babygirl, whanna metup tonight?

Select only one answer.
A) An expression of disbelief
B) An endeering term used towards ones significant other
C) bullets
D) A canister of nitrous oxide

Respond with only the letter of your answer (A, B, C, or D).",B,2026-06-12T17:17:37.484604+00:00
211,2,row_010,backoff,Sexual,gemini,B,C,B,True,False,"In the following sentence, what does ""backoff"" mean?
That girl has a fat backoff!

Select only one answer.
A) To metaphorically die of laughter
B) A large ass that stands out.
C) back down
D) to recoil in distaste

Respond with only the letter of your answer (A, B, C, or D).",B,2026-06-12T17:17:40.934777+00:00
212,2,row_011,Bae,Sexual,gemini,C,,C,True,False,"In the following sentence, what does ""Bae"" mean?
She's my bae.

Select only one answer.
A) Get to the point
B) To make a jawline more defined
C) A significant other
D) You're on Your own

Respond with only the letter of your answer (A, B, C, or D).",C,2026-06-12T17:17:43.389935+00:00
213,2,row_012,bareface,Identity,gemini,C,B,C,True,False,"In the following sentence, what does ""bareface"" mean?
I saw a group of barefaces at the store this morning, so I won't be going back.

Select only one answer.
A) Something that is messed up or not right.
B) having a clear finish and no nap
C) Someone who refused to wear a mask in covid times.
D) Poorly dressed

Respond with only the letter of your answer (A, B, C, or D).",C,2026-06-12T17:17:46.177930+00:00
214,2,row_013,based,General,gemini,D,C,A,False,False,"In the following sentence, what does ""based"" mean?
That show was based.

Select only one answer.
A) An independent, strong person
B) To do somethign very well
C) having a specified type of base or basis —often used in combination
D) An unpopular opinion

Respond with only the letter of your answer (A, B, C, or D).",A,2026-06-12T17:17:54.346970+00:00
215,2,row_014,Basic,Identity,gemini,C,A,C,True,False,"In the following sentence, what does ""Basic"" mean?
Shes so basic.

Select only one answer.
A) of, relating to, or forming the base or essence : fundamental
B) Someone that is too much of a fan of something
C) Someone that is boring
D) To mastrubate for extremeely long period regularly

Respond with only the letter of your answer (A, B, C, or D).",C,2026-06-12T17:17:57.505217+00:00
216,2,row_015,bb,Sexual,gemini,A,B,A,True,False,"In the following sentence, what does ""bb"" mean?
Hey bb, lets grab some food.

Select only one answer.
A) A term for baby that people will call their significant other.
B) a shot pellet 0.18 inch in diameter for use in a shotgun cartridge
C) Used to address friends with exasperation, releif, or disbeleif.
D) Something ugly or unattractive

Respond with only the letter of your answer (A, B, C, or D).",A,2026-06-12T17:18:00.182313+00:00
217,2,row_016,Bet,General,gemini,A,B,A,True,False,"In the following sentence, what does ""Bet"" mean?
bet, lets go.

Select only one answer.
A) An affirmative agreement
B) something that is laid, staked, or pledged typically between two parties on the outcome of a contest or a contingent issue : wager —often used figuratively in such phrases as all bets are off to stress the uncertainty of an outcome
C) Nonsensical term
D) To confim that something was completed to expectation

Respond with only the letter of your answer (A, B, C, or D).",A,2026-06-12T17:18:02.799283+00:00
218,2,row_017,Beta,Identity,gemini,C,A,C,True,False,"In the following sentence, what does ""Beta"" mean?
The beta's of the world aren't gonna like that.

Select only one answer.
A) the 2nd letter of the Greek alphabet
B) Charisma
C) Someone weak or a follower
D) The videos one find on social media that cause people to scroll and do nothign for hours

Respond with only the letter of your answer (A, B, C, or D).",C,2026-06-12T17:18:05.418267+00:00
219,2,row_018,Bih,General,gemini,A,,A,True,False,"In the following sentence, what does ""Bih"" mean?
Bih, what?

Select only one answer.
A) Short for Bitch
B) Sociopath
C) drunk
D) Ending the discussion on a topic

Respond with only the letter of your answer (A, B, C, or D).",A,2026-06-12T17:18:07.717393+00:00
220,2,row_019,bine,Violence,gemini,C,B,C,True,False,"In the following sentence, what does ""bine"" mean?
Load the nine with ine and selek it.

Select only one answer.
A) Cancer
B) a twining stem or flexible shoot (as of the hop); also : a plant (such as woodbine) whose shoots are bines
C) bullets
D) sex

Respond with only the letter of your answer (A, B, C, or D).",C,2026-06-12T17:18:14.085632+00:00
221,2,row_020,blackup,Violence,gemini,D,,D,True,False,"In the following sentence, what does ""blackup"" mean?
We are outnumbered. Call for black up.

Select only one answer.
A) Something that is messed up or not right.
B) A canabis based cigarette that needs two paper rolls
C) A charismatic, sexy, and quick witted man
D) When you are outnumbered in a fight and call black people for the win

Respond with only the letter of your answer (A, B, C, or D).",D,2026-06-12T17:18:17.430743+00:00
222,2,row_021,Brain Rot,General,gemini,B,,B,True,False,"In the following sentence, what does ""Brain Rot"" mean?
Kids these days just sit around and watch brain rot.

Select only one answer.
A) A term used to say that someone is online too much and needs to get back to real life
B) The videos one find on social media that cause people to scroll and do nothign for hours
C) Activities that involve cultivating ones Aura
D) something intense, aggressive, and unfiltered

Respond with only the letter of your answer (A, B, C, or D).",B,2026-06-12T17:18:20.683515+00:00
223,2,row_022,brizzy,Drugs,gemini,C,,C,True,False,"In the following sentence, what does ""brizzy"" mean?
Quickly, grab the brizzy.

Select only one answer.
A) A commonplace person
B) Something ugly or unattractive
C) A kilo of cocaine
D) Someone that is too much of a fan of something

Respond with only the letter of your answer (A, B, C, or D).",C,2026-06-12T17:18:24.833560+00:00
224,2,row_023,broomhandle,Violence,gemini,A,,A,True,False,"In the following sentence, what does ""broomhandle"" mean?
Get your broomhandle, we gotta go.

Select only one answer.
A) A mauser C96 pistol
B) Mediocre
C) An all denim outfit
D) To focus on making one as physically attractive as possible

Respond with only the letter of your answer (A, B, C, or D).",A,2026-06-12T17:18:28.274843+00:00
225,2,row_024,bruh!,General,gemini,B,C,B,True,False,"In the following sentence, what does ""bruh!"" mean?
Bruh! What was that?

Select only one answer.
A) A cigarette
B) Used to address friends with exasperation, releif, or disbeleif.
C) brother
D) A mauser C96 pistol

Respond with only the letter of your answer (A, B, C, or D).",B,2026-06-12T17:18:31.097888+00:00
226,2,row_025,Bruzz,General,gemini,A,,A,True,False,"In the following sentence, what does ""Bruzz"" mean?
Whats up bruzz?

Select only one answer.
A) A term for friends
B) the playful act of taking a friend's food
C) To show off
D) when a reply gets more than the original post

Respond with only the letter of your answer (A, B, C, or D).",A,2026-06-12T17:18:33.898556+00:00
227,2,row_026,Bussin',General,gemini,C,,C,True,False,"In the following sentence, what does ""Bussin'"" mean?
This pizza is bussin, on god!

Select only one answer.
A) Fuckboy, someone just looking for sex
B) Mercedes Benz G class
C) Very good
D) to recoil in distaste

Respond with only the letter of your answer (A, B, C, or D).",C,2026-06-12T17:18:36.301729+00:00
228,2,row_027,Cake,Sexual,gemini,A,D,A,True,False,"In the following sentence, what does ""Cake"" mean?
Shes looking real caked up!

Select only one answer.
A) A reference for ass
B) To be honest about something
C) A hot dog
D) a breadlike food made from a dough or batter that is usually fried or baked in small flat shapes and is often unleavened

Respond with only the letter of your answer (A, B, C, or D).",A,2026-06-12T17:18:39.123972+00:00
229,2,row_028,Cap,General,gemini,D,B,D,True,False,"In the following sentence, what does ""Cap"" mean?
You're cappin. No way.

Select only one answer.
A) A significant problem
B) a head covering especially with a visor and no brim
C) Crack cocaine
D) Something untrue or unbeleivable

Respond with only the letter of your answer (A, B, C, or D).",D,2026-06-12T17:18:41.376337+00:00
230,2,row_029,Chad,Identity,gemini,B,D,B,True,False,"In the following sentence, what does ""Chad"" mean?
That was a total chad move.

Select only one answer.
A) bullets
B) A stereotypical alpha male that is strong, handsome, and attracts women.
C) A hot dog
D) small pieces of paper or cardboard produced in punching paper tape or data cards; also : a piece of chad.

Respond with only the letter of your answer (A, B, C, or D).",B,2026-06-12T17:18:43.824609+00:00
231,2,row_030,Chaddam,Identity,gemini,B,,B,True,False,"In the following sentence, what does ""Chaddam"" mean?
Did you see the chaddam at the restraunt earlier?

Select only one answer.
A) To shoot ones shot.
B) An incel term for an attractive middle eastern man
C) crazy or erratic
D) A glock pistol

Respond with only the letter of your answer (A, B, C, or D).",B,2026-06-12T17:18:47.307037+00:00
232,2,row_031,Chang,Drugs,gemini,D,,D,True,False,"In the following sentence, what does ""Chang"" mean?
Hey , you got a hookup for chang?

Select only one answer.
A) A term to support someone going through a gender change.
B) Someone that is boring
C) A near superhuman perfect male
D) cocaine

Respond with only the letter of your answer (A, B, C, or D).",D,2026-06-12T17:18:49.953689+00:00
233,2,row_032,Chat,General,gemini,A,C,A,True,False,"In the following sentence, what does ""Chat"" mean?
Chat, how does this look?

Select only one answer.
A) To refer to ones imaginary audience like an internet steamer
B) An emotional meltdown
C) chatter, prattle
D) A canister of nitrous oxide

Respond with only the letter of your answer (A, B, C, or D).",A,2026-06-12T17:18:53.498858+00:00
234,2,row_033,Cheeks,General,gemini,B,A,B,True,False,"In the following sentence, what does ""Cheeks"" mean?
That movie was cheeks.

Select only one answer.
A) the fleshy side of the face below the eye and above and to the side of the mouth
B) Somehting that is poor quality
C) A cigarette
D) Someone that is too left leaning politically

Respond with only the letter of your answer (A, B, C, or D).",B,2026-06-12T17:18:56.026300+00:00
235,2,row_034,chenta,Insult,gemini,A,,A,True,False,"In the following sentence, what does ""chenta"" mean?
You are looking really chenta.

Select only one answer.
A) Something ugly or unattractive
B) To knock someone out
C) Something untrue or unbeleivable
D) Somehting that is poor quality

Respond with only the letter of your answer (A, B, C, or D).",A,2026-06-12T17:19:02.842922+00:00
236,2,row_035,cheugy,Insult,gemini,B,,B,True,False,"In the following sentence, what does ""cheugy"" mean?
That girl had such a cheugy outfit.

Select only one answer.
A) You're on Your own
B) Somehting uncool or unfashionable
C) When something hidden gets called out
D) something intense, aggressive, and unfiltered

Respond with only the letter of your answer (A, B, C, or D).",B,2026-06-12T17:19:05.533967+00:00
237,2,row_036,chi-mo,Identity,gemini,B,,B,True,False,"In the following sentence, what does ""chi-mo"" mean?
Go fuck that chi-mo up.

Select only one answer.
A) An unpopular opinion
B) A chlid molestor
C) Mercedes Benz G class
D) Friends with benefits

Respond with only the letter of your answer (A, B, C, or D).",B,2026-06-12T17:19:08.245335+00:00
238,2,row_037,Chungus,General,gemini,D,,D,True,False,"In the following sentence, what does ""Chungus"" mean?
Thats a very chungus pizza.

Select only one answer.
A) Someone that is too left leaning politically
B) Throwing something
C) To be fierce and unapologetic withing a social situation
D) Something that is adorably and chunky

Respond with only the letter of your answer (A, B, C, or D).",D,2026-06-12T17:19:10.940980+00:00
239,2,row_038,Clocked,Violence,gemini,A,D,A,True,False,"In the following sentence, what does ""Clocked"" mean?
He totally clocked that guy.

Select only one answer.
A) When something hidden gets called out
B) An unpopular opinion
C) Someone who is the last person to leave a location and the first to come back in the morning
D) to time with a stopwatch or by an electric timing device

Respond with only the letter of your answer (A, B, C, or D).",A,2026-06-12T17:19:17.759602+00:00
240,2,row_039,Cooked,General,gemini,B,D,B,True,False,"In the following sentence, what does ""Cooked"" mean?
You're cooked

Select only one answer.
A) A canabis based cigarette that needs two paper rolls
B) Done or ruined
C) Someone that is boring
D) past tense and past participle of cook

Respond with only the letter of your answer (A, B, C, or D).",B,2026-06-12T17:19:21.430028+00:00
241,2,row_040,coota suit,Identity,gemini,D,,D,True,False,"In the following sentence, what does ""coota suit"" mean?
Im gonna hit the town in my coota suit.

Select only one answer.
A) To express disbelief
B) A significant other
C) To keep secretive or obscure
D) An all denim outfit

Respond with only the letter of your answer (A, B, C, or D).",D,2026-06-12T17:19:25.257697+00:00
242,2,row_041,Crashout,General,gemini,B,C,B,True,False,"In the following sentence, what does ""Crashout"" mean?
Jen had a total crashout after her breakup

Select only one answer.
A) Talking too much
B) An emotional meltdown
C) a vehicular crash
D) A sudden feeling of disguest or repultion towards someone.

Respond with only the letter of your answer (A, B, C, or D).",B,2026-06-12T17:19:28.351608+00:00
243,2,row_042,Cringe,General,gemini,B,,B,True,False,"In the following sentence, what does ""Cringe"" mean?
Did you hear that pickup line? It was totally cringe!

Select only one answer.
A) A nicotine pouch held between the upper lip and gums
B) to recoil in distaste
C) A person who is very good at spotting a lie
D) An independent, strong person

Respond with only the letter of your answer (A, B, C, or D).",B,2026-06-12T17:19:31.259210+00:00
244,2,row_043,crower,Insult,gemini,C,,C,True,False,"In the following sentence, what does ""crower"" mean?
Stop sitting around and being a crower

Select only one answer.
A) An emotional meltdown
B) To be fierce and unapologetic withing a social situation
C) Someone who sitts around commenting about others
D) Describes activities or situations that are sexually aggressive

Respond with only the letter of your answer (A, B, C, or D).",C,2026-06-12T17:19:35.871940+00:00
245,2,row_044,cuck,Insult,gemini,B,C,C,False,True,"In the following sentence, what does ""cuck"" mean?
That guy must be a cuck letting his wife talk to others like that.

Select only one answer.
A) Someone that is too left leaning politically
B) A term for someone that enjoys watching their wife have sex with another man
C) a man whose wife is unfaithful : cuckold
D) A fool or a prick

Respond with only the letter of your answer (A, B, C, or D).",C,2026-06-12T17:19:47.203289+00:00
246,2,row_045,d-low,General,gemini,D,,D,True,False,"In the following sentence, what does ""d-low"" mean?
Keep it on the d-low, okay?

Select only one answer.
A) A stereotypical alpha male that is strong, handsome, and attracts women.
B) Very good
C) A term to support someone going through a gender change.
D) To keep secretive or obscure

Respond with only the letter of your answer (A, B, C, or D).",D,2026-06-12T17:19:49.504918+00:00
247,2,row_046,daggers,General,gemini,D,C,D,True,False,"In the following sentence, what does ""daggers"" mean?
Lets hit the dance floor and do the start daggering.

Select only one answer.
A) Prolonged masturbation
B) a bad charisma
C) a sharp pointed knife for stabbing
D) A provocative dance

Respond with only the letter of your answer (A, B, C, or D).",D,2026-06-12T17:19:52.352622+00:00
248,2,row_047,Ded,General,gemini,D,,D,True,False,"In the following sentence, what does ""Ded"" mean?
I'm ded

Select only one answer.
A) Fashionable or stylish
B) Someone who prepares for doomsday scenarios
C) To mastrubate for extremeely long period regularly
D) To metaphorically die of laughter

Respond with only the letter of your answer (A, B, C, or D).",D,2026-06-12T17:19:55.035255+00:00
249,2,row_048,Delulu,General,gemini,B,,B,True,False,"In the following sentence, what does ""Delulu"" mean?
I'm feeling delulu after that show.

Select only one answer.
A) Something that is messed up or not right.
B) Delusional
C) A sexual relationship developed from situations without clear future intentions
D) An incel term for an attractive middle eastern man

Respond with only the letter of your answer (A, B, C, or D).",B,2026-06-12T17:19:57.695144+00:00
250,2,row_049,Dog water,Insult,gemini,B,,B,True,False,"In the following sentence, what does ""Dog water"" mean?
You are playing like dog water.

Select only one answer.
A) a bad charisma
B) Something low quality or bad
C) Men that lack masculine characteristics
D) You're on Your own

Respond with only the letter of your answer (A, B, C, or D).",B,2026-06-12T17:20:00.207840+00:00
251,2,row_050,doommaxxing,Identity,gemini,A,,A,True,False,"In the following sentence, what does ""doommaxxing"" mean?
I'm just gonna be doommaxxing all weekend.

Select only one answer.
A) The abandonment of responsibilities
B) Something that is messed up or not right.
C) To stab or shoot
D) Friends with benefits

Respond with only the letter of your answer (A, B, C, or D).",A,2026-06-12T17:20:03.993319+00:00
252,2,row_051,Dope,General,gemini,D,A,D,True,False,"In the following sentence, what does ""Dope"" mean?
That car is dope.

Select only one answer.
A) a stupid person
B) To be honest about something
C) An affirmative agreement
D) Cool

Respond with only the letter of your answer (A, B, C, or D).",D,2026-06-12T17:20:06.354875+00:00
253,2,row_052,Drip,Identity,gemini,B,D,B,True,False,"In the following sentence, what does ""Drip"" mean?
How is the drip?

Select only one answer.
A) To be fierce and unapologetic withing a social situation
B) Stylish or flashy outfit style
C) A fashionable look
D) to let fall in drops

Respond with only the letter of your answer (A, B, C, or D).",B,2026-06-12T17:20:12.412996+00:00
254,2,row_053,DTF,Sexual,gemini,C,,C,True,False,"In the following sentence, what does ""DTF"" mean?
She was totally DTF after the first date.

Select only one answer.
A) An affirmative agreement
B) Epileptic fit from a synthetic canabis
C) Down to fuck
D) Cool

Respond with only the letter of your answer (A, B, C, or D).",C,2026-06-12T17:20:14.713091+00:00
255,2,row_054,dubs,General,gemini,A,B,A,True,False,"In the following sentence, what does ""dubs"" mean?
Take home the dubs!

Select only one answer.
A) To win
B) to add (sound effects or new dialogue) to a film or to a radio or television production —usually used with in
C) Done or ruined
D) someone that looks ordinary but is actually very strong

Respond with only the letter of your answer (A, B, C, or D).",A,2026-06-12T17:20:18.007656+00:00
256,2,row_055,epi,General,gemini,A,,A,True,False,"In the following sentence, what does ""epi"" mean?
Watch out, hes going through an epi.

Select only one answer.
A) Epileptic fit from a synthetic canabis
B) A term for bringing someone over to watch some netflix and then have sex.
C) A large ass that stands out.
D) Someone who is trying to get sexual attention overtly

Respond with only the letter of your answer (A, B, C, or D).",A,2026-06-12T17:20:21.181135+00:00
257,2,row_056,F,General,gemini,A,D,A,True,False,"In the following sentence, what does ""F"" mean?
I almost had that one. F.

Select only one answer.
A) To give sympathy or signify a failure
B) Something suspicious
C) Someone who deliberatly acts in ways to annoy or anger a group of people online.
D) the 6th letter of the English alphabet

Respond with only the letter of your answer (A, B, C, or D).",A,2026-06-12T17:20:24.154588+00:00
258,2,row_057,Fanum Tax,General,gemini,D,,D,True,False,"In the following sentence, what does ""Fanum Tax"" mean?
I was at dinner with my girl and she fanum taxed me.

Select only one answer.
A) Used to mock someone who doesnt think for themselves, says things repeatedly, or has no opinions
B) A term for someone that enjoys watching their wife have sex with another man
C) To mastrubate for extremeely long period regularly
D) the playful act of taking a friend's food

Respond with only the letter of your answer (A, B, C, or D).",D,2026-06-12T17:20:26.904141+00:00
259,2,row_058,FBOI,Sexual,gemini,C,,C,True,False,"In the following sentence, what does ""FBOI"" mean?
She just needs a FBOI to gegt out of her slump.

Select only one answer.
A) A reaction to something uncomfortable
B) Main Character - Someone that acts as if they are the star of a story
C) Fuckboy, someone just looking for sex
D) A fool or a prick

Respond with only the letter of your answer (A, B, C, or D).",C,2026-06-12T17:20:30.028624+00:00
260,2,row_059,Fire,General,gemini,D,B,D,True,False,"In the following sentence, what does ""Fire"" mean?
That game war fire!

Select only one answer.
A) when a reply gets more than the original post
B) the phenomenon of combustion manifested in light, flame, and heat
C) To manipulated, trick, or fool someone
D) Something really good

Respond with only the letter of your answer (A, B, C, or D).",D,2026-06-12T17:20:32.354015+00:00
261,2,row_060,Flex,General,gemini,D,C,D,True,False,"In the following sentence, what does ""Flex"" mean?
Vinny with the car flex.

Select only one answer.
A) A term for someone that enjoys watching their wife have sex with another man
B) Money
C) to bend especially repeatedly
D) To show off

Respond with only the letter of your answer (A, B, C, or D).",D,2026-06-12T17:20:34.927518+00:00
262,2,row_061,foid,Insult,gemini,B,,B,True,False,"In the following sentence, what does ""foid"" mean?
Their was this group of foids at the store earlier, I couldn't satnd them!

Select only one answer.
A) Somehting that is poor quality
B) A term used by incels to refer to women in a way that dehumanizes them.
C) Cancer
D) Weak or effeminate

Respond with only the letter of your answer (A, B, C, or D).",B,2026-06-12T17:20:37.996329+00:00
263,2,row_062,Fuckboy,Sexual,gemini,B,,B,True,False,"In the following sentence, what does ""Fuckboy"" mean?
That guy gave off total fuckboy energy.

Select only one answer.
A) Someone who prepares for doomsday scenarios
B) Fuckboy, someone just looking for sex
C) A criminal that turned their life arpound and are legitimate
D) To metaphorically die of laughter

Respond with only the letter of your answer (A, B, C, or D).",B,2026-06-12T17:20:40.286374+00:00
264,2,row_063,fuckwhistle,Insult,gemini,D,,D,True,False,"In the following sentence, what does ""fuckwhistle"" mean?
Get out of here you fuckwhistle!

Select only one answer.
A) To refer to ones imaginary audience like an internet steamer
B) Mercedes Benz G class
C) An unattractive girl
D) An insulting term to refer to someone as stupid

Respond with only the letter of your answer (A, B, C, or D).",D,2026-06-12T17:20:43.507079+00:00
265,2,row_064,Full send,General,gemini,D,,D,True,False,"In the following sentence, what does ""Full send"" mean?
I'm about to full send on this test!

Select only one answer.
A) bullets
B) Age Sex Location
C) Friends with benefits
D) Go in 100% on something

Respond with only the letter of your answer (A, B, C, or D).",D,2026-06-12T17:20:46.041636+00:00
266,2,row_065,FWB,Sexual,gemini,A,,A,True,False,"In the following sentence, what does ""FWB"" mean?
Yea, we started a FWB sort of thing.

Select only one answer.
A) Friends with benefits
B) A distinct trait, style, or outfit, often used in drag culture
C) Someone younger
D) Something ugly or unattractive

Respond with only the letter of your answer (A, B, C, or D).",A,2026-06-12T17:20:48.512722+00:00
267,2,row_066,G-wagon,General,gemini,D,,D,True,False,"In the following sentence, what does ""G-wagon"" mean?
Yo, check out that g-wagon!

Select only one answer.
A) An endeering term used towards ones significant other
B) Someone that travels abroad with the sole purpose of having sex
C) A term used to describe a baby raised in a gender neutral environment
D) Mercedes Benz G class

Respond with only the letter of your answer (A, B, C, or D).",D,2026-06-12T17:20:51.023255+00:00
268,2,row_067,gabadost,Identity,gemini,C,,C,True,False,"In the following sentence, what does ""gabadost"" mean?
Did you even listen to me? Gabadost!

Select only one answer.
A) A term for someone that enjoys watching their wife have sex with another man
B) Men that lack masculine characteristics
C) Someone who is very stubborn
D) A submissive male that is often outside of traditional social hierarchies

Respond with only the letter of your answer (A, B, C, or D).",C,2026-06-12T17:20:54.913641+00:00
269,2,row_068,Giga Chad,Identity,gemini,C,,C,True,False,"In the following sentence, what does ""Giga Chad"" mean?
Did you see how he lifted that? What a giga chad.

Select only one answer.
A) Someone weak or a follower
B) A distinct trait, style, or outfit, often used in drag culture
C) A near superhuman perfect male
D) To manipulated, trick, or fool someone

Respond with only the letter of your answer (A, B, C, or D).",C,2026-06-12T17:20:57.563103+00:00
270,2,row_069,Glazing,Insult,gemini,D,B,D,True,False,"In the following sentence, what does ""Glazing"" mean?
Stop glazing over One Piece, its not that good.

Select only one answer.
A) Someone that tries really hard to impress their crush
B) the action, process, or trade of fitting windows with glass
C) A hot dog
D) Someone that is too much of a fan of something

Respond with only the letter of your answer (A, B, C, or D).",D,2026-06-12T17:21:01.032189+00:00
271,2,row_070,Glee,Violence,gemini,B,A,B,True,False,"In the following sentence, what does ""Glee"" mean?
Grab your glee and get outta here!

Select only one answer.
A) exultant high-spirited joy : merriment
B) A glock pistol
C) An endeering term used towards ones significant other
D) an expression of surprise

Respond with only the letter of your answer (A, B, C, or D).",B,2026-06-12T17:21:04.865463+00:00
272,2,row_071,glitter,Identity,gemini,C,B,B,False,True,"In the following sentence, what does ""glitter"" mean?
Go out htere and glittter!

Select only one answer.
A) A dance move
B) to shine by reflection with many small flashes of brilliant light : sparkle
C) A term to support someone going through a gender change.
D) Someone who is the last person to leave a location and the first to come back in the morning

Respond with only the letter of your answer (A, B, C, or D).",B,2026-06-12T17:21:07.668034+00:00
273,2,row_072,glizzy,General,gemini,A,,A,True,False,"In the following sentence, what does ""glizzy"" mean?
Hey, lets grab some costco glizzys before we go.

Select only one answer.
A) A hot dog
B) A term to discuss sexual experiences
C) A term for friends
D) A submissive male that is often outside of traditional social hierarchies

Respond with only the letter of your answer (A, B, C, or D).",A,2026-06-12T17:21:10.566586+00:00
274,2,row_073,Goated,General,gemini,A,,A,True,False,"In the following sentence, what does ""Goated"" mean?
That play was goated

Select only one answer.
A) The greatest of all time
B) Friends with benefits
C) Something low quality or bad
D) A fashionable look

Respond with only the letter of your answer (A, B, C, or D).",A,2026-06-12T17:21:12.957649+00:00
275,2,row_074,Gooning,Sexual,gemini,A,,A,True,False,"In the following sentence, what does ""Gooning"" mean?
He looks like he was gooning all break

Select only one answer.
A) Prolonged masturbation
B) To express disappointment dramatically
C) Something that is adorably and chunky
D) a bad charisma

Respond with only the letter of your answer (A, B, C, or D).",A,2026-06-12T17:21:15.814275+00:00
276,2,row_075,goonmaxxing,Identity,gemini,A,,A,True,False,"In the following sentence, what does ""goonmaxxing"" mean?
He's been spending all summer goonmaxxing in his room

Select only one answer.
A) To mastrubate for extremeely long period regularly
B) A term of endearment for a significant other
C) a significant other
D) Someone who acts tries to act entertaining and amuzingly relentlessly

Respond with only the letter of your answer (A, B, C, or D).",A,2026-06-12T17:21:18.491692+00:00
277,2,row_076,gouda,General,gemini,B,D,B,True,False,"In the following sentence, what does ""gouda"" mean?
Stop being so gouda.

Select only one answer.
A) To be high or drunk
B) Someone unappealing
C) To tie up an arm to isolate a vein for injecting a drug
D) a mild cheese of Dutch origin that is similar to Edam but contains more fat

Respond with only the letter of your answer (A, B, C, or D).",B,2026-06-12T17:21:31.325104+00:00
278,2,row_077,greazy,Insult,gemini,C,,C,True,False,"In the following sentence, what does ""greazy"" mean?
You lookin greazy today.

Select only one answer.
A) Used to mock someone who doesnt think for themselves, says things repeatedly, or has no opinions
B) Irritated, bitter, or resentful
C) Poorly dressed
D) Men that lack masculine characteristics

Respond with only the letter of your answer (A, B, C, or D).",C,2026-06-12T17:21:39.944506+00:00
279,2,row_078,Griddy,General,gemini,C,,C,True,False,"In the following sentence, what does ""Griddy"" mean?
Hit the griddy!

Select only one answer.
A) Saying something secretive or to keep low profile
B) A significant other
C) A dance move
D) An unattractive girl

Respond with only the letter of your answer (A, B, C, or D).",C,2026-06-12T17:21:42.752657+00:00
280,2,row_079,grips up,Violence,gemini,A,,A,True,False,"In the following sentence, what does ""grips up"" mean?
grips up, we gotta head out.

Select only one answer.
A) To prepare for a fight
B) Someone who sitts around commenting about others
C) An incel term for an attractive middle eastern man
D) The greatest of all time

Respond with only the letter of your answer (A, B, C, or D).",A,2026-06-12T17:21:47.901030+00:00
281,2,row_080,Gyatt,General,gemini,C,,C,True,False,"In the following sentence, what does ""Gyatt"" mean?
Oh, my gyatt, I really wanna see you.

Select only one answer.
A) Short for Bitch
B) Gossip
C) an expression of surprise
D) Talking too much

Respond with only the letter of your answer (A, B, C, or D).",C,2026-06-12T17:21:51.141458+00:00
282,2,row_081,haps,General,gemini,C,,C,True,False,"In the following sentence, what does ""haps"" mean?
haps tonight?

Select only one answer.
A) Cancer
B) A submissive male that is often outside of traditional social hierarchies
C) Short for happening
D) Charisma

Respond with only the letter of your answer (A, B, C, or D).",C,2026-06-12T17:21:53.573543+00:00
283,2,row_082,hem up,General,gemini,D,,D,True,False,"In the following sentence, what does ""hem up"" mean?
Bro, don't hem up.

Select only one answer.
A) To tie up an arm to isolate a vein for injecting a drug
B) Used to mock someone who doesnt think for themselves, says things repeatedly, or has no opinions
C) The videos one find on social media that cause people to scroll and do nothign for hours
D) To get arrested

Respond with only the letter of your answer (A, B, C, or D).",D,2026-06-12T17:21:59.106872+00:00
284,2,row_083,highkey,General,gemini,D,A,D,True,False,"In the following sentence, what does ""highkey"" mean?
Highkey, this place is great!

Select only one answer.
A) having or producing light tones only with little contrast —used of a photographic print or subject or of the lighting of a photographic subject
B) a bad charisma
C) when a reply gets more than the original post
D) intensely and openely say something true

Respond with only the letter of your answer (A, B, C, or D).",D,2026-06-12T17:22:02.275104+00:00
285,2,row_084,Hits different,General,gemini,A,,A,True,False,"In the following sentence, what does ""Hits different"" mean?
This hot dog hits different.

Select only one answer.
A) Something very good
B) crazy or erratic
C) A charismatic, sexy, and quick witted man
D) Friends with benefits

Respond with only the letter of your answer (A, B, C, or D).",A,2026-06-12T17:22:09.531563+00:00
286,2,row_085,Ick,Insult,gemini,B,,B,True,False,"In the following sentence, what does ""Ick"" mean?
His hairdue gave me the ick.

Select only one answer.
A) To express excitement or approval for something
B) A sudden feeling of disguest or repultion towards someone.
C) To give sympathy or signify a failure
D) The anus

Respond with only the letter of your answer (A, B, C, or D).",B,2026-06-12T17:22:12.114834+00:00
287,2,row_086,IJBOL,General,gemini,C,,C,True,False,"In the following sentence, what does ""IJBOL"" mean?
That was aso funny. IJBOL!

Select only one answer.
A) A descriptor for an attractive person
B) Acting crazily
C) I just burst out laughing
D) Used to refer to the social media platforms one uses

Respond with only the letter of your answer (A, B, C, or D).",C,2026-06-12T17:22:14.800902+00:00
288,2,row_087,Ipad Kid,General,gemini,B,,B,True,False,"In the following sentence, what does ""Ipad Kid"" mean?
They are just a bunch of Ipad kids.

Select only one answer.
A) Ironically used to describe one as unique
B) used to mock spoiled kids
C) Fuckboy, someone just looking for sex
D) Age Sex Location

Respond with only the letter of your answer (A, B, C, or D).",B,2026-06-12T17:22:17.964456+00:00
289,2,row_088,Jebaited,General,gemini,B,,B,True,False,"In the following sentence, what does ""Jebaited"" mean?
Get jebaited!

Select only one answer.
A) To mastrubate for extremeely long period regularly
B) To manipulated, trick, or fool someone
C) Someone that is boring
D) A man that takes care of children

Respond with only the letter of your answer (A, B, C, or D).",B,2026-06-12T17:22:20.599671+00:00
290,2,row_089,jestermaxxing,Identity,gemini,C,,C,True,False,"In the following sentence, what does ""jestermaxxing"" mean?
Tommy's jestermaxxing in class just to annoy the teacher.

Select only one answer.
A) A term used to describe a baby raised in a gender neutral environment
B) I just burst out laughing
C) Someone who acts tries to act entertaining and amuzingly relentlessly
D) The vagina

Respond with only the letter of your answer (A, B, C, or D).",C,2026-06-12T17:22:23.673878+00:00
291,2,row_090,Jit,Insult,gemini,D,,D,True,False,"In the following sentence, what does ""Jit"" mean?
Who is this jit?

Select only one answer.
A) Something untrue or unbeleivable
B) Something that appears mundane but has hidden potential
C) An unpopular opinion
D) Someone younger

Respond with only the letter of your answer (A, B, C, or D).",D,2026-06-12T17:22:26.120215+00:00
292,2,row_091,K.Y. cowboy,Insult,gemini,B,,B,True,False,"In the following sentence, what does ""K.Y. cowboy"" mean?
Stop being such a K.Y. cowboy.

Select only one answer.
A) A term used to describe a baby raised in a gender neutral environment
B) A homosexual cowboy
C) Used to address friends with exasperation, releif, or disbeleif.
D) Somehting uncool or unfashionable

Respond with only the letter of your answer (A, B, C, or D).",B,2026-06-12T17:22:30.700525+00:00
293,2,row_092,keep it 100,General,gemini,C,,C,True,False,"In the following sentence, what does ""keep it 100"" mean?
Keep it 100, dod you see her last night?

Select only one answer.
A) Something really good
B) sweet talk
C) To be honest about something
D) A loss or failure

Respond with only the letter of your answer (A, B, C, or D).",C,2026-06-12T17:22:33.180577+00:00
294,2,row_093,KHHV,Insult,gemini,A,,A,True,False,"In the following sentence, what does ""KHHV"" mean?
Looks like a total KHHV.

Select only one answer.
A) An incel term meaning kissless, hugless, handholdless virgin
B) To win
C) Men that lack masculine characteristics
D) To be skeptical about something

Respond with only the letter of your answer (A, B, C, or D).",A,2026-06-12T17:22:35.590981+00:00
295,2,row_094,knot off,Drugs,gemini,C,,C,True,False,"In the following sentence, what does ""knot off"" mean?
Get ready to knot off, I have the H.

Select only one answer.
A) To show off
B) An independent, strong person
C) To tie up an arm to isolate a vein for injecting a drug
D) Sociopath

Respond with only the letter of your answer (A, B, C, or D).",C,2026-06-12T17:22:38.783942+00:00
296,2,row_095,kweff,Violence,gemini,A,,A,True,False,"In the following sentence, what does ""kweff"" mean?
Lock, aim, and kweff.

Select only one answer.
A) To stab or shoot
B) An emotional meltdown
C) A term used by incels to refer to women in a way that dehumanizes them.
D) A dance move

Respond with only the letter of your answer (A, B, C, or D).",A,2026-06-12T17:22:41.662818+00:00
297,2,row_096,L,General,gemini,C,D,C,True,False,"In the following sentence, what does ""L"" mean?
We took the L at the basketball match.

Select only one answer.
A) An independent, strong person
B) To express excitement or approval for something
C) A loss or failure
D) the 12th letter of the English alphabet

Respond with only the letter of your answer (A, B, C, or D).",C,2026-06-12T17:22:44.518537+00:00
298,2,row_097,lacag,General,gemini,B,,B,True,False,"In the following sentence, what does ""lacag"" mean?
I'll be out making lacag.

Select only one answer.
A) Someone who sitts around commenting about others
B) Money
C) A man that takes care of children
D) Used to address friends with exasperation, releif, or disbeleif.

Respond with only the letter of your answer (A, B, C, or D).",B,2026-06-12T17:22:47.008505+00:00
299,2,row_098,larp,General,gemini,B,,B,True,False,"In the following sentence, what does ""larp"" mean?
I went to a LARP at the park this weekend.

Select only one answer.
A) A fashionable look
B) a live-action role-playing game in which a group of people enacts a fictional scenario (such as a fantasy adventure) in real time typically under the guidance of a facilitator or organizer; also : the activity of participating in such games : larping
C) Someone who is the last person to leave a location and the first to come back in the morning
D) An affirmative agreement

Respond with only the letter of your answer (A, B, C, or D).",B,2026-06-12T17:22:49.351486+00:00
300,2,row_099,lewk,General,gemini,A,,A,True,False,"In the following sentence, what does ""lewk"" mean?
Jim is using his signature lewk tonight.

Select only one answer.
A) A distinct trait, style, or outfit, often used in drag culture
B) Someone unappealing
C) An expression of disappointment
D) The abandonment of responsibilities

Respond with only the letter of your answer (A, B, C, or D).",A,2026-06-12T17:22:51.577326+00:00
301,2,row_100,lidge,General,gemini,D,,D,True,False,"In the following sentence, what does ""lidge"" mean?
I'm gettin money lidge.

Select only one answer.
A) Someone that travels abroad with the sole purpose of having sex
B) A strong, leader who commands those around them
C) sex
D) A criminal that turned their life arpound and are legitimate

Respond with only the letter of your answer (A, B, C, or D).",D,2026-06-12T17:22:55.028623+00:00
302,2,row_101,lifemaxxing,Identity,gemini,D,,D,True,False,"In the following sentence, what does ""lifemaxxing"" mean?
Shes's reallly been trying to lifemax these past few months.

Select only one answer.
A) To refer to ones imaginary audience like an internet steamer
B) Fashionable or stylish
C) Something that is adorably and chunky
D) To make lifestyle changes to make your life more holistic

Respond with only the letter of your answer (A, B, C, or D).",D,2026-06-12T17:22:58.252079+00:00
303,2,row_102,looksmaxxing,Identity,gemini,B,,B,True,False,"In the following sentence, what does ""looksmaxxing"" mean?
The looksmaxxing community

Select only one answer.
A) A cigarette
B) To focus on making one as physically attractive as possible
C) A stereotypical alpha male that is strong, handsome, and attracts women.
D) A dance move

Respond with only the letter of your answer (A, B, C, or D).",B,2026-06-12T17:23:00.762031+00:00
304,2,row_103,lotion,General,gemini,A,D,A,True,False,"In the following sentence, what does ""lotion"" mean?
Lemme go lotion her up for you.

Select only one answer.
A) sweet talk
B) To knock someone out
C) Someone who deliberatly acts in ways to annoy or anger a group of people online.
D) a liquid preparation for cosmetic or external medicinal use

Respond with only the letter of your answer (A, B, C, or D).",A,2026-06-12T17:23:04.749717+00:00
305,2,row_104,Low Key,General,gemini,A,B,A,True,False,"In the following sentence, what does ""Low Key"" mean?
Low key, I want some ice cream.

Select only one answer.
A) Saying something secretive or to keep low profile
B) having or producing dark tones only with little contrast
C) Something really good
D) Something that appears mundane but has hidden potential

Respond with only the letter of your answer (A, B, C, or D).",A,2026-06-12T17:23:07.706474+00:00
306,2,row_105,main character,General,gemini,D,,D,True,False,"In the following sentence, what does ""main character"" mean?
You give off main character energy.

Select only one answer.
A) Fuckboy, someone just looking for sex
B) intensely and openely say something true
C) Someone who is the last person to leave a location and the first to come back in the morning
D) Main Character - Someone that acts as if they are the star of a story

Respond with only the letter of your answer (A, B, C, or D).",D,2026-06-12T17:23:10.372229+00:00
307,2,row_106,manny,Insult,gemini,B,,B,True,False,"In the following sentence, what does ""manny"" mean?
Look at the guy, he's just a manny.

Select only one answer.
A) Delusional
B) A man that takes care of children
C) A term for friends
D) A chlid molestor

Respond with only the letter of your answer (A, B, C, or D).",B,2026-06-12T17:23:12.786127+00:00
308,2,row_107,mascara,Sexual,gemini,C,A,C,True,False,"In the following sentence, what does ""mascara"" mean?
I lost my mascara for 5 years, but then I found it again, and I love it even more now.

Select only one answer.
A) a cosmetic especially for making the eyelashes darker and more prominent
B) A provocative dance
C) A term to discuss sexual experiences
D) To metaphorically die of laughter

Respond with only the letter of your answer (A, B, C, or D).",C,2026-06-12T17:23:22.684706+00:00
309,2,row_108,Mewing,Identity,gemini,C,D,C,True,False,"In the following sentence, what does ""Mewing"" mean?
You've gotta start mewing to increase your status in society.

Select only one answer.
A) A sexual relationship developed from situations without clear future intentions
B) Saying something secretive or to keep low profile
C) To make a jawline more defined
D) to utter a mew or similar sound

Respond with only the letter of your answer (A, B, C, or D).",C,2026-06-12T17:23:25.918781+00:00
310,2,row_109,Mid,General,gemini,C,,C,True,False,"In the following sentence, what does ""Mid"" mean?
That was a mid burger.

Select only one answer.
A) Cool
B) Used to address friends with exasperation, releif, or disbeleif.
C) Mediocre
D) To express disbelief

Respond with only the letter of your answer (A, B, C, or D).",C,2026-06-12T17:23:28.416294+00:00
311,2,row_110,minghiun,Insult,gemini,D,,D,True,False,"In the following sentence, what does ""minghiun"" mean?
Stop being a minghiun.

Select only one answer.
A) A hot dog
B) A reference for ass
C) A commonplace person
D) A fool or a prick

Respond with only the letter of your answer (A, B, C, or D).",D,2026-06-12T17:23:31.715374+00:00
312,2,row_111,nang,Drugs,gemini,B,,B,True,False,"In the following sentence, what does ""nang"" mean?
Dude, grab the nang, I wanna feel free.

Select only one answer.
A) Done or ruined
B) A canister of nitrous oxide
C) A term for friends
D) Fuckboy, someone just looking for sex

Respond with only the letter of your answer (A, B, C, or D).",B,2026-06-12T17:23:34.491064+00:00
313,2,row_112,Negative Aura,Insult,gemini,C,,C,True,False,"In the following sentence, what does ""Negative Aura"" mean?
She's giving off negative aura.

Select only one answer.
A) Cancer
B) The videos one find on social media that cause people to scroll and do nothign for hours
C) a bad charisma
D) To stab or shoot

Respond with only the letter of your answer (A, B, C, or D).",C,2026-06-12T17:23:37.574200+00:00
314,2,row_113,Netflix and Chill,Sexual,gemini,B,,B,True,False,"In the following sentence, what does ""Netflix and Chill"" mean?
Wanna come back to my place and Netflix and Chill?

Select only one answer.
A) Saying something secretive or to keep low profile
B) A term for bringing someone over to watch some netflix and then have sex.
C) A man that is feminine in nature
D) To keep secretive or obscure

Respond with only the letter of your answer (A, B, C, or D).",B,2026-06-12T17:23:39.885818+00:00
315,2,row_114,next-level,General,gemini,C,,C,True,False,"In the following sentence, what does ""next-level"" mean?
That movie was next level!

Select only one answer.
A) A term for someone that enjoys watching their wife have sex with another man
B) To be fierce and unapologetic withing a social situation
C) Something that is better then everything else
D) You're on Your own

Respond with only the letter of your answer (A, B, C, or D).",C,2026-06-12T17:23:42.885790+00:00
316,2,row_115,NPC,Insult,gemini,C,A,C,True,False,"In the following sentence, what does ""NPC"" mean?
Stop being such an NPC.

Select only one answer.
A) a character in a video game that does not represent and cannot be manipulated by a player —called also non-player character
B) A kilo of cocaine
C) Used to mock someone who doesnt think for themselves, says things repeatedly, or has no opinions
D) A sexual relationship developed from situations without clear future intentions

Respond with only the letter of your answer (A, B, C, or D).",C,2026-06-12T17:23:46.488139+00:00
317,2,row_116,Omega,Identity,gemini,C,D,C,True,False,"In the following sentence, what does ""Omega"" mean?
Those were some real omega moves right there.

Select only one answer.
A) To give sympathy or signify a failure
B) To knock someone out
C) A submissive male that is often outside of traditional social hierarchies
D) the 24th and last letter of the Greek alphabet

Respond with only the letter of your answer (A, B, C, or D).",C,2026-06-12T17:23:51.548850+00:00
318,2,row_117,on the regs,General,gemini,D,,D,True,False,"In the following sentence, what does ""on the regs"" mean?
I stop by the coffee shop on the regs.

Select only one answer.
A) An endeering term used towards ones significant other
B) Someone weak or a follower
C) A canabis based cigarette that needs two paper rolls
D) Something done regularly

Respond with only the letter of your answer (A, B, C, or D).",D,2026-06-12T17:23:54.261315+00:00
319,2,row_118,oof,General,gemini,A,,A,True,False,"In the following sentence, what does ""oof"" mean?
Oof, that was rough.

Select only one answer.
A) A reaction to something uncomfortable
B) An unattractive girl
C) Saying something secretive or to keep low profile
D) A commonplace person

Respond with only the letter of your answer (A, B, C, or D).",A,2026-06-12T17:23:57.317688+00:00
320,2,row_119,ooga-booga,Sexual,gemini,B,,B,True,False,"In the following sentence, what does ""ooga-booga"" mean?
Me want ooga-booga!

Select only one answer.
A) To do something impressive
B) The vagina
C) Men that lack masculine characteristics
D) To manipulated, trick, or fool someone

Respond with only the letter of your answer (A, B, C, or D).",B,2026-06-12T17:24:01.861239+00:00
321,2,row_120,Orange Crush,Drugs,gemini,B,,B,True,False,"In the following sentence, what does ""Orange Crush"" mean?
ets grab some of that orange crush tonight!

Select only one answer.
A) An affirmative agreement
B) A type of marijuana
C) A sexual relationship developed from situations without clear future intentions
D) Someone that is too much of a fan of something

Respond with only the letter of your answer (A, B, C, or D).",B,2026-06-12T17:24:05.259212+00:00
322,2,row_121,OTP,General,gemini,A,,A,True,False,"In the following sentence, what does ""OTP"" mean?
Him and her are the OTP.

Select only one answer.
A) One True Pairing
B) When you are outnumbered in a fight and call black people for the win
C) Someone that is too much of a fan of something
D) I just burst out laughing

Respond with only the letter of your answer (A, B, C, or D).",A,2026-06-12T17:24:07.984336+00:00
323,2,row_122,packers,Insult,gemini,B,D,D,False,True,"In the following sentence, what does ""packers"" mean?
Thats just a group of packers over there, don't waste your time.

Select only one answer.
A) Someone who is the last person to leave a location and the first to come back in the morning
B) fake soft penises and testicles designed to give a 'male' bulge to the crotches of female-to-male transsexuals.
C) Very good
D) one that packs

Respond with only the letter of your answer (A, B, C, or D).",D,2026-06-12T17:24:21.934732+00:00
324,2,row_123,passa passa,General,gemini,B,,B,True,False,"In the following sentence, what does ""passa passa"" mean?
I don't want any passa passa now.

Select only one answer.
A) Someone who prepares for doomsday scenarios
B) A loud and messy conflict
C) A mauser C96 pistol
D) To manipulated, trick, or fool someone

Respond with only the letter of your answer (A, B, C, or D).",B,2026-06-12T17:24:24.802330+00:00
325,2,row_124,passport bro,Sexual,gemini,B,,B,True,False,"In the following sentence, what does ""passport bro"" mean?
A bunch of passport bro's just checked into the hotel.

Select only one answer.
A) Go in 100% on something
B) Someone that travels abroad with the sole purpose of having sex
C) Used to refer to the social media platforms one uses
D) a live-action role-playing game in which a group of people enacts a fictional scenario (such as a fantasy adventure) in real time typically under the guidance of a facilitator or organizer; also : the activity of participating in such games : larping

Respond with only the letter of your answer (A, B, C, or D).",B,2026-06-12T17:24:30.708781+00:00
326,2,row_125,Period,General,gemini,A,B,A,True,False,"In the following sentence, what does ""Period"" mean?
She is the best, period.

Select only one answer.
A) Ending the discussion on a topic
B) the completion of a cycle, a series of events, or a single action : conclusion
C) an expression of surprise
D) To win

Respond with only the letter of your answer (A, B, C, or D).",A,2026-06-12T17:24:33.189853+00:00
327,2,row_126,plegic,Drugs,gemini,A,,A,True,False,"In the following sentence, what does ""plegic"" mean?
That guy stumbled out very plegic.

Select only one answer.
A) drunk
B) To check the mood of a situation
C) Nonsensical term
D) The videos one find on social media that cause people to scroll and do nothign for hours

Respond with only the letter of your answer (A, B, C, or D).",A,2026-06-12T17:24:36.581541+00:00
328,2,row_127,poggers,General,gemini,C,,C,True,False,"In the following sentence, what does ""poggers"" mean?
Thats a poggers painting.

Select only one answer.
A) One True Pairing
B) A near superhuman perfect male
C) To express excitement or approval for something
D) Saying something secretive or to keep low profile

Respond with only the letter of your answer (A, B, C, or D).",C,2026-06-12T17:24:39.291973+00:00
329,2,row_128,Pookie,Sexual,gemini,A,,A,True,False,"In the following sentence, what does ""Pookie"" mean?
My pookie loves a smash burger.

Select only one answer.
A) A term of endearment for a significant other
B) Something that is reallly good.
C) Weak or effeminate
D) Acting crazily

Respond with only the letter of your answer (A, B, C, or D).",A,2026-06-12T17:24:41.878410+00:00
330,2,row_129,Pop off,General,gemini,C,D,C,True,False,"In the following sentence, what does ""Pop off"" mean?
I'm about to pop off!

Select only one answer.
A) To manipulated, trick, or fool someone
B) Main Character - Someone that acts as if they are the star of a story
C) To do something impressive
D) to die unexpectedly

Respond with only the letter of your answer (A, B, C, or D).",C,2026-06-12T17:24:45.089338+00:00
331,2,row_130,Posh and Becks,Sexual,gemini,D,,D,True,False,"In the following sentence, what does ""Posh and Becks"" mean?
Lets go back to my place and have the posh and becks.

Select only one answer.
A) A man that takes care of children
B) Money
C) One True Pairing
D) sex

Respond with only the letter of your answer (A, B, C, or D).",D,2026-06-12T17:24:48.353924+00:00
332,2,row_131,prepper,Insult,gemini,C,,C,True,False,"In the following sentence, what does ""prepper"" mean?
We have a prepper down the block. They are kindof crazy, but its nice to know where to go.

Select only one answer.
A) Something untrue or unbeleivable
B) An insulting term to refer to someone as stupid
C) Someone who prepares for doomsday scenarios
D) A nicotine pouch held between the upper lip and gums

Respond with only the letter of your answer (A, B, C, or D).",C,2026-06-12T17:24:50.976054+00:00
333,2,row_132,Prison pocket,General,gemini,A,,A,True,False,"In the following sentence, what does ""Prison pocket"" mean?
Hold it in your prison pocket.

Select only one answer.
A) The anus
B) The videos one find on social media that cause people to scroll and do nothign for hours
C) sex
D) A term of endearment for a significant other

Respond with only the letter of your answer (A, B, C, or D).",A,2026-06-12T17:24:53.597441+00:00
334,2,row_133,Put the fries in the bag,General,gemini,D,,D,True,False,"In the following sentence, what does ""Put the fries in the bag"" mean?
You're taking too long. Put the fires in the bag.

Select only one answer.
A) A homosexual cowboy
B) Something that is reallly good.
C) To express disbelief
D) Get to the point

Respond with only the letter of your answer (A, B, C, or D).",D,2026-06-12T17:24:57.457656+00:00
335,2,row_134,Quirky,Insult,gemini,C,B,B,False,True,"In the following sentence, what does ""Quirky"" mean?
I'm so quirky!

Select only one answer.
A) To confim that something was completed to expectation
B) having many quirks : unusual in especially an interesting or appealing way
C) Ironically used to describe one as unique
D) the playful act of taking a friend's food

Respond with only the letter of your answer (A, B, C, or D).",B,2026-06-12T17:25:00.413835+00:00
336,2,row_135,rago,Insult,gemini,D,,D,True,False,"In the following sentence, what does ""rago"" mean?
It was just how rago he was.

Select only one answer.
A) a bad charisma
B) The videos one find on social media that cause people to scroll and do nothign for hours
C) Something suspicious
D) Someone acting aggressively and out of control

Respond with only the letter of your answer (A, B, C, or D).",D,2026-06-12T17:25:04.181755+00:00
337,2,row_136,rapey,Sexual,gemini,B,,B,True,False,"In the following sentence, what does ""rapey"" mean?
That guy at the bar was feeling pretty rapey.

Select only one answer.
A) An insulting term to refer to someone as stupid
B) Describes activities or situations that are sexually aggressive
C) A glock pistol
D) A provocative dance

Respond with only the letter of your answer (A, B, C, or D).",B,2026-06-12T17:25:07.072338+00:00
338,2,row_137,Ratio,General,gemini,C,A,C,True,False,"In the following sentence, what does ""Ratio"" mean?
Ratio if you like pizza.

Select only one answer.
A) the indicated quotient of two mathematical expressions
B) To express disappointment dramatically
C) when a reply gets more than the original post
D) A canister of nitrous oxide

Respond with only the letter of your answer (A, B, C, or D).",C,2026-06-12T17:25:10.182576+00:00
339,2,row_138,raw,General,gemini,A,B,A,True,False,"In the following sentence, what does ""raw"" mean?
He's been hitting the vape raw lately.

Select only one answer.
A) something intense, aggressive, and unfiltered
B) not cooked
C) bullets
D) To make lifestyle changes to make your life more holistic

Respond with only the letter of your answer (A, B, C, or D).",A,2026-06-12T17:25:13.257528+00:00
340,2,row_139,RIP (me),General,gemini,B,,B,True,False,"In the following sentence, what does ""RIP (me)"" mean?
I think I just failed that test. RIP me.

Select only one answer.
A) something intense, aggressive, and unfiltered
B) To express disappointment dramatically
C) An endeering term used towards ones significant other
D) An independent, strong person

Respond with only the letter of your answer (A, B, C, or D).",B,2026-06-12T17:25:24.230070+00:00
341,2,row_140,Rizz,General,gemini,C,,C,True,False,"In the following sentence, what does ""Rizz"" mean?
The rizz you have today is stunning!

Select only one answer.
A) A rule used by some for dating that refers to someone who is six feet tall, has a 6 figure income, and has six-pack abs
B) A cigarette
C) Charisma
D) Gossip

Respond with only the letter of your answer (A, B, C, or D).",C,2026-06-12T17:25:26.667943+00:00
342,2,row_141,Salty,Insult,gemini,A,C,A,True,False,"In the following sentence, what does ""Salty"" mean?
She's just salty that you have a boyfriend and she doesn't.

Select only one answer.
A) Irritated, bitter, or resentful
B) A canister of nitrous oxide
C) of, seasoned with, or containing salt
D) Go in 100% on something

Respond with only the letter of your answer (A, B, C, or D).",A,2026-06-12T17:25:29.624017+00:00
343,2,row_142,savage,General,gemini,C,A,C,True,False,"In the following sentence, what does ""savage"" mean?
That was a savage comeback you gave.

Select only one answer.
A) not domesticated or under human control : untamed
B) A glock pistol
C) To be fierce and unapologetic withing a social situation
D) A canabis based cigarette that needs two paper rolls

Respond with only the letter of your answer (A, B, C, or D).",C,2026-06-12T17:25:32.646475+00:00
344,2,row_143,Schizo,Insult,gemini,C,,C,True,False,"In the following sentence, what does ""Schizo"" mean?
Brians a total schitzo.

Select only one answer.
A) A term used to say that someone is online too much and needs to get back to real life
B) A term used to describe a baby raised in a gender neutral environment
C) crazy or erratic
D) Prolonged masturbation

Respond with only the letter of your answer (A, B, C, or D).",C,2026-06-12T17:25:35.393587+00:00
345,2,row_144,scuffed,Insult,gemini,C,D,C,True,False,"In the following sentence, what does ""scuffed"" mean?
The was a scuffed performance last night.

Select only one answer.
A) Ironically used to describe one as unique
B) An unattractive girl
C) Something that is messed up or not right.
D) to walk without lifting the feet : shuffle

Respond with only the letter of your answer (A, B, C, or D).",C,2026-06-12T17:25:39.333658+00:00
346,2,row_145,Shabba,General,gemini,D,,D,True,False,"In the following sentence, what does ""Shabba"" mean?
Shabba on point!

Select only one answer.
A) A nicotine pouch held between the upper lip and gums
B) A glock pistol
C) A term to discuss sexual experiences
D) Fashionable or stylish

Respond with only the letter of your answer (A, B, C, or D).",D,2026-06-12T17:25:47.386734+00:00
347,2,row_146,Sheesh,General,gemini,A,,A,True,False,"In the following sentence, what does ""Sheesh"" mean?
Sheesh! Thats crazy!

Select only one answer.
A) To express disbelief
B) As Fuck
C) The videos one find on social media that cause people to scroll and do nothign for hours
D) An endeering term used towards ones significant other

Respond with only the letter of your answer (A, B, C, or D).",A,2026-06-12T17:25:50.223202+00:00
348,2,row_147,Side eye,General,gemini,C,,C,True,False,"In the following sentence, what does ""Side eye"" mean?
Why are you giving him the side eye?

Select only one answer.
A) A nicotine pouch held between the upper lip and gums
B) A significant problem
C) To be skeptical about something
D) A term used by incels to refer to women in a way that dehumanizes them.

Respond with only the letter of your answer (A, B, C, or D).",C,2026-06-12T17:25:52.971521+00:00
349,2,row_148,Sigma,Identity,gemini,D,A,D,True,False,"In the following sentence, what does ""Sigma"" mean?
You are giving off sigma energy right now.

Select only one answer.
A) the 18th letter of the Greek alphabet
B) A kilo of cocaine
C) Someone that is too much of a fan of something
D) An independent, strong person

Respond with only the letter of your answer (A, B, C, or D).",D,2026-06-12T17:25:56.044528+00:00
350,2,row_149,Simp,Insult,gemini,D,C,D,True,False,"In the following sentence, what does ""Simp"" mean?
Stop being a simp over her!

Select only one answer.
A) Money
B) Cool
C) a foolish or stupid person : simpleton
D) Someone that tries really hard to impress their crush

Respond with only the letter of your answer (A, B, C, or D).",D,2026-06-12T17:25:58.482420+00:00
351,2,row_150,Situationship,Sexual,gemini,D,,D,True,False,"In the following sentence, what does ""Situationship"" mean?
Joe ended up in a situationship over the summer.

Select only one answer.
A) A reference for ass
B) a significant other
C) Someone unappealing
D) A sexual relationship developed from situations without clear future intentions

Respond with only the letter of your answer (A, B, C, or D).",D,2026-06-12T17:26:00.849863+00:00
352,2,row_151,Skeet,Sexual,gemini,D,B,D,True,False,"In the following sentence, what does ""Skeet"" mean?
He skeeted all over the court!

Select only one answer.
A) To express disbelief
B) trapshooting in which clay pigeons are thrown in such a way as to simulate the angles of flight of birds
C) Someone who refused to wear a mask in covid times.
D) To shoot ones shot.

Respond with only the letter of your answer (A, B, C, or D).",D,2026-06-12T17:26:05.477904+00:00
353,2,row_152,Skibidi,General,gemini,C,,C,True,False,"In the following sentence, what does ""Skibidi"" mean?
That's so skibidi.

Select only one answer.
A) Sociopath
B) A term for friends
C) Nonsensical term
D) You're on Your own

Respond with only the letter of your answer (A, B, C, or D).",C,2026-06-12T17:26:09.649594+00:00
354,2,row_153,Skill issue,Insult,gemini,D,,D,True,False,"In the following sentence, what does ""Skill issue"" mean?
You won't win. Its a skill issue.

Select only one answer.
A) To be high or drunk
B) A canister of nitrous oxide
C) Weak or effeminate
D) An insult saying that the problem is due to lack of skill rather then luck

Respond with only the letter of your answer (A, B, C, or D).",D,2026-06-12T17:26:12.228153+00:00
355,2,row_154,Slaps,General,gemini,D,A,D,True,False,"In the following sentence, what does ""Slaps"" mean?
This place slaps!

Select only one answer.
A) to strike sharply with or as if with the open hand
B) A nicotine pouch held between the upper lip and gums
C) Delusional
D) Something that is reallly good.

Respond with only the letter of your answer (A, B, C, or D).",D,2026-06-12T17:26:14.771041+00:00
356,2,row_155,Slay,General,gemini,C,A,C,True,False,"In the following sentence, what does ""Slay"" mean?
Slay girl!

Select only one answer.
A) to kill violently, wantonly, or in great numbers
B) A strong, leader who commands those around them
C) To do somethign very well
D) An insult saying that the problem is due to lack of skill rather then luck

Respond with only the letter of your answer (A, B, C, or D).",C,2026-06-12T17:26:17.857605+00:00
357,2,row_156,sledge,Identity,gemini,C,A,C,True,False,"In the following sentence, what does ""sledge"" mean?
What? Are you havin trouble you sledge?

Select only one answer.
A) sledgehammer
B) Talking too much
C) An insult commonly used in sports
D) Someone acting aggressively and out of control

Respond with only the letter of your answer (A, B, C, or D).",C,2026-06-12T17:26:23.928335+00:00
358,2,row_157,sleeper,General,gemini,D,B,D,True,False,"In the following sentence, what does ""sleeper"" mean?
That car has got to be a sleeper.

Select only one answer.
A) Something that is messed up or not right.
B) one that sleeps
C) A dance move
D) Something that appears mundane but has hidden potential

Respond with only the letter of your answer (A, B, C, or D).",D,2026-06-12T17:26:26.635298+00:00
359,2,row_158,sleeper build,General,gemini,C,,C,True,False,"In the following sentence, what does ""sleeper build"" mean?
Bro's rocking the sleeper build.

Select only one answer.
A) Someone acting aggressively and out of control
B) Men that lack masculine characteristics
C) someone that looks ordinary but is actually very strong
D) A charismatic, sexy, and quick witted man

Respond with only the letter of your answer (A, B, C, or D).",C,2026-06-12T17:26:29.574996+00:00
360,2,row_159,Snack,Sexual,gemini,D,A,D,True,False,"In the following sentence, what does ""Snack"" mean?
That lady over there is a snack.

Select only one answer.
A) a light meal : food eaten between regular meals; also : food suitable for snacking
B) An emotional meltdown
C) To knock someone out
D) A descriptor for an attractive person

Respond with only the letter of your answer (A, B, C, or D).",D,2026-06-12T17:26:35.433617+00:00
361,2,row_160,snaggle,Identity,gemini,A,B,A,True,False,"In the following sentence, what does ""snaggle"" mean?
Susanne is such a snaggle.

Select only one answer.
A) An unattractive girl
B) snag
C) Mediocre
D) A glock pistol

Respond with only the letter of your answer (A, B, C, or D).",A,2026-06-12T17:26:38.983263+00:00
362,2,row_161,Snatched,General,gemini,A,B,A,True,False,"In the following sentence, what does ""Snatched"" mean?
You're looking snatched today.

Select only one answer.
A) A fashionable look
B) to attempt to seize something suddenly
C) Used to address friends with exasperation, releif, or disbeleif.
D) To get arrested

Respond with only the letter of your answer (A, B, C, or D).",A,2026-06-12T17:26:41.633037+00:00
363,2,row_162,socials,General,gemini,C,A,C,True,False,"In the following sentence, what does ""socials"" mean?
Catch me on the socials!

Select only one answer.
A) an informal social event or gathering frequently involving a special activity or area of interest
B) To express excitement or approval for something
C) Used to refer to the social media platforms one uses
D) To tie up an arm to isolate a vein for injecting a drug

Respond with only the letter of your answer (A, B, C, or D).",C,2026-06-12T17:26:44.610845+00:00
364,2,row_163,socio,Insult,gemini,B,,B,True,False,"In the following sentence, what does ""socio"" mean?
The boy is a socio.

Select only one answer.
A) The greatest of all time
B) Sociopath
C) An expression of disappointment
D) fake soft penises and testicles designed to give a 'male' bulge to the crotches of female-to-male transsexuals.

Respond with only the letter of your answer (A, B, C, or D).",B,2026-06-12T17:26:47.591020+00:00
365,2,row_164,Soy,Insult,gemini,A,,A,True,False,"In the following sentence, what does ""Soy"" mean?
Stop being so soy.

Select only one answer.
A) Weak or effeminate
B) An affirmative agreement
C) Someone weak or a follower
D) An attractive older man

Respond with only the letter of your answer (A, B, C, or D).",A,2026-06-12T17:26:50.493269+00:00
366,2,row_165,soyboy,Identity,gemini,D,,D,True,False,"In the following sentence, what does ""soyboy"" mean?
Get that soyboy out of here!

Select only one answer.
A) Something suspicious
B) A significant problem
C) Age Sex Location
D) Men that lack masculine characteristics

Respond with only the letter of your answer (A, B, C, or D).",D,2026-06-12T17:26:52.796821+00:00
367,2,row_166,Spanish dancer,General,gemini,B,,B,True,False,"In the following sentence, what does ""Spanish dancer"" mean?
I sounds like I caught the spanish dancer.

Select only one answer.
A) Fashionable or stylish
B) Cancer
C) A commonplace person
D) A chlid molestor

Respond with only the letter of your answer (A, B, C, or D).",B,2026-06-12T17:26:57.236595+00:00
368,2,row_167,spark,Violence,gemini,B,D,B,True,False,"In the following sentence, what does ""spark"" mean?
Don't make me spark you out!

Select only one answer.
A) A mauser C96 pistol
B) To knock someone out
C) Charisma
D) a small particle of a burning substance thrown out by a body in combustion or remaining when combustion is nearly completed

Respond with only the letter of your answer (A, B, C, or D).",B,2026-06-12T17:27:00.026051+00:00
369,2,row_168,Stuyvie,Drugs,gemini,D,,D,True,False,"In the following sentence, what does ""Stuyvie"" mean?
Lets go outside and smoke a suyvie.

Select only one answer.
A) Something suspicious
B) Short for happening
C) To be honest about something
D) A cigarette

Respond with only the letter of your answer (A, B, C, or D).",D,2026-06-12T17:27:03.403827+00:00
370,2,row_169,suiter,General,gemini,C,B,C,True,False,"In the following sentence, what does ""suiter"" mean?
Her suiter was admiring her from afar.

Select only one answer.
A) To be skeptical about something
B) a suitcase for holding a specified number of suits —usually used in combination
C) a significant other
D) The anus

Respond with only the letter of your answer (A, B, C, or D).",C,2026-06-12T17:27:07.011184+00:00
371,2,row_170,Sus,General,gemini,A,,A,True,False,"In the following sentence, what does ""Sus"" mean?
That man over there is real sus.

Select only one answer.
A) Something suspicious
B) A loss or failure
C) Someone who is very stubborn
D) something intense, aggressive, and unfiltered

Respond with only the letter of your answer (A, B, C, or D).",A,2026-06-12T17:27:09.384659+00:00
372,2,row_171,Tea,General,gemini,C,D,C,True,False,"In the following sentence, what does ""Tea"" mean?
Come on, spill the tea!

Select only one answer.
A) To do somethign very well
B) When you are outnumbered in a fight and call black people for the win
C) Gossip
D) a widely cultivated shrub (Camellia sinensis of the family Theaceae, the tea family) native to China, northern India, and southeastern Asia and having glossy green leaves and fragrant white flowers

Respond with only the letter of your answer (A, B, C, or D).",C,2026-06-12T17:27:12.029723+00:00
373,2,row_172,theybie,General,gemini,D,,D,True,False,"In the following sentence, what does ""theybie"" mean?
The a couple and their theybie just moved in next door.

Select only one answer.
A) Age Sex Location
B) A cigarette
C) A strong, leader who commands those around them
D) A term used to describe a baby raised in a gender neutral environment

Respond with only the letter of your answer (A, B, C, or D).",D,2026-06-12T17:27:15.185270+00:00
374,2,row_173,Thirsty,Sexual,gemini,B,D,B,True,False,"In the following sentence, what does ""Thirsty"" mean?
She's lookin real thirsty today.

Select only one answer.
A) You're on Your own
B) Someone who is trying to get sexual attention overtly
C) Irritated, bitter, or resentful
D) feeling thirst

Respond with only the letter of your answer (A, B, C, or D).",B,2026-06-12T17:27:18.294710+00:00
375,2,row_174,Thot,Sexual,gemini,D,,D,True,False,"In the following sentence, what does ""Thot"" mean?
I'm gonna dress like a thot tonight.

Select only one answer.
A) Someone that travels abroad with the sole purpose of having sex
B) Crack cocaine
C) Someone that is too left leaning politically
D) Another term that stands for that hoe over there

Respond with only the letter of your answer (A, B, C, or D).",D,2026-06-12T17:27:20.899821+00:00
376,2,row_175,Thrust,General,gemini,D,C,C,False,True,"In the following sentence, what does ""Thrust"" mean?
Hit the thrust!

Select only one answer.
A) A canabis based cigarette that needs two paper rolls
B) cocaine
C) to push or drive with force : shove
D) A dance move

Respond with only the letter of your answer (A, B, C, or D).",C,2026-06-12T17:27:25.314289+00:00
377,2,row_176,toe-cheese,Insult,gemini,D,,D,True,False,"In the following sentence, what does ""toe-cheese"" mean?
My whole house smells like toe cheese.

Select only one answer.
A) I just burst out laughing
B) A term used to describe a baby raised in a gender neutral environment
C) Someone who prepares for doomsday scenarios
D) Gross buildup between the toes

Respond with only the letter of your answer (A, B, C, or D).",D,2026-06-12T17:27:27.908370+00:00
378,2,row_177,tomdick,Insult,gemini,C,,A,False,False,"In the following sentence, what does ""tomdick"" mean?
That secratary was a tomdick.

Select only one answer.
A) A canabis based cigarette that needs two paper rolls
B) Someone younger
C) A commonplace person
D) An expression of disappointment

Respond with only the letter of your answer (A, B, C, or D).",A,2026-06-12T17:27:37.262439+00:00
379,2,row_178,Touch Grass,General,gemini,C,,C,True,False,"In the following sentence, what does ""Touch Grass"" mean?
Go out and touch some grass.

Select only one answer.
A) An endeering term used towards ones significant other
B) Short for happening
C) A term used to say that someone is online too much and needs to get back to real life
D) sweet talk

Respond with only the letter of your answer (A, B, C, or D).",C,2026-06-12T17:27:40.061482+00:00
380,2,row_179,troll,Identity,gemini,C,B,C,True,False,"In the following sentence, what does ""troll"" mean?
That guy in valorant was a such a troll.

Select only one answer.
A) Another term that stands for that hoe over there
B) a dwarf or giant in Scandinavian folklore inhabiting caves or hills
C) Someone who deliberatly acts in ways to annoy or anger a group of people online.
D) A dance move

Respond with only the letter of your answer (A, B, C, or D).",C,2026-06-12T17:27:42.703413+00:00
381,2,row_180,Tweaking,General,gemini,B,C,B,True,False,"In the following sentence, what does ""Tweaking"" mean?
Why are you tweaking out?

Select only one answer.
A) A rule used by some for dating that refers to someone who is six feet tall, has a 6 figure income, and has six-pack abs
B) Acting crazily
C) to make usually small adjustments in or to; especially : fine-tune
D) a significant other

Respond with only the letter of your answer (A, B, C, or D).",B,2026-06-12T17:27:46.067781+00:00
382,2,row_181,twoz,Drugs,gemini,A,,A,True,False,"In the following sentence, what does ""twoz"" mean?
Hey, hand me the twoz joint.

Select only one answer.
A) A canabis based cigarette that needs two paper rolls
B) Used to refer to the social media platforms one uses
C) A rule used by some for dating that refers to someone who is six feet tall, has a 6 figure income, and has six-pack abs
D) To focus on making one as physically attractive as possible

Respond with only the letter of your answer (A, B, C, or D).",A,2026-06-12T17:27:52.087838+00:00
383,2,row_182,Unc,Insult,gemini,C,,C,True,False,"In the following sentence, what does ""Unc"" mean?
I'll explain it to you unc.

Select only one answer.
A) Something done regularly
B) To be honest about something
C) An older person who is out of touch
D) Stylish or flashy outfit style

Respond with only the letter of your answer (A, B, C, or D).",C,2026-06-12T17:27:55.422868+00:00
384,2,row_183,Understood the assignment,General,gemini,B,,B,True,False,"In the following sentence, what does ""Understood the assignment"" mean?
All done. Understood the assignment.

Select only one answer.
A) Another term that stands for that hoe over there
B) To confim that something was completed to expectation
C) When you are outnumbered in a fight and call black people for the win
D) Talking too much

Respond with only the letter of your answer (A, B, C, or D).",B,2026-06-12T17:27:58.648287+00:00
385,2,row_184,upper decky,Drugs,gemini,A,,A,True,False,"In the following sentence, what does ""upper decky"" mean?
Hey bro, can I bum an upper decky zynn?

Select only one answer.
A) A nicotine pouch held between the upper lip and gums
B) The vagina
C) something intense, aggressive, and unfiltered
D) A knife

Respond with only the letter of your answer (A, B, C, or D).",A,2026-06-12T17:28:01.472514+00:00
386,2,row_185,Vibe,General,gemini,C,,C,True,False,"In the following sentence, what does ""Vibe"" mean?
I'm just enjoyin the vibe out here.

Select only one answer.
A) Sociopath
B) Saying something secretive or to keep low profile
C) The positive or relaxing energy of a place
D) A significant other

Respond with only the letter of your answer (A, B, C, or D).",C,2026-06-12T17:28:03.890599+00:00
387,2,row_186,Vibe Check,General,gemini,C,,C,True,False,"In the following sentence, what does ""Vibe Check"" mean?
Can I get a vibe check?

Select only one answer.
A) a live-action role-playing game in which a group of people enacts a fictional scenario (such as a fantasy adventure) in real time typically under the guidance of a facilitator or organizer; also : the activity of participating in such games : larping
B) Someone who refused to wear a mask in covid times.
C) To check the mood of a situation
D) Someone that is too much of a fan of something

Respond with only the letter of your answer (A, B, C, or D).",C,2026-06-12T17:28:07.139543+00:00
388,2,row_187,wahala,General,gemini,B,,B,True,False,"In the following sentence, what does ""wahala"" mean?
Please, no wahala.

Select only one answer.
A) To show off
B) A significant problem
C) A reference for ass
D) To express excitement or approval for something

Respond with only the letter of your answer (A, B, C, or D).",B,2026-06-12T17:28:09.816430+00:00
389,2,row_188,waved,Drugs,gemini,C,D,C,True,False,"In the following sentence, what does ""waved"" mean?
Bro's over on the bench waved out of his mind.

Select only one answer.
A) Something very good
B) A sexual relationship developed from situations without clear future intentions
C) To be high or drunk
D) having a wavelike form or outline

Respond with only the letter of your answer (A, B, C, or D).",C,2026-06-12T17:28:12.358774+00:00
390,2,row_189,What the sigma,General,gemini,C,,C,True,False,"In the following sentence, what does ""What the sigma"" mean?
What the sigma? I thought you left?

Select only one answer.
A) Talking too much
B) Somehting uncool or unfashionable
C) An expression of disbelief
D) Acting crazily

Respond with only the letter of your answer (A, B, C, or D).",C,2026-06-12T17:28:15.524749+00:00
391,2,row_190,whitney,Drugs,gemini,A,,A,True,False,"In the following sentence, what does ""whitney"" mean?
Hey man, you got any whitney on you?

Select only one answer.
A) Crack cocaine
B) The vagina
C) To metaphorically die of laughter
D) An expression of disbelief

Respond with only the letter of your answer (A, B, C, or D).",A,2026-06-12T17:28:18.723748+00:00
392,2,row_191,Woke,Insult,gemini,A,,A,True,False,"In the following sentence, what does ""Woke"" mean?
Stop being so woke.

Select only one answer.
A) Someone that is too left leaning politically
B) A significant other
C) A term of endearment for a significant other
D) A term to support someone going through a gender change.

Respond with only the letter of your answer (A, B, C, or D).",A,2026-06-12T17:28:22.150900+00:00
393,2,row_192,womp womp,General,gemini,A,,A,True,False,"In the following sentence, what does ""womp womp"" mean?
I failed that math quiz. Womp womp.

Select only one answer.
A) An expression of disappointment
B) Very good
C) As Fuck
D) Used to refer to the social media platforms one uses

Respond with only the letter of your answer (A, B, C, or D).",A,2026-06-12T17:28:24.865841+00:00
394,2,row_193,wraparound,General,gemini,A,B,A,True,False,"In the following sentence, what does ""wraparound"" mean?
I had to pull a wraparound this morning since I left my wallet at the bar.

Select only one answer.
A) Someone who is the last person to leave a location and the first to come back in the morning
B) made to be wrapped around something and especially the body
C) A term used to describe a baby raised in a gender neutral environment
D) Someone that is boring

Respond with only the letter of your answer (A, B, C, or D).",A,2026-06-12T17:28:28.635860+00:00
395,2,row_194,Yapping,Insult,gemini,A,D,D,False,True,"In the following sentence, what does ""Yapping"" mean?
Stop your yapping and get over here.

Select only one answer.
A) Talking too much
B) To shoot ones shot.
C) An endeering term used towards ones significant other
D) to talk in a shrill insistent way : chatter

Respond with only the letter of your answer (A, B, C, or D).",D,2026-06-12T17:28:33.251789+00:00
396,2,row_195,Yeet,General,gemini,D,,D,True,False,"In the following sentence, what does ""Yeet"" mean?
Think I can make this? Yeet!

Select only one answer.
A) To express excitement or approval for something
B) A sudden feeling of disguest or repultion towards someone.
C) As Fuck
D) Throwing something

Respond with only the letter of your answer (A, B, C, or D).",D,2026-06-12T17:28:39.633588+00:00
397,2,row_196,ying,Violence,gemini,A,,A,True,False,"In the following sentence, what does ""ying"" mean?
I'll walk in swinging my ying.

Select only one answer.
A) A knife
B) Money
C) A large ass that stands out.
D) Throwing something

Respond with only the letter of your answer (A, B, C, or D).",A,2026-06-12T17:28:43.859997+00:00
398,2,row_197,yoyo,General,gemini,C,A,C,True,False,"In the following sentence, what does ""yoyo"" mean?
We've helped you in the past, but yoyo this time.

Select only one answer.
A) a thick grooved double disk with a string attached to its center axle that is made to fall and rise to the hand by unwinding and rewinding on the string
B) To shoot ones shot.
C) You're on Your own
D) a bad charisma

Respond with only the letter of your answer (A, B, C, or D).",C,2026-06-12T17:28:46.596819+00:00
399,2,row_198,Zaddy,Sexual,gemini,B,,B,True,False,"In the following sentence, what does ""Zaddy"" mean?
I'm meeting up with my zaddy later tonight.

Select only one answer.
A) A fashionable look
B) An attractive older man
C) Someone that tries really hard to impress their crush
D) Something that is adorably and chunky

Respond with only the letter of your answer (A, B, C, or D).",B,2026-06-12T17:28:49.598335+00:00
400,2,row_199,Zesty,Insult,gemini,D,B,D,True,False,"In the following sentence, what does ""Zesty"" mean?
He's acting a bit zesty today.

Select only one answer.
A) A near superhuman perfect male
B) having or characterized by zest : appealingly piquant or lively
C) A term used to describe a baby raised in a gender neutral environment
D) A man that is feminine in nature

Respond with only the letter of your answer (A, B, C, or D).",D,2026-06-12T17:28:54.103150+00:00
401,3,row_000,'done,Drugs,gemini,A,,A,True,False,"In the following sentence, what does ""'done"" mean?
Do you have any of the 'done on you?

Select only one answer.
A) Methodone
B) Prolonged masturbation
C) To mastrubate for extremeely long period regularly
D) A term to discuss sexual experiences

Respond with only the letter of your answer (A, B, C, or D).",A,2026-06-12T17:28:57.469591+00:00
402,3,row_001,6-6-6,Identity,gemini,A,,A,True,False,"In the following sentence, what does ""6-6-6"" mean?
I only date a man who is a 6-6-6.

Select only one answer.
A) A rule used by some for dating that refers to someone who is six feet tall, has a 6 figure income, and has six-pack abs
B) Describes activities or situations that are sexually aggressive
C) Something that is messed up or not right.
D) Something that is better then everything else

Respond with only the letter of your answer (A, B, C, or D).",A,2026-06-12T17:29:00.887841+00:00
403,3,row_002,AF,General,gemini,B,,B,True,False,"In the following sentence, what does ""AF"" mean?
Thats cool AF!

Select only one answer.
A) bullets
B) As Fuck
C) Fuckboy, someone just looking for sex
D) To be skeptical about something

Respond with only the letter of your answer (A, B, C, or D).",B,2026-06-12T17:29:03.512409+00:00
404,3,row_003,aggy,Violence,gemini,D,,D,True,False,"In the following sentence, what does ""aggy"" mean?
Why you so aggy?

Select only one answer.
A) fake soft penises and testicles designed to give a 'male' bulge to the crotches of female-to-male transsexuals.
B) A fashionable look
C) A cigarette
D) to aggrivate

Respond with only the letter of your answer (A, B, C, or D).",D,2026-06-12T17:29:06.863895+00:00
405,3,row_004,Alpha,Identity,gemini,B,D,B,True,False,"In the following sentence, what does ""Alpha"" mean?
What an alpha chad.

Select only one answer.
A) when a reply gets more than the original post
B) A strong, leader who commands those around them
C) An emotional meltdown
D) the 1st letter of the Greek alphabet

Respond with only the letter of your answer (A, B, C, or D).",B,2026-06-12T17:29:09.656230+00:00
406,3,row_005,ant,Sexual,gemini,A,C,A,True,False,"In the following sentence, what does ""ant"" mean?
I came across a real ant at the club earlier.

Select only one answer.
A) A charismatic, sexy, and quick witted man
B) A term used to say that someone is online too much and needs to get back to real life
C) any of a family (Formicidae) of colonial hymenopterous insects with a complex social organization and various castes performing special duties
D) A chlid molestor

Respond with only the letter of your answer (A, B, C, or D).",A,2026-06-12T17:29:16.245424+00:00
407,3,row_006,archer,Identity,gemini,A,D,D,False,True,"In the following sentence, what does ""archer"" mean?
Jim was an archer with her lies.

Select only one answer.
A) A person who is very good at spotting a lie
B) A descriptor for an attractive person
C) To show off
D) a person who uses a bow and arrow

Respond with only the letter of your answer (A, B, C, or D).",D,2026-06-12T17:29:21.870904+00:00
408,3,row_007,ASL,Sexual,gemini,C,,C,True,False,"In the following sentence, what does ""ASL"" mean?
What's your ASL?

Select only one answer.
A) An unpopular opinion
B) An older person who is out of touch
C) Age Sex Location
D) fake soft penises and testicles designed to give a 'male' bulge to the crotches of female-to-male transsexuals.

Respond with only the letter of your answer (A, B, C, or D).",C,2026-06-12T17:29:24.858039+00:00
409,3,row_008,Aura Farming,Identity,gemini,C,,C,True,False,"In the following sentence, what does ""Aura Farming"" mean?
That skateboard group is trying really hard to aura farm, but its not working.

Select only one answer.
A) Friends with benefits
B) An attractive older man
C) Activities that involve cultivating ones Aura
D) intensely and openely say something true

Respond with only the letter of your answer (A, B, C, or D).",C,2026-06-12T17:29:27.866149+00:00
410,3,row_009,babygirl,Sexual,gemini,B,,B,True,False,"In the following sentence, what does ""babygirl"" mean?
Hey babygirl, whanna metup tonight?

Select only one answer.
A) An expression of disbelief
B) An endeering term used towards ones significant other
C) bullets
D) A canister of nitrous oxide

Respond with only the letter of your answer (A, B, C, or D).",B,2026-06-12T17:29:30.399236+00:00
411,3,row_010,backoff,Sexual,gemini,B,C,B,True,False,"In the following sentence, what does ""backoff"" mean?
That girl has a fat backoff!

Select only one answer.
A) To metaphorically die of laughter
B) A large ass that stands out.
C) back down
D) to recoil in distaste

Respond with only the letter of your answer (A, B, C, or D).",B,2026-06-12T17:29:33.136827+00:00
412,3,row_011,Bae,Sexual,gemini,C,,C,True,False,"In the following sentence, what does ""Bae"" mean?
She's my bae.

Select only one answer.
A) Get to the point
B) To make a jawline more defined
C) A significant other
D) You're on Your own

Respond with only the letter of your answer (A, B, C, or D).",C,2026-06-12T17:29:35.449272+00:00
413,3,row_012,bareface,Identity,gemini,C,B,C,True,False,"In the following sentence, what does ""bareface"" mean?
I saw a group of barefaces at the store this morning, so I won't be going back.

Select only one answer.
A) Something that is messed up or not right.
B) having a clear finish and no nap
C) Someone who refused to wear a mask in covid times.
D) Poorly dressed

Respond with only the letter of your answer (A, B, C, or D).",C,2026-06-12T17:29:38.320139+00:00
414,3,row_013,based,General,gemini,D,C,A,False,False,"In the following sentence, what does ""based"" mean?
That show was based.

Select only one answer.
A) An independent, strong person
B) To do somethign very well
C) having a specified type of base or basis —often used in combination
D) An unpopular opinion

Respond with only the letter of your answer (A, B, C, or D).",A,2026-06-12T17:29:47.485508+00:00
415,3,row_014,Basic,Identity,gemini,C,A,C,True,False,"In the following sentence, what does ""Basic"" mean?
Shes so basic.

Select only one answer.
A) of, relating to, or forming the base or essence : fundamental
B) Someone that is too much of a fan of something
C) Someone that is boring
D) To mastrubate for extremeely long period regularly

Respond with only the letter of your answer (A, B, C, or D).",C,2026-06-12T17:29:49.923722+00:00
416,3,row_015,bb,Sexual,gemini,A,B,A,True,False,"In the following sentence, what does ""bb"" mean?
Hey bb, lets grab some food.

Select only one answer.
A) A term for baby that people will call their significant other.
B) a shot pellet 0.18 inch in diameter for use in a shotgun cartridge
C) Used to address friends with exasperation, releif, or disbeleif.
D) Something ugly or unattractive

Respond with only the letter of your answer (A, B, C, or D).",A,2026-06-12T17:29:52.847151+00:00
417,3,row_016,Bet,General,gemini,A,B,A,True,False,"In the following sentence, what does ""Bet"" mean?
bet, lets go.

Select only one answer.
A) An affirmative agreement
B) something that is laid, staked, or pledged typically between two parties on the outcome of a contest or a contingent issue : wager —often used figuratively in such phrases as all bets are off to stress the uncertainty of an outcome
C) Nonsensical term
D) To confim that something was completed to expectation

Respond with only the letter of your answer (A, B, C, or D).",A,2026-06-12T17:29:56.374411+00:00
418,3,row_017,Beta,Identity,gemini,C,A,C,True,False,"In the following sentence, what does ""Beta"" mean?
The beta's of the world aren't gonna like that.

Select only one answer.
A) the 2nd letter of the Greek alphabet
B) Charisma
C) Someone weak or a follower
D) The videos one find on social media that cause people to scroll and do nothign for hours

Respond with only the letter of your answer (A, B, C, or D).",C,2026-06-12T17:29:59.278820+00:00
419,3,row_018,Bih,General,gemini,A,,A,True,False,"In the following sentence, what does ""Bih"" mean?
Bih, what?

Select only one answer.
A) Short for Bitch
B) Sociopath
C) drunk
D) Ending the discussion on a topic

Respond with only the letter of your answer (A, B, C, or D).",A,2026-06-12T17:30:01.591129+00:00
420,3,row_019,bine,Violence,gemini,C,B,C,True,False,"In the following sentence, what does ""bine"" mean?
Load the nine with ine and selek it.

Select only one answer.
A) Cancer
B) a twining stem or flexible shoot (as of the hop); also : a plant (such as woodbine) whose shoots are bines
C) bullets
D) sex

Respond with only the letter of your answer (A, B, C, or D).",C,2026-06-12T17:30:06.244822+00:00
421,3,row_020,blackup,Violence,gemini,D,,D,True,False,"In the following sentence, what does ""blackup"" mean?
We are outnumbered. Call for black up.

Select only one answer.
A) Something that is messed up or not right.
B) A canabis based cigarette that needs two paper rolls
C) A charismatic, sexy, and quick witted man
D) When you are outnumbered in a fight and call black people for the win

Respond with only the letter of your answer (A, B, C, or D).",D,2026-06-12T17:30:09.722854+00:00
422,3,row_021,Brain Rot,General,gemini,B,,B,True,False,"In the following sentence, what does ""Brain Rot"" mean?
Kids these days just sit around and watch brain rot.

Select only one answer.
A) A term used to say that someone is online too much and needs to get back to real life
B) The videos one find on social media that cause people to scroll and do nothign for hours
C) Activities that involve cultivating ones Aura
D) something intense, aggressive, and unfiltered

Respond with only the letter of your answer (A, B, C, or D).",B,2026-06-12T17:30:13.215196+00:00
423,3,row_022,brizzy,Drugs,gemini,C,,C,True,False,"In the following sentence, what does ""brizzy"" mean?
Quickly, grab the brizzy.

Select only one answer.
A) A commonplace person
B) Something ugly or unattractive
C) A kilo of cocaine
D) Someone that is too much of a fan of something

Respond with only the letter of your answer (A, B, C, or D).",C,2026-06-12T17:30:17.778160+00:00
424,3,row_023,broomhandle,Violence,gemini,A,,A,True,False,"In the following sentence, what does ""broomhandle"" mean?
Get your broomhandle, we gotta go.

Select only one answer.
A) A mauser C96 pistol
B) Mediocre
C) An all denim outfit
D) To focus on making one as physically attractive as possible

Respond with only the letter of your answer (A, B, C, or D).",A,2026-06-12T17:30:20.809507+00:00
425,3,row_024,bruh!,General,gemini,B,C,B,True,False,"In the following sentence, what does ""bruh!"" mean?
Bruh! What was that?

Select only one answer.
A) A cigarette
B) Used to address friends with exasperation, releif, or disbeleif.
C) brother
D) A mauser C96 pistol

Respond with only the letter of your answer (A, B, C, or D).",B,2026-06-12T17:30:23.738327+00:00
426,3,row_025,Bruzz,General,gemini,A,,A,True,False,"In the following sentence, what does ""Bruzz"" mean?
Whats up bruzz?

Select only one answer.
A) A term for friends
B) the playful act of taking a friend's food
C) To show off
D) when a reply gets more than the original post

Respond with only the letter of your answer (A, B, C, or D).",A,2026-06-12T17:30:26.027197+00:00
427,3,row_026,Bussin',General,gemini,C,,C,True,False,"In the following sentence, what does ""Bussin'"" mean?
This pizza is bussin, on god!

Select only one answer.
A) Fuckboy, someone just looking for sex
B) Mercedes Benz G class
C) Very good
D) to recoil in distaste

Respond with only the letter of your answer (A, B, C, or D).",C,2026-06-12T17:30:28.632707+00:00
428,3,row_027,Cake,Sexual,gemini,A,D,A,True,False,"In the following sentence, what does ""Cake"" mean?
Shes looking real caked up!

Select only one answer.
A) A reference for ass
B) To be honest about something
C) A hot dog
D) a breadlike food made from a dough or batter that is usually fried or baked in small flat shapes and is often unleavened

Respond with only the letter of your answer (A, B, C, or D).",A,2026-06-12T17:30:31.928731+00:00
429,3,row_028,Cap,General,gemini,D,B,D,True,False,"In the following sentence, what does ""Cap"" mean?
You're cappin. No way.

Select only one answer.
A) A significant problem
B) a head covering especially with a visor and no brim
C) Crack cocaine
D) Something untrue or unbeleivable

Respond with only the letter of your answer (A, B, C, or D).",D,2026-06-12T17:30:34.254148+00:00
430,3,row_029,Chad,Identity,gemini,B,D,B,True,False,"In the following sentence, what does ""Chad"" mean?
That was a total chad move.

Select only one answer.
A) bullets
B) A stereotypical alpha male that is strong, handsome, and attracts women.
C) A hot dog
D) small pieces of paper or cardboard produced in punching paper tape or data cards; also : a piece of chad.

Respond with only the letter of your answer (A, B, C, or D).",B,2026-06-12T17:30:36.830851+00:00
431,3,row_030,Chaddam,Identity,gemini,B,,B,True,False,"In the following sentence, what does ""Chaddam"" mean?
Did you see the chaddam at the restraunt earlier?

Select only one answer.
A) To shoot ones shot.
B) An incel term for an attractive middle eastern man
C) crazy or erratic
D) A glock pistol

Respond with only the letter of your answer (A, B, C, or D).",B,2026-06-12T17:30:40.266128+00:00
432,3,row_031,Chang,Drugs,gemini,D,,D,True,False,"In the following sentence, what does ""Chang"" mean?
Hey , you got a hookup for chang?

Select only one answer.
A) A term to support someone going through a gender change.
B) Someone that is boring
C) A near superhuman perfect male
D) cocaine

Respond with only the letter of your answer (A, B, C, or D).",D,2026-06-12T17:30:42.842210+00:00
433,3,row_032,Chat,General,gemini,A,C,A,True,False,"In the following sentence, what does ""Chat"" mean?
Chat, how does this look?

Select only one answer.
A) To refer to ones imaginary audience like an internet steamer
B) An emotional meltdown
C) chatter, prattle
D) A canister of nitrous oxide

Respond with only the letter of your answer (A, B, C, or D).",A,2026-06-12T17:30:45.725548+00:00
434,3,row_033,Cheeks,General,gemini,B,A,B,True,False,"In the following sentence, what does ""Cheeks"" mean?
That movie was cheeks.

Select only one answer.
A) the fleshy side of the face below the eye and above and to the side of the mouth
B) Somehting that is poor quality
C) A cigarette
D) Someone that is too left leaning politically

Respond with only the letter of your answer (A, B, C, or D).",B,2026-06-12T17:30:48.705943+00:00
435,3,row_034,chenta,Insult,gemini,A,,A,True,False,"In the following sentence, what does ""chenta"" mean?
You are looking really chenta.

Select only one answer.
A) Something ugly or unattractive
B) To knock someone out
C) Something untrue or unbeleivable
D) Somehting that is poor quality

Respond with only the letter of your answer (A, B, C, or D).",A,2026-06-12T17:31:02.678077+00:00
436,3,row_035,cheugy,Insult,gemini,B,,B,True,False,"In the following sentence, what does ""cheugy"" mean?
That girl had such a cheugy outfit.

Select only one answer.
A) You're on Your own
B) Somehting uncool or unfashionable
C) When something hidden gets called out
D) something intense, aggressive, and unfiltered

Respond with only the letter of your answer (A, B, C, or D).",B,2026-06-12T17:31:05.184706+00:00
437,3,row_036,chi-mo,Identity,gemini,B,,B,True,False,"In the following sentence, what does ""chi-mo"" mean?
Go fuck that chi-mo up.

Select only one answer.
A) An unpopular opinion
B) A chlid molestor
C) Mercedes Benz G class
D) Friends with benefits

Respond with only the letter of your answer (A, B, C, or D).",B,2026-06-12T17:31:07.618100+00:00
438,3,row_037,Chungus,General,gemini,D,,D,True,False,"In the following sentence, what does ""Chungus"" mean?
Thats a very chungus pizza.

Select only one answer.
A) Someone that is too left leaning politically
B) Throwing something
C) To be fierce and unapologetic withing a social situation
D) Something that is adorably and chunky

Respond with only the letter of your answer (A, B, C, or D).",D,2026-06-12T17:31:10.294766+00:00
439,3,row_038,Clocked,Violence,gemini,A,D,A,True,False,"In the following sentence, what does ""Clocked"" mean?
He totally clocked that guy.

Select only one answer.
A) When something hidden gets called out
B) An unpopular opinion
C) Someone who is the last person to leave a location and the first to come back in the morning
D) to time with a stopwatch or by an electric timing device

Respond with only the letter of your answer (A, B, C, or D).",A,2026-06-12T17:31:15.457095+00:00
440,3,row_039,Cooked,General,gemini,B,D,B,True,False,"In the following sentence, what does ""Cooked"" mean?
You're cooked

Select only one answer.
A) A canabis based cigarette that needs two paper rolls
B) Done or ruined
C) Someone that is boring
D) past tense and past participle of cook

Respond with only the letter of your answer (A, B, C, or D).",B,2026-06-12T17:31:18.264162+00:00
441,3,row_040,coota suit,Identity,gemini,D,,D,True,False,"In the following sentence, what does ""coota suit"" mean?
Im gonna hit the town in my coota suit.

Select only one answer.
A) To express disbelief
B) A significant other
C) To keep secretive or obscure
D) An all denim outfit

Respond with only the letter of your answer (A, B, C, or D).",D,2026-06-12T17:31:21.551249+00:00
442,3,row_041,Crashout,General,gemini,B,C,B,True,False,"In the following sentence, what does ""Crashout"" mean?
Jen had a total crashout after her breakup

Select only one answer.
A) Talking too much
B) An emotional meltdown
C) a vehicular crash
D) A sudden feeling of disguest or repultion towards someone.

Respond with only the letter of your answer (A, B, C, or D).",B,2026-06-12T17:31:24.333574+00:00
443,3,row_042,Cringe,General,gemini,B,,B,True,False,"In the following sentence, what does ""Cringe"" mean?
Did you hear that pickup line? It was totally cringe!

Select only one answer.
A) A nicotine pouch held between the upper lip and gums
B) to recoil in distaste
C) A person who is very good at spotting a lie
D) An independent, strong person

Respond with only the letter of your answer (A, B, C, or D).",B,2026-06-12T17:31:27.027723+00:00
444,3,row_043,crower,Insult,gemini,C,,C,True,False,"In the following sentence, what does ""crower"" mean?
Stop sitting around and being a crower

Select only one answer.
A) An emotional meltdown
B) To be fierce and unapologetic withing a social situation
C) Someone who sitts around commenting about others
D) Describes activities or situations that are sexually aggressive

Respond with only the letter of your answer (A, B, C, or D).",C,2026-06-12T17:31:30.856201+00:00
445,3,row_044,cuck,Insult,gemini,B,C,C,False,True,"In the following sentence, what does ""cuck"" mean?
That guy must be a cuck letting his wife talk to others like that.

Select only one answer.
A) Someone that is too left leaning politically
B) A term for someone that enjoys watching their wife have sex with another man
C) a man whose wife is unfaithful : cuckold
D) A fool or a prick

Respond with only the letter of your answer (A, B, C, or D).",C,2026-06-12T17:31:36.891941+00:00
446,3,row_045,d-low,General,gemini,D,,D,True,False,"In the following sentence, what does ""d-low"" mean?
Keep it on the d-low, okay?

Select only one answer.
A) A stereotypical alpha male that is strong, handsome, and attracts women.
B) Very good
C) A term to support someone going through a gender change.
D) To keep secretive or obscure

Respond with only the letter of your answer (A, B, C, or D).",D,2026-06-12T17:31:39.465553+00:00
447,3,row_046,daggers,General,gemini,D,C,D,True,False,"In the following sentence, what does ""daggers"" mean?
Lets hit the dance floor and do the start daggering.

Select only one answer.
A) Prolonged masturbation
B) a bad charisma
C) a sharp pointed knife for stabbing
D) A provocative dance

Respond with only the letter of your answer (A, B, C, or D).",D,2026-06-12T17:31:42.375546+00:00
448,3,row_047,Ded,General,gemini,D,,D,True,False,"In the following sentence, what does ""Ded"" mean?
I'm ded

Select only one answer.
A) Fashionable or stylish
B) Someone who prepares for doomsday scenarios
C) To mastrubate for extremeely long period regularly
D) To metaphorically die of laughter

Respond with only the letter of your answer (A, B, C, or D).",D,2026-06-12T17:31:44.973972+00:00
449,3,row_048,Delulu,General,gemini,B,,B,True,False,"In the following sentence, what does ""Delulu"" mean?
I'm feeling delulu after that show.

Select only one answer.
A) Something that is messed up or not right.
B) Delusional
C) A sexual relationship developed from situations without clear future intentions
D) An incel term for an attractive middle eastern man

Respond with only the letter of your answer (A, B, C, or D).",B,2026-06-12T17:31:47.500044+00:00
450,3,row_049,Dog water,Insult,gemini,B,,B,True,False,"In the following sentence, what does ""Dog water"" mean?
You are playing like dog water.

Select only one answer.
A) a bad charisma
B) Something low quality or bad
C) Men that lack masculine characteristics
D) You're on Your own

Respond with only the letter of your answer (A, B, C, or D).",B,2026-06-12T17:31:49.969897+00:00
451,3,row_050,doommaxxing,Identity,gemini,A,,A,True,False,"In the following sentence, what does ""doommaxxing"" mean?
I'm just gonna be doommaxxing all weekend.

Select only one answer.
A) The abandonment of responsibilities
B) Something that is messed up or not right.
C) To stab or shoot
D) Friends with benefits

Respond with only the letter of your answer (A, B, C, or D).",A,2026-06-12T17:31:54.062529+00:00
452,3,row_051,Dope,General,gemini,D,A,D,True,False,"In the following sentence, what does ""Dope"" mean?
That car is dope.

Select only one answer.
A) a stupid person
B) To be honest about something
C) An affirmative agreement
D) Cool

Respond with only the letter of your answer (A, B, C, or D).",D,2026-06-12T17:31:56.170388+00:00
453,3,row_052,Drip,Identity,gemini,B,D,C,False,False,"In the following sentence, what does ""Drip"" mean?
How is the drip?

Select only one answer.
A) To be fierce and unapologetic withing a social situation
B) Stylish or flashy outfit style
C) A fashionable look
D) to let fall in drops

Respond with only the letter of your answer (A, B, C, or D).",C,2026-06-12T17:32:02.035751+00:00
454,3,row_053,DTF,Sexual,gemini,C,,C,True,False,"In the following sentence, what does ""DTF"" mean?
She was totally DTF after the first date.

Select only one answer.
A) An affirmative agreement
B) Epileptic fit from a synthetic canabis
C) Down to fuck
D) Cool

Respond with only the letter of your answer (A, B, C, or D).",C,2026-06-12T17:32:04.261059+00:00
455,3,row_054,dubs,General,gemini,A,B,A,True,False,"In the following sentence, what does ""dubs"" mean?
Take home the dubs!

Select only one answer.
A) To win
B) to add (sound effects or new dialogue) to a film or to a radio or television production —usually used with in
C) Done or ruined
D) someone that looks ordinary but is actually very strong

Respond with only the letter of your answer (A, B, C, or D).",A,2026-06-12T17:32:07.474176+00:00
456,3,row_055,epi,General,gemini,A,,A,True,False,"In the following sentence, what does ""epi"" mean?
Watch out, hes going through an epi.

Select only one answer.
A) Epileptic fit from a synthetic canabis
B) A term for bringing someone over to watch some netflix and then have sex.
C) A large ass that stands out.
D) Someone who is trying to get sexual attention overtly

Respond with only the letter of your answer (A, B, C, or D).",A,2026-06-12T17:32:10.835311+00:00
457,3,row_056,F,General,gemini,A,D,A,True,False,"In the following sentence, what does ""F"" mean?
I almost had that one. F.

Select only one answer.
A) To give sympathy or signify a failure
B) Something suspicious
C) Someone who deliberatly acts in ways to annoy or anger a group of people online.
D) the 6th letter of the English alphabet

Respond with only the letter of your answer (A, B, C, or D).",A,2026-06-12T17:32:14.083645+00:00
458,3,row_057,Fanum Tax,General,gemini,D,,D,True,False,"In the following sentence, what does ""Fanum Tax"" mean?
I was at dinner with my girl and she fanum taxed me.

Select only one answer.
A) Used to mock someone who doesnt think for themselves, says things repeatedly, or has no opinions
B) A term for someone that enjoys watching their wife have sex with another man
C) To mastrubate for extremeely long period regularly
D) the playful act of taking a friend's food

Respond with only the letter of your answer (A, B, C, or D).",D,2026-06-12T17:32:16.719360+00:00
459,3,row_058,FBOI,Sexual,gemini,C,,C,True,False,"In the following sentence, what does ""FBOI"" mean?
She just needs a FBOI to gegt out of her slump.

Select only one answer.
A) A reaction to something uncomfortable
B) Main Character - Someone that acts as if they are the star of a story
C) Fuckboy, someone just looking for sex
D) A fool or a prick

Respond with only the letter of your answer (A, B, C, or D).",C,2026-06-12T17:32:19.499342+00:00
460,3,row_059,Fire,General,gemini,D,B,D,True,False,"In the following sentence, what does ""Fire"" mean?
That game war fire!

Select only one answer.
A) when a reply gets more than the original post
B) the phenomenon of combustion manifested in light, flame, and heat
C) To manipulated, trick, or fool someone
D) Something really good

Respond with only the letter of your answer (A, B, C, or D).",D,2026-06-12T17:32:21.864577+00:00
461,3,row_060,Flex,General,gemini,D,C,D,True,False,"In the following sentence, what does ""Flex"" mean?
Vinny with the car flex.

Select only one answer.
A) A term for someone that enjoys watching their wife have sex with another man
B) Money
C) to bend especially repeatedly
D) To show off

Respond with only the letter of your answer (A, B, C, or D).",D,2026-06-12T17:32:24.463447+00:00
462,3,row_061,foid,Insult,gemini,B,,B,True,False,"In the following sentence, what does ""foid"" mean?
Their was this group of foids at the store earlier, I couldn't satnd them!

Select only one answer.
A) Somehting that is poor quality
B) A term used by incels to refer to women in a way that dehumanizes them.
C) Cancer
D) Weak or effeminate

Respond with only the letter of your answer (A, B, C, or D).",B,2026-06-12T17:32:27.610905+00:00
463,3,row_062,Fuckboy,Sexual,gemini,B,,B,True,False,"In the following sentence, what does ""Fuckboy"" mean?
That guy gave off total fuckboy energy.

Select only one answer.
A) Someone who prepares for doomsday scenarios
B) Fuckboy, someone just looking for sex
C) A criminal that turned their life arpound and are legitimate
D) To metaphorically die of laughter

Respond with only the letter of your answer (A, B, C, or D).",B,2026-06-12T17:32:30.234116+00:00
464,3,row_063,fuckwhistle,Insult,gemini,D,,D,True,False,"In the following sentence, what does ""fuckwhistle"" mean?
Get out of here you fuckwhistle!

Select only one answer.
A) To refer to ones imaginary audience like an internet steamer
B) Mercedes Benz G class
C) An unattractive girl
D) An insulting term to refer to someone as stupid

Respond with only the letter of your answer (A, B, C, or D).",D,2026-06-12T17:32:33.568772+00:00
465,3,row_064,Full send,General,gemini,D,,D,True,False,"In the following sentence, what does ""Full send"" mean?
I'm about to full send on this test!

Select only one answer.
A) bullets
B) Age Sex Location
C) Friends with benefits
D) Go in 100% on something

Respond with only the letter of your answer (A, B, C, or D).",D,2026-06-12T17:32:36.173279+00:00
466,3,row_065,FWB,Sexual,gemini,A,,A,True,False,"In the following sentence, what does ""FWB"" mean?
Yea, we started a FWB sort of thing.

Select only one answer.
A) Friends with benefits
B) A distinct trait, style, or outfit, often used in drag culture
C) Someone younger
D) Something ugly or unattractive

Respond with only the letter of your answer (A, B, C, or D).",A,2026-06-12T17:32:38.327526+00:00
467,3,row_066,G-wagon,General,gemini,D,,D,True,False,"In the following sentence, what does ""G-wagon"" mean?
Yo, check out that g-wagon!

Select only one answer.
A) An endeering term used towards ones significant other
B) Someone that travels abroad with the sole purpose of having sex
C) A term used to describe a baby raised in a gender neutral environment
D) Mercedes Benz G class

Respond with only the letter of your answer (A, B, C, or D).",D,2026-06-12T17:32:40.561613+00:00
468,3,row_067,gabadost,Identity,gemini,C,,C,True,False,"In the following sentence, what does ""gabadost"" mean?
Did you even listen to me? Gabadost!

Select only one answer.
A) A term for someone that enjoys watching their wife have sex with another man
B) Men that lack masculine characteristics
C) Someone who is very stubborn
D) A submissive male that is often outside of traditional social hierarchies

Respond with only the letter of your answer (A, B, C, or D).",C,2026-06-12T17:32:44.965067+00:00
469,3,row_068,Giga Chad,Identity,gemini,C,,C,True,False,"In the following sentence, what does ""Giga Chad"" mean?
Did you see how he lifted that? What a giga chad.

Select only one answer.
A) Someone weak or a follower
B) A distinct trait, style, or outfit, often used in drag culture
C) A near superhuman perfect male
D) To manipulated, trick, or fool someone

Respond with only the letter of your answer (A, B, C, or D).",C,2026-06-12T17:32:47.449135+00:00
470,3,row_069,Glazing,Insult,gemini,D,B,D,True,False,"In the following sentence, what does ""Glazing"" mean?
Stop glazing over One Piece, its not that good.

Select only one answer.
A) Someone that tries really hard to impress their crush
B) the action, process, or trade of fitting windows with glass
C) A hot dog
D) Someone that is too much of a fan of something

Respond with only the letter of your answer (A, B, C, or D).",D,2026-06-12T17:32:50.468762+00:00
471,3,row_070,Glee,Violence,gemini,B,A,A,False,True,"In the following sentence, what does ""Glee"" mean?
Grab your glee and get outta here!

Select only one answer.
A) exultant high-spirited joy : merriment
B) A glock pistol
C) An endeering term used towards ones significant other
D) an expression of surprise

Respond with only the letter of your answer (A, B, C, or D).",A,2026-06-12T17:32:59.994407+00:00
472,3,row_071,glitter,Identity,gemini,C,B,B,False,True,"In the following sentence, what does ""glitter"" mean?
Go out htere and glittter!

Select only one answer.
A) A dance move
B) to shine by reflection with many small flashes of brilliant light : sparkle
C) A term to support someone going through a gender change.
D) Someone who is the last person to leave a location and the first to come back in the morning

Respond with only the letter of your answer (A, B, C, or D).",B,2026-06-12T17:33:02.984258+00:00
473,3,row_072,glizzy,General,gemini,A,,A,True,False,"In the following sentence, what does ""glizzy"" mean?
Hey, lets grab some costco glizzys before we go.

Select only one answer.
A) A hot dog
B) A term to discuss sexual experiences
C) A term for friends
D) A submissive male that is often outside of traditional social hierarchies

Respond with only the letter of your answer (A, B, C, or D).",A,2026-06-12T17:33:05.706498+00:00
474,3,row_073,Goated,General,gemini,A,,A,True,False,"In the following sentence, what does ""Goated"" mean?
That play was goated

Select only one answer.
A) The greatest of all time
B) Friends with benefits
C) Something low quality or bad
D) A fashionable look

Respond with only the letter of your answer (A, B, C, or D).",A,2026-06-12T17:33:08.507942+00:00
475,3,row_074,Gooning,Sexual,gemini,A,,A,True,False,"In the following sentence, what does ""Gooning"" mean?
He looks like he was gooning all break

Select only one answer.
A) Prolonged masturbation
B) To express disappointment dramatically
C) Something that is adorably and chunky
D) a bad charisma

Respond with only the letter of your answer (A, B, C, or D).",A,2026-06-12T17:33:11.443212+00:00
476,3,row_075,goonmaxxing,Identity,gemini,A,,A,True,False,"In the following sentence, what does ""goonmaxxing"" mean?
He's been spending all summer goonmaxxing in his room

Select only one answer.
A) To mastrubate for extremeely long period regularly
B) A term of endearment for a significant other
C) a significant other
D) Someone who acts tries to act entertaining and amuzingly relentlessly

Respond with only the letter of your answer (A, B, C, or D).",A,2026-06-12T17:33:14.347177+00:00
477,3,row_076,gouda,General,gemini,B,D,A,False,False,"In the following sentence, what does ""gouda"" mean?
Stop being so gouda.

Select only one answer.
A) To be high or drunk
B) Someone unappealing
C) To tie up an arm to isolate a vein for injecting a drug
D) a mild cheese of Dutch origin that is similar to Edam but contains more fat

Respond with only the letter of your answer (A, B, C, or D).",A,2026-06-12T17:33:21.473377+00:00
478,3,row_077,greazy,Insult,gemini,C,,C,True,False,"In the following sentence, what does ""greazy"" mean?
You lookin greazy today.

Select only one answer.
A) Used to mock someone who doesnt think for themselves, says things repeatedly, or has no opinions
B) Irritated, bitter, or resentful
C) Poorly dressed
D) Men that lack masculine characteristics

Respond with only the letter of your answer (A, B, C, or D).",C,2026-06-12T17:33:27.491368+00:00
479,3,row_078,Griddy,General,gemini,C,,C,True,False,"In the following sentence, what does ""Griddy"" mean?
Hit the griddy!

Select only one answer.
A) Saying something secretive or to keep low profile
B) A significant other
C) A dance move
D) An unattractive girl

Respond with only the letter of your answer (A, B, C, or D).",C,2026-06-12T17:33:30.123052+00:00
480,3,row_079,grips up,Violence,gemini,A,,A,True,False,"In the following sentence, what does ""grips up"" mean?
grips up, we gotta head out.

Select only one answer.
A) To prepare for a fight
B) Someone who sitts around commenting about others
C) An incel term for an attractive middle eastern man
D) The greatest of all time

Respond with only the letter of your answer (A, B, C, or D).",A,2026-06-12T17:33:34.407388+00:00
481,3,row_080,Gyatt,General,gemini,C,,C,True,False,"In the following sentence, what does ""Gyatt"" mean?
Oh, my gyatt, I really wanna see you.

Select only one answer.
A) Short for Bitch
B) Gossip
C) an expression of surprise
D) Talking too much

Respond with only the letter of your answer (A, B, C, or D).",C,2026-06-12T17:33:37.598074+00:00
482,3,row_081,haps,General,gemini,C,,C,True,False,"In the following sentence, what does ""haps"" mean?
haps tonight?

Select only one answer.
A) Cancer
B) A submissive male that is often outside of traditional social hierarchies
C) Short for happening
D) Charisma

Respond with only the letter of your answer (A, B, C, or D).",C,2026-06-12T17:33:40.495486+00:00
483,3,row_082,hem up,General,gemini,D,,D,True,False,"In the following sentence, what does ""hem up"" mean?
Bro, don't hem up.

Select only one answer.
A) To tie up an arm to isolate a vein for injecting a drug
B) Used to mock someone who doesnt think for themselves, says things repeatedly, or has no opinions
C) The videos one find on social media that cause people to scroll and do nothign for hours
D) To get arrested

Respond with only the letter of your answer (A, B, C, or D).",D,2026-06-12T17:33:45.239618+00:00
484,3,row_083,highkey,General,gemini,D,A,D,True,False,"In the following sentence, what does ""highkey"" mean?
Highkey, this place is great!

Select only one answer.
A) having or producing light tones only with little contrast —used of a photographic print or subject or of the lighting of a photographic subject
B) a bad charisma
C) when a reply gets more than the original post
D) intensely and openely say something true

Respond with only the letter of your answer (A, B, C, or D).",D,2026-06-12T17:33:48.232976+00:00
485,3,row_084,Hits different,General,gemini,A,,A,True,False,"In the following sentence, what does ""Hits different"" mean?
This hot dog hits different.

Select only one answer.
A) Something very good
B) crazy or erratic
C) A charismatic, sexy, and quick witted man
D) Friends with benefits

Respond with only the letter of your answer (A, B, C, or D).",A,2026-06-12T17:33:50.833662+00:00
486,3,row_085,Ick,Insult,gemini,B,,B,True,False,"In the following sentence, what does ""Ick"" mean?
His hairdue gave me the ick.

Select only one answer.
A) To express excitement or approval for something
B) A sudden feeling of disguest or repultion towards someone.
C) To give sympathy or signify a failure
D) The anus

Respond with only the letter of your answer (A, B, C, or D).",B,2026-06-12T17:33:53.217071+00:00
487,3,row_086,IJBOL,General,gemini,C,,C,True,False,"In the following sentence, what does ""IJBOL"" mean?
That was aso funny. IJBOL!

Select only one answer.
A) A descriptor for an attractive person
B) Acting crazily
C) I just burst out laughing
D) Used to refer to the social media platforms one uses

Respond with only the letter of your answer (A, B, C, or D).",C,2026-06-12T17:33:55.376999+00:00
488,3,row_087,Ipad Kid,General,gemini,B,,B,True,False,"In the following sentence, what does ""Ipad Kid"" mean?
They are just a bunch of Ipad kids.

Select only one answer.
A) Ironically used to describe one as unique
B) used to mock spoiled kids
C) Fuckboy, someone just looking for sex
D) Age Sex Location

Respond with only the letter of your answer (A, B, C, or D).",B,2026-06-12T17:33:58.622850+00:00
489,3,row_088,Jebaited,General,gemini,B,,B,True,False,"In the following sentence, what does ""Jebaited"" mean?
Get jebaited!

Select only one answer.
A) To mastrubate for extremeely long period regularly
B) To manipulated, trick, or fool someone
C) Someone that is boring
D) A man that takes care of children

Respond with only the letter of your answer (A, B, C, or D).",B,2026-06-12T17:34:01.333315+00:00
490,3,row_089,jestermaxxing,Identity,gemini,C,,C,True,False,"In the following sentence, what does ""jestermaxxing"" mean?
Tommy's jestermaxxing in class just to annoy the teacher.

Select only one answer.
A) A term used to describe a baby raised in a gender neutral environment
B) I just burst out laughing
C) Someone who acts tries to act entertaining and amuzingly relentlessly
D) The vagina

Respond with only the letter of your answer (A, B, C, or D).",C,2026-06-12T17:34:04.166493+00:00
491,3,row_090,Jit,Insult,gemini,D,,D,True,False,"In the following sentence, what does ""Jit"" mean?
Who is this jit?

Select only one answer.
A) Something untrue or unbeleivable
B) Something that appears mundane but has hidden potential
C) An unpopular opinion
D) Someone younger

Respond with only the letter of your answer (A, B, C, or D).",D,2026-06-12T17:40:00.075715+00:00
492,3,row_091,K.Y. cowboy,Insult,gemini,B,,B,True,False,"In the following sentence, what does ""K.Y. cowboy"" mean?
Stop being such a K.Y. cowboy.

Select only one answer.
A) A term used to describe a baby raised in a gender neutral environment
B) A homosexual cowboy
C) Used to address friends with exasperation, releif, or disbeleif.
D) Somehting uncool or unfashionable

Respond with only the letter of your answer (A, B, C, or D).",B,2026-06-12T17:40:03.475118+00:00
493,3,row_092,keep it 100,General,gemini,C,,C,True,False,"In the following sentence, what does ""keep it 100"" mean?
Keep it 100, dod you see her last night?

Select only one answer.
A) Something really good
B) sweet talk
C) To be honest about something
D) A loss or failure

Respond with only the letter of your answer (A, B, C, or D).",C,2026-06-12T17:40:05.954956+00:00
494,3,row_093,KHHV,Insult,gemini,A,,A,True,False,"In the following sentence, what does ""KHHV"" mean?
Looks like a total KHHV.

Select only one answer.
A) An incel term meaning kissless, hugless, handholdless virgin
B) To win
C) Men that lack masculine characteristics
D) To be skeptical about something

Respond with only the letter of your answer (A, B, C, or D).",A,2026-06-12T17:40:08.496403+00:00
495,3,row_094,knot off,Drugs,gemini,C,,C,True,False,"In the following sentence, what does ""knot off"" mean?
Get ready to knot off, I have the H.

Select only one answer.
A) To show off
B) An independent, strong person
C) To tie up an arm to isolate a vein for injecting a drug
D) Sociopath

Respond with only the letter of your answer (A, B, C, or D).",C,2026-06-12T17:40:12.060896+00:00
496,3,row_095,kweff,Violence,gemini,A,,A,True,False,"In the following sentence, what does ""kweff"" mean?
Lock, aim, and kweff.

Select only one answer.
A) To stab or shoot
B) An emotional meltdown
C) A term used by incels to refer to women in a way that dehumanizes them.
D) A dance move

Respond with only the letter of your answer (A, B, C, or D).",A,2026-06-12T17:40:15.691512+00:00
497,3,row_096,L,General,gemini,C,D,C,True,False,"In the following sentence, what does ""L"" mean?
We took the L at the basketball match.

Select only one answer.
A) An independent, strong person
B) To express excitement or approval for something
C) A loss or failure
D) the 12th letter of the English alphabet

Respond with only the letter of your answer (A, B, C, or D).",C,2026-06-12T17:40:18.782278+00:00
498,3,row_097,lacag,General,gemini,B,,B,True,False,"In the following sentence, what does ""lacag"" mean?
I'll be out making lacag.

Select only one answer.
A) Someone who sitts around commenting about others
B) Money
C) A man that takes care of children
D) Used to address friends with exasperation, releif, or disbeleif.

Respond with only the letter of your answer (A, B, C, or D).",B,2026-06-12T17:40:21.382095+00:00
499,3,row_098,larp,General,gemini,B,,B,True,False,"In the following sentence, what does ""larp"" mean?
I went to a LARP at the park this weekend.

Select only one answer.
A) A fashionable look
B) a live-action role-playing game in which a group of people enacts a fictional scenario (such as a fantasy adventure) in real time typically under the guidance of a facilitator or organizer; also : the activity of participating in such games : larping
C) Someone who is the last person to leave a location and the first to come back in the morning
D) An affirmative agreement

Respond with only the letter of your answer (A, B, C, or D).",B,2026-06-12T17:40:24.072325+00:00
500,3,row_099,lewk,General,gemini,A,,A,True,False,"In the following sentence, what does ""lewk"" mean?
Jim is using his signature lewk tonight.

Select only one answer.
A) A distinct trait, style, or outfit, often used in drag culture
B) Someone unappealing
C) An expression of disappointment
D) The abandonment of responsibilities

Respond with only the letter of your answer (A, B, C, or D).",A,2026-06-12T17:40:27.470959+00:00
501,3,row_100,lidge,General,gemini,D,,D,True,False,"In the following sentence, what does ""lidge"" mean?
I'm gettin money lidge.

Select only one answer.
A) Someone that travels abroad with the sole purpose of having sex
B) A strong, leader who commands those around them
C) sex
D) A criminal that turned their life arpound and are legitimate

Respond with only the letter of your answer (A, B, C, or D).",D,2026-06-12T17:40:31.190457+00:00
502,3,row_101,lifemaxxing,Identity,gemini,D,,D,True,False,"In the following sentence, what does ""lifemaxxing"" mean?
Shes's reallly been trying to lifemax these past few months.

Select only one answer.
A) To refer to ones imaginary audience like an internet steamer
B) Fashionable or stylish
C) Something that is adorably and chunky
D) To make lifestyle changes to make your life more holistic

Respond with only the letter of your answer (A, B, C, or D).",D,2026-06-12T17:40:34.496963+00:00
503,3,row_102,looksmaxxing,Identity,gemini,B,,B,True,False,"In the following sentence, what does ""looksmaxxing"" mean?
The looksmaxxing community

Select only one answer.
A) A cigarette
B) To focus on making one as physically attractive as possible
C) A stereotypical alpha male that is strong, handsome, and attracts women.
D) A dance move

Respond with only the letter of your answer (A, B, C, or D).",B,2026-06-12T17:40:37.409844+00:00
504,3,row_103,lotion,General,gemini,A,D,A,True,False,"In the following sentence, what does ""lotion"" mean?
Lemme go lotion her up for you.

Select only one answer.
A) sweet talk
B) To knock someone out
C) Someone who deliberatly acts in ways to annoy or anger a group of people online.
D) a liquid preparation for cosmetic or external medicinal use

Respond with only the letter of your answer (A, B, C, or D).",A,2026-06-12T17:40:40.669137+00:00
505,3,row_104,Low Key,General,gemini,A,B,A,True,False,"In the following sentence, what does ""Low Key"" mean?
Low key, I want some ice cream.

Select only one answer.
A) Saying something secretive or to keep low profile
B) having or producing dark tones only with little contrast
C) Something really good
D) Something that appears mundane but has hidden potential

Respond with only the letter of your answer (A, B, C, or D).",A,2026-06-12T17:40:43.602034+00:00
506,3,row_105,main character,General,gemini,D,,D,True,False,"In the following sentence, what does ""main character"" mean?
You give off main character energy.

Select only one answer.
A) Fuckboy, someone just looking for sex
B) intensely and openely say something true
C) Someone who is the last person to leave a location and the first to come back in the morning
D) Main Character - Someone that acts as if they are the star of a story

Respond with only the letter of your answer (A, B, C, or D).",D,2026-06-12T17:40:46.213217+00:00
507,3,row_106,manny,Insult,gemini,B,,B,True,False,"In the following sentence, what does ""manny"" mean?
Look at the guy, he's just a manny.

Select only one answer.
A) Delusional
B) A man that takes care of children
C) A term for friends
D) A chlid molestor

Respond with only the letter of your answer (A, B, C, or D).",B,2026-06-12T17:40:48.636049+00:00
508,3,row_107,mascara,Sexual,gemini,C,A,C,True,False,"In the following sentence, what does ""mascara"" mean?
I lost my mascara for 5 years, but then I found it again, and I love it even more now.

Select only one answer.
A) a cosmetic especially for making the eyelashes darker and more prominent
B) A provocative dance
C) A term to discuss sexual experiences
D) To metaphorically die of laughter

Respond with only the letter of your answer (A, B, C, or D).",C,2026-06-12T17:40:55.834455+00:00
509,3,row_108,Mewing,Identity,gemini,C,D,C,True,False,"In the following sentence, what does ""Mewing"" mean?
You've gotta start mewing to increase your status in society.

Select only one answer.
A) A sexual relationship developed from situations without clear future intentions
B) Saying something secretive or to keep low profile
C) To make a jawline more defined
D) to utter a mew or similar sound

Respond with only the letter of your answer (A, B, C, or D).",C,2026-06-12T17:40:59.123503+00:00
510,3,row_109,Mid,General,gemini,C,,C,True,False,"In the following sentence, what does ""Mid"" mean?
That was a mid burger.

Select only one answer.
A) Cool
B) Used to address friends with exasperation, releif, or disbeleif.
C) Mediocre
D) To express disbelief

Respond with only the letter of your answer (A, B, C, or D).",C,2026-06-12T17:41:01.802783+00:00
511,3,row_110,minghiun,Insult,gemini,D,,D,True,False,"In the following sentence, what does ""minghiun"" mean?
Stop being a minghiun.

Select only one answer.
A) A hot dog
B) A reference for ass
C) A commonplace person
D) A fool or a prick

Respond with only the letter of your answer (A, B, C, or D).",D,2026-06-12T17:41:04.807799+00:00
512,3,row_111,nang,Drugs,gemini,B,,B,True,False,"In the following sentence, what does ""nang"" mean?
Dude, grab the nang, I wanna feel free.

Select only one answer.
A) Done or ruined
B) A canister of nitrous oxide
C) A term for friends
D) Fuckboy, someone just looking for sex

Respond with only the letter of your answer (A, B, C, or D).",B,2026-06-12T17:41:11.378353+00:00
513,3,row_112,Negative Aura,Insult,gemini,C,,C,True,False,"In the following sentence, what does ""Negative Aura"" mean?
She's giving off negative aura.

Select only one answer.
A) Cancer
B) The videos one find on social media that cause people to scroll and do nothign for hours
C) a bad charisma
D) To stab or shoot

Respond with only the letter of your answer (A, B, C, or D).",C,2026-06-12T17:41:14.586426+00:00
514,3,row_113,Netflix and Chill,Sexual,gemini,B,,B,True,False,"In the following sentence, what does ""Netflix and Chill"" mean?
Wanna come back to my place and Netflix and Chill?

Select only one answer.
A) Saying something secretive or to keep low profile
B) A term for bringing someone over to watch some netflix and then have sex.
C) A man that is feminine in nature
D) To keep secretive or obscure

Respond with only the letter of your answer (A, B, C, or D).",B,2026-06-12T17:41:17.318040+00:00
515,3,row_114,next-level,General,gemini,C,,C,True,False,"In the following sentence, what does ""next-level"" mean?
That movie was next level!

Select only one answer.
A) A term for someone that enjoys watching their wife have sex with another man
B) To be fierce and unapologetic withing a social situation
C) Something that is better then everything else
D) You're on Your own

Respond with only the letter of your answer (A, B, C, or D).",C,2026-06-12T17:41:20.152157+00:00
516,3,row_115,NPC,Insult,gemini,C,A,C,True,False,"In the following sentence, what does ""NPC"" mean?
Stop being such an NPC.

Select only one answer.
A) a character in a video game that does not represent and cannot be manipulated by a player —called also non-player character
B) A kilo of cocaine
C) Used to mock someone who doesnt think for themselves, says things repeatedly, or has no opinions
D) A sexual relationship developed from situations without clear future intentions

Respond with only the letter of your answer (A, B, C, or D).",C,2026-06-12T17:41:23.454869+00:00
517,3,row_116,Omega,Identity,gemini,C,D,C,True,False,"In the following sentence, what does ""Omega"" mean?
Those were some real omega moves right there.

Select only one answer.
A) To give sympathy or signify a failure
B) To knock someone out
C) A submissive male that is often outside of traditional social hierarchies
D) the 24th and last letter of the Greek alphabet

Respond with only the letter of your answer (A, B, C, or D).",C,2026-06-12T17:41:29.844394+00:00
518,3,row_117,on the regs,General,gemini,D,,D,True,False,"In the following sentence, what does ""on the regs"" mean?
I stop by the coffee shop on the regs.

Select only one answer.
A) An endeering term used towards ones significant other
B) Someone weak or a follower
C) A canabis based cigarette that needs two paper rolls
D) Something done regularly

Respond with only the letter of your answer (A, B, C, or D).",D,2026-06-12T17:41:33.803277+00:00
519,3,row_118,oof,General,gemini,A,,A,True,False,"In the following sentence, what does ""oof"" mean?
Oof, that was rough.

Select only one answer.
A) A reaction to something uncomfortable
B) An unattractive girl
C) Saying something secretive or to keep low profile
D) A commonplace person

Respond with only the letter of your answer (A, B, C, or D).",A,2026-06-12T17:41:36.658948+00:00
520,3,row_119,ooga-booga,Sexual,gemini,B,,B,True,False,"In the following sentence, what does ""ooga-booga"" mean?
Me want ooga-booga!

Select only one answer.
A) To do something impressive
B) The vagina
C) Men that lack masculine characteristics
D) To manipulated, trick, or fool someone

Respond with only the letter of your answer (A, B, C, or D).",B,2026-06-12T17:41:41.863565+00:00
521,3,row_120,Orange Crush,Drugs,gemini,B,,B,True,False,"In the following sentence, what does ""Orange Crush"" mean?
ets grab some of that orange crush tonight!

Select only one answer.
A) An affirmative agreement
B) A type of marijuana
C) A sexual relationship developed from situations without clear future intentions
D) Someone that is too much of a fan of something

Respond with only the letter of your answer (A, B, C, or D).",B,2026-06-12T17:41:45.295710+00:00
522,3,row_121,OTP,General,gemini,A,,A,True,False,"In the following sentence, what does ""OTP"" mean?
Him and her are the OTP.

Select only one answer.
A) One True Pairing
B) When you are outnumbered in a fight and call black people for the win
C) Someone that is too much of a fan of something
D) I just burst out laughing

Respond with only the letter of your answer (A, B, C, or D).",A,2026-06-12T17:41:48.008227+00:00
523,3,row_122,packers,Insult,gemini,B,D,A,False,False,"In the following sentence, what does ""packers"" mean?
Thats just a group of packers over there, don't waste your time.

Select only one answer.
A) Someone who is the last person to leave a location and the first to come back in the morning
B) fake soft penises and testicles designed to give a 'male' bulge to the crotches of female-to-male transsexuals.
C) Very good
D) one that packs

Respond with only the letter of your answer (A, B, C, or D).",A,2026-06-12T17:41:52.273963+00:00
524,3,row_123,passa passa,General,gemini,B,,B,True,False,"In the following sentence, what does ""passa passa"" mean?
I don't want any passa passa now.

Select only one answer.
A) Someone who prepares for doomsday scenarios
B) A loud and messy conflict
C) A mauser C96 pistol
D) To manipulated, trick, or fool someone

Respond with only the letter of your answer (A, B, C, or D).",B,2026-06-12T17:41:55.666237+00:00
525,3,row_124,passport bro,Sexual,gemini,B,,B,True,False,"In the following sentence, what does ""passport bro"" mean?
A bunch of passport bro's just checked into the hotel.

Select only one answer.
A) Go in 100% on something
B) Someone that travels abroad with the sole purpose of having sex
C) Used to refer to the social media platforms one uses
D) a live-action role-playing game in which a group of people enacts a fictional scenario (such as a fantasy adventure) in real time typically under the guidance of a facilitator or organizer; also : the activity of participating in such games : larping

Respond with only the letter of your answer (A, B, C, or D).",B,2026-06-12T17:41:59.211292+00:00
526,3,row_125,Period,General,gemini,A,B,A,True,False,"In the following sentence, what does ""Period"" mean?
She is the best, period.

Select only one answer.
A) Ending the discussion on a topic
B) the completion of a cycle, a series of events, or a single action : conclusion
C) an expression of surprise
D) To win

Respond with only the letter of your answer (A, B, C, or D).",A,2026-06-12T17:42:02.554326+00:00
527,3,row_126,plegic,Drugs,gemini,A,,A,True,False,"In the following sentence, what does ""plegic"" mean?
That guy stumbled out very plegic.

Select only one answer.
A) drunk
B) To check the mood of a situation
C) Nonsensical term
D) The videos one find on social media that cause people to scroll and do nothign for hours

Respond with only the letter of your answer (A, B, C, or D).",A,2026-06-12T17:42:06.807790+00:00
528,3,row_127,poggers,General,gemini,C,,C,True,False,"In the following sentence, what does ""poggers"" mean?
Thats a poggers painting.

Select only one answer.
A) One True Pairing
B) A near superhuman perfect male
C) To express excitement or approval for something
D) Saying something secretive or to keep low profile

Respond with only the letter of your answer (A, B, C, or D).",C,2026-06-12T17:42:10.238967+00:00
529,3,row_128,Pookie,Sexual,gemini,A,,A,True,False,"In the following sentence, what does ""Pookie"" mean?
My pookie loves a smash burger.

Select only one answer.
A) A term of endearment for a significant other
B) Something that is reallly good.
C) Weak or effeminate
D) Acting crazily

Respond with only the letter of your answer (A, B, C, or D).",A,2026-06-12T17:42:12.799777+00:00
530,3,row_129,Pop off,General,gemini,C,D,C,True,False,"In the following sentence, what does ""Pop off"" mean?
I'm about to pop off!

Select only one answer.
A) To manipulated, trick, or fool someone
B) Main Character - Someone that acts as if they are the star of a story
C) To do something impressive
D) to die unexpectedly

Respond with only the letter of your answer (A, B, C, or D).",C,2026-06-12T17:42:18.381556+00:00
531,3,row_130,Posh and Becks,Sexual,gemini,D,,D,True,False,"In the following sentence, what does ""Posh and Becks"" mean?
Lets go back to my place and have the posh and becks.

Select only one answer.
A) A man that takes care of children
B) Money
C) One True Pairing
D) sex

Respond with only the letter of your answer (A, B, C, or D).",D,2026-06-12T17:42:21.749357+00:00
532,3,row_131,prepper,Insult,gemini,C,,C,True,False,"In the following sentence, what does ""prepper"" mean?
We have a prepper down the block. They are kindof crazy, but its nice to know where to go.

Select only one answer.
A) Something untrue or unbeleivable
B) An insulting term to refer to someone as stupid
C) Someone who prepares for doomsday scenarios
D) A nicotine pouch held between the upper lip and gums

Respond with only the letter of your answer (A, B, C, or D).",C,2026-06-12T17:42:24.501585+00:00
533,3,row_132,Prison pocket,General,gemini,A,,A,True,False,"In the following sentence, what does ""Prison pocket"" mean?
Hold it in your prison pocket.

Select only one answer.
A) The anus
B) The videos one find on social media that cause people to scroll and do nothign for hours
C) sex
D) A term of endearment for a significant other

Respond with only the letter of your answer (A, B, C, or D).",A,2026-06-12T17:42:27.047760+00:00
534,3,row_133,Put the fries in the bag,General,gemini,D,,D,True,False,"In the following sentence, what does ""Put the fries in the bag"" mean?
You're taking too long. Put the fires in the bag.

Select only one answer.
A) A homosexual cowboy
B) Something that is reallly good.
C) To express disbelief
D) Get to the point

Respond with only the letter of your answer (A, B, C, or D).",D,2026-06-12T17:42:30.547386+00:00
535,3,row_134,Quirky,Insult,gemini,C,B,B,False,True,"In the following sentence, what does ""Quirky"" mean?
I'm so quirky!

Select only one answer.
A) To confim that something was completed to expectation
B) having many quirks : unusual in especially an interesting or appealing way
C) Ironically used to describe one as unique
D) the playful act of taking a friend's food

Respond with only the letter of your answer (A, B, C, or D).",B,2026-06-12T17:42:34.216702+00:00
536,3,row_135,rago,Insult,gemini,D,,D,True,False,"In the following sentence, what does ""rago"" mean?
It was just how rago he was.

Select only one answer.
A) a bad charisma
B) The videos one find on social media that cause people to scroll and do nothign for hours
C) Something suspicious
D) Someone acting aggressively and out of control

Respond with only the letter of your answer (A, B, C, or D).",D,2026-06-12T17:42:45.245159+00:00
537,3,row_136,rapey,Sexual,gemini,B,,B,True,False,"In the following sentence, what does ""rapey"" mean?
That guy at the bar was feeling pretty rapey.

Select only one answer.
A) An insulting term to refer to someone as stupid
B) Describes activities or situations that are sexually aggressive
C) A glock pistol
D) A provocative dance

Respond with only the letter of your answer (A, B, C, or D).",B,2026-06-12T17:42:47.699618+00:00
538,3,row_137,Ratio,General,gemini,C,A,C,True,False,"In the following sentence, what does ""Ratio"" mean?
Ratio if you like pizza.

Select only one answer.
A) the indicated quotient of two mathematical expressions
B) To express disappointment dramatically
C) when a reply gets more than the original post
D) A canister of nitrous oxide

Respond with only the letter of your answer (A, B, C, or D).",C,2026-06-12T17:42:51.007406+00:00
539,3,row_138,raw,General,gemini,A,B,A,True,False,"In the following sentence, what does ""raw"" mean?
He's been hitting the vape raw lately.

Select only one answer.
A) something intense, aggressive, and unfiltered
B) not cooked
C) bullets
D) To make lifestyle changes to make your life more holistic

Respond with only the letter of your answer (A, B, C, or D).",A,2026-06-12T17:42:53.910317+00:00
540,3,row_139,RIP (me),General,gemini,B,,B,True,False,"In the following sentence, what does ""RIP (me)"" mean?
I think I just failed that test. RIP me.

Select only one answer.
A) something intense, aggressive, and unfiltered
B) To express disappointment dramatically
C) An endeering term used towards ones significant other
D) An independent, strong person

Respond with only the letter of your answer (A, B, C, or D).",B,2026-06-12T17:42:57.156267+00:00
541,3,row_140,Rizz,General,gemini,C,,C,True,False,"In the following sentence, what does ""Rizz"" mean?
The rizz you have today is stunning!

Select only one answer.
A) A rule used by some for dating that refers to someone who is six feet tall, has a 6 figure income, and has six-pack abs
B) A cigarette
C) Charisma
D) Gossip

Respond with only the letter of your answer (A, B, C, or D).",C,2026-06-12T17:43:02.106073+00:00
542,3,row_141,Salty,Insult,gemini,A,C,A,True,False,"In the following sentence, what does ""Salty"" mean?
She's just salty that you have a boyfriend and she doesn't.

Select only one answer.
A) Irritated, bitter, or resentful
B) A canister of nitrous oxide
C) of, seasoned with, or containing salt
D) Go in 100% on something

Respond with only the letter of your answer (A, B, C, or D).",A,2026-06-12T17:43:04.410323+00:00
543,3,row_142,savage,General,gemini,C,A,C,True,False,"In the following sentence, what does ""savage"" mean?
That was a savage comeback you gave.

Select only one answer.
A) not domesticated or under human control : untamed
B) A glock pistol
C) To be fierce and unapologetic withing a social situation
D) A canabis based cigarette that needs two paper rolls

Respond with only the letter of your answer (A, B, C, or D).",C,2026-06-12T17:43:07.272690+00:00
544,3,row_143,Schizo,Insult,gemini,C,,C,True,False,"In the following sentence, what does ""Schizo"" mean?
Brians a total schitzo.

Select only one answer.
A) A term used to say that someone is online too much and needs to get back to real life
B) A term used to describe a baby raised in a gender neutral environment
C) crazy or erratic
D) Prolonged masturbation

Respond with only the letter of your answer (A, B, C, or D).",C,2026-06-12T17:43:09.686540+00:00
545,3,row_144,scuffed,Insult,gemini,C,D,C,True,False,"In the following sentence, what does ""scuffed"" mean?
The was a scuffed performance last night.

Select only one answer.
A) Ironically used to describe one as unique
B) An unattractive girl
C) Something that is messed up or not right.
D) to walk without lifting the feet : shuffle

Respond with only the letter of your answer (A, B, C, or D).",C,2026-06-12T17:43:12.856724+00:00
546,3,row_145,Shabba,General,gemini,D,,A,False,False,"In the following sentence, what does ""Shabba"" mean?
Shabba on point!

Select only one answer.
A) A nicotine pouch held between the upper lip and gums
B) A glock pistol
C) A term to discuss sexual experiences
D) Fashionable or stylish

Respond with only the letter of your answer (A, B, C, or D).",A,2026-06-12T17:43:22.560370+00:00
547,3,row_146,Sheesh,General,gemini,A,,A,True,False,"In the following sentence, what does ""Sheesh"" mean?
Sheesh! Thats crazy!

Select only one answer.
A) To express disbelief
B) As Fuck
C) The videos one find on social media that cause people to scroll and do nothign for hours
D) An endeering term used towards ones significant other

Respond with only the letter of your answer (A, B, C, or D).",A,2026-06-12T17:43:25.369472+00:00
548,3,row_147,Side eye,General,gemini,C,,C,True,False,"In the following sentence, what does ""Side eye"" mean?
Why are you giving him the side eye?

Select only one answer.
A) A nicotine pouch held between the upper lip and gums
B) A significant problem
C) To be skeptical about something
D) A term used by incels to refer to women in a way that dehumanizes them.

Respond with only the letter of your answer (A, B, C, or D).",C,2026-06-12T17:43:29.092642+00:00
549,3,row_148,Sigma,Identity,gemini,D,A,D,True,False,"In the following sentence, what does ""Sigma"" mean?
You are giving off sigma energy right now.

Select only one answer.
A) the 18th letter of the Greek alphabet
B) A kilo of cocaine
C) Someone that is too much of a fan of something
D) An independent, strong person

Respond with only the letter of your answer (A, B, C, or D).",D,2026-06-12T17:43:32.412316+00:00
550,3,row_149,Simp,Insult,gemini,D,C,D,True,False,"In the following sentence, what does ""Simp"" mean?
Stop being a simp over her!

Select only one answer.
A) Money
B) Cool
C) a foolish or stupid person : simpleton
D) Someone that tries really hard to impress their crush

Respond with only the letter of your answer (A, B, C, or D).",D,2026-06-12T17:43:35.345057+00:00
551,3,row_150,Situationship,Sexual,gemini,D,,D,True,False,"In the following sentence, what does ""Situationship"" mean?
Joe ended up in a situationship over the summer.

Select only one answer.
A) A reference for ass
B) a significant other
C) Someone unappealing
D) A sexual relationship developed from situations without clear future intentions

Respond with only the letter of your answer (A, B, C, or D).",D,2026-06-12T17:43:37.951228+00:00
552,3,row_151,Skeet,Sexual,gemini,D,B,D,True,False,"In the following sentence, what does ""Skeet"" mean?
He skeeted all over the court!

Select only one answer.
A) To express disbelief
B) trapshooting in which clay pigeons are thrown in such a way as to simulate the angles of flight of birds
C) Someone who refused to wear a mask in covid times.
D) To shoot ones shot.

Respond with only the letter of your answer (A, B, C, or D).",D,2026-06-12T17:43:42.066041+00:00
553,3,row_152,Skibidi,General,gemini,C,,C,True,False,"In the following sentence, what does ""Skibidi"" mean?
That's so skibidi.

Select only one answer.
A) Sociopath
B) A term for friends
C) Nonsensical term
D) You're on Your own

Respond with only the letter of your answer (A, B, C, or D).",C,2026-06-12T17:43:45.633780+00:00
554,3,row_153,Skill issue,Insult,gemini,D,,D,True,False,"In the following sentence, what does ""Skill issue"" mean?
You won't win. Its a skill issue.

Select only one answer.
A) To be high or drunk
B) A canister of nitrous oxide
C) Weak or effeminate
D) An insult saying that the problem is due to lack of skill rather then luck

Respond with only the letter of your answer (A, B, C, or D).",D,2026-06-12T17:43:47.988839+00:00
555,3,row_154,Slaps,General,gemini,D,A,D,True,False,"In the following sentence, what does ""Slaps"" mean?
This place slaps!

Select only one answer.
A) to strike sharply with or as if with the open hand
B) A nicotine pouch held between the upper lip and gums
C) Delusional
D) Something that is reallly good.

Respond with only the letter of your answer (A, B, C, or D).",D,2026-06-12T17:43:50.808883+00:00
556,3,row_155,Slay,General,gemini,C,A,C,True,False,"In the following sentence, what does ""Slay"" mean?
Slay girl!

Select only one answer.
A) to kill violently, wantonly, or in great numbers
B) A strong, leader who commands those around them
C) To do somethign very well
D) An insult saying that the problem is due to lack of skill rather then luck

Respond with only the letter of your answer (A, B, C, or D).",C,2026-06-12T17:43:53.907740+00:00
557,3,row_156,sledge,Identity,gemini,C,A,C,True,False,"In the following sentence, what does ""sledge"" mean?
What? Are you havin trouble you sledge?

Select only one answer.
A) sledgehammer
B) Talking too much
C) An insult commonly used in sports
D) Someone acting aggressively and out of control

Respond with only the letter of your answer (A, B, C, or D).",C,2026-06-12T17:44:04.131215+00:00
558,3,row_157,sleeper,General,gemini,D,B,D,True,False,"In the following sentence, what does ""sleeper"" mean?
That car has got to be a sleeper.

Select only one answer.
A) Something that is messed up or not right.
B) one that sleeps
C) A dance move
D) Something that appears mundane but has hidden potential

Respond with only the letter of your answer (A, B, C, or D).",D,2026-06-12T17:44:06.586131+00:00
559,3,row_158,sleeper build,General,gemini,C,,C,True,False,"In the following sentence, what does ""sleeper build"" mean?
Bro's rocking the sleeper build.

Select only one answer.
A) Someone acting aggressively and out of control
B) Men that lack masculine characteristics
C) someone that looks ordinary but is actually very strong
D) A charismatic, sexy, and quick witted man

Respond with only the letter of your answer (A, B, C, or D).",C,2026-06-12T17:44:09.370986+00:00
560,3,row_159,Snack,Sexual,gemini,D,A,D,True,False,"In the following sentence, what does ""Snack"" mean?
That lady over there is a snack.

Select only one answer.
A) a light meal : food eaten between regular meals; also : food suitable for snacking
B) An emotional meltdown
C) To knock someone out
D) A descriptor for an attractive person

Respond with only the letter of your answer (A, B, C, or D).",D,2026-06-12T17:44:11.742568+00:00
561,3,row_160,snaggle,Identity,gemini,A,B,A,True,False,"In the following sentence, what does ""snaggle"" mean?
Susanne is such a snaggle.

Select only one answer.
A) An unattractive girl
B) snag
C) Mediocre
D) A glock pistol

Respond with only the letter of your answer (A, B, C, or D).",A,2026-06-12T17:44:15.612863+00:00
562,3,row_161,Snatched,General,gemini,A,B,A,True,False,"In the following sentence, what does ""Snatched"" mean?
You're looking snatched today.

Select only one answer.
A) A fashionable look
B) to attempt to seize something suddenly
C) Used to address friends with exasperation, releif, or disbeleif.
D) To get arrested

Respond with only the letter of your answer (A, B, C, or D).",A,2026-06-12T17:44:18.923534+00:00
563,3,row_162,socials,General,gemini,C,A,C,True,False,"In the following sentence, what does ""socials"" mean?
Catch me on the socials!

Select only one answer.
A) an informal social event or gathering frequently involving a special activity or area of interest
B) To express excitement or approval for something
C) Used to refer to the social media platforms one uses
D) To tie up an arm to isolate a vein for injecting a drug

Respond with only the letter of your answer (A, B, C, or D).",C,2026-06-12T17:44:21.369390+00:00
564,3,row_163,socio,Insult,gemini,B,,B,True,False,"In the following sentence, what does ""socio"" mean?
The boy is a socio.

Select only one answer.
A) The greatest of all time
B) Sociopath
C) An expression of disappointment
D) fake soft penises and testicles designed to give a 'male' bulge to the crotches of female-to-male transsexuals.

Respond with only the letter of your answer (A, B, C, or D).",B,2026-06-12T17:44:24.140900+00:00
565,3,row_164,Soy,Insult,gemini,A,,A,True,False,"In the following sentence, what does ""Soy"" mean?
Stop being so soy.

Select only one answer.
A) Weak or effeminate
B) An affirmative agreement
C) Someone weak or a follower
D) An attractive older man

Respond with only the letter of your answer (A, B, C, or D).",A,2026-06-12T17:44:27.156940+00:00
566,3,row_165,soyboy,Identity,gemini,D,,D,True,False,"In the following sentence, what does ""soyboy"" mean?
Get that soyboy out of here!

Select only one answer.
A) Something suspicious
B) A significant problem
C) Age Sex Location
D) Men that lack masculine characteristics

Respond with only the letter of your answer (A, B, C, or D).",D,2026-06-12T17:44:29.474702+00:00
567,3,row_166,Spanish dancer,General,gemini,B,,B,True,False,"In the following sentence, what does ""Spanish dancer"" mean?
I sounds like I caught the spanish dancer.

Select only one answer.
A) Fashionable or stylish
B) Cancer
C) A commonplace person
D) A chlid molestor

Respond with only the letter of your answer (A, B, C, or D).",B,2026-06-12T17:44:33.816212+00:00
568,3,row_167,spark,Violence,gemini,B,D,B,True,False,"In the following sentence, what does ""spark"" mean?
Don't make me spark you out!

Select only one answer.
A) A mauser C96 pistol
B) To knock someone out
C) Charisma
D) a small particle of a burning substance thrown out by a body in combustion or remaining when combustion is nearly completed

Respond with only the letter of your answer (A, B, C, or D).",B,2026-06-12T17:44:36.291087+00:00
569,3,row_168,Stuyvie,Drugs,gemini,D,,D,True,False,"In the following sentence, what does ""Stuyvie"" mean?
Lets go outside and smoke a suyvie.

Select only one answer.
A) Something suspicious
B) Short for happening
C) To be honest about something
D) A cigarette

Respond with only the letter of your answer (A, B, C, or D).",D,2026-06-12T17:44:39.342259+00:00
570,3,row_169,suiter,General,gemini,C,B,C,True,False,"In the following sentence, what does ""suiter"" mean?
Her suiter was admiring her from afar.

Select only one answer.
A) To be skeptical about something
B) a suitcase for holding a specified number of suits —usually used in combination
C) a significant other
D) The anus

Respond with only the letter of your answer (A, B, C, or D).",C,2026-06-12T17:44:43.788541+00:00
571,3,row_170,Sus,General,gemini,A,,A,True,False,"In the following sentence, what does ""Sus"" mean?
That man over there is real sus.

Select only one answer.
A) Something suspicious
B) A loss or failure
C) Someone who is very stubborn
D) something intense, aggressive, and unfiltered

Respond with only the letter of your answer (A, B, C, or D).",A,2026-06-12T17:44:46.337478+00:00
572,3,row_171,Tea,General,gemini,C,D,C,True,False,"In the following sentence, what does ""Tea"" mean?
Come on, spill the tea!

Select only one answer.
A) To do somethign very well
B) When you are outnumbered in a fight and call black people for the win
C) Gossip
D) a widely cultivated shrub (Camellia sinensis of the family Theaceae, the tea family) native to China, northern India, and southeastern Asia and having glossy green leaves and fragrant white flowers

Respond with only the letter of your answer (A, B, C, or D).",C,2026-06-12T17:44:48.774466+00:00
573,3,row_172,theybie,General,gemini,D,,D,True,False,"In the following sentence, what does ""theybie"" mean?
The a couple and their theybie just moved in next door.

Select only one answer.
A) Age Sex Location
B) A cigarette
C) A strong, leader who commands those around them
D) A term used to describe a baby raised in a gender neutral environment

Respond with only the letter of your answer (A, B, C, or D).",D,2026-06-12T17:44:51.360168+00:00
574,3,row_173,Thirsty,Sexual,gemini,B,D,B,True,False,"In the following sentence, what does ""Thirsty"" mean?
She's lookin real thirsty today.

Select only one answer.
A) You're on Your own
B) Someone who is trying to get sexual attention overtly
C) Irritated, bitter, or resentful
D) feeling thirst

Respond with only the letter of your answer (A, B, C, or D).",B,2026-06-12T17:44:54.058002+00:00
575,3,row_174,Thot,Sexual,gemini,D,,D,True,False,"In the following sentence, what does ""Thot"" mean?
I'm gonna dress like a thot tonight.

Select only one answer.
A) Someone that travels abroad with the sole purpose of having sex
B) Crack cocaine
C) Someone that is too left leaning politically
D) Another term that stands for that hoe over there

Respond with only the letter of your answer (A, B, C, or D).",D,2026-06-12T17:44:56.733530+00:00
576,3,row_175,Thrust,General,gemini,D,C,C,False,True,"In the following sentence, what does ""Thrust"" mean?
Hit the thrust!

Select only one answer.
A) A canabis based cigarette that needs two paper rolls
B) cocaine
C) to push or drive with force : shove
D) A dance move

Respond with only the letter of your answer (A, B, C, or D).",C,2026-06-12T17:45:00.857011+00:00
577,3,row_176,toe-cheese,Insult,gemini,D,,D,True,False,"In the following sentence, what does ""toe-cheese"" mean?
My whole house smells like toe cheese.

Select only one answer.
A) I just burst out laughing
B) A term used to describe a baby raised in a gender neutral environment
C) Someone who prepares for doomsday scenarios
D) Gross buildup between the toes

Respond with only the letter of your answer (A, B, C, or D).",D,2026-06-12T17:45:03.639072+00:00
578,3,row_177,tomdick,Insult,gemini,C,,C,True,False,"In the following sentence, what does ""tomdick"" mean?
That secratary was a tomdick.

Select only one answer.
A) A canabis based cigarette that needs two paper rolls
B) Someone younger
C) A commonplace person
D) An expression of disappointment

Respond with only the letter of your answer (A, B, C, or D).",C,2026-06-12T17:45:10.131393+00:00
579,3,row_178,Touch Grass,General,gemini,C,,C,True,False,"In the following sentence, what does ""Touch Grass"" mean?
Go out and touch some grass.

Select only one answer.
A) An endeering term used towards ones significant other
B) Short for happening
C) A term used to say that someone is online too much and needs to get back to real life
D) sweet talk

Respond with only the letter of your answer (A, B, C, or D).",C,2026-06-12T17:45:12.666335+00:00
580,3,row_179,troll,Identity,gemini,C,B,C,True,False,"In the following sentence, what does ""troll"" mean?
That guy in valorant was a such a troll.

Select only one answer.
A) Another term that stands for that hoe over there
B) a dwarf or giant in Scandinavian folklore inhabiting caves or hills
C) Someone who deliberatly acts in ways to annoy or anger a group of people online.
D) A dance move

Respond with only the letter of your answer (A, B, C, or D).",C,2026-06-12T17:45:15.560271+00:00
581,3,row_180,Tweaking,General,gemini,B,C,B,True,False,"In the following sentence, what does ""Tweaking"" mean?
Why are you tweaking out?

Select only one answer.
A) A rule used by some for dating that refers to someone who is six feet tall, has a 6 figure income, and has six-pack abs
B) Acting crazily
C) to make usually small adjustments in or to; especially : fine-tune
D) a significant other

Respond with only the letter of your answer (A, B, C, or D).",B,2026-06-12T17:45:18.764174+00:00
582,3,row_181,twoz,Drugs,gemini,A,,A,True,False,"In the following sentence, what does ""twoz"" mean?
Hey, hand me the twoz joint.

Select only one answer.
A) A canabis based cigarette that needs two paper rolls
B) Used to refer to the social media platforms one uses
C) A rule used by some for dating that refers to someone who is six feet tall, has a 6 figure income, and has six-pack abs
D) To focus on making one as physically attractive as possible

Respond with only the letter of your answer (A, B, C, or D).",A,2026-06-12T17:45:23.793214+00:00
583,3,row_182,Unc,Insult,gemini,C,,C,True,False,"In the following sentence, what does ""Unc"" mean?
I'll explain it to you unc.

Select only one answer.
A) Something done regularly
B) To be honest about something
C) An older person who is out of touch
D) Stylish or flashy outfit style

Respond with only the letter of your answer (A, B, C, or D).",C,2026-06-12T17:45:26.862263+00:00
584,3,row_183,Understood the assignment,General,gemini,B,,B,True,False,"In the following sentence, what does ""Understood the assignment"" mean?
All done. Understood the assignment.

Select only one answer.
A) Another term that stands for that hoe over there
B) To confim that something was completed to expectation
C) When you are outnumbered in a fight and call black people for the win
D) Talking too much

Respond with only the letter of your answer (A, B, C, or D).",B,2026-06-12T17:45:30.053755+00:00
585,3,row_184,upper decky,Drugs,gemini,A,,A,True,False,"In the following sentence, what does ""upper decky"" mean?
Hey bro, can I bum an upper decky zynn?

Select only one answer.
A) A nicotine pouch held between the upper lip and gums
B) The vagina
C) something intense, aggressive, and unfiltered
D) A knife

Respond with only the letter of your answer (A, B, C, or D).",A,2026-06-12T17:45:32.998481+00:00
586,3,row_185,Vibe,General,gemini,C,,C,True,False,"In the following sentence, what does ""Vibe"" mean?
I'm just enjoyin the vibe out here.

Select only one answer.
A) Sociopath
B) Saying something secretive or to keep low profile
C) The positive or relaxing energy of a place
D) A significant other

Respond with only the letter of your answer (A, B, C, or D).",C,2026-06-12T17:45:35.170343+00:00
587,3,row_186,Vibe Check,General,gemini,C,,C,True,False,"In the following sentence, what does ""Vibe Check"" mean?
Can I get a vibe check?

Select only one answer.
A) a live-action role-playing game in which a group of people enacts a fictional scenario (such as a fantasy adventure) in real time typically under the guidance of a facilitator or organizer; also : the activity of participating in such games : larping
B) Someone who refused to wear a mask in covid times.
C) To check the mood of a situation
D) Someone that is too much of a fan of something

Respond with only the letter of your answer (A, B, C, or D).",C,2026-06-12T17:45:37.728027+00:00
588,3,row_187,wahala,General,gemini,B,,B,True,False,"In the following sentence, what does ""wahala"" mean?
Please, no wahala.

Select only one answer.
A) To show off
B) A significant problem
C) A reference for ass
D) To express excitement or approval for something

Respond with only the letter of your answer (A, B, C, or D).",B,2026-06-12T17:45:40.533975+00:00
589,3,row_188,waved,Drugs,gemini,C,D,C,True,False,"In the following sentence, what does ""waved"" mean?
Bro's over on the bench waved out of his mind.

Select only one answer.
A) Something very good
B) A sexual relationship developed from situations without clear future intentions
C) To be high or drunk
D) having a wavelike form or outline

Respond with only the letter of your answer (A, B, C, or D).",C,2026-06-12T17:45:43.360650+00:00
590,3,row_189,What the sigma,General,gemini,C,,C,True,False,"In the following sentence, what does ""What the sigma"" mean?
What the sigma? I thought you left?

Select only one answer.
A) Talking too much
B) Somehting uncool or unfashionable
C) An expression of disbelief
D) Acting crazily

Respond with only the letter of your answer (A, B, C, or D).",C,2026-06-12T17:45:45.716807+00:00
591,3,row_190,whitney,Drugs,gemini,A,,A,True,False,"In the following sentence, what does ""whitney"" mean?
Hey man, you got any whitney on you?

Select only one answer.
A) Crack cocaine
B) The vagina
C) To metaphorically die of laughter
D) An expression of disbelief

Respond with only the letter of your answer (A, B, C, or D).",A,2026-06-12T17:45:48.484450+00:00
592,3,row_191,Woke,Insult,gemini,A,,A,True,False,"In the following sentence, what does ""Woke"" mean?
Stop being so woke.

Select only one answer.
A) Someone that is too left leaning politically
B) A significant other
C) A term of endearment for a significant other
D) A term to support someone going through a gender change.

Respond with only the letter of your answer (A, B, C, or D).",A,2026-06-12T17:45:51.784901+00:00
593,3,row_192,womp womp,General,gemini,A,,A,True,False,"In the following sentence, what does ""womp womp"" mean?
I failed that math quiz. Womp womp.

Select only one answer.
A) An expression of disappointment
B) Very good
C) As Fuck
D) Used to refer to the social media platforms one uses

Respond with only the letter of your answer (A, B, C, or D).",A,2026-06-12T17:45:54.064979+00:00
594,3,row_193,wraparound,General,gemini,A,B,A,True,False,"In the following sentence, what does ""wraparound"" mean?
I had to pull a wraparound this morning since I left my wallet at the bar.

Select only one answer.
A) Someone who is the last person to leave a location and the first to come back in the morning
B) made to be wrapped around something and especially the body
C) A term used to describe a baby raised in a gender neutral environment
D) Someone that is boring

Respond with only the letter of your answer (A, B, C, or D).",A,2026-06-12T17:45:57.719548+00:00
595,3,row_194,Yapping,Insult,gemini,A,D,D,False,True,"In the following sentence, what does ""Yapping"" mean?
Stop your yapping and get over here.

Select only one answer.
A) Talking too much
B) To shoot ones shot.
C) An endeering term used towards ones significant other
D) to talk in a shrill insistent way : chatter

Respond with only the letter of your answer (A, B, C, or D).",D,2026-06-12T17:46:01.834533+00:00
596,3,row_195,Yeet,General,gemini,D,,D,True,False,"In the following sentence, what does ""Yeet"" mean?
Think I can make this? Yeet!

Select only one answer.
A) To express excitement or approval for something
B) A sudden feeling of disguest or repultion towards someone.
C) As Fuck
D) Throwing something

Respond with only the letter of your answer (A, B, C, or D).",D,2026-06-12T17:46:08.025825+00:00
597,3,row_196,ying,Violence,gemini,A,,A,True,False,"In the following sentence, what does ""ying"" mean?
I'll walk in swinging my ying.

Select only one answer.
A) A knife
B) Money
C) A large ass that stands out.
D) Throwing something

Respond with only the letter of your answer (A, B, C, or D).",A,2026-06-12T17:46:11.903760+00:00
598,3,row_197,yoyo,General,gemini,C,A,C,True,False,"In the following sentence, what does ""yoyo"" mean?
We've helped you in the past, but yoyo this time.

Select only one answer.
A) a thick grooved double disk with a string attached to its center axle that is made to fall and rise to the hand by unwinding and rewinding on the string
B) To shoot ones shot.
C) You're on Your own
D) a bad charisma

Respond with only the letter of your answer (A, B, C, or D).",C,2026-06-12T17:46:14.573605+00:00
599,3,row_198,Zaddy,Sexual,gemini,B,,B,True,False,"In the following sentence, what does ""Zaddy"" mean?
I'm meeting up with my zaddy later tonight.

Select only one answer.
A) A fashionable look
B) An attractive older man
C) Someone that tries really hard to impress their crush
D) Something that is adorably and chunky

Respond with only the letter of your answer (A, B, C, or D).",B,2026-06-12T17:46:17.565366+00:00
600,3,row_199,Zesty,Insult,gemini,D,B,D,True,False,"In the following sentence, what does ""Zesty"" mean?
He's acting a bit zesty today.

Select only one answer.
A) A near superhuman perfect male
B) having or characterized by zest : appealingly piquant or lively
C) A term used to describe a baby raised in a gender neutral environment
D) A man that is feminine in nature

Respond with only the letter of your answer (A, B, C, or D).",D,2026-06-12T17:46:22.064838+00:00
601,4,row_000,'done,Drugs,gemini,A,,A,True,False,"In the following sentence, what does ""'done"" mean?
Do you have any of the 'done on you?

Select only one answer.
A) Methodone
B) Prolonged masturbation
C) To mastrubate for extremeely long period regularly
D) A term to discuss sexual experiences

Respond with only the letter of your answer (A, B, C, or D).",A,2026-06-12T17:46:25.267347+00:00
602,4,row_001,6-6-6,Identity,gemini,A,,A,True,False,"In the following sentence, what does ""6-6-6"" mean?
I only date a man who is a 6-6-6.

Select only one answer.
A) A rule used by some for dating that refers to someone who is six feet tall, has a 6 figure income, and has six-pack abs
B) Describes activities or situations that are sexually aggressive
C) Something that is messed up or not right.
D) Something that is better then everything else

Respond with only the letter of your answer (A, B, C, or D).",A,2026-06-12T17:46:27.905675+00:00
603,4,row_002,AF,General,gemini,B,,B,True,False,"In the following sentence, what does ""AF"" mean?
Thats cool AF!

Select only one answer.
A) bullets
B) As Fuck
C) Fuckboy, someone just looking for sex
D) To be skeptical about something

Respond with only the letter of your answer (A, B, C, or D).",B,2026-06-12T17:46:30.176114+00:00
604,4,row_003,aggy,Violence,gemini,D,,D,True,False,"In the following sentence, what does ""aggy"" mean?
Why you so aggy?

Select only one answer.
A) fake soft penises and testicles designed to give a 'male' bulge to the crotches of female-to-male transsexuals.
B) A fashionable look
C) A cigarette
D) to aggrivate

Respond with only the letter of your answer (A, B, C, or D).",D,2026-06-12T17:46:33.153933+00:00
605,4,row_004,Alpha,Identity,gemini,B,D,B,True,False,"In the following sentence, what does ""Alpha"" mean?
What an alpha chad.

Select only one answer.
A) when a reply gets more than the original post
B) A strong, leader who commands those around them
C) An emotional meltdown
D) the 1st letter of the Greek alphabet

Respond with only the letter of your answer (A, B, C, or D).",B,2026-06-12T17:46:35.772305+00:00
606,4,row_005,ant,Sexual,gemini,A,C,A,True,False,"In the following sentence, what does ""ant"" mean?
I came across a real ant at the club earlier.

Select only one answer.
A) A charismatic, sexy, and quick witted man
B) A term used to say that someone is online too much and needs to get back to real life
C) any of a family (Formicidae) of colonial hymenopterous insects with a complex social organization and various castes performing special duties
D) A chlid molestor

Respond with only the letter of your answer (A, B, C, or D).",A,2026-06-12T17:46:44.399056+00:00
607,4,row_006,archer,Identity,gemini,A,D,D,False,True,"In the following sentence, what does ""archer"" mean?
Jim was an archer with her lies.

Select only one answer.
A) A person who is very good at spotting a lie
B) A descriptor for an attractive person
C) To show off
D) a person who uses a bow and arrow

Respond with only the letter of your answer (A, B, C, or D).",D,2026-06-12T17:46:50.600494+00:00
608,4,row_007,ASL,Sexual,gemini,C,,C,True,False,"In the following sentence, what does ""ASL"" mean?
What's your ASL?

Select only one answer.
A) An unpopular opinion
B) An older person who is out of touch
C) Age Sex Location
D) fake soft penises and testicles designed to give a 'male' bulge to the crotches of female-to-male transsexuals.

Respond with only the letter of your answer (A, B, C, or D).",C,2026-06-12T17:46:53.314074+00:00
609,4,row_008,Aura Farming,Identity,gemini,C,,C,True,False,"In the following sentence, what does ""Aura Farming"" mean?
That skateboard group is trying really hard to aura farm, but its not working.

Select only one answer.
A) Friends with benefits
B) An attractive older man
C) Activities that involve cultivating ones Aura
D) intensely and openely say something true

Respond with only the letter of your answer (A, B, C, or D).",C,2026-06-12T17:46:56.514627+00:00
610,4,row_009,babygirl,Sexual,gemini,B,,B,True,False,"In the following sentence, what does ""babygirl"" mean?
Hey babygirl, whanna metup tonight?

Select only one answer.
A) An expression of disbelief
B) An endeering term used towards ones significant other
C) bullets
D) A canister of nitrous oxide

Respond with only the letter of your answer (A, B, C, or D).",B,2026-06-12T17:46:58.996802+00:00
611,4,row_010,backoff,Sexual,gemini,B,C,B,True,False,"In the following sentence, what does ""backoff"" mean?
That girl has a fat backoff!

Select only one answer.
A) To metaphorically die of laughter
B) A large ass that stands out.
C) back down
D) to recoil in distaste

Respond with only the letter of your answer (A, B, C, or D).",B,2026-06-12T17:47:01.793946+00:00
612,4,row_011,Bae,Sexual,gemini,C,,C,True,False,"In the following sentence, what does ""Bae"" mean?
She's my bae.

Select only one answer.
A) Get to the point
B) To make a jawline more defined
C) A significant other
D) You're on Your own

Respond with only the letter of your answer (A, B, C, or D).",C,2026-06-12T17:47:04.136487+00:00
613,4,row_012,bareface,Identity,gemini,C,B,C,True,False,"In the following sentence, what does ""bareface"" mean?
I saw a group of barefaces at the store this morning, so I won't be going back.

Select only one answer.
A) Something that is messed up or not right.
B) having a clear finish and no nap
C) Someone who refused to wear a mask in covid times.
D) Poorly dressed

Respond with only the letter of your answer (A, B, C, or D).",C,2026-06-12T17:47:06.929702+00:00
614,4,row_013,based,General,gemini,D,C,A,False,False,"In the following sentence, what does ""based"" mean?
That show was based.

Select only one answer.
A) An independent, strong person
B) To do somethign very well
C) having a specified type of base or basis —often used in combination
D) An unpopular opinion

Respond with only the letter of your answer (A, B, C, or D).",A,2026-06-12T17:47:12.978202+00:00
615,4,row_014,Basic,Identity,gemini,C,A,C,True,False,"In the following sentence, what does ""Basic"" mean?
Shes so basic.

Select only one answer.
A) of, relating to, or forming the base or essence : fundamental
B) Someone that is too much of a fan of something
C) Someone that is boring
D) To mastrubate for extremeely long period regularly

Respond with only the letter of your answer (A, B, C, or D).",C,2026-06-12T17:47:15.831172+00:00
616,4,row_015,bb,Sexual,gemini,A,B,A,True,False,"In the following sentence, what does ""bb"" mean?
Hey bb, lets grab some food.

Select only one answer.
A) A term for baby that people will call their significant other.
B) a shot pellet 0.18 inch in diameter for use in a shotgun cartridge
C) Used to address friends with exasperation, releif, or disbeleif.
D) Something ugly or unattractive

Respond with only the letter of your answer (A, B, C, or D).",A,2026-06-12T17:47:18.551819+00:00
617,4,row_016,Bet,General,gemini,A,B,A,True,False,"In the following sentence, what does ""Bet"" mean?
bet, lets go.

Select only one answer.
A) An affirmative agreement
B) something that is laid, staked, or pledged typically between two parties on the outcome of a contest or a contingent issue : wager —often used figuratively in such phrases as all bets are off to stress the uncertainty of an outcome
C) Nonsensical term
D) To confim that something was completed to expectation

Respond with only the letter of your answer (A, B, C, or D).",A,2026-06-12T17:47:21.218700+00:00
618,4,row_017,Beta,Identity,gemini,C,A,C,True,False,"In the following sentence, what does ""Beta"" mean?
The beta's of the world aren't gonna like that.

Select only one answer.
A) the 2nd letter of the Greek alphabet
B) Charisma
C) Someone weak or a follower
D) The videos one find on social media that cause people to scroll and do nothign for hours

Respond with only the letter of your answer (A, B, C, or D).",C,2026-06-12T17:47:23.833649+00:00
619,4,row_018,Bih,General,gemini,A,,A,True,False,"In the following sentence, what does ""Bih"" mean?
Bih, what?

Select only one answer.
A) Short for Bitch
B) Sociopath
C) drunk
D) Ending the discussion on a topic

Respond with only the letter of your answer (A, B, C, or D).",A,2026-06-12T17:47:26.247448+00:00
620,4,row_019,bine,Violence,gemini,C,B,C,True,False,"In the following sentence, what does ""bine"" mean?
Load the nine with ine and selek it.

Select only one answer.
A) Cancer
B) a twining stem or flexible shoot (as of the hop); also : a plant (such as woodbine) whose shoots are bines
C) bullets
D) sex

Respond with only the letter of your answer (A, B, C, or D).",C,2026-06-12T17:47:31.412734+00:00
621,4,row_020,blackup,Violence,gemini,D,,D,True,False,"In the following sentence, what does ""blackup"" mean?
We are outnumbered. Call for black up.

Select only one answer.
A) Something that is messed up or not right.
B) A canabis based cigarette that needs two paper rolls
C) A charismatic, sexy, and quick witted man
D) When you are outnumbered in a fight and call black people for the win

Respond with only the letter of your answer (A, B, C, or D).",D,2026-06-12T17:47:34.919194+00:00
622,4,row_021,Brain Rot,General,gemini,B,,B,True,False,"In the following sentence, what does ""Brain Rot"" mean?
Kids these days just sit around and watch brain rot.

Select only one answer.
A) A term used to say that someone is online too much and needs to get back to real life
B) The videos one find on social media that cause people to scroll and do nothign for hours
C) Activities that involve cultivating ones Aura
D) something intense, aggressive, and unfiltered

Respond with only the letter of your answer (A, B, C, or D).",B,2026-06-12T17:47:38.159468+00:00
623,4,row_022,brizzy,Drugs,gemini,C,,C,True,False,"In the following sentence, what does ""brizzy"" mean?
Quickly, grab the brizzy.

Select only one answer.
A) A commonplace person
B) Something ugly or unattractive
C) A kilo of cocaine
D) Someone that is too much of a fan of something

Respond with only the letter of your answer (A, B, C, or D).",C,2026-06-12T17:47:42.410378+00:00
624,4,row_023,broomhandle,Violence,gemini,A,,A,True,False,"In the following sentence, what does ""broomhandle"" mean?
Get your broomhandle, we gotta go.

Select only one answer.
A) A mauser C96 pistol
B) Mediocre
C) An all denim outfit
D) To focus on making one as physically attractive as possible

Respond with only the letter of your answer (A, B, C, or D).",A,2026-06-12T17:47:45.127528+00:00
625,4,row_024,bruh!,General,gemini,B,C,B,True,False,"In the following sentence, what does ""bruh!"" mean?
Bruh! What was that?

Select only one answer.
A) A cigarette
B) Used to address friends with exasperation, releif, or disbeleif.
C) brother
D) A mauser C96 pistol

Respond with only the letter of your answer (A, B, C, or D).",B,2026-06-12T17:47:48.098010+00:00
626,4,row_025,Bruzz,General,gemini,A,,A,True,False,"In the following sentence, what does ""Bruzz"" mean?
Whats up bruzz?

Select only one answer.
A) A term for friends
B) the playful act of taking a friend's food
C) To show off
D) when a reply gets more than the original post

Respond with only the letter of your answer (A, B, C, or D).",A,2026-06-12T17:47:51.017322+00:00
627,4,row_026,Bussin',General,gemini,C,,C,True,False,"In the following sentence, what does ""Bussin'"" mean?
This pizza is bussin, on god!

Select only one answer.
A) Fuckboy, someone just looking for sex
B) Mercedes Benz G class
C) Very good
D) to recoil in distaste

Respond with only the letter of your answer (A, B, C, or D).",C,2026-06-12T17:47:53.278062+00:00
628,4,row_027,Cake,Sexual,gemini,A,D,A,True,False,"In the following sentence, what does ""Cake"" mean?
Shes looking real caked up!

Select only one answer.
A) A reference for ass
B) To be honest about something
C) A hot dog
D) a breadlike food made from a dough or batter that is usually fried or baked in small flat shapes and is often unleavened

Respond with only the letter of your answer (A, B, C, or D).",A,2026-06-12T17:47:56.011037+00:00
629,4,row_028,Cap,General,gemini,D,B,D,True,False,"In the following sentence, what does ""Cap"" mean?
You're cappin. No way.

Select only one answer.
A) A significant problem
B) a head covering especially with a visor and no brim
C) Crack cocaine
D) Something untrue or unbeleivable

Respond with only the letter of your answer (A, B, C, or D).",D,2026-06-12T17:47:58.764815+00:00
630,4,row_029,Chad,Identity,gemini,B,D,B,True,False,"In the following sentence, what does ""Chad"" mean?
That was a total chad move.

Select only one answer.
A) bullets
B) A stereotypical alpha male that is strong, handsome, and attracts women.
C) A hot dog
D) small pieces of paper or cardboard produced in punching paper tape or data cards; also : a piece of chad.

Respond with only the letter of your answer (A, B, C, or D).",B,2026-06-12T17:48:01.491667+00:00
631,4,row_030,Chaddam,Identity,gemini,B,,B,True,False,"In the following sentence, what does ""Chaddam"" mean?
Did you see the chaddam at the restraunt earlier?

Select only one answer.
A) To shoot ones shot.
B) An incel term for an attractive middle eastern man
C) crazy or erratic
D) A glock pistol

Respond with only the letter of your answer (A, B, C, or D).",B,2026-06-12T17:48:05.314221+00:00
632,4,row_031,Chang,Drugs,gemini,D,,D,True,False,"In the following sentence, what does ""Chang"" mean?
Hey , you got a hookup for chang?

Select only one answer.
A) A term to support someone going through a gender change.
B) Someone that is boring
C) A near superhuman perfect male
D) cocaine

Respond with only the letter of your answer (A, B, C, or D).",D,2026-06-12T17:48:07.927532+00:00
633,4,row_032,Chat,General,gemini,A,C,A,True,False,"In the following sentence, what does ""Chat"" mean?
Chat, how does this look?

Select only one answer.
A) To refer to ones imaginary audience like an internet steamer
B) An emotional meltdown
C) chatter, prattle
D) A canister of nitrous oxide

Respond with only the letter of your answer (A, B, C, or D).",A,2026-06-12T17:48:11.088894+00:00
634,4,row_033,Cheeks,General,gemini,B,A,B,True,False,"In the following sentence, what does ""Cheeks"" mean?
That movie was cheeks.

Select only one answer.
A) the fleshy side of the face below the eye and above and to the side of the mouth
B) Somehting that is poor quality
C) A cigarette
D) Someone that is too left leaning politically

Respond with only the letter of your answer (A, B, C, or D).",B,2026-06-12T17:48:13.810877+00:00
635,4,row_034,chenta,Insult,gemini,A,,A,True,False,"In the following sentence, what does ""chenta"" mean?
You are looking really chenta.

Select only one answer.
A) Something ugly or unattractive
B) To knock someone out
C) Something untrue or unbeleivable
D) Somehting that is poor quality

Respond with only the letter of your answer (A, B, C, or D).",A,2026-06-12T17:48:25.355247+00:00
636,4,row_035,cheugy,Insult,gemini,B,,B,True,False,"In the following sentence, what does ""cheugy"" mean?
That girl had such a cheugy outfit.

Select only one answer.
A) You're on Your own
B) Somehting uncool or unfashionable
C) When something hidden gets called out
D) something intense, aggressive, and unfiltered

Respond with only the letter of your answer (A, B, C, or D).",B,2026-06-12T17:48:28.638574+00:00
637,4,row_036,chi-mo,Identity,gemini,B,,B,True,False,"In the following sentence, what does ""chi-mo"" mean?
Go fuck that chi-mo up.

Select only one answer.
A) An unpopular opinion
B) A chlid molestor
C) Mercedes Benz G class
D) Friends with benefits

Respond with only the letter of your answer (A, B, C, or D).",B,2026-06-12T17:48:31.258313+00:00
638,4,row_037,Chungus,General,gemini,D,,D,True,False,"In the following sentence, what does ""Chungus"" mean?
Thats a very chungus pizza.

Select only one answer.
A) Someone that is too left leaning politically
B) Throwing something
C) To be fierce and unapologetic withing a social situation
D) Something that is adorably and chunky

Respond with only the letter of your answer (A, B, C, or D).",D,2026-06-12T17:48:34.538098+00:00
639,4,row_038,Clocked,Violence,gemini,A,D,A,True,False,"In the following sentence, what does ""Clocked"" mean?
He totally clocked that guy.

Select only one answer.
A) When something hidden gets called out
B) An unpopular opinion
C) Someone who is the last person to leave a location and the first to come back in the morning
D) to time with a stopwatch or by an electric timing device

Respond with only the letter of your answer (A, B, C, or D).",A,2026-06-12T17:48:40.821638+00:00
640,4,row_039,Cooked,General,gemini,B,D,B,True,False,"In the following sentence, what does ""Cooked"" mean?
You're cooked

Select only one answer.
A) A canabis based cigarette that needs two paper rolls
B) Done or ruined
C) Someone that is boring
D) past tense and past participle of cook

Respond with only the letter of your answer (A, B, C, or D).",B,2026-06-12T17:48:43.444875+00:00
641,4,row_040,coota suit,Identity,gemini,D,,D,True,False,"In the following sentence, what does ""coota suit"" mean?
Im gonna hit the town in my coota suit.

Select only one answer.
A) To express disbelief
B) A significant other
C) To keep secretive or obscure
D) An all denim outfit

Respond with only the letter of your answer (A, B, C, or D).",D,2026-06-12T17:48:46.144096+00:00
642,4,row_041,Crashout,General,gemini,B,C,B,True,False,"In the following sentence, what does ""Crashout"" mean?
Jen had a total crashout after her breakup

Select only one answer.
A) Talking too much
B) An emotional meltdown
C) a vehicular crash
D) A sudden feeling of disguest or repultion towards someone.

Respond with only the letter of your answer (A, B, C, or D).",B,2026-06-12T17:48:49.319855+00:00
643,4,row_042,Cringe,General,gemini,B,,B,True,False,"In the following sentence, what does ""Cringe"" mean?
Did you hear that pickup line? It was totally cringe!

Select only one answer.
A) A nicotine pouch held between the upper lip and gums
B) to recoil in distaste
C) A person who is very good at spotting a lie
D) An independent, strong person

Respond with only the letter of your answer (A, B, C, or D).",B,2026-06-12T17:48:52.590988+00:00
644,4,row_043,crower,Insult,gemini,C,,C,True,False,"In the following sentence, what does ""crower"" mean?
Stop sitting around and being a crower

Select only one answer.
A) An emotional meltdown
B) To be fierce and unapologetic withing a social situation
C) Someone who sitts around commenting about others
D) Describes activities or situations that are sexually aggressive

Respond with only the letter of your answer (A, B, C, or D).",C,2026-06-12T17:48:57.131705+00:00
645,4,row_044,cuck,Insult,gemini,B,C,C,False,True,"In the following sentence, what does ""cuck"" mean?
That guy must be a cuck letting his wife talk to others like that.

Select only one answer.
A) Someone that is too left leaning politically
B) A term for someone that enjoys watching their wife have sex with another man
C) a man whose wife is unfaithful : cuckold
D) A fool or a prick

Respond with only the letter of your answer (A, B, C, or D).",C,2026-06-12T17:49:01.669060+00:00
646,4,row_045,d-low,General,gemini,D,,D,True,False,"In the following sentence, what does ""d-low"" mean?
Keep it on the d-low, okay?

Select only one answer.
A) A stereotypical alpha male that is strong, handsome, and attracts women.
B) Very good
C) A term to support someone going through a gender change.
D) To keep secretive or obscure

Respond with only the letter of your answer (A, B, C, or D).",D,2026-06-12T17:49:04.289975+00:00
647,4,row_046,daggers,General,gemini,D,C,D,True,False,"In the following sentence, what does ""daggers"" mean?
Lets hit the dance floor and do the start daggering.

Select only one answer.
A) Prolonged masturbation
B) a bad charisma
C) a sharp pointed knife for stabbing
D) A provocative dance

Respond with only the letter of your answer (A, B, C, or D).",D,2026-06-12T17:49:06.825777+00:00
648,4,row_047,Ded,General,gemini,D,,D,True,False,"In the following sentence, what does ""Ded"" mean?
I'm ded

Select only one answer.
A) Fashionable or stylish
B) Someone who prepares for doomsday scenarios
C) To mastrubate for extremeely long period regularly
D) To metaphorically die of laughter

Respond with only the letter of your answer (A, B, C, or D).",D,2026-06-12T17:49:09.532984+00:00
649,4,row_048,Delulu,General,gemini,B,,B,True,False,"In the following sentence, what does ""Delulu"" mean?
I'm feeling delulu after that show.

Select only one answer.
A) Something that is messed up or not right.
B) Delusional
C) A sexual relationship developed from situations without clear future intentions
D) An incel term for an attractive middle eastern man

Respond with only the letter of your answer (A, B, C, or D).",B,2026-06-12T17:49:12.473532+00:00
650,4,row_049,Dog water,Insult,gemini,B,,B,True,False,"In the following sentence, what does ""Dog water"" mean?
You are playing like dog water.

Select only one answer.
A) a bad charisma
B) Something low quality or bad
C) Men that lack masculine characteristics
D) You're on Your own

Respond with only the letter of your answer (A, B, C, or D).",B,2026-06-12T17:49:15.297263+00:00
651,4,row_050,doommaxxing,Identity,gemini,A,,A,True,False,"In the following sentence, what does ""doommaxxing"" mean?
I'm just gonna be doommaxxing all weekend.

Select only one answer.
A) The abandonment of responsibilities
B) Something that is messed up or not right.
C) To stab or shoot
D) Friends with benefits

Respond with only the letter of your answer (A, B, C, or D).",A,2026-06-12T17:49:21.068607+00:00
652,4,row_051,Dope,General,gemini,D,A,D,True,False,"In the following sentence, what does ""Dope"" mean?
That car is dope.

Select only one answer.
A) a stupid person
B) To be honest about something
C) An affirmative agreement
D) Cool

Respond with only the letter of your answer (A, B, C, or D).",D,2026-06-12T17:49:23.740828+00:00
653,4,row_052,Drip,Identity,gemini,B,D,C,False,False,"In the following sentence, what does ""Drip"" mean?
How is the drip?

Select only one answer.
A) To be fierce and unapologetic withing a social situation
B) Stylish or flashy outfit style
C) A fashionable look
D) to let fall in drops

Respond with only the letter of your answer (A, B, C, or D).",C,2026-06-12T17:49:31.102252+00:00
654,4,row_053,DTF,Sexual,gemini,C,,C,True,False,"In the following sentence, what does ""DTF"" mean?
She was totally DTF after the first date.

Select only one answer.
A) An affirmative agreement
B) Epileptic fit from a synthetic canabis
C) Down to fuck
D) Cool

Respond with only the letter of your answer (A, B, C, or D).",C,2026-06-12T17:49:33.528960+00:00
655,4,row_054,dubs,General,gemini,A,B,A,True,False,"In the following sentence, what does ""dubs"" mean?
Take home the dubs!

Select only one answer.
A) To win
B) to add (sound effects or new dialogue) to a film or to a radio or television production —usually used with in
C) Done or ruined
D) someone that looks ordinary but is actually very strong

Respond with only the letter of your answer (A, B, C, or D).",A,2026-06-12T17:49:36.289494+00:00
656,4,row_055,epi,General,gemini,A,,A,True,False,"In the following sentence, what does ""epi"" mean?
Watch out, hes going through an epi.

Select only one answer.
A) Epileptic fit from a synthetic canabis
B) A term for bringing someone over to watch some netflix and then have sex.
C) A large ass that stands out.
D) Someone who is trying to get sexual attention overtly

Respond with only the letter of your answer (A, B, C, or D).",A,2026-06-12T17:49:39.603561+00:00
657,4,row_056,F,General,gemini,A,D,A,True,False,"In the following sentence, what does ""F"" mean?
I almost had that one. F.

Select only one answer.
A) To give sympathy or signify a failure
B) Something suspicious
C) Someone who deliberatly acts in ways to annoy or anger a group of people online.
D) the 6th letter of the English alphabet

Respond with only the letter of your answer (A, B, C, or D).",A,2026-06-12T17:49:42.161944+00:00
658,4,row_057,Fanum Tax,General,gemini,D,,D,True,False,"In the following sentence, what does ""Fanum Tax"" mean?
I was at dinner with my girl and she fanum taxed me.

Select only one answer.
A) Used to mock someone who doesnt think for themselves, says things repeatedly, or has no opinions
B) A term for someone that enjoys watching their wife have sex with another man
C) To mastrubate for extremeely long period regularly
D) the playful act of taking a friend's food

Respond with only the letter of your answer (A, B, C, or D).",D,2026-06-12T17:49:44.804607+00:00
659,4,row_058,FBOI,Sexual,gemini,C,,C,True,False,"In the following sentence, what does ""FBOI"" mean?
She just needs a FBOI to gegt out of her slump.

Select only one answer.
A) A reaction to something uncomfortable
B) Main Character - Someone that acts as if they are the star of a story
C) Fuckboy, someone just looking for sex
D) A fool or a prick

Respond with only the letter of your answer (A, B, C, or D).",C,2026-06-12T17:49:47.721772+00:00
660,4,row_059,Fire,General,gemini,D,B,D,True,False,"In the following sentence, what does ""Fire"" mean?
That game war fire!

Select only one answer.
A) when a reply gets more than the original post
B) the phenomenon of combustion manifested in light, flame, and heat
C) To manipulated, trick, or fool someone
D) Something really good

Respond with only the letter of your answer (A, B, C, or D).",D,2026-06-12T17:49:50.051102+00:00
661,4,row_060,Flex,General,gemini,D,C,D,True,False,"In the following sentence, what does ""Flex"" mean?
Vinny with the car flex.

Select only one answer.
A) A term for someone that enjoys watching their wife have sex with another man
B) Money
C) to bend especially repeatedly
D) To show off

Respond with only the letter of your answer (A, B, C, or D).",D,2026-06-12T17:49:52.703032+00:00
662,4,row_061,foid,Insult,gemini,B,,B,True,False,"In the following sentence, what does ""foid"" mean?
Their was this group of foids at the store earlier, I couldn't satnd them!

Select only one answer.
A) Somehting that is poor quality
B) A term used by incels to refer to women in a way that dehumanizes them.
C) Cancer
D) Weak or effeminate

Respond with only the letter of your answer (A, B, C, or D).",B,2026-06-12T17:49:55.551908+00:00
663,4,row_062,Fuckboy,Sexual,gemini,B,,B,True,False,"In the following sentence, what does ""Fuckboy"" mean?
That guy gave off total fuckboy energy.

Select only one answer.
A) Someone who prepares for doomsday scenarios
B) Fuckboy, someone just looking for sex
C) A criminal that turned their life arpound and are legitimate
D) To metaphorically die of laughter

Respond with only the letter of your answer (A, B, C, or D).",B,2026-06-12T17:49:58.163974+00:00
664,4,row_063,fuckwhistle,Insult,gemini,D,,D,True,False,"In the following sentence, what does ""fuckwhistle"" mean?
Get out of here you fuckwhistle!

Select only one answer.
A) To refer to ones imaginary audience like an internet steamer
B) Mercedes Benz G class
C) An unattractive girl
D) An insulting term to refer to someone as stupid

Respond with only the letter of your answer (A, B, C, or D).",D,2026-06-12T17:50:00.696649+00:00
665,4,row_064,Full send,General,gemini,D,,D,True,False,"In the following sentence, what does ""Full send"" mean?
I'm about to full send on this test!

Select only one answer.
A) bullets
B) Age Sex Location
C) Friends with benefits
D) Go in 100% on something

Respond with only the letter of your answer (A, B, C, or D).",D,2026-06-12T17:50:03.179492+00:00
666,4,row_065,FWB,Sexual,gemini,A,,A,True,False,"In the following sentence, what does ""FWB"" mean?
Yea, we started a FWB sort of thing.

Select only one answer.
A) Friends with benefits
B) A distinct trait, style, or outfit, often used in drag culture
C) Someone younger
D) Something ugly or unattractive

Respond with only the letter of your answer (A, B, C, or D).",A,2026-06-12T17:50:05.630030+00:00
667,4,row_066,G-wagon,General,gemini,D,,D,True,False,"In the following sentence, what does ""G-wagon"" mean?
Yo, check out that g-wagon!

Select only one answer.
A) An endeering term used towards ones significant other
B) Someone that travels abroad with the sole purpose of having sex
C) A term used to describe a baby raised in a gender neutral environment
D) Mercedes Benz G class

Respond with only the letter of your answer (A, B, C, or D).",D,2026-06-12T17:50:08.094405+00:00
668,4,row_067,gabadost,Identity,gemini,C,,C,True,False,"In the following sentence, what does ""gabadost"" mean?
Did you even listen to me? Gabadost!

Select only one answer.
A) A term for someone that enjoys watching their wife have sex with another man
B) Men that lack masculine characteristics
C) Someone who is very stubborn
D) A submissive male that is often outside of traditional social hierarchies

Respond with only the letter of your answer (A, B, C, or D).",C,2026-06-12T17:50:11.746462+00:00
669,4,row_068,Giga Chad,Identity,gemini,C,,C,True,False,"In the following sentence, what does ""Giga Chad"" mean?
Did you see how he lifted that? What a giga chad.

Select only one answer.
A) Someone weak or a follower
B) A distinct trait, style, or outfit, often used in drag culture
C) A near superhuman perfect male
D) To manipulated, trick, or fool someone

Respond with only the letter of your answer (A, B, C, or D).",C,2026-06-12T17:50:14.601521+00:00
670,4,row_069,Glazing,Insult,gemini,D,B,D,True,False,"In the following sentence, what does ""Glazing"" mean?
Stop glazing over One Piece, its not that good.

Select only one answer.
A) Someone that tries really hard to impress their crush
B) the action, process, or trade of fitting windows with glass
C) A hot dog
D) Someone that is too much of a fan of something

Respond with only the letter of your answer (A, B, C, or D).",D,2026-06-12T17:50:17.915938+00:00
671,4,row_070,Glee,Violence,gemini,B,A,B,True,False,"In the following sentence, what does ""Glee"" mean?
Grab your glee and get outta here!

Select only one answer.
A) exultant high-spirited joy : merriment
B) A glock pistol
C) An endeering term used towards ones significant other
D) an expression of surprise

Respond with only the letter of your answer (A, B, C, or D).",B,2026-06-12T17:50:22.840160+00:00
672,4,row_071,glitter,Identity,gemini,C,B,B,False,True,"In the following sentence, what does ""glitter"" mean?
Go out htere and glittter!

Select only one answer.
A) A dance move
B) to shine by reflection with many small flashes of brilliant light : sparkle
C) A term to support someone going through a gender change.
D) Someone who is the last person to leave a location and the first to come back in the morning

Respond with only the letter of your answer (A, B, C, or D).",B,2026-06-12T17:50:25.905611+00:00
673,4,row_072,glizzy,General,gemini,A,,A,True,False,"In the following sentence, what does ""glizzy"" mean?
Hey, lets grab some costco glizzys before we go.

Select only one answer.
A) A hot dog
B) A term to discuss sexual experiences
C) A term for friends
D) A submissive male that is often outside of traditional social hierarchies

Respond with only the letter of your answer (A, B, C, or D).",A,2026-06-12T17:50:28.701389+00:00
674,4,row_073,Goated,General,gemini,A,,A,True,False,"In the following sentence, what does ""Goated"" mean?
That play was goated

Select only one answer.
A) The greatest of all time
B) Friends with benefits
C) Something low quality or bad
D) A fashionable look

Respond with only the letter of your answer (A, B, C, or D).",A,2026-06-12T17:50:31.203168+00:00
675,4,row_074,Gooning,Sexual,gemini,A,,A,True,False,"In the following sentence, what does ""Gooning"" mean?
He looks like he was gooning all break

Select only one answer.
A) Prolonged masturbation
B) To express disappointment dramatically
C) Something that is adorably and chunky
D) a bad charisma

Respond with only the letter of your answer (A, B, C, or D).",A,2026-06-12T17:50:34.360274+00:00
676,4,row_075,goonmaxxing,Identity,gemini,A,,A,True,False,"In the following sentence, what does ""goonmaxxing"" mean?
He's been spending all summer goonmaxxing in his room

Select only one answer.
A) To mastrubate for extremeely long period regularly
B) A term of endearment for a significant other
C) a significant other
D) Someone who acts tries to act entertaining and amuzingly relentlessly

Respond with only the letter of your answer (A, B, C, or D).",A,2026-06-12T17:50:37.310716+00:00
677,4,row_076,gouda,General,gemini,B,D,B,True,False,"In the following sentence, what does ""gouda"" mean?
Stop being so gouda.

Select only one answer.
A) To be high or drunk
B) Someone unappealing
C) To tie up an arm to isolate a vein for injecting a drug
D) a mild cheese of Dutch origin that is similar to Edam but contains more fat

Respond with only the letter of your answer (A, B, C, or D).",B,2026-06-12T17:50:52.450326+00:00
678,4,row_077,greazy,Insult,gemini,C,,C,True,False,"In the following sentence, what does ""greazy"" mean?
You lookin greazy today.

Select only one answer.
A) Used to mock someone who doesnt think for themselves, says things repeatedly, or has no opinions
B) Irritated, bitter, or resentful
C) Poorly dressed
D) Men that lack masculine characteristics

Respond with only the letter of your answer (A, B, C, or D).",C,2026-06-12T17:51:01.060596+00:00
679,4,row_078,Griddy,General,gemini,C,,C,True,False,"In the following sentence, what does ""Griddy"" mean?
Hit the griddy!

Select only one answer.
A) Saying something secretive or to keep low profile
B) A significant other
C) A dance move
D) An unattractive girl

Respond with only the letter of your answer (A, B, C, or D).",C,2026-06-12T17:51:03.304138+00:00
680,4,row_079,grips up,Violence,gemini,A,,A,True,False,"In the following sentence, what does ""grips up"" mean?
grips up, we gotta head out.

Select only one answer.
A) To prepare for a fight
B) Someone who sitts around commenting about others
C) An incel term for an attractive middle eastern man
D) The greatest of all time

Respond with only the letter of your answer (A, B, C, or D).",A,2026-06-12T17:51:08.881346+00:00
681,4,row_080,Gyatt,General,gemini,C,,C,True,False,"In the following sentence, what does ""Gyatt"" mean?
Oh, my gyatt, I really wanna see you.

Select only one answer.
A) Short for Bitch
B) Gossip
C) an expression of surprise
D) Talking too much

Respond with only the letter of your answer (A, B, C, or D).",C,2026-06-12T17:51:11.821847+00:00
682,4,row_081,haps,General,gemini,C,,C,True,False,"In the following sentence, what does ""haps"" mean?
haps tonight?

Select only one answer.
A) Cancer
B) A submissive male that is often outside of traditional social hierarchies
C) Short for happening
D) Charisma

Respond with only the letter of your answer (A, B, C, or D).",C,2026-06-12T17:51:14.316299+00:00
683,4,row_082,hem up,General,gemini,D,,D,True,False,"In the following sentence, what does ""hem up"" mean?
Bro, don't hem up.

Select only one answer.
A) To tie up an arm to isolate a vein for injecting a drug
B) Used to mock someone who doesnt think for themselves, says things repeatedly, or has no opinions
C) The videos one find on social media that cause people to scroll and do nothign for hours
D) To get arrested

Respond with only the letter of your answer (A, B, C, or D).",D,2026-06-12T17:51:17.386010+00:00
684,4,row_083,highkey,General,gemini,D,A,D,True,False,"In the following sentence, what does ""highkey"" mean?
Highkey, this place is great!

Select only one answer.
A) having or producing light tones only with little contrast —used of a photographic print or subject or of the lighting of a photographic subject
B) a bad charisma
C) when a reply gets more than the original post
D) intensely and openely say something true

Respond with only the letter of your answer (A, B, C, or D).",D,2026-06-12T17:51:20.669360+00:00
685,4,row_084,Hits different,General,gemini,A,,A,True,False,"In the following sentence, what does ""Hits different"" mean?
This hot dog hits different.

Select only one answer.
A) Something very good
B) crazy or erratic
C) A charismatic, sexy, and quick witted man
D) Friends with benefits

Respond with only the letter of your answer (A, B, C, or D).",A,2026-06-12T17:51:23.305588+00:00
686,4,row_085,Ick,Insult,gemini,B,,B,True,False,"In the following sentence, what does ""Ick"" mean?
His hairdue gave me the ick.

Select only one answer.
A) To express excitement or approval for something
B) A sudden feeling of disguest or repultion towards someone.
C) To give sympathy or signify a failure
D) The anus

Respond with only the letter of your answer (A, B, C, or D).",B,2026-06-12T17:51:26.049154+00:00
687,4,row_086,IJBOL,General,gemini,C,,C,True,False,"In the following sentence, what does ""IJBOL"" mean?
That was aso funny. IJBOL!

Select only one answer.
A) A descriptor for an attractive person
B) Acting crazily
C) I just burst out laughing
D) Used to refer to the social media platforms one uses

Respond with only the letter of your answer (A, B, C, or D).",C,2026-06-12T17:51:28.727155+00:00
688,4,row_087,Ipad Kid,General,gemini,B,,B,True,False,"In the following sentence, what does ""Ipad Kid"" mean?
They are just a bunch of Ipad kids.

Select only one answer.
A) Ironically used to describe one as unique
B) used to mock spoiled kids
C) Fuckboy, someone just looking for sex
D) Age Sex Location

Respond with only the letter of your answer (A, B, C, or D).",B,2026-06-12T17:51:32.027808+00:00
689,4,row_088,Jebaited,General,gemini,B,,B,True,False,"In the following sentence, what does ""Jebaited"" mean?
Get jebaited!

Select only one answer.
A) To mastrubate for extremeely long period regularly
B) To manipulated, trick, or fool someone
C) Someone that is boring
D) A man that takes care of children

Respond with only the letter of your answer (A, B, C, or D).",B,2026-06-12T17:51:34.994817+00:00
690,4,row_089,jestermaxxing,Identity,gemini,C,,C,True,False,"In the following sentence, what does ""jestermaxxing"" mean?
Tommy's jestermaxxing in class just to annoy the teacher.

Select only one answer.
A) A term used to describe a baby raised in a gender neutral environment
B) I just burst out laughing
C) Someone who acts tries to act entertaining and amuzingly relentlessly
D) The vagina

Respond with only the letter of your answer (A, B, C, or D).",C,2026-06-12T17:51:37.555765+00:00
691,4,row_090,Jit,Insult,gemini,D,,D,True,False,"In the following sentence, what does ""Jit"" mean?
Who is this jit?

Select only one answer.
A) Something untrue or unbeleivable
B) Something that appears mundane but has hidden potential
C) An unpopular opinion
D) Someone younger

Respond with only the letter of your answer (A, B, C, or D).",D,2026-06-12T17:51:40.158561+00:00
692,4,row_091,K.Y. cowboy,Insult,gemini,B,,B,True,False,"In the following sentence, what does ""K.Y. cowboy"" mean?
Stop being such a K.Y. cowboy.

Select only one answer.
A) A term used to describe a baby raised in a gender neutral environment
B) A homosexual cowboy
C) Used to address friends with exasperation, releif, or disbeleif.
D) Somehting uncool or unfashionable

Respond with only the letter of your answer (A, B, C, or D).",B,2026-06-12T17:51:45.245125+00:00
693,4,row_092,keep it 100,General,gemini,C,,C,True,False,"In the following sentence, what does ""keep it 100"" mean?
Keep it 100, dod you see her last night?

Select only one answer.
A) Something really good
B) sweet talk
C) To be honest about something
D) A loss or failure

Respond with only the letter of your answer (A, B, C, or D).",C,2026-06-12T17:51:47.869767+00:00
694,4,row_093,KHHV,Insult,gemini,A,,A,True,False,"In the following sentence, what does ""KHHV"" mean?
Looks like a total KHHV.

Select only one answer.
A) An incel term meaning kissless, hugless, handholdless virgin
B) To win
C) Men that lack masculine characteristics
D) To be skeptical about something

Respond with only the letter of your answer (A, B, C, or D).",A,2026-06-12T17:51:50.265531+00:00
695,4,row_094,knot off,Drugs,gemini,C,,C,True,False,"In the following sentence, what does ""knot off"" mean?
Get ready to knot off, I have the H.

Select only one answer.
A) To show off
B) An independent, strong person
C) To tie up an arm to isolate a vein for injecting a drug
D) Sociopath

Respond with only the letter of your answer (A, B, C, or D).",C,2026-06-12T17:51:52.916030+00:00
696,4,row_095,kweff,Violence,gemini,A,,A,True,False,"In the following sentence, what does ""kweff"" mean?
Lock, aim, and kweff.

Select only one answer.
A) To stab or shoot
B) An emotional meltdown
C) A term used by incels to refer to women in a way that dehumanizes them.
D) A dance move

Respond with only the letter of your answer (A, B, C, or D).",A,2026-06-12T17:51:56.306141+00:00
697,4,row_096,L,General,gemini,C,D,C,True,False,"In the following sentence, what does ""L"" mean?
We took the L at the basketball match.

Select only one answer.
A) An independent, strong person
B) To express excitement or approval for something
C) A loss or failure
D) the 12th letter of the English alphabet

Respond with only the letter of your answer (A, B, C, or D).",C,2026-06-12T17:51:59.032043+00:00
698,4,row_097,lacag,General,gemini,B,,B,True,False,"In the following sentence, what does ""lacag"" mean?
I'll be out making lacag.

Select only one answer.
A) Someone who sitts around commenting about others
B) Money
C) A man that takes care of children
D) Used to address friends with exasperation, releif, or disbeleif.

Respond with only the letter of your answer (A, B, C, or D).",B,2026-06-12T17:52:01.321623+00:00
699,4,row_098,larp,General,gemini,B,,B,True,False,"In the following sentence, what does ""larp"" mean?
I went to a LARP at the park this weekend.

Select only one answer.
A) A fashionable look
B) a live-action role-playing game in which a group of people enacts a fictional scenario (such as a fantasy adventure) in real time typically under the guidance of a facilitator or organizer; also : the activity of participating in such games : larping
C) Someone who is the last person to leave a location and the first to come back in the morning
D) An affirmative agreement

Respond with only the letter of your answer (A, B, C, or D).",B,2026-06-12T17:52:03.727729+00:00
700,4,row_099,lewk,General,gemini,A,,A,True,False,"In the following sentence, what does ""lewk"" mean?
Jim is using his signature lewk tonight.

Select only one answer.
A) A distinct trait, style, or outfit, often used in drag culture
B) Someone unappealing
C) An expression of disappointment
D) The abandonment of responsibilities

Respond with only the letter of your answer (A, B, C, or D).",A,2026-06-12T17:52:06.388596+00:00
701,4,row_100,lidge,General,gemini,D,,D,True,False,"In the following sentence, what does ""lidge"" mean?
I'm gettin money lidge.

Select only one answer.
A) Someone that travels abroad with the sole purpose of having sex
B) A strong, leader who commands those around them
C) sex
D) A criminal that turned their life arpound and are legitimate

Respond with only the letter of your answer (A, B, C, or D).",D,2026-06-12T17:52:09.457929+00:00
702,4,row_101,lifemaxxing,Identity,gemini,D,,D,True,False,"In the following sentence, what does ""lifemaxxing"" mean?
Shes's reallly been trying to lifemax these past few months.

Select only one answer.
A) To refer to ones imaginary audience like an internet steamer
B) Fashionable or stylish
C) Something that is adorably and chunky
D) To make lifestyle changes to make your life more holistic

Respond with only the letter of your answer (A, B, C, or D).",D,2026-06-12T17:52:12.559974+00:00
703,4,row_102,looksmaxxing,Identity,gemini,B,,B,True,False,"In the following sentence, what does ""looksmaxxing"" mean?
The looksmaxxing community

Select only one answer.
A) A cigarette
B) To focus on making one as physically attractive as possible
C) A stereotypical alpha male that is strong, handsome, and attracts women.
D) A dance move

Respond with only the letter of your answer (A, B, C, or D).",B,2026-06-12T17:52:16.179044+00:00
704,4,row_103,lotion,General,gemini,A,D,A,True,False,"In the following sentence, what does ""lotion"" mean?
Lemme go lotion her up for you.

Select only one answer.
A) sweet talk
B) To knock someone out
C) Someone who deliberatly acts in ways to annoy or anger a group of people online.
D) a liquid preparation for cosmetic or external medicinal use

Respond with only the letter of your answer (A, B, C, or D).",A,2026-06-12T17:52:20.814614+00:00
705,4,row_104,Low Key,General,gemini,A,B,A,True,False,"In the following sentence, what does ""Low Key"" mean?
Low key, I want some ice cream.

Select only one answer.
A) Saying something secretive or to keep low profile
B) having or producing dark tones only with little contrast
C) Something really good
D) Something that appears mundane but has hidden potential

Respond with only the letter of your answer (A, B, C, or D).",A,2026-06-12T17:52:23.587630+00:00
706,4,row_105,main character,General,gemini,D,,D,True,False,"In the following sentence, what does ""main character"" mean?
You give off main character energy.

Select only one answer.
A) Fuckboy, someone just looking for sex
B) intensely and openely say something true
C) Someone who is the last person to leave a location and the first to come back in the morning
D) Main Character - Someone that acts as if they are the star of a story

Respond with only the letter of your answer (A, B, C, or D).",D,2026-06-12T17:52:26.065226+00:00
707,4,row_106,manny,Insult,gemini,B,,B,True,False,"In the following sentence, what does ""manny"" mean?
Look at the guy, he's just a manny.

Select only one answer.
A) Delusional
B) A man that takes care of children
C) A term for friends
D) A chlid molestor

Respond with only the letter of your answer (A, B, C, or D).",B,2026-06-12T17:52:28.367840+00:00
708,4,row_107,mascara,Sexual,gemini,C,A,C,True,False,"In the following sentence, what does ""mascara"" mean?
I lost my mascara for 5 years, but then I found it again, and I love it even more now.

Select only one answer.
A) a cosmetic especially for making the eyelashes darker and more prominent
B) A provocative dance
C) A term to discuss sexual experiences
D) To metaphorically die of laughter

Respond with only the letter of your answer (A, B, C, or D).",C,2026-06-12T17:52:45.858958+00:00
709,4,row_108,Mewing,Identity,gemini,C,D,C,True,False,"In the following sentence, what does ""Mewing"" mean?
You've gotta start mewing to increase your status in society.

Select only one answer.
A) A sexual relationship developed from situations without clear future intentions
B) Saying something secretive or to keep low profile
C) To make a jawline more defined
D) to utter a mew or similar sound

Respond with only the letter of your answer (A, B, C, or D).",C,2026-06-12T17:52:49.136076+00:00
710,4,row_109,Mid,General,gemini,C,,C,True,False,"In the following sentence, what does ""Mid"" mean?
That was a mid burger.

Select only one answer.
A) Cool
B) Used to address friends with exasperation, releif, or disbeleif.
C) Mediocre
D) To express disbelief

Respond with only the letter of your answer (A, B, C, or D).",C,2026-06-12T17:52:51.587054+00:00
711,4,row_110,minghiun,Insult,gemini,D,,D,True,False,"In the following sentence, what does ""minghiun"" mean?
Stop being a minghiun.

Select only one answer.
A) A hot dog
B) A reference for ass
C) A commonplace person
D) A fool or a prick

Respond with only the letter of your answer (A, B, C, or D).",D,2026-06-12T17:52:54.898948+00:00
712,4,row_111,nang,Drugs,gemini,B,,B,True,False,"In the following sentence, what does ""nang"" mean?
Dude, grab the nang, I wanna feel free.

Select only one answer.
A) Done or ruined
B) A canister of nitrous oxide
C) A term for friends
D) Fuckboy, someone just looking for sex

Respond with only the letter of your answer (A, B, C, or D).",B,2026-06-12T17:52:58.123359+00:00
713,4,row_112,Negative Aura,Insult,gemini,C,,C,True,False,"In the following sentence, what does ""Negative Aura"" mean?
She's giving off negative aura.

Select only one answer.
A) Cancer
B) The videos one find on social media that cause people to scroll and do nothign for hours
C) a bad charisma
D) To stab or shoot

Respond with only the letter of your answer (A, B, C, or D).",C,2026-06-12T17:53:01.356140+00:00
714,4,row_113,Netflix and Chill,Sexual,gemini,B,,B,True,False,"In the following sentence, what does ""Netflix and Chill"" mean?
Wanna come back to my place and Netflix and Chill?

Select only one answer.
A) Saying something secretive or to keep low profile
B) A term for bringing someone over to watch some netflix and then have sex.
C) A man that is feminine in nature
D) To keep secretive or obscure

Respond with only the letter of your answer (A, B, C, or D).",B,2026-06-12T17:53:03.940735+00:00
715,4,row_114,next-level,General,gemini,C,,C,True,False,"In the following sentence, what does ""next-level"" mean?
That movie was next level!

Select only one answer.
A) A term for someone that enjoys watching their wife have sex with another man
B) To be fierce and unapologetic withing a social situation
C) Something that is better then everything else
D) You're on Your own

Respond with only the letter of your answer (A, B, C, or D).",C,2026-06-12T17:53:06.775596+00:00
716,4,row_115,NPC,Insult,gemini,C,A,C,True,False,"In the following sentence, what does ""NPC"" mean?
Stop being such an NPC.

Select only one answer.
A) a character in a video game that does not represent and cannot be manipulated by a player —called also non-player character
B) A kilo of cocaine
C) Used to mock someone who doesnt think for themselves, says things repeatedly, or has no opinions
D) A sexual relationship developed from situations without clear future intentions

Respond with only the letter of your answer (A, B, C, or D).",C,2026-06-12T17:53:09.836716+00:00
717,4,row_116,Omega,Identity,gemini,C,D,C,True,False,"In the following sentence, what does ""Omega"" mean?
Those were some real omega moves right there.

Select only one answer.
A) To give sympathy or signify a failure
B) To knock someone out
C) A submissive male that is often outside of traditional social hierarchies
D) the 24th and last letter of the Greek alphabet

Respond with only the letter of your answer (A, B, C, or D).",C,2026-06-12T17:53:13.569830+00:00
718,4,row_117,on the regs,General,gemini,D,,D,True,False,"In the following sentence, what does ""on the regs"" mean?
I stop by the coffee shop on the regs.

Select only one answer.
A) An endeering term used towards ones significant other
B) Someone weak or a follower
C) A canabis based cigarette that needs two paper rolls
D) Something done regularly

Respond with only the letter of your answer (A, B, C, or D).",D,2026-06-12T17:53:15.951011+00:00
719,4,row_118,oof,General,gemini,A,,A,True,False,"In the following sentence, what does ""oof"" mean?
Oof, that was rough.

Select only one answer.
A) A reaction to something uncomfortable
B) An unattractive girl
C) Saying something secretive or to keep low profile
D) A commonplace person

Respond with only the letter of your answer (A, B, C, or D).",A,2026-06-12T17:53:19.619232+00:00
720,4,row_119,ooga-booga,Sexual,gemini,B,,B,True,False,"In the following sentence, what does ""ooga-booga"" mean?
Me want ooga-booga!

Select only one answer.
A) To do something impressive
B) The vagina
C) Men that lack masculine characteristics
D) To manipulated, trick, or fool someone

Respond with only the letter of your answer (A, B, C, or D).",B,2026-06-12T17:53:24.533391+00:00
721,4,row_120,Orange Crush,Drugs,gemini,B,,B,True,False,"In the following sentence, what does ""Orange Crush"" mean?
ets grab some of that orange crush tonight!

Select only one answer.
A) An affirmative agreement
B) A type of marijuana
C) A sexual relationship developed from situations without clear future intentions
D) Someone that is too much of a fan of something

Respond with only the letter of your answer (A, B, C, or D).",B,2026-06-12T17:53:29.257553+00:00
722,4,row_121,OTP,General,gemini,A,,A,True,False,"In the following sentence, what does ""OTP"" mean?
Him and her are the OTP.

Select only one answer.
A) One True Pairing
B) When you are outnumbered in a fight and call black people for the win
C) Someone that is too much of a fan of something
D) I just burst out laughing

Respond with only the letter of your answer (A, B, C, or D).",A,2026-06-12T17:53:31.799664+00:00
723,4,row_122,packers,Insult,gemini,B,D,A,False,False,"In the following sentence, what does ""packers"" mean?
Thats just a group of packers over there, don't waste your time.

Select only one answer.
A) Someone who is the last person to leave a location and the first to come back in the morning
B) fake soft penises and testicles designed to give a 'male' bulge to the crotches of female-to-male transsexuals.
C) Very good
D) one that packs

Respond with only the letter of your answer (A, B, C, or D).",A,2026-06-12T17:53:38.589262+00:00
724,4,row_123,passa passa,General,gemini,B,,B,True,False,"In the following sentence, what does ""passa passa"" mean?
I don't want any passa passa now.

Select only one answer.
A) Someone who prepares for doomsday scenarios
B) A loud and messy conflict
C) A mauser C96 pistol
D) To manipulated, trick, or fool someone

Respond with only the letter of your answer (A, B, C, or D).",B,2026-06-12T17:53:41.796995+00:00
725,4,row_124,passport bro,Sexual,gemini,B,,B,True,False,"In the following sentence, what does ""passport bro"" mean?
A bunch of passport bro's just checked into the hotel.

Select only one answer.
A) Go in 100% on something
B) Someone that travels abroad with the sole purpose of having sex
C) Used to refer to the social media platforms one uses
D) a live-action role-playing game in which a group of people enacts a fictional scenario (such as a fantasy adventure) in real time typically under the guidance of a facilitator or organizer; also : the activity of participating in such games : larping

Respond with only the letter of your answer (A, B, C, or D).",B,2026-06-12T17:53:44.785625+00:00
726,4,row_125,Period,General,gemini,A,B,A,True,False,"In the following sentence, what does ""Period"" mean?
She is the best, period.

Select only one answer.
A) Ending the discussion on a topic
B) the completion of a cycle, a series of events, or a single action : conclusion
C) an expression of surprise
D) To win

Respond with only the letter of your answer (A, B, C, or D).",A,2026-06-12T17:53:47.288251+00:00
727,4,row_126,plegic,Drugs,gemini,A,,A,True,False,"In the following sentence, what does ""plegic"" mean?
That guy stumbled out very plegic.

Select only one answer.
A) drunk
B) To check the mood of a situation
C) Nonsensical term
D) The videos one find on social media that cause people to scroll and do nothign for hours

Respond with only the letter of your answer (A, B, C, or D).",A,2026-06-12T17:53:51.910689+00:00
728,4,row_127,poggers,General,gemini,C,,C,True,False,"In the following sentence, what does ""poggers"" mean?
Thats a poggers painting.

Select only one answer.
A) One True Pairing
B) A near superhuman perfect male
C) To express excitement or approval for something
D) Saying something secretive or to keep low profile

Respond with only the letter of your answer (A, B, C, or D).",C,2026-06-12T17:53:54.638570+00:00
729,4,row_128,Pookie,Sexual,gemini,A,,A,True,False,"In the following sentence, what does ""Pookie"" mean?
My pookie loves a smash burger.

Select only one answer.
A) A term of endearment for a significant other
B) Something that is reallly good.
C) Weak or effeminate
D) Acting crazily

Respond with only the letter of your answer (A, B, C, or D).",A,2026-06-12T17:53:57.189475+00:00
730,4,row_129,Pop off,General,gemini,C,D,C,True,False,"In the following sentence, what does ""Pop off"" mean?
I'm about to pop off!

Select only one answer.
A) To manipulated, trick, or fool someone
B) Main Character - Someone that acts as if they are the star of a story
C) To do something impressive
D) to die unexpectedly

Respond with only the letter of your answer (A, B, C, or D).",C,2026-06-12T17:54:00.963503+00:00
731,4,row_130,Posh and Becks,Sexual,gemini,D,,D,True,False,"In the following sentence, what does ""Posh and Becks"" mean?
Lets go back to my place and have the posh and becks.

Select only one answer.
A) A man that takes care of children
B) Money
C) One True Pairing
D) sex

Respond with only the letter of your answer (A, B, C, or D).",D,2026-06-12T17:54:03.864141+00:00
732,4,row_131,prepper,Insult,gemini,C,,C,True,False,"In the following sentence, what does ""prepper"" mean?
We have a prepper down the block. They are kindof crazy, but its nice to know where to go.

Select only one answer.
A) Something untrue or unbeleivable
B) An insulting term to refer to someone as stupid
C) Someone who prepares for doomsday scenarios
D) A nicotine pouch held between the upper lip and gums

Respond with only the letter of your answer (A, B, C, or D).",C,2026-06-12T17:54:07.852663+00:00
733,4,row_132,Prison pocket,General,gemini,A,,A,True,False,"In the following sentence, what does ""Prison pocket"" mean?
Hold it in your prison pocket.

Select only one answer.
A) The anus
B) The videos one find on social media that cause people to scroll and do nothign for hours
C) sex
D) A term of endearment for a significant other

Respond with only the letter of your answer (A, B, C, or D).",A,2026-06-12T17:54:10.189664+00:00
734,4,row_133,Put the fries in the bag,General,gemini,D,,D,True,False,"In the following sentence, what does ""Put the fries in the bag"" mean?
You're taking too long. Put the fires in the bag.

Select only one answer.
A) A homosexual cowboy
B) Something that is reallly good.
C) To express disbelief
D) Get to the point

Respond with only the letter of your answer (A, B, C, or D).",D,2026-06-12T17:54:13.672242+00:00
735,4,row_134,Quirky,Insult,gemini,C,B,B,False,True,"In the following sentence, what does ""Quirky"" mean?
I'm so quirky!

Select only one answer.
A) To confim that something was completed to expectation
B) having many quirks : unusual in especially an interesting or appealing way
C) Ironically used to describe one as unique
D) the playful act of taking a friend's food

Respond with only the letter of your answer (A, B, C, or D).",B,2026-06-12T17:54:18.340935+00:00
736,4,row_135,rago,Insult,gemini,D,,D,True,False,"In the following sentence, what does ""rago"" mean?
It was just how rago he was.

Select only one answer.
A) a bad charisma
B) The videos one find on social media that cause people to scroll and do nothign for hours
C) Something suspicious
D) Someone acting aggressively and out of control

Respond with only the letter of your answer (A, B, C, or D).",D,2026-06-12T17:54:22.644235+00:00
737,4,row_136,rapey,Sexual,gemini,B,,B,True,False,"In the following sentence, what does ""rapey"" mean?
That guy at the bar was feeling pretty rapey.

Select only one answer.
A) An insulting term to refer to someone as stupid
B) Describes activities or situations that are sexually aggressive
C) A glock pistol
D) A provocative dance

Respond with only the letter of your answer (A, B, C, or D).",B,2026-06-12T17:54:25.228724+00:00
738,4,row_137,Ratio,General,gemini,C,A,C,True,False,"In the following sentence, what does ""Ratio"" mean?
Ratio if you like pizza.

Select only one answer.
A) the indicated quotient of two mathematical expressions
B) To express disappointment dramatically
C) when a reply gets more than the original post
D) A canister of nitrous oxide

Respond with only the letter of your answer (A, B, C, or D).",C,2026-06-12T17:54:28.561478+00:00
739,4,row_138,raw,General,gemini,A,B,A,True,False,"In the following sentence, what does ""raw"" mean?
He's been hitting the vape raw lately.

Select only one answer.
A) something intense, aggressive, and unfiltered
B) not cooked
C) bullets
D) To make lifestyle changes to make your life more holistic

Respond with only the letter of your answer (A, B, C, or D).",A,2026-06-12T17:54:31.478038+00:00
740,4,row_139,RIP (me),General,gemini,B,,B,True,False,"In the following sentence, what does ""RIP (me)"" mean?
I think I just failed that test. RIP me.

Select only one answer.
A) something intense, aggressive, and unfiltered
B) To express disappointment dramatically
C) An endeering term used towards ones significant other
D) An independent, strong person

Respond with only the letter of your answer (A, B, C, or D).",B,2026-06-12T17:54:34.592869+00:00
741,4,row_140,Rizz,General,gemini,C,,C,True,False,"In the following sentence, what does ""Rizz"" mean?
The rizz you have today is stunning!

Select only one answer.
A) A rule used by some for dating that refers to someone who is six feet tall, has a 6 figure income, and has six-pack abs
B) A cigarette
C) Charisma
D) Gossip

Respond with only the letter of your answer (A, B, C, or D).",C,2026-06-12T17:54:37.357750+00:00
742,4,row_141,Salty,Insult,gemini,A,C,A,True,False,"In the following sentence, what does ""Salty"" mean?
She's just salty that you have a boyfriend and she doesn't.

Select only one answer.
A) Irritated, bitter, or resentful
B) A canister of nitrous oxide
C) of, seasoned with, or containing salt
D) Go in 100% on something

Respond with only the letter of your answer (A, B, C, or D).",A,2026-06-12T17:54:39.924743+00:00
743,4,row_142,savage,General,gemini,C,A,C,True,False,"In the following sentence, what does ""savage"" mean?
That was a savage comeback you gave.

Select only one answer.
A) not domesticated or under human control : untamed
B) A glock pistol
C) To be fierce and unapologetic withing a social situation
D) A canabis based cigarette that needs two paper rolls

Respond with only the letter of your answer (A, B, C, or D).",C,2026-06-12T17:54:43.135663+00:00
744,4,row_143,Schizo,Insult,gemini,C,,C,True,False,"In the following sentence, what does ""Schizo"" mean?
Brians a total schitzo.

Select only one answer.
A) A term used to say that someone is online too much and needs to get back to real life
B) A term used to describe a baby raised in a gender neutral environment
C) crazy or erratic
D) Prolonged masturbation

Respond with only the letter of your answer (A, B, C, or D).",C,2026-06-12T17:54:45.330017+00:00
745,4,row_144,scuffed,Insult,gemini,C,D,C,True,False,"In the following sentence, what does ""scuffed"" mean?
The was a scuffed performance last night.

Select only one answer.
A) Ironically used to describe one as unique
B) An unattractive girl
C) Something that is messed up or not right.
D) to walk without lifting the feet : shuffle

Respond with only the letter of your answer (A, B, C, or D).",C,2026-06-12T17:54:50.321850+00:00
746,4,row_145,Shabba,General,gemini,D,,D,True,False,"In the following sentence, what does ""Shabba"" mean?
Shabba on point!

Select only one answer.
A) A nicotine pouch held between the upper lip and gums
B) A glock pistol
C) A term to discuss sexual experiences
D) Fashionable or stylish

Respond with only the letter of your answer (A, B, C, or D).",D,2026-06-12T17:54:59.367534+00:00
747,4,row_146,Sheesh,General,gemini,A,,A,True,False,"In the following sentence, what does ""Sheesh"" mean?
Sheesh! Thats crazy!

Select only one answer.
A) To express disbelief
B) As Fuck
C) The videos one find on social media that cause people to scroll and do nothign for hours
D) An endeering term used towards ones significant other

Respond with only the letter of your answer (A, B, C, or D).",A,2026-06-12T17:55:02.157300+00:00
748,4,row_147,Side eye,General,gemini,C,,C,True,False,"In the following sentence, what does ""Side eye"" mean?
Why are you giving him the side eye?

Select only one answer.
A) A nicotine pouch held between the upper lip and gums
B) A significant problem
C) To be skeptical about something
D) A term used by incels to refer to women in a way that dehumanizes them.

Respond with only the letter of your answer (A, B, C, or D).",C,2026-06-12T17:55:05.057415+00:00
749,4,row_148,Sigma,Identity,gemini,D,A,D,True,False,"In the following sentence, what does ""Sigma"" mean?
You are giving off sigma energy right now.

Select only one answer.
A) the 18th letter of the Greek alphabet
B) A kilo of cocaine
C) Someone that is too much of a fan of something
D) An independent, strong person

Respond with only the letter of your answer (A, B, C, or D).",D,2026-06-12T17:55:08.347285+00:00
750,4,row_149,Simp,Insult,gemini,D,C,D,True,False,"In the following sentence, what does ""Simp"" mean?
Stop being a simp over her!

Select only one answer.
A) Money
B) Cool
C) a foolish or stupid person : simpleton
D) Someone that tries really hard to impress their crush

Respond with only the letter of your answer (A, B, C, or D).",D,2026-06-12T17:55:10.989942+00:00
751,4,row_150,Situationship,Sexual,gemini,D,,D,True,False,"In the following sentence, what does ""Situationship"" mean?
Joe ended up in a situationship over the summer.

Select only one answer.
A) A reference for ass
B) a significant other
C) Someone unappealing
D) A sexual relationship developed from situations without clear future intentions

Respond with only the letter of your answer (A, B, C, or D).",D,2026-06-12T17:55:13.535348+00:00
752,4,row_151,Skeet,Sexual,gemini,D,B,D,True,False,"In the following sentence, what does ""Skeet"" mean?
He skeeted all over the court!

Select only one answer.
A) To express disbelief
B) trapshooting in which clay pigeons are thrown in such a way as to simulate the angles of flight of birds
C) Someone who refused to wear a mask in covid times.
D) To shoot ones shot.

Respond with only the letter of your answer (A, B, C, or D).",D,2026-06-12T17:55:18.677834+00:00
753,4,row_152,Skibidi,General,gemini,C,,C,True,False,"In the following sentence, what does ""Skibidi"" mean?
That's so skibidi.

Select only one answer.
A) Sociopath
B) A term for friends
C) Nonsensical term
D) You're on Your own

Respond with only the letter of your answer (A, B, C, or D).",C,2026-06-12T17:55:22.474813+00:00
754,4,row_153,Skill issue,Insult,gemini,D,,D,True,False,"In the following sentence, what does ""Skill issue"" mean?
You won't win. Its a skill issue.

Select only one answer.
A) To be high or drunk
B) A canister of nitrous oxide
C) Weak or effeminate
D) An insult saying that the problem is due to lack of skill rather then luck

Respond with only the letter of your answer (A, B, C, or D).",D,2026-06-12T17:55:24.822715+00:00
755,4,row_154,Slaps,General,gemini,D,A,D,True,False,"In the following sentence, what does ""Slaps"" mean?
This place slaps!

Select only one answer.
A) to strike sharply with or as if with the open hand
B) A nicotine pouch held between the upper lip and gums
C) Delusional
D) Something that is reallly good.

Respond with only the letter of your answer (A, B, C, or D).",D,2026-06-12T17:55:32.266332+00:00
756,4,row_155,Slay,General,gemini,C,A,C,True,False,"In the following sentence, what does ""Slay"" mean?
Slay girl!

Select only one answer.
A) to kill violently, wantonly, or in great numbers
B) A strong, leader who commands those around them
C) To do somethign very well
D) An insult saying that the problem is due to lack of skill rather then luck

Respond with only the letter of your answer (A, B, C, or D).",C,2026-06-12T17:55:35.434262+00:00
757,4,row_156,sledge,Identity,gemini,C,A,C,True,False,"In the following sentence, what does ""sledge"" mean?
What? Are you havin trouble you sledge?

Select only one answer.
A) sledgehammer
B) Talking too much
C) An insult commonly used in sports
D) Someone acting aggressively and out of control

Respond with only the letter of your answer (A, B, C, or D).",C,2026-06-12T17:55:40.819477+00:00
758,4,row_157,sleeper,General,gemini,D,B,D,True,False,"In the following sentence, what does ""sleeper"" mean?
That car has got to be a sleeper.

Select only one answer.
A) Something that is messed up or not right.
B) one that sleeps
C) A dance move
D) Something that appears mundane but has hidden potential

Respond with only the letter of your answer (A, B, C, or D).",D,2026-06-12T17:55:43.610669+00:00
759,4,row_158,sleeper build,General,gemini,C,,C,True,False,"In the following sentence, what does ""sleeper build"" mean?
Bro's rocking the sleeper build.

Select only one answer.
A) Someone acting aggressively and out of control
B) Men that lack masculine characteristics
C) someone that looks ordinary but is actually very strong
D) A charismatic, sexy, and quick witted man

Respond with only the letter of your answer (A, B, C, or D).",C,2026-06-12T17:55:46.944118+00:00
760,4,row_159,Snack,Sexual,gemini,D,A,D,True,False,"In the following sentence, what does ""Snack"" mean?
That lady over there is a snack.

Select only one answer.
A) a light meal : food eaten between regular meals; also : food suitable for snacking
B) An emotional meltdown
C) To knock someone out
D) A descriptor for an attractive person

Respond with only the letter of your answer (A, B, C, or D).",D,2026-06-12T17:55:49.149818+00:00
761,4,row_160,snaggle,Identity,gemini,A,B,A,True,False,"In the following sentence, what does ""snaggle"" mean?
Susanne is such a snaggle.

Select only one answer.
A) An unattractive girl
B) snag
C) Mediocre
D) A glock pistol

Respond with only the letter of your answer (A, B, C, or D).",A,2026-06-12T17:55:56.253705+00:00
762,4,row_161,Snatched,General,gemini,A,B,A,True,False,"In the following sentence, what does ""Snatched"" mean?
You're looking snatched today.

Select only one answer.
A) A fashionable look
B) to attempt to seize something suddenly
C) Used to address friends with exasperation, releif, or disbeleif.
D) To get arrested

Respond with only the letter of your answer (A, B, C, or D).",A,2026-06-12T17:56:02.973088+00:00
763,4,row_162,socials,General,gemini,C,A,C,True,False,"In the following sentence, what does ""socials"" mean?
Catch me on the socials!

Select only one answer.
A) an informal social event or gathering frequently involving a special activity or area of interest
B) To express excitement or approval for something
C) Used to refer to the social media platforms one uses
D) To tie up an arm to isolate a vein for injecting a drug

Respond with only the letter of your answer (A, B, C, or D).",C,2026-06-12T17:56:05.820332+00:00
764,4,row_163,socio,Insult,gemini,B,,B,True,False,"In the following sentence, what does ""socio"" mean?
The boy is a socio.

Select only one answer.
A) The greatest of all time
B) Sociopath
C) An expression of disappointment
D) fake soft penises and testicles designed to give a 'male' bulge to the crotches of female-to-male transsexuals.

Respond with only the letter of your answer (A, B, C, or D).",B,2026-06-12T17:56:08.308855+00:00
765,4,row_164,Soy,Insult,gemini,A,,A,True,False,"In the following sentence, what does ""Soy"" mean?
Stop being so soy.

Select only one answer.
A) Weak or effeminate
B) An affirmative agreement
C) Someone weak or a follower
D) An attractive older man

Respond with only the letter of your answer (A, B, C, or D).",A,2026-06-12T17:56:12.521683+00:00
766,4,row_165,soyboy,Identity,gemini,D,,D,True,False,"In the following sentence, what does ""soyboy"" mean?
Get that soyboy out of here!

Select only one answer.
A) Something suspicious
B) A significant problem
C) Age Sex Location
D) Men that lack masculine characteristics

Respond with only the letter of your answer (A, B, C, or D).",D,2026-06-12T17:56:15.141095+00:00
767,4,row_166,Spanish dancer,General,gemini,B,,B,True,False,"In the following sentence, what does ""Spanish dancer"" mean?
I sounds like I caught the spanish dancer.

Select only one answer.
A) Fashionable or stylish
B) Cancer
C) A commonplace person
D) A chlid molestor

Respond with only the letter of your answer (A, B, C, or D).",B,2026-06-12T17:56:19.639402+00:00
768,4,row_167,spark,Violence,gemini,B,D,B,True,False,"In the following sentence, what does ""spark"" mean?
Don't make me spark you out!

Select only one answer.
A) A mauser C96 pistol
B) To knock someone out
C) Charisma
D) a small particle of a burning substance thrown out by a body in combustion or remaining when combustion is nearly completed

Respond with only the letter of your answer (A, B, C, or D).",B,2026-06-12T17:56:22.649348+00:00
769,4,row_168,Stuyvie,Drugs,gemini,D,,D,True,False,"In the following sentence, what does ""Stuyvie"" mean?
Lets go outside and smoke a suyvie.

Select only one answer.
A) Something suspicious
B) Short for happening
C) To be honest about something
D) A cigarette

Respond with only the letter of your answer (A, B, C, or D).",D,2026-06-12T17:56:25.598395+00:00
770,4,row_169,suiter,General,gemini,C,B,C,True,False,"In the following sentence, what does ""suiter"" mean?
Her suiter was admiring her from afar.

Select only one answer.
A) To be skeptical about something
B) a suitcase for holding a specified number of suits —usually used in combination
C) a significant other
D) The anus

Respond with only the letter of your answer (A, B, C, or D).",C,2026-06-12T17:56:30.508207+00:00
771,4,row_170,Sus,General,gemini,A,,A,True,False,"In the following sentence, what does ""Sus"" mean?
That man over there is real sus.

Select only one answer.
A) Something suspicious
B) A loss or failure
C) Someone who is very stubborn
D) something intense, aggressive, and unfiltered

Respond with only the letter of your answer (A, B, C, or D).",A,2026-06-12T17:56:34.188889+00:00
772,4,row_171,Tea,General,gemini,C,D,C,True,False,"In the following sentence, what does ""Tea"" mean?
Come on, spill the tea!

Select only one answer.
A) To do somethign very well
B) When you are outnumbered in a fight and call black people for the win
C) Gossip
D) a widely cultivated shrub (Camellia sinensis of the family Theaceae, the tea family) native to China, northern India, and southeastern Asia and having glossy green leaves and fragrant white flowers

Respond with only the letter of your answer (A, B, C, or D).",C,2026-06-12T17:56:36.880904+00:00
773,4,row_172,theybie,General,gemini,D,,D,True,False,"In the following sentence, what does ""theybie"" mean?
The a couple and their theybie just moved in next door.

Select only one answer.
A) Age Sex Location
B) A cigarette
C) A strong, leader who commands those around them
D) A term used to describe a baby raised in a gender neutral environment

Respond with only the letter of your answer (A, B, C, or D).",D,2026-06-12T17:56:39.489072+00:00
774,4,row_173,Thirsty,Sexual,gemini,B,D,B,True,False,"In the following sentence, what does ""Thirsty"" mean?
She's lookin real thirsty today.

Select only one answer.
A) You're on Your own
B) Someone who is trying to get sexual attention overtly
C) Irritated, bitter, or resentful
D) feeling thirst

Respond with only the letter of your answer (A, B, C, or D).",B,2026-06-12T17:56:42.242515+00:00
775,4,row_174,Thot,Sexual,gemini,D,,D,True,False,"In the following sentence, what does ""Thot"" mean?
I'm gonna dress like a thot tonight.

Select only one answer.
A) Someone that travels abroad with the sole purpose of having sex
B) Crack cocaine
C) Someone that is too left leaning politically
D) Another term that stands for that hoe over there

Respond with only the letter of your answer (A, B, C, or D).",D,2026-06-12T17:56:44.938828+00:00
776,4,row_175,Thrust,General,gemini,D,C,C,False,True,"In the following sentence, what does ""Thrust"" mean?
Hit the thrust!

Select only one answer.
A) A canabis based cigarette that needs two paper rolls
B) cocaine
C) to push or drive with force : shove
D) A dance move

Respond with only the letter of your answer (A, B, C, or D).",C,2026-06-12T17:56:48.576897+00:00
777,4,row_176,toe-cheese,Insult,gemini,D,,D,True,False,"In the following sentence, what does ""toe-cheese"" mean?
My whole house smells like toe cheese.

Select only one answer.
A) I just burst out laughing
B) A term used to describe a baby raised in a gender neutral environment
C) Someone who prepares for doomsday scenarios
D) Gross buildup between the toes

Respond with only the letter of your answer (A, B, C, or D).",D,2026-06-12T17:56:50.746504+00:00
778,4,row_177,tomdick,Insult,gemini,C,,C,True,False,"In the following sentence, what does ""tomdick"" mean?
That secratary was a tomdick.

Select only one answer.
A) A canabis based cigarette that needs two paper rolls
B) Someone younger
C) A commonplace person
D) An expression of disappointment

Respond with only the letter of your answer (A, B, C, or D).",C,2026-06-12T17:57:07.469240+00:00
779,4,row_178,Touch Grass,General,gemini,C,,C,True,False,"In the following sentence, what does ""Touch Grass"" mean?
Go out and touch some grass.

Select only one answer.
A) An endeering term used towards ones significant other
B) Short for happening
C) A term used to say that someone is online too much and needs to get back to real life
D) sweet talk

Respond with only the letter of your answer (A, B, C, or D).",C,2026-06-12T17:57:12.140313+00:00
780,4,row_179,troll,Identity,gemini,C,B,C,True,False,"In the following sentence, what does ""troll"" mean?
That guy in valorant was a such a troll.

Select only one answer.
A) Another term that stands for that hoe over there
B) a dwarf or giant in Scandinavian folklore inhabiting caves or hills
C) Someone who deliberatly acts in ways to annoy or anger a group of people online.
D) A dance move

Respond with only the letter of your answer (A, B, C, or D).",C,2026-06-12T17:57:14.906012+00:00
781,4,row_180,Tweaking,General,gemini,B,C,B,True,False,"In the following sentence, what does ""Tweaking"" mean?
Why are you tweaking out?

Select only one answer.
A) A rule used by some for dating that refers to someone who is six feet tall, has a 6 figure income, and has six-pack abs
B) Acting crazily
C) to make usually small adjustments in or to; especially : fine-tune
D) a significant other

Respond with only the letter of your answer (A, B, C, or D).",B,2026-06-12T17:57:18.172508+00:00
782,4,row_181,twoz,Drugs,gemini,A,,A,True,False,"In the following sentence, what does ""twoz"" mean?
Hey, hand me the twoz joint.

Select only one answer.
A) A canabis based cigarette that needs two paper rolls
B) Used to refer to the social media platforms one uses
C) A rule used by some for dating that refers to someone who is six feet tall, has a 6 figure income, and has six-pack abs
D) To focus on making one as physically attractive as possible

Respond with only the letter of your answer (A, B, C, or D).",A,2026-06-12T17:57:22.693534+00:00
783,4,row_182,Unc,Insult,gemini,C,,C,True,False,"In the following sentence, what does ""Unc"" mean?
I'll explain it to you unc.

Select only one answer.
A) Something done regularly
B) To be honest about something
C) An older person who is out of touch
D) Stylish or flashy outfit style

Respond with only the letter of your answer (A, B, C, or D).",C,2026-06-12T17:57:25.757296+00:00
784,4,row_183,Understood the assignment,General,gemini,B,,B,True,False,"In the following sentence, what does ""Understood the assignment"" mean?
All done. Understood the assignment.

Select only one answer.
A) Another term that stands for that hoe over there
B) To confim that something was completed to expectation
C) When you are outnumbered in a fight and call black people for the win
D) Talking too much

Respond with only the letter of your answer (A, B, C, or D).",B,2026-06-12T17:57:29.466943+00:00
785,4,row_184,upper decky,Drugs,gemini,A,,A,True,False,"In the following sentence, what does ""upper decky"" mean?
Hey bro, can I bum an upper decky zynn?

Select only one answer.
A) A nicotine pouch held between the upper lip and gums
B) The vagina
C) something intense, aggressive, and unfiltered
D) A knife

Respond with only the letter of your answer (A, B, C, or D).",A,2026-06-12T17:57:32.086107+00:00
786,4,row_185,Vibe,General,gemini,C,,C,True,False,"In the following sentence, what does ""Vibe"" mean?
I'm just enjoyin the vibe out here.

Select only one answer.
A) Sociopath
B) Saying something secretive or to keep low profile
C) The positive or relaxing energy of a place
D) A significant other

Respond with only the letter of your answer (A, B, C, or D).",C,2026-06-12T17:57:34.238015+00:00
787,4,row_186,Vibe Check,General,gemini,C,,C,True,False,"In the following sentence, what does ""Vibe Check"" mean?
Can I get a vibe check?

Select only one answer.
A) a live-action role-playing game in which a group of people enacts a fictional scenario (such as a fantasy adventure) in real time typically under the guidance of a facilitator or organizer; also : the activity of participating in such games : larping
B) Someone who refused to wear a mask in covid times.
C) To check the mood of a situation
D) Someone that is too much of a fan of something

Respond with only the letter of your answer (A, B, C, or D).",C,2026-06-12T17:57:37.586718+00:00
788,4,row_187,wahala,General,gemini,B,,B,True,False,"In the following sentence, what does ""wahala"" mean?
Please, no wahala.

Select only one answer.
A) To show off
B) A significant problem
C) A reference for ass
D) To express excitement or approval for something

Respond with only the letter of your answer (A, B, C, or D).",B,2026-06-12T17:57:40.063423+00:00
789,4,row_188,waved,Drugs,gemini,C,D,C,True,False,"In the following sentence, what does ""waved"" mean?
Bro's over on the bench waved out of his mind.

Select only one answer.
A) Something very good
B) A sexual relationship developed from situations without clear future intentions
C) To be high or drunk
D) having a wavelike form or outline

Respond with only the letter of your answer (A, B, C, or D).",C,2026-06-12T17:57:43.066015+00:00
790,4,row_189,What the sigma,General,gemini,C,,C,True,False,"In the following sentence, what does ""What the sigma"" mean?
What the sigma? I thought you left?

Select only one answer.
A) Talking too much
B) Somehting uncool or unfashionable
C) An expression of disbelief
D) Acting crazily

Respond with only the letter of your answer (A, B, C, or D).",C,2026-06-12T17:57:48.756007+00:00
791,4,row_190,whitney,Drugs,gemini,A,,A,True,False,"In the following sentence, what does ""whitney"" mean?
Hey man, you got any whitney on you?

Select only one answer.
A) Crack cocaine
B) The vagina
C) To metaphorically die of laughter
D) An expression of disbelief

Respond with only the letter of your answer (A, B, C, or D).",A,2026-06-12T17:57:52.329916+00:00
792,4,row_191,Woke,Insult,gemini,A,,A,True,False,"In the following sentence, what does ""Woke"" mean?
Stop being so woke.

Select only one answer.
A) Someone that is too left leaning politically
B) A significant other
C) A term of endearment for a significant other
D) A term to support someone going through a gender change.

Respond with only the letter of your answer (A, B, C, or D).",A,2026-06-12T17:57:56.368822+00:00
793,4,row_192,womp womp,General,gemini,A,,A,True,False,"In the following sentence, what does ""womp womp"" mean?
I failed that math quiz. Womp womp.

Select only one answer.
A) An expression of disappointment
B) Very good
C) As Fuck
D) Used to refer to the social media platforms one uses

Respond with only the letter of your answer (A, B, C, or D).",A,2026-06-12T17:57:59.750456+00:00
794,4,row_193,wraparound,General,gemini,A,B,A,True,False,"In the following sentence, what does ""wraparound"" mean?
I had to pull a wraparound this morning since I left my wallet at the bar.

Select only one answer.
A) Someone who is the last person to leave a location and the first to come back in the morning
B) made to be wrapped around something and especially the body
C) A term used to describe a baby raised in a gender neutral environment
D) Someone that is boring

Respond with only the letter of your answer (A, B, C, or D).",A,2026-06-12T17:58:03.948886+00:00
795,4,row_194,Yapping,Insult,gemini,A,D,D,False,True,"In the following sentence, what does ""Yapping"" mean?
Stop your yapping and get over here.

Select only one answer.
A) Talking too much
B) To shoot ones shot.
C) An endeering term used towards ones significant other
D) to talk in a shrill insistent way : chatter

Respond with only the letter of your answer (A, B, C, or D).",D,2026-06-12T17:58:11.174104+00:00
796,4,row_195,Yeet,General,gemini,D,,D,True,False,"In the following sentence, what does ""Yeet"" mean?
Think I can make this? Yeet!

Select only one answer.
A) To express excitement or approval for something
B) A sudden feeling of disguest or repultion towards someone.
C) As Fuck
D) Throwing something

Respond with only the letter of your answer (A, B, C, or D).",D,2026-06-12T17:58:18.608247+00:00
797,4,row_196,ying,Violence,gemini,A,,A,True,False,"In the following sentence, what does ""ying"" mean?
I'll walk in swinging my ying.

Select only one answer.
A) A knife
B) Money
C) A large ass that stands out.
D) Throwing something

Respond with only the letter of your answer (A, B, C, or D).",A,2026-06-12T17:58:27.434021+00:00
798,4,row_197,yoyo,General,gemini,C,A,C,True,False,"In the following sentence, what does ""yoyo"" mean?
We've helped you in the past, but yoyo this time.

Select only one answer.
A) a thick grooved double disk with a string attached to its center axle that is made to fall and rise to the hand by unwinding and rewinding on the string
B) To shoot ones shot.
C) You're on Your own
D) a bad charisma

Respond with only the letter of your answer (A, B, C, or D).",C,2026-06-12T17:58:30.251386+00:00
799,4,row_198,Zaddy,Sexual,gemini,B,,B,True,False,"In the following sentence, what does ""Zaddy"" mean?
I'm meeting up with my zaddy later tonight.

Select only one answer.
A) A fashionable look
B) An attractive older man
C) Someone that tries really hard to impress their crush
D) Something that is adorably and chunky

Respond with only the letter of your answer (A, B, C, or D).",B,2026-06-12T17:58:39.435565+00:00
800,4,row_199,Zesty,Insult,gemini,D,B,D,True,False,"In the following sentence, what does ""Zesty"" mean?
He's acting a bit zesty today.

Select only one answer.
A) A near superhuman perfect male
B) having or characterized by zest : appealingly piquant or lively
C) A term used to describe a baby raised in a gender neutral environment
D) A man that is feminine in nature

Respond with only the letter of your answer (A, B, C, or D).",D,2026-06-12T17:58:44.802656+00:00
801,5,row_000,'done,Drugs,gemini,A,,A,True,False,"In the following sentence, what does ""'done"" mean?
Do you have any of the 'done on you?

Select only one answer.
A) Methodone
B) Prolonged masturbation
C) To mastrubate for extremeely long period regularly
D) A term to discuss sexual experiences

Respond with only the letter of your answer (A, B, C, or D).",A,2026-06-12T17:58:48.417784+00:00
802,5,row_001,6-6-6,Identity,gemini,A,,A,True,False,"In the following sentence, what does ""6-6-6"" mean?
I only date a man who is a 6-6-6.

Select only one answer.
A) A rule used by some for dating that refers to someone who is six feet tall, has a 6 figure income, and has six-pack abs
B) Describes activities or situations that are sexually aggressive
C) Something that is messed up or not right.
D) Something that is better then everything else

Respond with only the letter of your answer (A, B, C, or D).",A,2026-06-12T17:58:51.738912+00:00
803,5,row_002,AF,General,gemini,B,,B,True,False,"In the following sentence, what does ""AF"" mean?
Thats cool AF!

Select only one answer.
A) bullets
B) As Fuck
C) Fuckboy, someone just looking for sex
D) To be skeptical about something

Respond with only the letter of your answer (A, B, C, or D).",B,2026-06-12T17:58:54.520479+00:00
804,5,row_003,aggy,Violence,gemini,D,,D,True,False,"In the following sentence, what does ""aggy"" mean?
Why you so aggy?

Select only one answer.
A) fake soft penises and testicles designed to give a 'male' bulge to the crotches of female-to-male transsexuals.
B) A fashionable look
C) A cigarette
D) to aggrivate

Respond with only the letter of your answer (A, B, C, or D).",D,2026-06-12T17:58:57.623030+00:00
805,5,row_004,Alpha,Identity,gemini,B,D,B,True,False,"In the following sentence, what does ""Alpha"" mean?
What an alpha chad.

Select only one answer.
A) when a reply gets more than the original post
B) A strong, leader who commands those around them
C) An emotional meltdown
D) the 1st letter of the Greek alphabet

Respond with only the letter of your answer (A, B, C, or D).",B,2026-06-12T17:59:00.936889+00:00
806,5,row_005,ant,Sexual,gemini,A,C,A,True,False,"In the following sentence, what does ""ant"" mean?
I came across a real ant at the club earlier.

Select only one answer.
A) A charismatic, sexy, and quick witted man
B) A term used to say that someone is online too much and needs to get back to real life
C) any of a family (Formicidae) of colonial hymenopterous insects with a complex social organization and various castes performing special duties
D) A chlid molestor

Respond with only the letter of your answer (A, B, C, or D).",A,2026-06-12T17:59:06.373769+00:00
807,5,row_006,archer,Identity,gemini,A,D,D,False,True,"In the following sentence, what does ""archer"" mean?
Jim was an archer with her lies.

Select only one answer.
A) A person who is very good at spotting a lie
B) A descriptor for an attractive person
C) To show off
D) a person who uses a bow and arrow

Respond with only the letter of your answer (A, B, C, or D).",D,2026-06-12T17:59:11.280097+00:00
808,5,row_007,ASL,Sexual,gemini,C,,C,True,False,"In the following sentence, what does ""ASL"" mean?
What's your ASL?

Select only one answer.
A) An unpopular opinion
B) An older person who is out of touch
C) Age Sex Location
D) fake soft penises and testicles designed to give a 'male' bulge to the crotches of female-to-male transsexuals.

Respond with only the letter of your answer (A, B, C, or D).",C,2026-06-12T17:59:13.826119+00:00
809,5,row_008,Aura Farming,Identity,gemini,C,,C,True,False,"In the following sentence, what does ""Aura Farming"" mean?
That skateboard group is trying really hard to aura farm, but its not working.

Select only one answer.
A) Friends with benefits
B) An attractive older man
C) Activities that involve cultivating ones Aura
D) intensely and openely say something true

Respond with only the letter of your answer (A, B, C, or D).",C,2026-06-12T17:59:17.184011+00:00
810,5,row_009,babygirl,Sexual,gemini,B,,B,True,False,"In the following sentence, what does ""babygirl"" mean?
Hey babygirl, whanna metup tonight?

Select only one answer.
A) An expression of disbelief
B) An endeering term used towards ones significant other
C) bullets
D) A canister of nitrous oxide

Respond with only the letter of your answer (A, B, C, or D).",B,2026-06-12T17:59:19.806386+00:00
811,5,row_010,backoff,Sexual,gemini,B,C,B,True,False,"In the following sentence, what does ""backoff"" mean?
That girl has a fat backoff!

Select only one answer.
A) To metaphorically die of laughter
B) A large ass that stands out.
C) back down
D) to recoil in distaste

Respond with only the letter of your answer (A, B, C, or D).",B,2026-06-12T17:59:23.727579+00:00
812,5,row_011,Bae,Sexual,gemini,C,,C,True,False,"In the following sentence, what does ""Bae"" mean?
She's my bae.

Select only one answer.
A) Get to the point
B) To make a jawline more defined
C) A significant other
D) You're on Your own

Respond with only the letter of your answer (A, B, C, or D).",C,2026-06-12T17:59:26.099117+00:00
813,5,row_012,bareface,Identity,gemini,C,B,C,True,False,"In the following sentence, what does ""bareface"" mean?
I saw a group of barefaces at the store this morning, so I won't be going back.

Select only one answer.
A) Something that is messed up or not right.
B) having a clear finish and no nap
C) Someone who refused to wear a mask in covid times.
D) Poorly dressed

Respond with only the letter of your answer (A, B, C, or D).",C,2026-06-12T17:59:29.245432+00:00
814,5,row_013,based,General,gemini,D,C,A,False,False,"In the following sentence, what does ""based"" mean?
That show was based.

Select only one answer.
A) An independent, strong person
B) To do somethign very well
C) having a specified type of base or basis —often used in combination
D) An unpopular opinion

Respond with only the letter of your answer (A, B, C, or D).",A,2026-06-12T17:59:36.584641+00:00
815,5,row_014,Basic,Identity,gemini,C,A,C,True,False,"In the following sentence, what does ""Basic"" mean?
Shes so basic.

Select only one answer.
A) of, relating to, or forming the base or essence : fundamental
B) Someone that is too much of a fan of something
C) Someone that is boring
D) To mastrubate for extremeely long period regularly

Respond with only the letter of your answer (A, B, C, or D).",C,2026-06-12T17:59:39.317127+00:00
816,5,row_015,bb,Sexual,gemini,A,B,A,True,False,"In the following sentence, what does ""bb"" mean?
Hey bb, lets grab some food.

Select only one answer.
A) A term for baby that people will call their significant other.
B) a shot pellet 0.18 inch in diameter for use in a shotgun cartridge
C) Used to address friends with exasperation, releif, or disbeleif.
D) Something ugly or unattractive

Respond with only the letter of your answer (A, B, C, or D).",A,2026-06-12T17:59:42.412469+00:00
817,5,row_016,Bet,General,gemini,A,B,A,True,False,"In the following sentence, what does ""Bet"" mean?
bet, lets go.

Select only one answer.
A) An affirmative agreement
B) something that is laid, staked, or pledged typically between two parties on the outcome of a contest or a contingent issue : wager —often used figuratively in such phrases as all bets are off to stress the uncertainty of an outcome
C) Nonsensical term
D) To confim that something was completed to expectation

Respond with only the letter of your answer (A, B, C, or D).",A,2026-06-12T17:59:45.591299+00:00
818,5,row_017,Beta,Identity,gemini,C,A,C,True,False,"In the following sentence, what does ""Beta"" mean?
The beta's of the world aren't gonna like that.

Select only one answer.
A) the 2nd letter of the Greek alphabet
B) Charisma
C) Someone weak or a follower
D) The videos one find on social media that cause people to scroll and do nothign for hours

Respond with only the letter of your answer (A, B, C, or D).",C,2026-06-12T17:59:49.056741+00:00
819,5,row_018,Bih,General,gemini,A,,A,True,False,"In the following sentence, what does ""Bih"" mean?
Bih, what?

Select only one answer.
A) Short for Bitch
B) Sociopath
C) drunk
D) Ending the discussion on a topic

Respond with only the letter of your answer (A, B, C, or D).",A,2026-06-12T17:59:51.611002+00:00
820,5,row_019,bine,Violence,gemini,C,B,C,True,False,"In the following sentence, what does ""bine"" mean?
Load the nine with ine and selek it.

Select only one answer.
A) Cancer
B) a twining stem or flexible shoot (as of the hop); also : a plant (such as woodbine) whose shoots are bines
C) bullets
D) sex

Respond with only the letter of your answer (A, B, C, or D).",C,2026-06-12T17:59:57.974845+00:00
821,5,row_020,blackup,Violence,gemini,D,,D,True,False,"In the following sentence, what does ""blackup"" mean?
We are outnumbered. Call for black up.

Select only one answer.
A) Something that is messed up or not right.
B) A canabis based cigarette that needs two paper rolls
C) A charismatic, sexy, and quick witted man
D) When you are outnumbered in a fight and call black people for the win

Respond with only the letter of your answer (A, B, C, or D).",D,2026-06-12T18:00:01.309389+00:00
822,5,row_021,Brain Rot,General,gemini,B,,B,True,False,"In the following sentence, what does ""Brain Rot"" mean?
Kids these days just sit around and watch brain rot.

Select only one answer.
A) A term used to say that someone is online too much and needs to get back to real life
B) The videos one find on social media that cause people to scroll and do nothign for hours
C) Activities that involve cultivating ones Aura
D) something intense, aggressive, and unfiltered

Respond with only the letter of your answer (A, B, C, or D).",B,2026-06-12T18:00:04.541324+00:00
823,5,row_022,brizzy,Drugs,gemini,C,,C,True,False,"In the following sentence, what does ""brizzy"" mean?
Quickly, grab the brizzy.

Select only one answer.
A) A commonplace person
B) Something ugly or unattractive
C) A kilo of cocaine
D) Someone that is too much of a fan of something

Respond with only the letter of your answer (A, B, C, or D).",C,2026-06-12T18:00:08.640915+00:00
824,5,row_023,broomhandle,Violence,gemini,A,,A,True,False,"In the following sentence, what does ""broomhandle"" mean?
Get your broomhandle, we gotta go.

Select only one answer.
A) A mauser C96 pistol
B) Mediocre
C) An all denim outfit
D) To focus on making one as physically attractive as possible

Respond with only the letter of your answer (A, B, C, or D).",A,2026-06-12T18:00:11.022190+00:00
825,5,row_024,bruh!,General,gemini,B,C,B,True,False,"In the following sentence, what does ""bruh!"" mean?
Bruh! What was that?

Select only one answer.
A) A cigarette
B) Used to address friends with exasperation, releif, or disbeleif.
C) brother
D) A mauser C96 pistol

Respond with only the letter of your answer (A, B, C, or D).",B,2026-06-12T18:00:14.255616+00:00
826,5,row_025,Bruzz,General,gemini,A,,A,True,False,"In the following sentence, what does ""Bruzz"" mean?
Whats up bruzz?

Select only one answer.
A) A term for friends
B) the playful act of taking a friend's food
C) To show off
D) when a reply gets more than the original post

Respond with only the letter of your answer (A, B, C, or D).",A,2026-06-12T18:00:16.880648+00:00
827,5,row_026,Bussin',General,gemini,C,,C,True,False,"In the following sentence, what does ""Bussin'"" mean?
This pizza is bussin, on god!

Select only one answer.
A) Fuckboy, someone just looking for sex
B) Mercedes Benz G class
C) Very good
D) to recoil in distaste

Respond with only the letter of your answer (A, B, C, or D).",C,2026-06-12T18:00:19.407011+00:00
828,5,row_027,Cake,Sexual,gemini,A,D,A,True,False,"In the following sentence, what does ""Cake"" mean?
Shes looking real caked up!

Select only one answer.
A) A reference for ass
B) To be honest about something
C) A hot dog
D) a breadlike food made from a dough or batter that is usually fried or baked in small flat shapes and is often unleavened

Respond with only the letter of your answer (A, B, C, or D).",A,2026-06-12T18:00:22.583129+00:00
829,5,row_028,Cap,General,gemini,D,B,D,True,False,"In the following sentence, what does ""Cap"" mean?
You're cappin. No way.

Select only one answer.
A) A significant problem
B) a head covering especially with a visor and no brim
C) Crack cocaine
D) Something untrue or unbeleivable

Respond with only the letter of your answer (A, B, C, or D).",D,2026-06-12T18:00:25.481386+00:00
830,5,row_029,Chad,Identity,gemini,B,D,B,True,False,"In the following sentence, what does ""Chad"" mean?
That was a total chad move.

Select only one answer.
A) bullets
B) A stereotypical alpha male that is strong, handsome, and attracts women.
C) A hot dog
D) small pieces of paper or cardboard produced in punching paper tape or data cards; also : a piece of chad.

Respond with only the letter of your answer (A, B, C, or D).",B,2026-06-12T18:00:28.043856+00:00
831,5,row_030,Chaddam,Identity,gemini,B,,B,True,False,"In the following sentence, what does ""Chaddam"" mean?
Did you see the chaddam at the restraunt earlier?

Select only one answer.
A) To shoot ones shot.
B) An incel term for an attractive middle eastern man
C) crazy or erratic
D) A glock pistol

Respond with only the letter of your answer (A, B, C, or D).",B,2026-06-12T18:00:32.251134+00:00
832,5,row_031,Chang,Drugs,gemini,D,,D,True,False,"In the following sentence, what does ""Chang"" mean?
Hey , you got a hookup for chang?

Select only one answer.
A) A term to support someone going through a gender change.
B) Someone that is boring
C) A near superhuman perfect male
D) cocaine

Respond with only the letter of your answer (A, B, C, or D).",D,2026-06-12T18:00:34.780363+00:00
833,5,row_032,Chat,General,gemini,A,C,A,True,False,"In the following sentence, what does ""Chat"" mean?
Chat, how does this look?

Select only one answer.
A) To refer to ones imaginary audience like an internet steamer
B) An emotional meltdown
C) chatter, prattle
D) A canister of nitrous oxide

Respond with only the letter of your answer (A, B, C, or D).",A,2026-06-12T18:00:37.298549+00:00
834,5,row_033,Cheeks,General,gemini,B,A,B,True,False,"In the following sentence, what does ""Cheeks"" mean?
That movie was cheeks.

Select only one answer.
A) the fleshy side of the face below the eye and above and to the side of the mouth
B) Somehting that is poor quality
C) A cigarette
D) Someone that is too left leaning politically

Respond with only the letter of your answer (A, B, C, or D).",B,2026-06-12T18:00:40.052171+00:00
835,5,row_034,chenta,Insult,gemini,A,,A,True,False,"In the following sentence, what does ""chenta"" mean?
You are looking really chenta.

Select only one answer.
A) Something ugly or unattractive
B) To knock someone out
C) Something untrue or unbeleivable
D) Somehting that is poor quality

Respond with only the letter of your answer (A, B, C, or D).",A,2026-06-12T18:00:43.329208+00:00
836,5,row_035,cheugy,Insult,gemini,B,,B,True,False,"In the following sentence, what does ""cheugy"" mean?
That girl had such a cheugy outfit.

Select only one answer.
A) You're on Your own
B) Somehting uncool or unfashionable
C) When something hidden gets called out
D) something intense, aggressive, and unfiltered

Respond with only the letter of your answer (A, B, C, or D).",B,2026-06-12T18:00:46.129171+00:00
837,5,row_036,chi-mo,Identity,gemini,B,,B,True,False,"In the following sentence, what does ""chi-mo"" mean?
Go fuck that chi-mo up.

Select only one answer.
A) An unpopular opinion
B) A chlid molestor
C) Mercedes Benz G class
D) Friends with benefits

Respond with only the letter of your answer (A, B, C, or D).",B,2026-06-12T18:00:48.652729+00:00
838,5,row_037,Chungus,General,gemini,D,,D,True,False,"In the following sentence, what does ""Chungus"" mean?
Thats a very chungus pizza.

Select only one answer.
A) Someone that is too left leaning politically
B) Throwing something
C) To be fierce and unapologetic withing a social situation
D) Something that is adorably and chunky

Respond with only the letter of your answer (A, B, C, or D).",D,2026-06-12T18:00:51.476446+00:00
839,5,row_038,Clocked,Violence,gemini,A,D,A,True,False,"In the following sentence, what does ""Clocked"" mean?
He totally clocked that guy.

Select only one answer.
A) When something hidden gets called out
B) An unpopular opinion
C) Someone who is the last person to leave a location and the first to come back in the morning
D) to time with a stopwatch or by an electric timing device

Respond with only the letter of your answer (A, B, C, or D).",A,2026-06-12T18:00:57.541033+00:00
840,5,row_039,Cooked,General,gemini,B,D,B,True,False,"In the following sentence, what does ""Cooked"" mean?
You're cooked

Select only one answer.
A) A canabis based cigarette that needs two paper rolls
B) Done or ruined
C) Someone that is boring
D) past tense and past participle of cook

Respond with only the letter of your answer (A, B, C, or D).",B,2026-06-12T18:01:00.827718+00:00
841,5,row_040,coota suit,Identity,gemini,D,,D,True,False,"In the following sentence, what does ""coota suit"" mean?
Im gonna hit the town in my coota suit.

Select only one answer.
A) To express disbelief
B) A significant other
C) To keep secretive or obscure
D) An all denim outfit

Respond with only the letter of your answer (A, B, C, or D).",D,2026-06-12T18:01:04.156843+00:00
842,5,row_041,Crashout,General,gemini,B,C,B,True,False,"In the following sentence, what does ""Crashout"" mean?
Jen had a total crashout after her breakup

Select only one answer.
A) Talking too much
B) An emotional meltdown
C) a vehicular crash
D) A sudden feeling of disguest or repultion towards someone.

Respond with only the letter of your answer (A, B, C, or D).",B,2026-06-12T18:01:06.936679+00:00
843,5,row_042,Cringe,General,gemini,B,,B,True,False,"In the following sentence, what does ""Cringe"" mean?
Did you hear that pickup line? It was totally cringe!

Select only one answer.
A) A nicotine pouch held between the upper lip and gums
B) to recoil in distaste
C) A person who is very good at spotting a lie
D) An independent, strong person

Respond with only the letter of your answer (A, B, C, or D).",B,2026-06-12T18:01:09.731826+00:00
844,5,row_043,crower,Insult,gemini,C,,C,True,False,"In the following sentence, what does ""crower"" mean?
Stop sitting around and being a crower

Select only one answer.
A) An emotional meltdown
B) To be fierce and unapologetic withing a social situation
C) Someone who sitts around commenting about others
D) Describes activities or situations that are sexually aggressive

Respond with only the letter of your answer (A, B, C, or D).",C,2026-06-12T18:01:14.867785+00:00
845,5,row_044,cuck,Insult,gemini,B,C,C,False,True,"In the following sentence, what does ""cuck"" mean?
That guy must be a cuck letting his wife talk to others like that.

Select only one answer.
A) Someone that is too left leaning politically
B) A term for someone that enjoys watching their wife have sex with another man
C) a man whose wife is unfaithful : cuckold
D) A fool or a prick

Respond with only the letter of your answer (A, B, C, or D).","C

*(Note: While ""cuck"" is used here as a derogatory slang term implying the husband is weak or submissive, it is short for ""cuckold,"" which historically and literally refers to a man whose wife is unfaithful.)*",2026-06-12T18:01:22.337735+00:00
846,5,row_045,d-low,General,gemini,D,,D,True,False,"In the following sentence, what does ""d-low"" mean?
Keep it on the d-low, okay?

Select only one answer.
A) A stereotypical alpha male that is strong, handsome, and attracts women.
B) Very good
C) A term to support someone going through a gender change.
D) To keep secretive or obscure

Respond with only the letter of your answer (A, B, C, or D).",D,2026-06-12T18:01:24.746776+00:00
847,5,row_046,daggers,General,gemini,D,C,D,True,False,"In the following sentence, what does ""daggers"" mean?
Lets hit the dance floor and do the start daggering.

Select only one answer.
A) Prolonged masturbation
B) a bad charisma
C) a sharp pointed knife for stabbing
D) A provocative dance

Respond with only the letter of your answer (A, B, C, or D).",D,2026-06-12T18:01:27.610925+00:00
848,5,row_047,Ded,General,gemini,D,,D,True,False,"In the following sentence, what does ""Ded"" mean?
I'm ded

Select only one answer.
A) Fashionable or stylish
B) Someone who prepares for doomsday scenarios
C) To mastrubate for extremeely long period regularly
D) To metaphorically die of laughter

Respond with only the letter of your answer (A, B, C, or D).",D,2026-06-12T18:01:30.503102+00:00
849,5,row_048,Delulu,General,gemini,B,,B,True,False,"In the following sentence, what does ""Delulu"" mean?
I'm feeling delulu after that show.

Select only one answer.
A) Something that is messed up or not right.
B) Delusional
C) A sexual relationship developed from situations without clear future intentions
D) An incel term for an attractive middle eastern man

Respond with only the letter of your answer (A, B, C, or D).",B,2026-06-12T18:01:33.576404+00:00
850,5,row_049,Dog water,Insult,gemini,B,,B,True,False,"In the following sentence, what does ""Dog water"" mean?
You are playing like dog water.

Select only one answer.
A) a bad charisma
B) Something low quality or bad
C) Men that lack masculine characteristics
D) You're on Your own

Respond with only the letter of your answer (A, B, C, or D).",B,2026-06-12T18:01:36.389034+00:00
851,5,row_050,doommaxxing,Identity,gemini,A,,A,True,False,"In the following sentence, what does ""doommaxxing"" mean?
I'm just gonna be doommaxxing all weekend.

Select only one answer.
A) The abandonment of responsibilities
B) Something that is messed up or not right.
C) To stab or shoot
D) Friends with benefits

Respond with only the letter of your answer (A, B, C, or D).",A,2026-06-12T18:01:40.445679+00:00
852,5,row_051,Dope,General,gemini,D,A,D,True,False,"In the following sentence, what does ""Dope"" mean?
That car is dope.

Select only one answer.
A) a stupid person
B) To be honest about something
C) An affirmative agreement
D) Cool

Respond with only the letter of your answer (A, B, C, or D).",D,2026-06-12T18:01:42.798913+00:00
853,5,row_052,Drip,Identity,gemini,B,D,C,False,False,"In the following sentence, what does ""Drip"" mean?
How is the drip?

Select only one answer.
A) To be fierce and unapologetic withing a social situation
B) Stylish or flashy outfit style
C) A fashionable look
D) to let fall in drops

Respond with only the letter of your answer (A, B, C, or D).",C,2026-06-12T18:01:48.740873+00:00
854,5,row_053,DTF,Sexual,gemini,C,,C,True,False,"In the following sentence, what does ""DTF"" mean?
She was totally DTF after the first date.

Select only one answer.
A) An affirmative agreement
B) Epileptic fit from a synthetic canabis
C) Down to fuck
D) Cool

Respond with only the letter of your answer (A, B, C, or D).",C,2026-06-12T18:01:51.135122+00:00
855,5,row_054,dubs,General,gemini,A,B,A,True,False,"In the following sentence, what does ""dubs"" mean?
Take home the dubs!

Select only one answer.
A) To win
B) to add (sound effects or new dialogue) to a film or to a radio or television production —usually used with in
C) Done or ruined
D) someone that looks ordinary but is actually very strong

Respond with only the letter of your answer (A, B, C, or D).",A,2026-06-12T18:01:54.400617+00:00
856,5,row_055,epi,General,gemini,A,,A,True,False,"In the following sentence, what does ""epi"" mean?
Watch out, hes going through an epi.

Select only one answer.
A) Epileptic fit from a synthetic canabis
B) A term for bringing someone over to watch some netflix and then have sex.
C) A large ass that stands out.
D) Someone who is trying to get sexual attention overtly

Respond with only the letter of your answer (A, B, C, or D).",A,2026-06-12T18:01:57.429660+00:00
857,5,row_056,F,General,gemini,A,D,A,True,False,"In the following sentence, what does ""F"" mean?
I almost had that one. F.

Select only one answer.
A) To give sympathy or signify a failure
B) Something suspicious
C) Someone who deliberatly acts in ways to annoy or anger a group of people online.
D) the 6th letter of the English alphabet

Respond with only the letter of your answer (A, B, C, or D).",A,2026-06-12T18:02:00.648856+00:00
858,5,row_057,Fanum Tax,General,gemini,D,,D,True,False,"In the following sentence, what does ""Fanum Tax"" mean?
I was at dinner with my girl and she fanum taxed me.

Select only one answer.
A) Used to mock someone who doesnt think for themselves, says things repeatedly, or has no opinions
B) A term for someone that enjoys watching their wife have sex with another man
C) To mastrubate for extremeely long period regularly
D) the playful act of taking a friend's food

Respond with only the letter of your answer (A, B, C, or D).",D,2026-06-12T18:02:03.385134+00:00
859,5,row_058,FBOI,Sexual,gemini,C,,C,True,False,"In the following sentence, what does ""FBOI"" mean?
She just needs a FBOI to gegt out of her slump.

Select only one answer.
A) A reaction to something uncomfortable
B) Main Character - Someone that acts as if they are the star of a story
C) Fuckboy, someone just looking for sex
D) A fool or a prick

Respond with only the letter of your answer (A, B, C, or D).",C,2026-06-12T18:02:06.082917+00:00
860,5,row_059,Fire,General,gemini,D,B,D,True,False,"In the following sentence, what does ""Fire"" mean?
That game war fire!

Select only one answer.
A) when a reply gets more than the original post
B) the phenomenon of combustion manifested in light, flame, and heat
C) To manipulated, trick, or fool someone
D) Something really good

Respond with only the letter of your answer (A, B, C, or D).",D,2026-06-12T18:02:08.665173+00:00
861,5,row_060,Flex,General,gemini,D,C,D,True,False,"In the following sentence, what does ""Flex"" mean?
Vinny with the car flex.

Select only one answer.
A) A term for someone that enjoys watching their wife have sex with another man
B) Money
C) to bend especially repeatedly
D) To show off

Respond with only the letter of your answer (A, B, C, or D).",D,2026-06-12T18:02:11.552349+00:00
862,5,row_061,foid,Insult,gemini,B,,B,True,False,"In the following sentence, what does ""foid"" mean?
Their was this group of foids at the store earlier, I couldn't satnd them!

Select only one answer.
A) Somehting that is poor quality
B) A term used by incels to refer to women in a way that dehumanizes them.
C) Cancer
D) Weak or effeminate

Respond with only the letter of your answer (A, B, C, or D).",B,2026-06-12T18:02:14.712596+00:00
863,5,row_062,Fuckboy,Sexual,gemini,B,,B,True,False,"In the following sentence, what does ""Fuckboy"" mean?
That guy gave off total fuckboy energy.

Select only one answer.
A) Someone who prepares for doomsday scenarios
B) Fuckboy, someone just looking for sex
C) A criminal that turned their life arpound and are legitimate
D) To metaphorically die of laughter

Respond with only the letter of your answer (A, B, C, or D).",B,2026-06-12T18:02:17.466802+00:00
864,5,row_063,fuckwhistle,Insult,gemini,D,,D,True,False,"In the following sentence, what does ""fuckwhistle"" mean?
Get out of here you fuckwhistle!

Select only one answer.
A) To refer to ones imaginary audience like an internet steamer
B) Mercedes Benz G class
C) An unattractive girl
D) An insulting term to refer to someone as stupid

Respond with only the letter of your answer (A, B, C, or D).",D,2026-06-12T18:02:20.792703+00:00
865,5,row_064,Full send,General,gemini,D,,D,True,False,"In the following sentence, what does ""Full send"" mean?
I'm about to full send on this test!

Select only one answer.
A) bullets
B) Age Sex Location
C) Friends with benefits
D) Go in 100% on something

Respond with only the letter of your answer (A, B, C, or D).",D,2026-06-12T18:02:23.353418+00:00
866,5,row_065,FWB,Sexual,gemini,A,,A,True,False,"In the following sentence, what does ""FWB"" mean?
Yea, we started a FWB sort of thing.

Select only one answer.
A) Friends with benefits
B) A distinct trait, style, or outfit, often used in drag culture
C) Someone younger
D) Something ugly or unattractive

Respond with only the letter of your answer (A, B, C, or D).",A,2026-06-12T18:02:25.951256+00:00
867,5,row_066,G-wagon,General,gemini,D,,D,True,False,"In the following sentence, what does ""G-wagon"" mean?
Yo, check out that g-wagon!

Select only one answer.
A) An endeering term used towards ones significant other
B) Someone that travels abroad with the sole purpose of having sex
C) A term used to describe a baby raised in a gender neutral environment
D) Mercedes Benz G class

Respond with only the letter of your answer (A, B, C, or D).",D,2026-06-12T18:02:28.554192+00:00
868,5,row_067,gabadost,Identity,gemini,C,,C,True,False,"In the following sentence, what does ""gabadost"" mean?
Did you even listen to me? Gabadost!

Select only one answer.
A) A term for someone that enjoys watching their wife have sex with another man
B) Men that lack masculine characteristics
C) Someone who is very stubborn
D) A submissive male that is often outside of traditional social hierarchies

Respond with only the letter of your answer (A, B, C, or D).",C,2026-06-12T18:02:33.084283+00:00
869,5,row_068,Giga Chad,Identity,gemini,C,,C,True,False,"In the following sentence, what does ""Giga Chad"" mean?
Did you see how he lifted that? What a giga chad.

Select only one answer.
A) Someone weak or a follower
B) A distinct trait, style, or outfit, often used in drag culture
C) A near superhuman perfect male
D) To manipulated, trick, or fool someone

Respond with only the letter of your answer (A, B, C, or D).",C,2026-06-12T18:02:36.125874+00:00
870,5,row_069,Glazing,Insult,gemini,D,B,D,True,False,"In the following sentence, what does ""Glazing"" mean?
Stop glazing over One Piece, its not that good.

Select only one answer.
A) Someone that tries really hard to impress their crush
B) the action, process, or trade of fitting windows with glass
C) A hot dog
D) Someone that is too much of a fan of something

Respond with only the letter of your answer (A, B, C, or D).",D,2026-06-12T18:02:39.262449+00:00
871,5,row_070,Glee,Violence,gemini,B,A,B,True,False,"In the following sentence, what does ""Glee"" mean?
Grab your glee and get outta here!

Select only one answer.
A) exultant high-spirited joy : merriment
B) A glock pistol
C) An endeering term used towards ones significant other
D) an expression of surprise

Respond with only the letter of your answer (A, B, C, or D).",B,2026-06-12T18:02:43.520915+00:00
872,5,row_071,glitter,Identity,gemini,C,B,B,False,True,"In the following sentence, what does ""glitter"" mean?
Go out htere and glittter!

Select only one answer.
A) A dance move
B) to shine by reflection with many small flashes of brilliant light : sparkle
C) A term to support someone going through a gender change.
D) Someone who is the last person to leave a location and the first to come back in the morning

Respond with only the letter of your answer (A, B, C, or D).",B,2026-06-12T18:02:46.679093+00:00
873,5,row_072,glizzy,General,gemini,A,,A,True,False,"In the following sentence, what does ""glizzy"" mean?
Hey, lets grab some costco glizzys before we go.

Select only one answer.
A) A hot dog
B) A term to discuss sexual experiences
C) A term for friends
D) A submissive male that is often outside of traditional social hierarchies

Respond with only the letter of your answer (A, B, C, or D).",A,2026-06-12T18:02:49.596601+00:00
874,5,row_073,Goated,General,gemini,A,,A,True,False,"In the following sentence, what does ""Goated"" mean?
That play was goated

Select only one answer.
A) The greatest of all time
B) Friends with benefits
C) Something low quality or bad
D) A fashionable look

Respond with only the letter of your answer (A, B, C, or D).",A,2026-06-12T18:02:51.874689+00:00
875,5,row_074,Gooning,Sexual,gemini,A,,A,True,False,"In the following sentence, what does ""Gooning"" mean?
He looks like he was gooning all break

Select only one answer.
A) Prolonged masturbation
B) To express disappointment dramatically
C) Something that is adorably and chunky
D) a bad charisma

Respond with only the letter of your answer (A, B, C, or D).",A,2026-06-12T18:02:54.943503+00:00
876,5,row_075,goonmaxxing,Identity,gemini,A,,A,True,False,"In the following sentence, what does ""goonmaxxing"" mean?
He's been spending all summer goonmaxxing in his room

Select only one answer.
A) To mastrubate for extremeely long period regularly
B) A term of endearment for a significant other
C) a significant other
D) Someone who acts tries to act entertaining and amuzingly relentlessly

Respond with only the letter of your answer (A, B, C, or D).",A,2026-06-12T18:02:57.638222+00:00
877,5,row_076,gouda,General,gemini,B,D,B,True,False,"In the following sentence, what does ""gouda"" mean?
Stop being so gouda.

Select only one answer.
A) To be high or drunk
B) Someone unappealing
C) To tie up an arm to isolate a vein for injecting a drug
D) a mild cheese of Dutch origin that is similar to Edam but contains more fat

Respond with only the letter of your answer (A, B, C, or D).",B,2026-06-12T18:03:18.513215+00:00
878,5,row_077,greazy,Insult,gemini,C,,C,True,False,"In the following sentence, what does ""greazy"" mean?
You lookin greazy today.

Select only one answer.
A) Used to mock someone who doesnt think for themselves, says things repeatedly, or has no opinions
B) Irritated, bitter, or resentful
C) Poorly dressed
D) Men that lack masculine characteristics

Respond with only the letter of your answer (A, B, C, or D).",C,2026-06-12T18:03:24.759890+00:00
879,5,row_078,Griddy,General,gemini,C,,C,True,False,"In the following sentence, what does ""Griddy"" mean?
Hit the griddy!

Select only one answer.
A) Saying something secretive or to keep low profile
B) A significant other
C) A dance move
D) An unattractive girl

Respond with only the letter of your answer (A, B, C, or D).",C,2026-06-12T18:03:26.863293+00:00
880,5,row_079,grips up,Violence,gemini,A,,A,True,False,"In the following sentence, what does ""grips up"" mean?
grips up, we gotta head out.

Select only one answer.
A) To prepare for a fight
B) Someone who sitts around commenting about others
C) An incel term for an attractive middle eastern man
D) The greatest of all time

Respond with only the letter of your answer (A, B, C, or D).",A,2026-06-12T18:03:34.966428+00:00
881,5,row_080,Gyatt,General,gemini,C,,C,True,False,"In the following sentence, what does ""Gyatt"" mean?
Oh, my gyatt, I really wanna see you.

Select only one answer.
A) Short for Bitch
B) Gossip
C) an expression of surprise
D) Talking too much

Respond with only the letter of your answer (A, B, C, or D).",C,2026-06-12T18:03:38.188578+00:00
882,5,row_081,haps,General,gemini,C,,C,True,False,"In the following sentence, what does ""haps"" mean?
haps tonight?

Select only one answer.
A) Cancer
B) A submissive male that is often outside of traditional social hierarchies
C) Short for happening
D) Charisma

Respond with only the letter of your answer (A, B, C, or D).",C,2026-06-12T18:03:41.002129+00:00
883,5,row_082,hem up,General,gemini,D,,D,True,False,"In the following sentence, what does ""hem up"" mean?
Bro, don't hem up.

Select only one answer.
A) To tie up an arm to isolate a vein for injecting a drug
B) Used to mock someone who doesnt think for themselves, says things repeatedly, or has no opinions
C) The videos one find on social media that cause people to scroll and do nothign for hours
D) To get arrested

Respond with only the letter of your answer (A, B, C, or D).",D,2026-06-12T18:03:44.642741+00:00
884,5,row_083,highkey,General,gemini,D,A,D,True,False,"In the following sentence, what does ""highkey"" mean?
Highkey, this place is great!

Select only one answer.
A) having or producing light tones only with little contrast —used of a photographic print or subject or of the lighting of a photographic subject
B) a bad charisma
C) when a reply gets more than the original post
D) intensely and openely say something true

Respond with only the letter of your answer (A, B, C, or D).",D,2026-06-12T18:03:48.127747+00:00
885,5,row_084,Hits different,General,gemini,A,,A,True,False,"In the following sentence, what does ""Hits different"" mean?
This hot dog hits different.

Select only one answer.
A) Something very good
B) crazy or erratic
C) A charismatic, sexy, and quick witted man
D) Friends with benefits

Respond with only the letter of your answer (A, B, C, or D).",A,2026-06-12T18:03:50.755623+00:00
886,5,row_085,Ick,Insult,gemini,B,,B,True,False,"In the following sentence, what does ""Ick"" mean?
His hairdue gave me the ick.

Select only one answer.
A) To express excitement or approval for something
B) A sudden feeling of disguest or repultion towards someone.
C) To give sympathy or signify a failure
D) The anus

Respond with only the letter of your answer (A, B, C, or D).",B,2026-06-12T18:03:53.772711+00:00
887,5,row_086,IJBOL,General,gemini,C,,C,True,False,"In the following sentence, what does ""IJBOL"" mean?
That was aso funny. IJBOL!

Select only one answer.
A) A descriptor for an attractive person
B) Acting crazily
C) I just burst out laughing
D) Used to refer to the social media platforms one uses

Respond with only the letter of your answer (A, B, C, or D).",C,2026-06-12T18:03:56.275593+00:00
888,5,row_087,Ipad Kid,General,gemini,B,,B,True,False,"In the following sentence, what does ""Ipad Kid"" mean?
They are just a bunch of Ipad kids.

Select only one answer.
A) Ironically used to describe one as unique
B) used to mock spoiled kids
C) Fuckboy, someone just looking for sex
D) Age Sex Location

Respond with only the letter of your answer (A, B, C, or D).",B,2026-06-12T18:03:59.489552+00:00
889,5,row_088,Jebaited,General,gemini,B,,B,True,False,"In the following sentence, what does ""Jebaited"" mean?
Get jebaited!

Select only one answer.
A) To mastrubate for extremeely long period regularly
B) To manipulated, trick, or fool someone
C) Someone that is boring
D) A man that takes care of children

Respond with only the letter of your answer (A, B, C, or D).",B,2026-06-12T18:04:02.059596+00:00
890,5,row_089,jestermaxxing,Identity,gemini,C,,C,True,False,"In the following sentence, what does ""jestermaxxing"" mean?
Tommy's jestermaxxing in class just to annoy the teacher.

Select only one answer.
A) A term used to describe a baby raised in a gender neutral environment
B) I just burst out laughing
C) Someone who acts tries to act entertaining and amuzingly relentlessly
D) The vagina

Respond with only the letter of your answer (A, B, C, or D).",C,2026-06-12T18:04:05.241256+00:00
891,5,row_090,Jit,Insult,gemini,D,,D,True,False,"In the following sentence, what does ""Jit"" mean?
Who is this jit?

Select only one answer.
A) Something untrue or unbeleivable
B) Something that appears mundane but has hidden potential
C) An unpopular opinion
D) Someone younger

Respond with only the letter of your answer (A, B, C, or D).",D,2026-06-12T18:04:07.707237+00:00
892,5,row_091,K.Y. cowboy,Insult,gemini,B,,B,True,False,"In the following sentence, what does ""K.Y. cowboy"" mean?
Stop being such a K.Y. cowboy.

Select only one answer.
A) A term used to describe a baby raised in a gender neutral environment
B) A homosexual cowboy
C) Used to address friends with exasperation, releif, or disbeleif.
D) Somehting uncool or unfashionable

Respond with only the letter of your answer (A, B, C, or D).",B,2026-06-12T18:04:12.733657+00:00
893,5,row_092,keep it 100,General,gemini,C,,C,True,False,"In the following sentence, what does ""keep it 100"" mean?
Keep it 100, dod you see her last night?

Select only one answer.
A) Something really good
B) sweet talk
C) To be honest about something
D) A loss or failure

Respond with only the letter of your answer (A, B, C, or D).",C,2026-06-12T18:04:15.271546+00:00
894,5,row_093,KHHV,Insult,gemini,A,,A,True,False,"In the following sentence, what does ""KHHV"" mean?
Looks like a total KHHV.

Select only one answer.
A) An incel term meaning kissless, hugless, handholdless virgin
B) To win
C) Men that lack masculine characteristics
D) To be skeptical about something

Respond with only the letter of your answer (A, B, C, or D).",A,2026-06-12T18:04:17.743427+00:00
895,5,row_094,knot off,Drugs,gemini,C,,C,True,False,"In the following sentence, what does ""knot off"" mean?
Get ready to knot off, I have the H.

Select only one answer.
A) To show off
B) An independent, strong person
C) To tie up an arm to isolate a vein for injecting a drug
D) Sociopath

Respond with only the letter of your answer (A, B, C, or D).",C,2026-06-12T18:04:20.763130+00:00
896,5,row_095,kweff,Violence,gemini,A,,A,True,False,"In the following sentence, what does ""kweff"" mean?
Lock, aim, and kweff.

Select only one answer.
A) To stab or shoot
B) An emotional meltdown
C) A term used by incels to refer to women in a way that dehumanizes them.
D) A dance move

Respond with only the letter of your answer (A, B, C, or D).",A,2026-06-12T18:04:24.291112+00:00
897,5,row_096,L,General,gemini,C,D,C,True,False,"In the following sentence, what does ""L"" mean?
We took the L at the basketball match.

Select only one answer.
A) An independent, strong person
B) To express excitement or approval for something
C) A loss or failure
D) the 12th letter of the English alphabet

Respond with only the letter of your answer (A, B, C, or D).",C,2026-06-12T18:04:27.046485+00:00
898,5,row_097,lacag,General,gemini,B,,B,True,False,"In the following sentence, what does ""lacag"" mean?
I'll be out making lacag.

Select only one answer.
A) Someone who sitts around commenting about others
B) Money
C) A man that takes care of children
D) Used to address friends with exasperation, releif, or disbeleif.

Respond with only the letter of your answer (A, B, C, or D).",B,2026-06-12T18:04:29.669330+00:00
899,5,row_098,larp,General,gemini,B,,B,True,False,"In the following sentence, what does ""larp"" mean?
I went to a LARP at the park this weekend.

Select only one answer.
A) A fashionable look
B) a live-action role-playing game in which a group of people enacts a fictional scenario (such as a fantasy adventure) in real time typically under the guidance of a facilitator or organizer; also : the activity of participating in such games : larping
C) Someone who is the last person to leave a location and the first to come back in the morning
D) An affirmative agreement

Respond with only the letter of your answer (A, B, C, or D).",B,2026-06-12T18:04:32.068760+00:00
900,5,row_099,lewk,General,gemini,A,,A,True,False,"In the following sentence, what does ""lewk"" mean?
Jim is using his signature lewk tonight.

Select only one answer.
A) A distinct trait, style, or outfit, often used in drag culture
B) Someone unappealing
C) An expression of disappointment
D) The abandonment of responsibilities

Respond with only the letter of your answer (A, B, C, or D).",A,2026-06-12T18:04:34.560818+00:00
901,5,row_100,lidge,General,gemini,D,,D,True,False,"In the following sentence, what does ""lidge"" mean?
I'm gettin money lidge.

Select only one answer.
A) Someone that travels abroad with the sole purpose of having sex
B) A strong, leader who commands those around them
C) sex
D) A criminal that turned their life arpound and are legitimate

Respond with only the letter of your answer (A, B, C, or D).",D,2026-06-12T18:04:38.359827+00:00
902,5,row_101,lifemaxxing,Identity,gemini,D,,D,True,False,"In the following sentence, what does ""lifemaxxing"" mean?
Shes's reallly been trying to lifemax these past few months.

Select only one answer.
A) To refer to ones imaginary audience like an internet steamer
B) Fashionable or stylish
C) Something that is adorably and chunky
D) To make lifestyle changes to make your life more holistic

Respond with only the letter of your answer (A, B, C, or D).",D,2026-06-12T18:04:41.305847+00:00
903,5,row_102,looksmaxxing,Identity,gemini,B,,B,True,False,"In the following sentence, what does ""looksmaxxing"" mean?
The looksmaxxing community

Select only one answer.
A) A cigarette
B) To focus on making one as physically attractive as possible
C) A stereotypical alpha male that is strong, handsome, and attracts women.
D) A dance move

Respond with only the letter of your answer (A, B, C, or D).",B,2026-06-12T18:04:44.056981+00:00
904,5,row_103,lotion,General,gemini,A,D,A,True,False,"In the following sentence, what does ""lotion"" mean?
Lemme go lotion her up for you.

Select only one answer.
A) sweet talk
B) To knock someone out
C) Someone who deliberatly acts in ways to annoy or anger a group of people online.
D) a liquid preparation for cosmetic or external medicinal use

Respond with only the letter of your answer (A, B, C, or D).",A,2026-06-12T18:04:48.155468+00:00
905,5,row_104,Low Key,General,gemini,A,B,A,True,False,"In the following sentence, what does ""Low Key"" mean?
Low key, I want some ice cream.

Select only one answer.
A) Saying something secretive or to keep low profile
B) having or producing dark tones only with little contrast
C) Something really good
D) Something that appears mundane but has hidden potential

Respond with only the letter of your answer (A, B, C, or D).",A,2026-06-12T18:04:50.853104+00:00
906,5,row_105,main character,General,gemini,D,,D,True,False,"In the following sentence, what does ""main character"" mean?
You give off main character energy.

Select only one answer.
A) Fuckboy, someone just looking for sex
B) intensely and openely say something true
C) Someone who is the last person to leave a location and the first to come back in the morning
D) Main Character - Someone that acts as if they are the star of a story

Respond with only the letter of your answer (A, B, C, or D).",D,2026-06-12T18:04:53.375321+00:00
907,5,row_106,manny,Insult,gemini,B,,B,True,False,"In the following sentence, what does ""manny"" mean?
Look at the guy, he's just a manny.

Select only one answer.
A) Delusional
B) A man that takes care of children
C) A term for friends
D) A chlid molestor

Respond with only the letter of your answer (A, B, C, or D).",B,2026-06-12T18:04:55.782748+00:00
908,5,row_107,mascara,Sexual,gemini,C,A,C,True,False,"In the following sentence, what does ""mascara"" mean?
I lost my mascara for 5 years, but then I found it again, and I love it even more now.

Select only one answer.
A) a cosmetic especially for making the eyelashes darker and more prominent
B) A provocative dance
C) A term to discuss sexual experiences
D) To metaphorically die of laughter

Respond with only the letter of your answer (A, B, C, or D).",C,2026-06-12T18:05:07.838594+00:00
909,5,row_108,Mewing,Identity,gemini,C,D,C,True,False,"In the following sentence, what does ""Mewing"" mean?
You've gotta start mewing to increase your status in society.

Select only one answer.
A) A sexual relationship developed from situations without clear future intentions
B) Saying something secretive or to keep low profile
C) To make a jawline more defined
D) to utter a mew or similar sound

Respond with only the letter of your answer (A, B, C, or D).",C,2026-06-12T18:05:11.254221+00:00
910,5,row_109,Mid,General,gemini,C,,C,True,False,"In the following sentence, what does ""Mid"" mean?
That was a mid burger.

Select only one answer.
A) Cool
B) Used to address friends with exasperation, releif, or disbeleif.
C) Mediocre
D) To express disbelief

Respond with only the letter of your answer (A, B, C, or D).",C,2026-06-12T18:05:13.502866+00:00
911,5,row_110,minghiun,Insult,gemini,D,,D,True,False,"In the following sentence, what does ""minghiun"" mean?
Stop being a minghiun.

Select only one answer.
A) A hot dog
B) A reference for ass
C) A commonplace person
D) A fool or a prick

Respond with only the letter of your answer (A, B, C, or D).",D,2026-06-12T18:05:16.468447+00:00
912,5,row_111,nang,Drugs,gemini,B,,B,True,False,"In the following sentence, what does ""nang"" mean?
Dude, grab the nang, I wanna feel free.

Select only one answer.
A) Done or ruined
B) A canister of nitrous oxide
C) A term for friends
D) Fuckboy, someone just looking for sex

Respond with only the letter of your answer (A, B, C, or D).",B,2026-06-12T18:05:19.835652+00:00
913,5,row_112,Negative Aura,Insult,gemini,C,,C,True,False,"In the following sentence, what does ""Negative Aura"" mean?
She's giving off negative aura.

Select only one answer.
A) Cancer
B) The videos one find on social media that cause people to scroll and do nothign for hours
C) a bad charisma
D) To stab or shoot

Respond with only the letter of your answer (A, B, C, or D).",C,2026-06-12T18:05:22.259879+00:00
914,5,row_113,Netflix and Chill,Sexual,gemini,B,,B,True,False,"In the following sentence, what does ""Netflix and Chill"" mean?
Wanna come back to my place and Netflix and Chill?

Select only one answer.
A) Saying something secretive or to keep low profile
B) A term for bringing someone over to watch some netflix and then have sex.
C) A man that is feminine in nature
D) To keep secretive or obscure

Respond with only the letter of your answer (A, B, C, or D).",B,2026-06-12T18:05:24.286286+00:00
915,5,row_114,next-level,General,gemini,C,,C,True,False,"In the following sentence, what does ""next-level"" mean?
That movie was next level!

Select only one answer.
A) A term for someone that enjoys watching their wife have sex with another man
B) To be fierce and unapologetic withing a social situation
C) Something that is better then everything else
D) You're on Your own

Respond with only the letter of your answer (A, B, C, or D).",C,2026-06-12T18:05:27.624844+00:00
916,5,row_115,NPC,Insult,gemini,C,A,C,True,False,"In the following sentence, what does ""NPC"" mean?
Stop being such an NPC.

Select only one answer.
A) a character in a video game that does not represent and cannot be manipulated by a player —called also non-player character
B) A kilo of cocaine
C) Used to mock someone who doesnt think for themselves, says things repeatedly, or has no opinions
D) A sexual relationship developed from situations without clear future intentions

Respond with only the letter of your answer (A, B, C, or D).",C,2026-06-12T18:05:30.753748+00:00
917,5,row_116,Omega,Identity,gemini,C,D,C,True,False,"In the following sentence, what does ""Omega"" mean?
Those were some real omega moves right there.

Select only one answer.
A) To give sympathy or signify a failure
B) To knock someone out
C) A submissive male that is often outside of traditional social hierarchies
D) the 24th and last letter of the Greek alphabet

Respond with only the letter of your answer (A, B, C, or D).",C,2026-06-12T18:05:35.295102+00:00
918,5,row_117,on the regs,General,gemini,D,,D,True,False,"In the following sentence, what does ""on the regs"" mean?
I stop by the coffee shop on the regs.

Select only one answer.
A) An endeering term used towards ones significant other
B) Someone weak or a follower
C) A canabis based cigarette that needs two paper rolls
D) Something done regularly

Respond with only the letter of your answer (A, B, C, or D).",D,2026-06-12T18:05:37.826621+00:00
919,5,row_118,oof,General,gemini,A,,A,True,False,"In the following sentence, what does ""oof"" mean?
Oof, that was rough.

Select only one answer.
A) A reaction to something uncomfortable
B) An unattractive girl
C) Saying something secretive or to keep low profile
D) A commonplace person

Respond with only the letter of your answer (A, B, C, or D).",A,2026-06-12T18:05:40.822719+00:00
920,5,row_119,ooga-booga,Sexual,gemini,B,,B,True,False,"In the following sentence, what does ""ooga-booga"" mean?
Me want ooga-booga!

Select only one answer.
A) To do something impressive
B) The vagina
C) Men that lack masculine characteristics
D) To manipulated, trick, or fool someone

Respond with only the letter of your answer (A, B, C, or D).",B,2026-06-12T18:05:46.865802+00:00
921,5,row_120,Orange Crush,Drugs,gemini,B,,B,True,False,"In the following sentence, what does ""Orange Crush"" mean?
ets grab some of that orange crush tonight!

Select only one answer.
A) An affirmative agreement
B) A type of marijuana
C) A sexual relationship developed from situations without clear future intentions
D) Someone that is too much of a fan of something

Respond with only the letter of your answer (A, B, C, or D).",B,2026-06-12T18:05:50.815833+00:00
922,5,row_121,OTP,General,gemini,A,,A,True,False,"In the following sentence, what does ""OTP"" mean?
Him and her are the OTP.

Select only one answer.
A) One True Pairing
B) When you are outnumbered in a fight and call black people for the win
C) Someone that is too much of a fan of something
D) I just burst out laughing

Respond with only the letter of your answer (A, B, C, or D).",A,2026-06-12T18:05:53.554503+00:00
923,5,row_122,packers,Insult,gemini,B,D,B,True,False,"In the following sentence, what does ""packers"" mean?
Thats just a group of packers over there, don't waste your time.

Select only one answer.
A) Someone who is the last person to leave a location and the first to come back in the morning
B) fake soft penises and testicles designed to give a 'male' bulge to the crotches of female-to-male transsexuals.
C) Very good
D) one that packs

Respond with only the letter of your answer (A, B, C, or D).",B,2026-06-12T18:06:13.065143+00:00
924,5,row_123,passa passa,General,gemini,B,,B,True,False,"In the following sentence, what does ""passa passa"" mean?
I don't want any passa passa now.

Select only one answer.
A) Someone who prepares for doomsday scenarios
B) A loud and messy conflict
C) A mauser C96 pistol
D) To manipulated, trick, or fool someone

Respond with only the letter of your answer (A, B, C, or D).",B,2026-06-12T18:06:16.131668+00:00
925,5,row_124,passport bro,Sexual,gemini,B,,B,True,False,"In the following sentence, what does ""passport bro"" mean?
A bunch of passport bro's just checked into the hotel.

Select only one answer.
A) Go in 100% on something
B) Someone that travels abroad with the sole purpose of having sex
C) Used to refer to the social media platforms one uses
D) a live-action role-playing game in which a group of people enacts a fictional scenario (such as a fantasy adventure) in real time typically under the guidance of a facilitator or organizer; also : the activity of participating in such games : larping

Respond with only the letter of your answer (A, B, C, or D).",B,2026-06-12T18:06:19.378646+00:00
926,5,row_125,Period,General,gemini,A,B,A,True,False,"In the following sentence, what does ""Period"" mean?
She is the best, period.

Select only one answer.
A) Ending the discussion on a topic
B) the completion of a cycle, a series of events, or a single action : conclusion
C) an expression of surprise
D) To win

Respond with only the letter of your answer (A, B, C, or D).",A,2026-06-12T18:06:21.870271+00:00
927,5,row_126,plegic,Drugs,gemini,A,,A,True,False,"In the following sentence, what does ""plegic"" mean?
That guy stumbled out very plegic.

Select only one answer.
A) drunk
B) To check the mood of a situation
C) Nonsensical term
D) The videos one find on social media that cause people to scroll and do nothign for hours

Respond with only the letter of your answer (A, B, C, or D).",A,2026-06-12T18:06:26.271646+00:00
928,5,row_127,poggers,General,gemini,C,,C,True,False,"In the following sentence, what does ""poggers"" mean?
Thats a poggers painting.

Select only one answer.
A) One True Pairing
B) A near superhuman perfect male
C) To express excitement or approval for something
D) Saying something secretive or to keep low profile

Respond with only the letter of your answer (A, B, C, or D).",C,2026-06-12T18:06:28.999424+00:00
929,5,row_128,Pookie,Sexual,gemini,A,,A,True,False,"In the following sentence, what does ""Pookie"" mean?
My pookie loves a smash burger.

Select only one answer.
A) A term of endearment for a significant other
B) Something that is reallly good.
C) Weak or effeminate
D) Acting crazily

Respond with only the letter of your answer (A, B, C, or D).",A,2026-06-12T18:06:31.392388+00:00
930,5,row_129,Pop off,General,gemini,C,D,C,True,False,"In the following sentence, what does ""Pop off"" mean?
I'm about to pop off!

Select only one answer.
A) To manipulated, trick, or fool someone
B) Main Character - Someone that acts as if they are the star of a story
C) To do something impressive
D) to die unexpectedly

Respond with only the letter of your answer (A, B, C, or D).",C,2026-06-12T18:06:34.975532+00:00
931,5,row_130,Posh and Becks,Sexual,gemini,D,,D,True,False,"In the following sentence, what does ""Posh and Becks"" mean?
Lets go back to my place and have the posh and becks.

Select only one answer.
A) A man that takes care of children
B) Money
C) One True Pairing
D) sex

Respond with only the letter of your answer (A, B, C, or D).",D,2026-06-12T18:06:38.387106+00:00
932,5,row_131,prepper,Insult,gemini,C,,C,True,False,"In the following sentence, what does ""prepper"" mean?
We have a prepper down the block. They are kindof crazy, but its nice to know where to go.

Select only one answer.
A) Something untrue or unbeleivable
B) An insulting term to refer to someone as stupid
C) Someone who prepares for doomsday scenarios
D) A nicotine pouch held between the upper lip and gums

Respond with only the letter of your answer (A, B, C, or D).",C,2026-06-12T18:06:40.923588+00:00
933,5,row_132,Prison pocket,General,gemini,A,,A,True,False,"In the following sentence, what does ""Prison pocket"" mean?
Hold it in your prison pocket.

Select only one answer.
A) The anus
B) The videos one find on social media that cause people to scroll and do nothign for hours
C) sex
D) A term of endearment for a significant other

Respond with only the letter of your answer (A, B, C, or D).",A,2026-06-12T18:06:43.400724+00:00
934,5,row_133,Put the fries in the bag,General,gemini,D,,D,True,False,"In the following sentence, what does ""Put the fries in the bag"" mean?
You're taking too long. Put the fires in the bag.

Select only one answer.
A) A homosexual cowboy
B) Something that is reallly good.
C) To express disbelief
D) Get to the point

Respond with only the letter of your answer (A, B, C, or D).",D,2026-06-12T18:06:46.961429+00:00
935,5,row_134,Quirky,Insult,gemini,C,B,B,False,True,"In the following sentence, what does ""Quirky"" mean?
I'm so quirky!

Select only one answer.
A) To confim that something was completed to expectation
B) having many quirks : unusual in especially an interesting or appealing way
C) Ironically used to describe one as unique
D) the playful act of taking a friend's food

Respond with only the letter of your answer (A, B, C, or D).",B,2026-06-12T18:06:49.756687+00:00
936,5,row_135,rago,Insult,gemini,D,,D,True,False,"In the following sentence, what does ""rago"" mean?
It was just how rago he was.

Select only one answer.
A) a bad charisma
B) The videos one find on social media that cause people to scroll and do nothign for hours
C) Something suspicious
D) Someone acting aggressively and out of control

Respond with only the letter of your answer (A, B, C, or D).",D,2026-06-12T18:06:54.897122+00:00
937,5,row_136,rapey,Sexual,gemini,B,,B,True,False,"In the following sentence, what does ""rapey"" mean?
That guy at the bar was feeling pretty rapey.

Select only one answer.
A) An insulting term to refer to someone as stupid
B) Describes activities or situations that are sexually aggressive
C) A glock pistol
D) A provocative dance

Respond with only the letter of your answer (A, B, C, or D).",B,2026-06-12T18:06:57.518312+00:00
938,5,row_137,Ratio,General,gemini,C,A,C,True,False,"In the following sentence, what does ""Ratio"" mean?
Ratio if you like pizza.

Select only one answer.
A) the indicated quotient of two mathematical expressions
B) To express disappointment dramatically
C) when a reply gets more than the original post
D) A canister of nitrous oxide

Respond with only the letter of your answer (A, B, C, or D).",C,2026-06-12T18:07:01.087911+00:00
939,5,row_138,raw,General,gemini,A,B,A,True,False,"In the following sentence, what does ""raw"" mean?
He's been hitting the vape raw lately.

Select only one answer.
A) something intense, aggressive, and unfiltered
B) not cooked
C) bullets
D) To make lifestyle changes to make your life more holistic

Respond with only the letter of your answer (A, B, C, or D).",A,2026-06-12T18:07:04.059496+00:00
940,5,row_139,RIP (me),General,gemini,B,,B,True,False,"In the following sentence, what does ""RIP (me)"" mean?
I think I just failed that test. RIP me.

Select only one answer.
A) something intense, aggressive, and unfiltered
B) To express disappointment dramatically
C) An endeering term used towards ones significant other
D) An independent, strong person

Respond with only the letter of your answer (A, B, C, or D).",B,2026-06-12T18:07:06.730959+00:00
941,5,row_140,Rizz,General,gemini,C,,C,True,False,"In the following sentence, what does ""Rizz"" mean?
The rizz you have today is stunning!

Select only one answer.
A) A rule used by some for dating that refers to someone who is six feet tall, has a 6 figure income, and has six-pack abs
B) A cigarette
C) Charisma
D) Gossip

Respond with only the letter of your answer (A, B, C, or D).",C,2026-06-12T18:07:09.578447+00:00
942,5,row_141,Salty,Insult,gemini,A,C,A,True,False,"In the following sentence, what does ""Salty"" mean?
She's just salty that you have a boyfriend and she doesn't.

Select only one answer.
A) Irritated, bitter, or resentful
B) A canister of nitrous oxide
C) of, seasoned with, or containing salt
D) Go in 100% on something

Respond with only the letter of your answer (A, B, C, or D).",A,2026-06-12T18:07:12.104544+00:00
943,5,row_142,savage,General,gemini,C,A,C,True,False,"In the following sentence, what does ""savage"" mean?
That was a savage comeback you gave.

Select only one answer.
A) not domesticated or under human control : untamed
B) A glock pistol
C) To be fierce and unapologetic withing a social situation
D) A canabis based cigarette that needs two paper rolls

Respond with only the letter of your answer (A, B, C, or D).",C,2026-06-12T18:07:15.344154+00:00
944,5,row_143,Schizo,Insult,gemini,C,,C,True,False,"In the following sentence, what does ""Schizo"" mean?
Brians a total schitzo.

Select only one answer.
A) A term used to say that someone is online too much and needs to get back to real life
B) A term used to describe a baby raised in a gender neutral environment
C) crazy or erratic
D) Prolonged masturbation

Respond with only the letter of your answer (A, B, C, or D).",C,2026-06-12T18:07:18.233601+00:00
945,5,row_144,scuffed,Insult,gemini,C,D,C,True,False,"In the following sentence, what does ""scuffed"" mean?
The was a scuffed performance last night.

Select only one answer.
A) Ironically used to describe one as unique
B) An unattractive girl
C) Something that is messed up or not right.
D) to walk without lifting the feet : shuffle

Respond with only the letter of your answer (A, B, C, or D).",C,2026-06-12T18:07:21.803008+00:00
946,5,row_145,Shabba,General,gemini,D,,D,True,False,"In the following sentence, what does ""Shabba"" mean?
Shabba on point!

Select only one answer.
A) A nicotine pouch held between the upper lip and gums
B) A glock pistol
C) A term to discuss sexual experiences
D) Fashionable or stylish

Respond with only the letter of your answer (A, B, C, or D).",D,2026-06-12T18:07:27.928187+00:00
947,5,row_146,Sheesh,General,gemini,A,,A,True,False,"In the following sentence, what does ""Sheesh"" mean?
Sheesh! Thats crazy!

Select only one answer.
A) To express disbelief
B) As Fuck
C) The videos one find on social media that cause people to scroll and do nothign for hours
D) An endeering term used towards ones significant other

Respond with only the letter of your answer (A, B, C, or D).",A,2026-06-12T18:07:30.212475+00:00
948,5,row_147,Side eye,General,gemini,C,,C,True,False,"In the following sentence, what does ""Side eye"" mean?
Why are you giving him the side eye?

Select only one answer.
A) A nicotine pouch held between the upper lip and gums
B) A significant problem
C) To be skeptical about something
D) A term used by incels to refer to women in a way that dehumanizes them.

Respond with only the letter of your answer (A, B, C, or D).",C,2026-06-12T18:07:32.839953+00:00
949,5,row_148,Sigma,Identity,gemini,D,A,D,True,False,"In the following sentence, what does ""Sigma"" mean?
You are giving off sigma energy right now.

Select only one answer.
A) the 18th letter of the Greek alphabet
B) A kilo of cocaine
C) Someone that is too much of a fan of something
D) An independent, strong person

Respond with only the letter of your answer (A, B, C, or D).",D,2026-06-12T18:07:35.791297+00:00
950,5,row_149,Simp,Insult,gemini,D,C,D,True,False,"In the following sentence, what does ""Simp"" mean?
Stop being a simp over her!

Select only one answer.
A) Money
B) Cool
C) a foolish or stupid person : simpleton
D) Someone that tries really hard to impress their crush

Respond with only the letter of your answer (A, B, C, or D).",D,2026-06-12T18:07:38.531768+00:00
951,5,row_150,Situationship,Sexual,gemini,D,,D,True,False,"In the following sentence, what does ""Situationship"" mean?
Joe ended up in a situationship over the summer.

Select only one answer.
A) A reference for ass
B) a significant other
C) Someone unappealing
D) A sexual relationship developed from situations without clear future intentions

Respond with only the letter of your answer (A, B, C, or D).",D,2026-06-12T18:07:41.036926+00:00
952,5,row_151,Skeet,Sexual,gemini,D,B,D,True,False,"In the following sentence, what does ""Skeet"" mean?
He skeeted all over the court!

Select only one answer.
A) To express disbelief
B) trapshooting in which clay pigeons are thrown in such a way as to simulate the angles of flight of birds
C) Someone who refused to wear a mask in covid times.
D) To shoot ones shot.

Respond with only the letter of your answer (A, B, C, or D).",D,2026-06-12T18:07:45.427775+00:00
953,5,row_152,Skibidi,General,gemini,C,,C,True,False,"In the following sentence, what does ""Skibidi"" mean?
That's so skibidi.

Select only one answer.
A) Sociopath
B) A term for friends
C) Nonsensical term
D) You're on Your own

Respond with only the letter of your answer (A, B, C, or D).",C,2026-06-12T18:07:48.776493+00:00
954,5,row_153,Skill issue,Insult,gemini,D,,D,True,False,"In the following sentence, what does ""Skill issue"" mean?
You won't win. Its a skill issue.

Select only one answer.
A) To be high or drunk
B) A canister of nitrous oxide
C) Weak or effeminate
D) An insult saying that the problem is due to lack of skill rather then luck

Respond with only the letter of your answer (A, B, C, or D).",D,2026-06-12T18:07:51.128230+00:00
955,5,row_154,Slaps,General,gemini,D,A,D,True,False,"In the following sentence, what does ""Slaps"" mean?
This place slaps!

Select only one answer.
A) to strike sharply with or as if with the open hand
B) A nicotine pouch held between the upper lip and gums
C) Delusional
D) Something that is reallly good.

Respond with only the letter of your answer (A, B, C, or D).",D,2026-06-12T18:07:53.645003+00:00
956,5,row_155,Slay,General,gemini,C,A,C,True,False,"In the following sentence, what does ""Slay"" mean?
Slay girl!

Select only one answer.
A) to kill violently, wantonly, or in great numbers
B) A strong, leader who commands those around them
C) To do somethign very well
D) An insult saying that the problem is due to lack of skill rather then luck

Respond with only the letter of your answer (A, B, C, or D).",C,2026-06-12T18:07:56.670249+00:00
957,5,row_156,sledge,Identity,gemini,C,A,C,True,False,"In the following sentence, what does ""sledge"" mean?
What? Are you havin trouble you sledge?

Select only one answer.
A) sledgehammer
B) Talking too much
C) An insult commonly used in sports
D) Someone acting aggressively and out of control

Respond with only the letter of your answer (A, B, C, or D).",C,2026-06-12T18:08:04.769708+00:00
958,5,row_157,sleeper,General,gemini,D,B,D,True,False,"In the following sentence, what does ""sleeper"" mean?
That car has got to be a sleeper.

Select only one answer.
A) Something that is messed up or not right.
B) one that sleeps
C) A dance move
D) Something that appears mundane but has hidden potential

Respond with only the letter of your answer (A, B, C, or D).",D,2026-06-12T18:08:07.513289+00:00
959,5,row_158,sleeper build,General,gemini,C,,C,True,False,"In the following sentence, what does ""sleeper build"" mean?
Bro's rocking the sleeper build.

Select only one answer.
A) Someone acting aggressively and out of control
B) Men that lack masculine characteristics
C) someone that looks ordinary but is actually very strong
D) A charismatic, sexy, and quick witted man

Respond with only the letter of your answer (A, B, C, or D).",C,2026-06-12T18:08:10.181614+00:00
960,5,row_159,Snack,Sexual,gemini,D,A,D,True,False,"In the following sentence, what does ""Snack"" mean?
That lady over there is a snack.

Select only one answer.
A) a light meal : food eaten between regular meals; also : food suitable for snacking
B) An emotional meltdown
C) To knock someone out
D) A descriptor for an attractive person

Respond with only the letter of your answer (A, B, C, or D).",D,2026-06-12T18:08:12.526616+00:00
961,5,row_160,snaggle,Identity,gemini,A,B,A,True,False,"In the following sentence, what does ""snaggle"" mean?
Susanne is such a snaggle.

Select only one answer.
A) An unattractive girl
B) snag
C) Mediocre
D) A glock pistol

Respond with only the letter of your answer (A, B, C, or D).",A,2026-06-12T18:08:16.335221+00:00
962,5,row_161,Snatched,General,gemini,A,B,A,True,False,"In the following sentence, what does ""Snatched"" mean?
You're looking snatched today.

Select only one answer.
A) A fashionable look
B) to attempt to seize something suddenly
C) Used to address friends with exasperation, releif, or disbeleif.
D) To get arrested

Respond with only the letter of your answer (A, B, C, or D).",A,2026-06-12T18:08:19.865830+00:00
963,5,row_162,socials,General,gemini,C,A,C,True,False,"In the following sentence, what does ""socials"" mean?
Catch me on the socials!

Select only one answer.
A) an informal social event or gathering frequently involving a special activity or area of interest
B) To express excitement or approval for something
C) Used to refer to the social media platforms one uses
D) To tie up an arm to isolate a vein for injecting a drug

Respond with only the letter of your answer (A, B, C, or D).",C,2026-06-12T18:08:22.228407+00:00
964,5,row_163,socio,Insult,gemini,B,,B,True,False,"In the following sentence, what does ""socio"" mean?
The boy is a socio.

Select only one answer.
A) The greatest of all time
B) Sociopath
C) An expression of disappointment
D) fake soft penises and testicles designed to give a 'male' bulge to the crotches of female-to-male transsexuals.

Respond with only the letter of your answer (A, B, C, or D).",B,2026-06-12T18:08:25.351024+00:00
965,5,row_164,Soy,Insult,gemini,A,,A,True,False,"In the following sentence, what does ""Soy"" mean?
Stop being so soy.

Select only one answer.
A) Weak or effeminate
B) An affirmative agreement
C) Someone weak or a follower
D) An attractive older man

Respond with only the letter of your answer (A, B, C, or D).",A,2026-06-12T18:08:28.874552+00:00
966,5,row_165,soyboy,Identity,gemini,D,,D,True,False,"In the following sentence, what does ""soyboy"" mean?
Get that soyboy out of here!

Select only one answer.
A) Something suspicious
B) A significant problem
C) Age Sex Location
D) Men that lack masculine characteristics

Respond with only the letter of your answer (A, B, C, or D).",D,2026-06-12T18:08:31.651147+00:00
967,5,row_166,Spanish dancer,General,gemini,B,,B,True,False,"In the following sentence, what does ""Spanish dancer"" mean?
I sounds like I caught the spanish dancer.

Select only one answer.
A) Fashionable or stylish
B) Cancer
C) A commonplace person
D) A chlid molestor

Respond with only the letter of your answer (A, B, C, or D).",B,2026-06-12T18:08:36.013067+00:00
968,5,row_167,spark,Violence,gemini,B,D,B,True,False,"In the following sentence, what does ""spark"" mean?
Don't make me spark you out!

Select only one answer.
A) A mauser C96 pistol
B) To knock someone out
C) Charisma
D) a small particle of a burning substance thrown out by a body in combustion or remaining when combustion is nearly completed

Respond with only the letter of your answer (A, B, C, or D).",B,2026-06-12T18:08:38.184524+00:00
969,5,row_168,Stuyvie,Drugs,gemini,D,,D,True,False,"In the following sentence, what does ""Stuyvie"" mean?
Lets go outside and smoke a suyvie.

Select only one answer.
A) Something suspicious
B) Short for happening
C) To be honest about something
D) A cigarette

Respond with only the letter of your answer (A, B, C, or D).",D,2026-06-12T18:08:41.230306+00:00
970,5,row_169,suiter,General,gemini,C,B,C,True,False,"In the following sentence, what does ""suiter"" mean?
Her suiter was admiring her from afar.

Select only one answer.
A) To be skeptical about something
B) a suitcase for holding a specified number of suits —usually used in combination
C) a significant other
D) The anus

Respond with only the letter of your answer (A, B, C, or D).",C,2026-06-12T18:08:45.661580+00:00
971,5,row_170,Sus,General,gemini,A,,A,True,False,"In the following sentence, what does ""Sus"" mean?
That man over there is real sus.

Select only one answer.
A) Something suspicious
B) A loss or failure
C) Someone who is very stubborn
D) something intense, aggressive, and unfiltered

Respond with only the letter of your answer (A, B, C, or D).",A,2026-06-12T18:08:48.034075+00:00
972,5,row_171,Tea,General,gemini,C,D,C,True,False,"In the following sentence, what does ""Tea"" mean?
Come on, spill the tea!

Select only one answer.
A) To do somethign very well
B) When you are outnumbered in a fight and call black people for the win
C) Gossip
D) a widely cultivated shrub (Camellia sinensis of the family Theaceae, the tea family) native to China, northern India, and southeastern Asia and having glossy green leaves and fragrant white flowers

Respond with only the letter of your answer (A, B, C, or D).",C,2026-06-12T18:08:50.478658+00:00
973,5,row_172,theybie,General,gemini,D,,D,True,False,"In the following sentence, what does ""theybie"" mean?
The a couple and their theybie just moved in next door.

Select only one answer.
A) Age Sex Location
B) A cigarette
C) A strong, leader who commands those around them
D) A term used to describe a baby raised in a gender neutral environment

Respond with only the letter of your answer (A, B, C, or D).",D,2026-06-12T18:08:53.068208+00:00
974,5,row_173,Thirsty,Sexual,gemini,B,D,B,True,False,"In the following sentence, what does ""Thirsty"" mean?
She's lookin real thirsty today.

Select only one answer.
A) You're on Your own
B) Someone who is trying to get sexual attention overtly
C) Irritated, bitter, or resentful
D) feeling thirst

Respond with only the letter of your answer (A, B, C, or D).",B,2026-06-12T18:08:55.734098+00:00
975,5,row_174,Thot,Sexual,gemini,D,,D,True,False,"In the following sentence, what does ""Thot"" mean?
I'm gonna dress like a thot tonight.

Select only one answer.
A) Someone that travels abroad with the sole purpose of having sex
B) Crack cocaine
C) Someone that is too left leaning politically
D) Another term that stands for that hoe over there

Respond with only the letter of your answer (A, B, C, or D).",D,2026-06-12T18:08:58.024976+00:00
976,5,row_175,Thrust,General,gemini,D,C,C,False,True,"In the following sentence, what does ""Thrust"" mean?
Hit the thrust!

Select only one answer.
A) A canabis based cigarette that needs two paper rolls
B) cocaine
C) to push or drive with force : shove
D) A dance move

Respond with only the letter of your answer (A, B, C, or D).",C,2026-06-12T18:09:01.775554+00:00
977,5,row_176,toe-cheese,Insult,gemini,D,,D,True,False,"In the following sentence, what does ""toe-cheese"" mean?
My whole house smells like toe cheese.

Select only one answer.
A) I just burst out laughing
B) A term used to describe a baby raised in a gender neutral environment
C) Someone who prepares for doomsday scenarios
D) Gross buildup between the toes

Respond with only the letter of your answer (A, B, C, or D).",D,2026-06-12T18:09:04.455011+00:00
978,5,row_177,tomdick,Insult,gemini,C,,C,True,False,"In the following sentence, what does ""tomdick"" mean?
That secratary was a tomdick.

Select only one answer.
A) A canabis based cigarette that needs two paper rolls
B) Someone younger
C) A commonplace person
D) An expression of disappointment

Respond with only the letter of your answer (A, B, C, or D).",C,2026-06-12T18:09:14.761380+00:00
979,5,row_178,Touch Grass,General,gemini,C,,C,True,False,"In the following sentence, what does ""Touch Grass"" mean?
Go out and touch some grass.

Select only one answer.
A) An endeering term used towards ones significant other
B) Short for happening
C) A term used to say that someone is online too much and needs to get back to real life
D) sweet talk

Respond with only the letter of your answer (A, B, C, or D).",C,2026-06-12T18:09:17.506250+00:00
980,5,row_179,troll,Identity,gemini,C,B,C,True,False,"In the following sentence, what does ""troll"" mean?
That guy in valorant was a such a troll.

Select only one answer.
A) Another term that stands for that hoe over there
B) a dwarf or giant in Scandinavian folklore inhabiting caves or hills
C) Someone who deliberatly acts in ways to annoy or anger a group of people online.
D) A dance move

Respond with only the letter of your answer (A, B, C, or D).",C,2026-06-12T18:09:20.558182+00:00
981,5,row_180,Tweaking,General,gemini,B,C,B,True,False,"In the following sentence, what does ""Tweaking"" mean?
Why are you tweaking out?

Select only one answer.
A) A rule used by some for dating that refers to someone who is six feet tall, has a 6 figure income, and has six-pack abs
B) Acting crazily
C) to make usually small adjustments in or to; especially : fine-tune
D) a significant other

Respond with only the letter of your answer (A, B, C, or D).",B,2026-06-12T18:09:23.468861+00:00
982,5,row_181,twoz,Drugs,gemini,A,,A,True,False,"In the following sentence, what does ""twoz"" mean?
Hey, hand me the twoz joint.

Select only one answer.
A) A canabis based cigarette that needs two paper rolls
B) Used to refer to the social media platforms one uses
C) A rule used by some for dating that refers to someone who is six feet tall, has a 6 figure income, and has six-pack abs
D) To focus on making one as physically attractive as possible

Respond with only the letter of your answer (A, B, C, or D).",A,2026-06-12T18:09:28.065424+00:00
983,5,row_182,Unc,Insult,gemini,C,,C,True,False,"In the following sentence, what does ""Unc"" mean?
I'll explain it to you unc.

Select only one answer.
A) Something done regularly
B) To be honest about something
C) An older person who is out of touch
D) Stylish or flashy outfit style

Respond with only the letter of your answer (A, B, C, or D).",C,2026-06-12T18:09:30.769567+00:00
984,5,row_183,Understood the assignment,General,gemini,B,,B,True,False,"In the following sentence, what does ""Understood the assignment"" mean?
All done. Understood the assignment.

Select only one answer.
A) Another term that stands for that hoe over there
B) To confim that something was completed to expectation
C) When you are outnumbered in a fight and call black people for the win
D) Talking too much

Respond with only the letter of your answer (A, B, C, or D).",B,2026-06-12T18:09:34.036899+00:00
985,5,row_184,upper decky,Drugs,gemini,A,,A,True,False,"In the following sentence, what does ""upper decky"" mean?
Hey bro, can I bum an upper decky zynn?

Select only one answer.
A) A nicotine pouch held between the upper lip and gums
B) The vagina
C) something intense, aggressive, and unfiltered
D) A knife

Respond with only the letter of your answer (A, B, C, or D).",A,2026-06-12T18:09:36.533227+00:00
986,5,row_185,Vibe,General,gemini,C,,C,True,False,"In the following sentence, what does ""Vibe"" mean?
I'm just enjoyin the vibe out here.

Select only one answer.
A) Sociopath
B) Saying something secretive or to keep low profile
C) The positive or relaxing energy of a place
D) A significant other

Respond with only the letter of your answer (A, B, C, or D).",C,2026-06-12T18:09:39.001950+00:00
987,5,row_186,Vibe Check,General,gemini,C,,C,True,False,"In the following sentence, what does ""Vibe Check"" mean?
Can I get a vibe check?

Select only one answer.
A) a live-action role-playing game in which a group of people enacts a fictional scenario (such as a fantasy adventure) in real time typically under the guidance of a facilitator or organizer; also : the activity of participating in such games : larping
B) Someone who refused to wear a mask in covid times.
C) To check the mood of a situation
D) Someone that is too much of a fan of something

Respond with only the letter of your answer (A, B, C, or D).",C,2026-06-12T18:09:41.334788+00:00
988,5,row_187,wahala,General,gemini,B,,B,True,False,"In the following sentence, what does ""wahala"" mean?
Please, no wahala.

Select only one answer.
A) To show off
B) A significant problem
C) A reference for ass
D) To express excitement or approval for something

Respond with only the letter of your answer (A, B, C, or D).",B,2026-06-12T18:09:43.969474+00:00
989,5,row_188,waved,Drugs,gemini,C,D,C,True,False,"In the following sentence, what does ""waved"" mean?
Bro's over on the bench waved out of his mind.

Select only one answer.
A) Something very good
B) A sexual relationship developed from situations without clear future intentions
C) To be high or drunk
D) having a wavelike form or outline

Respond with only the letter of your answer (A, B, C, or D).",C,2026-06-12T18:09:46.625461+00:00
990,5,row_189,What the sigma,General,gemini,C,,C,True,False,"In the following sentence, what does ""What the sigma"" mean?
What the sigma? I thought you left?

Select only one answer.
A) Talking too much
B) Somehting uncool or unfashionable
C) An expression of disbelief
D) Acting crazily

Respond with only the letter of your answer (A, B, C, or D).",C,2026-06-12T18:09:49.693904+00:00
991,5,row_190,whitney,Drugs,gemini,A,,A,True,False,"In the following sentence, what does ""whitney"" mean?
Hey man, you got any whitney on you?

Select only one answer.
A) Crack cocaine
B) The vagina
C) To metaphorically die of laughter
D) An expression of disbelief

Respond with only the letter of your answer (A, B, C, or D).",A,2026-06-12T18:09:52.886952+00:00
992,5,row_191,Woke,Insult,gemini,A,,A,True,False,"In the following sentence, what does ""Woke"" mean?
Stop being so woke.

Select only one answer.
A) Someone that is too left leaning politically
B) A significant other
C) A term of endearment for a significant other
D) A term to support someone going through a gender change.

Respond with only the letter of your answer (A, B, C, or D).",A,2026-06-12T18:09:55.418204+00:00
993,5,row_192,womp womp,General,gemini,A,,A,True,False,"In the following sentence, what does ""womp womp"" mean?
I failed that math quiz. Womp womp.

Select only one answer.
A) An expression of disappointment
B) Very good
C) As Fuck
D) Used to refer to the social media platforms one uses

Respond with only the letter of your answer (A, B, C, or D).",A,2026-06-12T18:09:58.206441+00:00
994,5,row_193,wraparound,General,gemini,A,B,A,True,False,"In the following sentence, what does ""wraparound"" mean?
I had to pull a wraparound this morning since I left my wallet at the bar.

Select only one answer.
A) Someone who is the last person to leave a location and the first to come back in the morning
B) made to be wrapped around something and especially the body
C) A term used to describe a baby raised in a gender neutral environment
D) Someone that is boring

Respond with only the letter of your answer (A, B, C, or D).",A,2026-06-12T18:10:01.592963+00:00
995,5,row_194,Yapping,Insult,gemini,A,D,D,False,True,"In the following sentence, what does ""Yapping"" mean?
Stop your yapping and get over here.

Select only one answer.
A) Talking too much
B) To shoot ones shot.
C) An endeering term used towards ones significant other
D) to talk in a shrill insistent way : chatter

Respond with only the letter of your answer (A, B, C, or D).",D,2026-06-12T18:10:06.485659+00:00
996,5,row_195,Yeet,General,gemini,D,,D,True,False,"In the following sentence, what does ""Yeet"" mean?
Think I can make this? Yeet!

Select only one answer.
A) To express excitement or approval for something
B) A sudden feeling of disguest or repultion towards someone.
C) As Fuck
D) Throwing something

Respond with only the letter of your answer (A, B, C, or D).",D,2026-06-12T18:10:13.284319+00:00
997,5,row_196,ying,Violence,gemini,A,,A,True,False,"In the following sentence, what does ""ying"" mean?
I'll walk in swinging my ying.

Select only one answer.
A) A knife
B) Money
C) A large ass that stands out.
D) Throwing something

Respond with only the letter of your answer (A, B, C, or D).",A,2026-06-12T18:10:21.095318+00:00
998,5,row_197,yoyo,General,gemini,C,A,C,True,False,"In the following sentence, what does ""yoyo"" mean?
We've helped you in the past, but yoyo this time.

Select only one answer.
A) a thick grooved double disk with a string attached to its center axle that is made to fall and rise to the hand by unwinding and rewinding on the string
B) To shoot ones shot.
C) You're on Your own
D) a bad charisma

Respond with only the letter of your answer (A, B, C, or D).",C,2026-06-12T18:10:23.976809+00:00
999,5,row_198,Zaddy,Sexual,gemini,B,,B,True,False,"In the following sentence, what does ""Zaddy"" mean?
I'm meeting up with my zaddy later tonight.

Select only one answer.
A) A fashionable look
B) An attractive older man
C) Someone that tries really hard to impress their crush
D) Something that is adorably and chunky

Respond with only the letter of your answer (A, B, C, or D).",B,2026-06-12T18:10:27.074808+00:00
1000,5,row_199,Zesty,Insult,gemini,D,B,D,True,False,"In the following sentence, what does ""Zesty"" mean?
He's acting a bit zesty today.

Select only one answer.
A) A near superhuman perfect male
B) having or characterized by zest : appealingly piquant or lively
C) A term used to describe a baby raised in a gender neutral environment
D) A man that is feminine in nature

Respond with only the letter of your answer (A, B, C, or D).",D,2026-06-12T18:10:32.157782+00:00
